company_name,company_number,avatar,avatar_reason,company_type,pecr_status,incorporated,accounts_filing_category,size_proxy_note,sic_codes,registered_address,postcode,companies_house_url,email,email_source,lawful_basis,source,retrieved_at
LEADWOOD ENGINEERING LTD,12429234,A_CEILING_HIT,"established 2020, total-exemption-full filer",ltd,corporate subscriber,2020-01-28,total-exemption-full,"accounts category, NOT turnover",43220,"Desai & Co Northside House, Mount Pleasant, Barnet",EN4 9EB,https://find-and-update.company-information.service.gov.uk/company/12429234,,TO BE ENRICHED — not held by Companies House,legitimate interests (LIA required before contact),Companies House public API,2026-07-12T04:25:29+00:00
GAS SMART HEATING & PLUMBING SERVICES LTD,09739023,A_CEILING_HIT,"established 2015, total-exemption-full filer",ltd,corporate subscriber,2015-08-19,total-exemption-full,"accounts category, NOT turnover",43220,"Turnpike House, 1208-1210 London Road, Leigh On Sea, Essex",SS9 2UA,https://find-and-update.company-information.service.gov.uk/company/09739023,,TO BE ENRICHED — not held by Companies House,legitimate interests (LIA required before contact),Companies House public API,2026-07-12T04:25:29+00:00
777 PLUMBING LIMITED,07822646,A_CEILING_HIT,"established 2011, unaudited-abridged filer",ltd,corporate subscriber,2011-10-25,unaudited-abridged,"accounts category, NOT turnover",43220,"1453 High Road, London",N20 9PH,https://find-and-update.company-information.service.gov.uk/company/07822646,,TO BE ENRICHED — not held by Companies House,legitimate interests (LIA required before contact),Companies House public API,2026-07-12T04:25:30+00:00
PROVISION ELECTRIC’S LTD,12098003,A_CEILING_HIT,"established 2019, unaudited-abridged filer",ltd,corporate subscriber,2019-07-11,unaudited-abridged,"accounts category, NOT turnover",43210; 61900,"Blackboys, Roses Lane, Windsor",SL4 4JU,https://find-and-update.company-information.service.gov.uk/company/12098003,,TO BE ENRICHED — not held by Companies House,legitimate interests (LIA required before contact),Companies House public API,2026-07-12T04:25:32+00:00
REDBURN MECHANICAL SERVICES LTD,08075384,A_CEILING_HIT,"established 2012, total-exemption-full filer",ltd,corporate subscriber,2012-05-18,total-exemption-full,"accounts category, NOT turnover",43220,"24 Pemerton Road, Winchester",SO22 6EU,https://find-and-update.company-information.service.gov.uk/company/08075384,,TO BE ENRICHED — not held by Companies House,legitimate interests (LIA required before contact),Companies House public API,2026-07-12T04:25:33+00:00
WN NETWORKS LTD,12013809,A_CEILING_HIT,"established 2019, total-exemption-full filer",ltd,corporate subscriber,2019-05-23,total-exemption-full,"accounts category, NOT turnover",43210,"68 Holgate Road, Sheffield",S5 9LG,https://find-and-update.company-information.service.gov.uk/company/12013809,,TO BE ENRICHED — not held by Companies House,legitimate interests (LIA required before contact),Companies House public API,2026-07-12T04:25:35+00:00
HHS ELECTRICAL LIMITED,11804301,A_CEILING_HIT,"established 2019, total-exemption-full filer",ltd,corporate subscriber,2019-02-04,total-exemption-full,"accounts category, NOT turnover",43210,"102 Newthorpe Common, Newthorpe, Nottingham",NG16 2EH,https://find-and-update.company-information.service.gov.uk/company/11804301,,TO BE ENRICHED — not held by Companies House,legitimate interests (LIA required before contact),Companies House public API,2026-07-12T04:25:36+00:00
CP 24 INSTALLATIONS LIMITED,SC342355,A_CEILING_HIT,"established 2008, unaudited-abridged filer",ltd,corporate subscriber,2008-05-06,unaudited-abridged,"accounts category, NOT turnover",43220,"7 Agnew Grove, Bellshill, Lanarkshire",ML4 3NE,https://find-and-update.company-information.service.gov.uk/company/SC342355,,TO BE ENRICHED — not held by Companies House,legitimate interests (LIA required before contact),Companies House public API,2026-07-12T04:25:36+00:00
PRIME SEAL LIMITED,SC622470,A_CEILING_HIT,"established 2019, total-exemption-full filer",ltd,corporate subscriber,2019-02-26,total-exemption-full,"accounts category, NOT turnover",43290,"249 Govan Road, Glasgow",G51 1HJ,https://find-and-update.company-information.service.gov.uk/company/SC622470,,TO BE ENRICHED — not held by Companies House,legitimate interests (LIA required before contact),Companies House public API,2026-07-12T04:25:41+00:00
KANE HEATING AND PLUMBING LIMITED,SC631278,A_CEILING_HIT,"established 2019, total-exemption-full filer",ltd,corporate subscriber,2019-05-23,total-exemption-full,"accounts category, NOT turnover",43220,"9 Cockhill Way, Bellshill",ML4 3LN,https://find-and-update.company-information.service.gov.uk/company/SC631278,,TO BE ENRICHED — not held by Companies House,legitimate interests (LIA required before contact),Companies House public API,2026-07-12T04:25:42+00:00
AV LOGIC SOLUTIONS LTD,12457037,A_CEILING_HIT,"established 2020, total-exemption-full filer",ltd,corporate subscriber,2020-02-11,total-exemption-full,"accounts category, NOT turnover",43220; 43390,"99a Cobbold Road, London",NW10 9SL,https://find-and-update.company-information.service.gov.uk/company/12457037,,TO BE ENRICHED — not held by Companies House,legitimate interests (LIA required before contact),Companies House public API,2026-07-12T04:25:43+00:00
HILLTOP PLUMBING LTD,12396053,A_CEILING_HIT,"established 2020, total-exemption-full filer",ltd,corporate subscriber,2020-01-10,total-exemption-full,"accounts category, NOT turnover",43220,"2 Abbot Ridge, Long Crendon, Aylesbury",HP18 9AZ,https://find-and-update.company-information.service.gov.uk/company/12396053,,TO BE ENRICHED — not held by Companies House,legitimate interests (LIA required before contact),Companies House public API,2026-07-12T04:25:44+00:00
LAJ ELECTRICAL LIMITED,10108876,A_CEILING_HIT,"established 2016, total-exemption-full filer",ltd,corporate subscriber,2016-04-07,total-exemption-full,"accounts category, NOT turnover",43210,"Flat 1 Temple Street, Llandrindod Wells",LD1 5HF,https://find-and-update.company-information.service.gov.uk/company/10108876,,TO BE ENRICHED — not held by Companies House,legitimate interests (LIA required before contact),Companies House public API,2026-07-12T04:25:47+00:00
MY TRADE WARRIORS LIMITED,11934416,A_CEILING_HIT,"established 2019, total-exemption-full filer",ltd,corporate subscriber,2019-04-09,total-exemption-full,"accounts category, NOT turnover",43290; 43390,"C/O Pearl Accounting Limited Suite 1, 116 Ballards Lane, Finchley, London",N3 2DN,https://find-and-update.company-information.service.gov.uk/company/11934416,,TO BE ENRICHED — not held by Companies House,legitimate interests (LIA required before contact),Companies House public API,2026-07-12T04:25:48+00:00
SWF (SUNDERLAND) LIMITED,11991328,A_CEILING_HIT,"established 2019, total-exemption-full filer",ltd,corporate subscriber,2019-05-13,total-exemption-full,"accounts category, NOT turnover",43290,"10 Hilltop Gardens New Silkworth, Sunderland",SR3 2AS,https://find-and-update.company-information.service.gov.uk/company/11991328,,TO BE ENRICHED — not held by Companies House,legitimate interests (LIA required before contact),Companies House public API,2026-07-12T04:25:51+00:00
ROBERTS CONTRACTING LTD,08449561,A_CEILING_HIT,"established 2013, total-exemption-full filer",ltd,corporate subscriber,2013-03-18,total-exemption-full,"accounts category, NOT turnover",43210,"18 St. Marys Crescent, Ruddington, Nottingham",NG11 6FQ,https://find-and-update.company-information.service.gov.uk/company/08449561,,TO BE ENRICHED — not held by Companies House,legitimate interests (LIA required before contact),Companies House public API,2026-07-12T04:25:52+00:00
GBC ELECTRICAL ENGINEERING LIMITED,05793769,A_CEILING_HIT,"established 2006, total-exemption-full filer",ltd,corporate subscriber,2006-04-25,total-exemption-full,"accounts category, NOT turnover",43210,"Dellgrove Lodge 6 Healey Grove, Whitworth, Rochdale, Lancashire",OL12 8RX,https://find-and-update.company-information.service.gov.uk/company/05793769,,TO BE ENRICHED — not held by Companies House,legitimate interests (LIA required before contact),Companies House public API,2026-07-12T04:25:54+00:00
RICHARDS SIMMONS HEATING LTD,11712768,A_CEILING_HIT,"established 2018, total-exemption-full filer",ltd,corporate subscriber,2018-12-05,total-exemption-full,"accounts category, NOT turnover",43220,"76 Factory Street West, Atherton, Manchester",M46 0EF,https://find-and-update.company-information.service.gov.uk/company/11712768,,TO BE ENRICHED — not held by Companies House,legitimate interests (LIA required before contact),Companies House public API,2026-07-12T04:25:56+00:00
ENDISON VENTILATION LTD,SC515312,A_CEILING_HIT,"established 2015, total-exemption-full filer",ltd,corporate subscriber,2015-09-10,total-exemption-full,"accounts category, NOT turnover",43220,"31 Sighthill Avenue Sighthill Avenue, Edinburgh",EH11 4QT,https://find-and-update.company-information.service.gov.uk/company/SC515312,,TO BE ENRICHED — not held by Companies House,legitimate interests (LIA required before contact),Companies House public API,2026-07-12T04:25:56+00:00
RENEWABLE & ELECTRICAL POWER SYSTEMS LIMITED,SC595869,A_CEILING_HIT,"established 2018, total-exemption-full filer",ltd,corporate subscriber,2018-05-01,total-exemption-full,"accounts category, NOT turnover",43210,"40 Broadlands, Carnoustie, Angus",DD7 6JY,https://find-and-update.company-information.service.gov.uk/company/SC595869,,TO BE ENRICHED — not held by Companies House,legitimate interests (LIA required before contact),Companies House public API,2026-07-12T04:26:00+00:00
CHIVERS PLUMBING & HEATING LIMITED,08189724,A_CEILING_HIT,"established 2012, total-exemption-full filer",ltd,corporate subscriber,2012-08-23,total-exemption-full,"accounts category, NOT turnover",43220,"Unit 6, The Regent Centre Pent Road, Shearway Business Park, Folkestone, Kent",CT19 4FL,https://find-and-update.company-information.service.gov.uk/company/08189724,,TO BE ENRICHED — not held by Companies House,legitimate interests (LIA required before contact),Companies House public API,2026-07-12T04:26:03+00:00
T&T PLUMBING AND HEATING SOLUTIONS LTD,12485127,A_CEILING_HIT,"established 2020, total-exemption-full filer",ltd,corporate subscriber,2020-02-26,total-exemption-full,"accounts category, NOT turnover",43220,"12 Wasdale Avenue, Blackburn",BB1 1XD,https://find-and-update.company-information.service.gov.uk/company/12485127,,TO BE ENRICHED — not held by Companies House,legitimate interests (LIA required before contact),Companies House public API,2026-07-12T04:26:06+00:00
JW ELECTRICS LTD,NI661763,A_CEILING_HIT,"established 2019, unaudited-abridged filer",ltd,corporate subscriber,2019-05-28,unaudited-abridged,"accounts category, NOT turnover",33140; 43210,"6 Dorchester Park, Londonderry",BT47 5NZ,https://find-and-update.company-information.service.gov.uk/company/NI661763,,TO BE ENRICHED — not held by Companies House,legitimate interests (LIA required before contact),Companies House public API,2026-07-12T04:26:12+00:00
SJ CONTRACTS PLUMBING & HEATING LTD,SC555335,A_CEILING_HIT,"established 2017, total-exemption-full filer",ltd,corporate subscriber,2017-01-23,total-exemption-full,"accounts category, NOT turnover",43220,"Gallone & Co, 14 Newton Place, Glasgow",G3 7PY,https://find-and-update.company-information.service.gov.uk/company/SC555335,,TO BE ENRICHED — not held by Companies House,legitimate interests (LIA required before contact),Companies House public API,2026-07-12T04:26:17+00:00
PARKE STONE CONTRACTS LTD,SC555814,A_CEILING_HIT,"established 2017, unaudited-abridged filer",ltd,corporate subscriber,2017-01-27,unaudited-abridged,"accounts category, NOT turnover",43290,"Crask Cottage, Culbokie, Dingwall",IV7 8JS,https://find-and-update.company-information.service.gov.uk/company/SC555814,,TO BE ENRICHED — not held by Companies House,legitimate interests (LIA required before contact),Companies House public API,2026-07-12T04:26:18+00:00
VIP DUCTING LTD,SC544249,A_CEILING_HIT,"established 2016, total-exemption-full filer",ltd,corporate subscriber,2016-08-31,total-exemption-full,"accounts category, NOT turnover",43220,"3 Lauderdale Place, Dundee",DD3 9AU,https://find-and-update.company-information.service.gov.uk/company/SC544249,,TO BE ENRICHED — not held by Companies House,legitimate interests (LIA required before contact),Companies House public API,2026-07-12T04:26:19+00:00
WIRE IN ELECTRICAL SERVICES LIMITED,SC530016,A_CEILING_HIT,"established 2016, total-exemption-full filer",ltd,corporate subscriber,2016-03-17,total-exemption-full,"accounts category, NOT turnover",43210,"69 Nethan Avenue, Wishaw",ML2 0BG,https://find-and-update.company-information.service.gov.uk/company/SC530016,,TO BE ENRICHED — not held by Companies House,legitimate interests (LIA required before contact),Companies House public API,2026-07-12T04:26:22+00:00
D & S KITCHENS LIMITED,05646300,A_CEILING_HIT,"established 2005, total-exemption-full filer",ltd,corporate subscriber,2005-12-06,total-exemption-full,"accounts category, NOT turnover",43290,"794 High Street, Kingswinford, West Midlands",DY6 8BQ,https://find-and-update.company-information.service.gov.uk/company/05646300,,TO BE ENRICHED — not held by Companies House,legitimate interests (LIA required before contact),Companies House public API,2026-07-12T04:26:22+00:00
WHITELAW ELECTRICAL SERVICES LIMITED,SC386356,A_CEILING_HIT,"established 2010, total-exemption-full filer",ltd,corporate subscriber,2010-10-01,total-exemption-full,"accounts category, NOT turnover",43210,"28 Linndale Oval, Castlemilk, Glasgow",G45 9QT,https://find-and-update.company-information.service.gov.uk/company/SC386356,,TO BE ENRICHED — not held by Companies House,legitimate interests (LIA required before contact),Companies House public API,2026-07-12T04:26:24+00:00
ANNIESLAND BUILDERS LIMITED,SC358587,A_CEILING_HIT,"established 2009, unaudited-abridged filer",ltd,corporate subscriber,2009-04-23,unaudited-abridged,"accounts category, NOT turnover",43290,"136 Athelstane Road, Glasgow, Lanarkshire",G13 3QY,https://find-and-update.company-information.service.gov.uk/company/SC358587,,TO BE ENRICHED — not held by Companies House,legitimate interests (LIA required before contact),Companies House public API,2026-07-12T04:26:24+00:00
JAMES MOCHRIE PLUMBING AND HEATING LTD,SC295899,A_CEILING_HIT,"established 2006, total-exemption-full filer",ltd,corporate subscriber,2006-01-20,total-exemption-full,"accounts category, NOT turnover",43220,"Abercorn School, Newton, Broxburn",EH52 6PZ,https://find-and-update.company-information.service.gov.uk/company/SC295899,,TO BE ENRICHED — not held by Companies House,legitimate interests (LIA required before contact),Companies House public API,2026-07-12T04:26:25+00:00
N.W. PLANT HIRE LIMITED,04764044,A_CEILING_HIT,"established 2003, total-exemption-full filer",ltd,corporate subscriber,2003-05-14,total-exemption-full,"accounts category, NOT turnover",43290,"11 Windsor Road, Harrow Weald, Middlesex",HA3 5PT,https://find-and-update.company-information.service.gov.uk/company/04764044,,TO BE ENRICHED — not held by Companies House,legitimate interests (LIA required before contact),Companies House public API,2026-07-12T04:26:28+00:00
APTMS ELECTRICAL LIMITED,SC559245,A_CEILING_HIT,"established 2017, total-exemption-full filer",ltd,corporate subscriber,2017-03-02,total-exemption-full,"accounts category, NOT turnover",43210,"Abt & P Consultancy Service, 56a Culcabock Avenue, Inverness",IV2 3RQ,https://find-and-update.company-information.service.gov.uk/company/SC559245,,TO BE ENRICHED — not held by Companies House,legitimate interests (LIA required before contact),Companies House public API,2026-07-12T04:26:33+00:00
CDC RESTORATION LTD,06539664,A_CEILING_HIT,"established 2008, total-exemption-full filer",ltd,corporate subscriber,2008-03-19,total-exemption-full,"accounts category, NOT turnover",43290; 43320; 43341; 43342,"Bellingham House, 2 Huntingdon Street, St. Neots",PE19 1BG,https://find-and-update.company-information.service.gov.uk/company/06539664,,TO BE ENRICHED — not held by Companies House,legitimate interests (LIA required before contact),Companies House public API,2026-07-12T04:26:35+00:00
GB HOME IMPROVEMENTS & MAINTENANCE LTD,SC613840,A_CEILING_HIT,"established 2018, total-exemption-full filer",ltd,corporate subscriber,2018-11-16,total-exemption-full,"accounts category, NOT turnover",43290; 43999,"2e Doonside, Cumbernauld, Glasgow",G67 2HX,https://find-and-update.company-information.service.gov.uk/company/SC613840,,TO BE ENRICHED — not held by Companies House,legitimate interests (LIA required before contact),Companies House public API,2026-07-12T04:26:36+00:00
GRS ACCESS & INSPECTION LTD,SC613925,A_CEILING_HIT,"established 2018, total-exemption-full filer",ltd,corporate subscriber,2018-11-19,total-exemption-full,"accounts category, NOT turnover",43290,"58 Long Lane, Broughty Ferry, Dundee",DD5 1HH,https://find-and-update.company-information.service.gov.uk/company/SC613925,,TO BE ENRICHED — not held by Companies House,legitimate interests (LIA required before contact),Companies House public API,2026-07-12T04:26:38+00:00
G1 PROPERTY MAINTENANCE LTD,SC613952,A_CEILING_HIT,"established 2018, total-exemption-full filer",ltd,corporate subscriber,2018-11-19,total-exemption-full,"accounts category, NOT turnover",43210; 43220; 43310; 43320,"88 Orr Street, Glasgow",G40 2QF,https://find-and-update.company-information.service.gov.uk/company/SC613952,,TO BE ENRICHED — not held by Companies House,legitimate interests (LIA required before contact),Companies House public API,2026-07-12T04:26:41+00:00
SL ELECTRICS LTD,SC626396,A_CEILING_HIT,"established 2019, total-exemption-full filer",ltd,corporate subscriber,2019-04-02,total-exemption-full,"accounts category, NOT turnover",43210,"1 Glenburn Road, East Kilbride, Glasgow",G74 5BA,https://find-and-update.company-information.service.gov.uk/company/SC626396,,TO BE ENRICHED — not held by Companies House,legitimate interests (LIA required before contact),Companies House public API,2026-07-12T04:26:42+00:00
ELITE GARAGE DOORS LIMITED,05279612,A_CEILING_HIT,"established 2004, total-exemption-full filer",ltd,corporate subscriber,2004-11-08,total-exemption-full,"accounts category, NOT turnover",43290,"32 Parkhill Road, Burntwood, Staffordshire",WS7 2ET,https://find-and-update.company-information.service.gov.uk/company/05279612,,TO BE ENRICHED — not held by Companies House,legitimate interests (LIA required before contact),Companies House public API,2026-07-12T04:26:44+00:00
BK DOOR INSTALLATIONS LIMITED,08879239,A_CEILING_HIT,"established 2014, unaudited-abridged filer",ltd,corporate subscriber,2014-02-06,unaudited-abridged,"accounts category, NOT turnover",43210,"2 Barley Brook Meadow, Bolton",BL1 7HP,https://find-and-update.company-information.service.gov.uk/company/08879239,,TO BE ENRICHED — not held by Companies House,legitimate interests (LIA required before contact),Companies House public API,2026-07-12T04:26:45+00:00
SMOOTH FLOW PLUMBING LTD,SC630638,A_CEILING_HIT,"established 2019, unaudited-abridged filer",ltd,corporate subscriber,2019-05-16,unaudited-abridged,"accounts category, NOT turnover",43220,"111, Flat 2/2 Roystonhill, Glasgow",G21 2LE,https://find-and-update.company-information.service.gov.uk/company/SC630638,,TO BE ENRICHED — not held by Companies House,legitimate interests (LIA required before contact),Companies House public API,2026-07-12T04:26:46+00:00
OPTICAL FACILITIES LTD,12466194,A_CEILING_HIT,"established 2020, total-exemption-full filer",ltd,corporate subscriber,2020-02-17,total-exemption-full,"accounts category, NOT turnover",43290,"3 Atherstone Close, Canvey Island",SS8 7DG,https://find-and-update.company-information.service.gov.uk/company/12466194,,TO BE ENRICHED — not held by Companies House,legitimate interests (LIA required before contact),Companies House public API,2026-07-12T04:26:48+00:00
WREKIN CARE LTD,11494408,A_CEILING_HIT,"established 2018, unaudited-abridged filer",ltd,corporate subscriber,2018-08-01,unaudited-abridged,"accounts category, NOT turnover",41202; 43290; 43390; 87900,"63 Station Road, Donnington, Telford",TF2 8RJ,https://find-and-update.company-information.service.gov.uk/company/11494408,,TO BE ENRICHED — not held by Companies House,legitimate interests (LIA required before contact),Companies House public API,2026-07-12T04:26:52+00:00
AIRCON MAN LIMITED,SC467932,A_CEILING_HIT,"established 2014, unaudited-abridged filer",ltd,corporate subscriber,2014-01-21,unaudited-abridged,"accounts category, NOT turnover",43220,"13-15 Strathmore House, East Kilbride, Glasgow",G74 1LF,https://find-and-update.company-information.service.gov.uk/company/SC467932,,TO BE ENRICHED — not held by Companies House,legitimate interests (LIA required before contact),Companies House public API,2026-07-12T04:26:53+00:00
OEB ELECTRICAL SERVICES LTD,SC483392,A_CEILING_HIT,"established 2014, total-exemption-full filer",ltd,corporate subscriber,2014-07-31,total-exemption-full,"accounts category, NOT turnover",43210,"1 Moray Place, Kirkintilloch, Glasgow",G66 3SR,https://find-and-update.company-information.service.gov.uk/company/SC483392,,TO BE ENRICHED — not held by Companies House,legitimate interests (LIA required before contact),Companies House public API,2026-07-12T04:26:55+00:00
PJB GAS & HEATING LTD,10132307,A_CEILING_HIT,"established 2016, total-exemption-full filer",ltd,corporate subscriber,2016-04-19,total-exemption-full,"accounts category, NOT turnover",43220,"76 Discovery Drive, Kings Hill, West Malling",ME19 4GA,https://find-and-update.company-information.service.gov.uk/company/10132307,,TO BE ENRICHED — not held by Companies House,legitimate interests (LIA required before contact),Companies House public API,2026-07-12T04:27:08+00:00
LUCAS LARMOND ELECTRICAL SERVICES LTD,10116419,A_CEILING_HIT,"established 2016, total-exemption-full filer",ltd,corporate subscriber,2016-04-11,total-exemption-full,"accounts category, NOT turnover",43210; 61100; 61200; 61900,"Flat 2 40 Daysbrook Road, London",SW2 3BF,https://find-and-update.company-information.service.gov.uk/company/10116419,,TO BE ENRICHED — not held by Companies House,legitimate interests (LIA required before contact),Companies House public API,2026-07-12T04:27:11+00:00
RPTILER LTD,10707163,A_CEILING_HIT,"established 2017, total-exemption-full filer",ltd,corporate subscriber,2017-04-04,total-exemption-full,"accounts category, NOT turnover",41202; 43290; 43390; 43999,"10 Betterton Road, Rainham",RM13 8NA,https://find-and-update.company-information.service.gov.uk/company/10707163,,TO BE ENRICHED — not held by Companies House,legitimate interests (LIA required before contact),Companies House public API,2026-07-12T04:27:14+00:00
OLYMPUS ELECTRICAL & BUILDING SERVICES LTD,10656075,A_CEILING_HIT,"established 2017, total-exemption-full filer",ltd,corporate subscriber,2017-03-07,total-exemption-full,"accounts category, NOT turnover",43210; 43290; 96090,"1 Britten Close, Langdon Hills, Basildon",SS16 6TB,https://find-and-update.company-information.service.gov.uk/company/10656075,,TO BE ENRICHED — not held by Companies House,legitimate interests (LIA required before contact),Companies House public API,2026-07-12T04:27:15+00:00
KEARNEY ELECTRICAL LIMITED,11206868,A_CEILING_HIT,"established 2018, total-exemption-full filer",ltd,corporate subscriber,2018-02-14,total-exemption-full,"accounts category, NOT turnover",43210,"25 Darlington Road, Manchester",M20 1JB,https://find-and-update.company-information.service.gov.uk/company/11206868,,TO BE ENRICHED — not held by Companies House,legitimate interests (LIA required before contact),Companies House public API,2026-07-12T04:27:18+00:00
SAFE BRIGHT LIMITED,11187150,A_CEILING_HIT,"established 2018, total-exemption-full filer",ltd,corporate subscriber,2018-02-05,total-exemption-full,"accounts category, NOT turnover",43210,"The Masters House, 92a Arundel Street, Sheffield",S1 4RE,https://find-and-update.company-information.service.gov.uk/company/11187150,,TO BE ENRICHED — not held by Companies House,legitimate interests (LIA required before contact),Companies House public API,2026-07-12T04:27:19+00:00
MM FENCING AND ARENAS LTD,07242406,A_CEILING_HIT,"established 2010, total-exemption-full filer",ltd,corporate subscriber,2010-05-04,total-exemption-full,"accounts category, NOT turnover",43290,"69 Hurstbrook, Coppull, Chorley",PR7 4QX,https://find-and-update.company-information.service.gov.uk/company/07242406,,TO BE ENRICHED — not held by Companies House,legitimate interests (LIA required before contact),Companies House public API,2026-07-12T04:27:20+00:00
ELITE ELECTRICAL CONNECT LIMITED,07789330,A_CEILING_HIT,"established 2011, total-exemption-full filer",ltd,corporate subscriber,2011-09-27,total-exemption-full,"accounts category, NOT turnover",43210,"3 Kensworth Gate, 200-204 High Street South, Dunstable, Beds",LU6 3HS,https://find-and-update.company-information.service.gov.uk/company/07789330,,TO BE ENRICHED — not held by Companies House,legitimate interests (LIA required before contact),Companies House public API,2026-07-12T04:27:22+00:00
UNIVERSAL PIPEWORK LIMITED,07590691,A_CEILING_HIT,"established 2011, total-exemption-full filer",ltd,corporate subscriber,2011-04-04,total-exemption-full,"accounts category, NOT turnover",43220,"32 Lumina Way, Enfield",EN1 1FS,https://find-and-update.company-information.service.gov.uk/company/07590691,,TO BE ENRICHED — not held by Companies House,legitimate interests (LIA required before contact),Companies House public API,2026-07-12T04:27:22+00:00
M.S.B. INTERIORS LTD,05850592,A_CEILING_HIT,"established 2006, total-exemption-full filer",ltd,corporate subscriber,2006-06-19,total-exemption-full,"accounts category, NOT turnover",43210,"8 High Street, Heathfield, East Sussex",TN21 8LS,https://find-and-update.company-information.service.gov.uk/company/05850592,,TO BE ENRICHED — not held by Companies House,legitimate interests (LIA required before contact),Companies House public API,2026-07-12T04:27:24+00:00
W.T. LEASING LIMITED,05576801,A_CEILING_HIT,"established 2005, total-exemption-full filer",ltd,corporate subscriber,2005-09-28,total-exemption-full,"accounts category, NOT turnover",43290; 47990,"Sunny Bank Southwood, Baldwins Gate, Newcastle-Under-Lyme, Staffordshire",ST5 5EY,https://find-and-update.company-information.service.gov.uk/company/05576801,,TO BE ENRICHED — not held by Companies House,legitimate interests (LIA required before contact),Companies House public API,2026-07-12T04:27:24+00:00
DTC FUTURE INDUSTRIES LTD,SC650349,A_CEILING_HIT,"established 2019, unaudited-abridged filer",ltd,corporate subscriber,2019-12-30,unaudited-abridged,"accounts category, NOT turnover",43210,"70 West Regent Street, Glasgow",G2 2QZ,https://find-and-update.company-information.service.gov.uk/company/SC650349,,TO BE ENRICHED — not held by Companies House,legitimate interests (LIA required before contact),Companies House public API,2026-07-12T04:27:28+00:00
KJM ENERGY LTD,SC642756,A_CEILING_HIT,"established 2019, total-exemption-full filer",ltd,corporate subscriber,2019-09-26,total-exemption-full,"accounts category, NOT turnover",43220; 43290,"2/1 82 Mitchell Street, Glasgow",G1 3NA,https://find-and-update.company-information.service.gov.uk/company/SC642756,,TO BE ENRICHED — not held by Companies House,legitimate interests (LIA required before contact),Companies House public API,2026-07-12T04:27:29+00:00
IMC PLUMBING LTD,SC640447,A_CEILING_HIT,"established 2019, total-exemption-full filer",ltd,corporate subscriber,2019-09-02,total-exemption-full,"accounts category, NOT turnover",41202; 43220; 43390; 43999,"148 Upper Craigour, Edinburgh, Midlothian",EH17 7SH,https://find-and-update.company-information.service.gov.uk/company/SC640447,,TO BE ENRICHED — not held by Companies House,legitimate interests (LIA required before contact),Companies House public API,2026-07-12T04:27:30+00:00
G.M.S. ELECTRICAL LTD,04437153,A_CEILING_HIT,"established 2002, total-exemption-full filer",ltd,corporate subscriber,2002-05-13,total-exemption-full,"accounts category, NOT turnover",43210,"109 South Eden Park Road, Beckenham, Kent",BR3 3AX,https://find-and-update.company-information.service.gov.uk/company/04437153,,TO BE ENRICHED — not held by Companies House,legitimate interests (LIA required before contact),Companies House public API,2026-07-12T04:27:32+00:00
FIREWORLD (TORQUAY) LTD,10148126,A_CEILING_HIT,"established 2016, total-exemption-full filer",ltd,corporate subscriber,2016-04-26,total-exemption-full,"accounts category, NOT turnover",43290; 47990,"3 Eagle Court, Woodland Road, Torquay",TQ2 7AT,https://find-and-update.company-information.service.gov.uk/company/10148126,,TO BE ENRICHED — not held by Companies House,legitimate interests (LIA required before contact),Companies House public API,2026-07-12T04:27:33+00:00
KILPATRICK BLANE SERVICES LIMITED,SC375563,A_CEILING_HIT,"established 2010, total-exemption-full filer",ltd,corporate subscriber,2010-03-25,total-exemption-full,"accounts category, NOT turnover",43290,"18 Crawfurd Street, Greenock",PA15 1LJ,https://find-and-update.company-information.service.gov.uk/company/SC375563,,TO BE ENRICHED — not held by Companies House,legitimate interests (LIA required before contact),Companies House public API,2026-07-12T04:27:34+00:00
WOOLFORD CONSTRUCTION LIMITED,09546764,A_CEILING_HIT,"established 2015, total-exemption-full filer",ltd,corporate subscriber,2015-04-16,total-exemption-full,"accounts category, NOT turnover",43120; 43290; 43390,"1 Cricklade Court, Old Town, Swindon, Wiltshire",SN1 3EY,https://find-and-update.company-information.service.gov.uk/company/09546764,,TO BE ENRICHED — not held by Companies House,legitimate interests (LIA required before contact),Companies House public API,2026-07-12T04:27:35+00:00
EMC LIGHTING AND ELECTRICAL LTD,09038773,A_CEILING_HIT,"established 2014, total-exemption-full filer",ltd,corporate subscriber,2014-05-14,total-exemption-full,"accounts category, NOT turnover",43210,"Grosvenor House, 45 The Downs, Altrincham, Cheshire",WA14 2QG,https://find-and-update.company-information.service.gov.uk/company/09038773,,TO BE ENRICHED — not held by Companies House,legitimate interests (LIA required before contact),Companies House public API,2026-07-12T04:27:36+00:00
STANFORD TECH SERVICES LTD,SC638474,A_CEILING_HIT,"established 2019, total-exemption-full filer",ltd,corporate subscriber,2019-08-12,total-exemption-full,"accounts category, NOT turnover",43210,"2 Lodge Park, Inverness",IV2 4YR,https://find-and-update.company-information.service.gov.uk/company/SC638474,,TO BE ENRICHED — not held by Companies House,legitimate interests (LIA required before contact),Companies House public API,2026-07-12T04:27:38+00:00
PITREAVIE ELECTRICAL SERVICES LTD,SC638368,A_CEILING_HIT,"established 2019, total-exemption-full filer",ltd,corporate subscriber,2019-08-08,total-exemption-full,"accounts category, NOT turnover",43210,"25 Pitreavie Place, Dundee",DD3 9ED,https://find-and-update.company-information.service.gov.uk/company/SC638368,,TO BE ENRICHED — not held by Companies House,legitimate interests (LIA required before contact),Companies House public API,2026-07-12T04:27:39+00:00
SCOTIA PIPE SERICES LTD,SC638190,A_CEILING_HIT,"established 2019, total-exemption-full filer",ltd,corporate subscriber,2019-08-07,total-exemption-full,"accounts category, NOT turnover",43220,"50 Izatt Avenue, Dunfermline, Fife",KY11 3BJ,https://find-and-update.company-information.service.gov.uk/company/SC638190,,TO BE ENRICHED — not held by Companies House,legitimate interests (LIA required before contact),Companies House public API,2026-07-12T04:27:42+00:00
ANDREW D SCOTT LTD,SC638455,A_CEILING_HIT,"established 2019, total-exemption-full filer",ltd,corporate subscriber,2019-08-09,total-exemption-full,"accounts category, NOT turnover",43210,"1 Brora Place, Crossford, Dunfermline",KY12 8YP,https://find-and-update.company-information.service.gov.uk/company/SC638455,,TO BE ENRICHED — not held by Companies House,legitimate interests (LIA required before contact),Companies House public API,2026-07-12T04:27:44+00:00
DMR MECHANICAL LTD,NI652931,A_CEILING_HIT,"established 2018, unaudited-abridged filer",ltd,corporate subscriber,2018-05-10,unaudited-abridged,"accounts category, NOT turnover",43220,"115 Aughrim Road, Castledawson, Magherafelt",BT45 8HB,https://find-and-update.company-information.service.gov.uk/company/NI652931,,TO BE ENRICHED — not held by Companies House,legitimate interests (LIA required before contact),Companies House public API,2026-07-12T04:27:46+00:00
CPF ELECTRICAL SERVICES LIMITED,10583020,A_CEILING_HIT,"established 2017, total-exemption-full filer",ltd,corporate subscriber,2017-01-25,total-exemption-full,"accounts category, NOT turnover",43210,"31 St. Georges Walk, Allhallows, Rochester",ME3 9PP,https://find-and-update.company-information.service.gov.uk/company/10583020,,TO BE ENRICHED — not held by Companies House,legitimate interests (LIA required before contact),Companies House public API,2026-07-12T04:27:46+00:00
ECO GREEN CONTRACTS LTD,10204643,A_CEILING_HIT,"established 2016, total-exemption-full filer",ltd,corporate subscriber,2016-05-27,total-exemption-full,"accounts category, NOT turnover",43290; 43310; 43341,"41 Mere Road, Leicester",LE5 3HS,https://find-and-update.company-information.service.gov.uk/company/10204643,,TO BE ENRICHED — not held by Companies House,legitimate interests (LIA required before contact),Companies House public API,2026-07-12T04:27:50+00:00
AAPLUMBING&HEATING LTD,12343421,A_CEILING_HIT,"established 2019, total-exemption-full filer",ltd,corporate subscriber,2019-12-02,total-exemption-full,"accounts category, NOT turnover",43220,"15 Woodbridge Court Vicarage Road, Woodford Green",IG8 8NL,https://find-and-update.company-information.service.gov.uk/company/12343421,,TO BE ENRICHED — not held by Companies House,legitimate interests (LIA required before contact),Companies House public API,2026-07-12T04:27:53+00:00
HS ELECTRICAL CONTRACTORS LTD,09570087,A_CEILING_HIT,"established 2015, total-exemption-full filer",ltd,corporate subscriber,2015-04-30,total-exemption-full,"accounts category, NOT turnover",43210,"Abacus House, 68a North Street, Romford",RM1 1DA,https://find-and-update.company-information.service.gov.uk/company/09570087,,TO BE ENRICHED — not held by Companies House,legitimate interests (LIA required before contact),Companies House public API,2026-07-12T04:27:55+00:00
VKMRINKOV ENGINEERING LTD,12342598,A_CEILING_HIT,"established 2019, total-exemption-full filer",ltd,corporate subscriber,2019-12-02,total-exemption-full,"accounts category, NOT turnover",41100; 41202; 43220; 43390,"34 Finsbury Road, London",N22 8PD,https://find-and-update.company-information.service.gov.uk/company/12342598,,TO BE ENRICHED — not held by Companies House,legitimate interests (LIA required before contact),Companies House public API,2026-07-12T04:27:57+00:00
WHITTLE ELECTRICAL CONTRACTORS LIMITED,04206772,A_CEILING_HIT,"established 2001, total-exemption-full filer",ltd,corporate subscriber,2001-04-26,total-exemption-full,"accounts category, NOT turnover",43210,"Wellesley House, 204 London Road, Waterlooville, Hampshire",PO7 7AN,https://find-and-update.company-information.service.gov.uk/company/04206772,,TO BE ENRICHED — not held by Companies House,legitimate interests (LIA required before contact),Companies House public API,2026-07-12T04:28:00+00:00
IDEAL BOILER INSTALLATION LTD,12243305,A_CEILING_HIT,"established 2019, unaudited-abridged filer",ltd,corporate subscriber,2019-10-04,unaudited-abridged,"accounts category, NOT turnover",43220,"349 Chanterlands Avenue Chanterlands Avenue, Hull",HU5 4EB,https://find-and-update.company-information.service.gov.uk/company/12243305,,TO BE ENRICHED — not held by Companies House,legitimate interests (LIA required before contact),Companies House public API,2026-07-12T04:28:04+00:00
P J ELECTRICAL LIMITED,03366967,A_CEILING_HIT,"established 1997, total-exemption-full filer",ltd,corporate subscriber,1997-05-08,total-exemption-full,"accounts category, NOT turnover",43210,"Warren End Petteridge Lane, Matfield, Tonbridge, Kent",TN12 7LP,https://find-and-update.company-information.service.gov.uk/company/03366967,,TO BE ENRICHED — not held by Companies House,legitimate interests (LIA required before contact),Companies House public API,2026-07-12T04:28:05+00:00
ADVANCED CONNECTIONS LIMITED,04641036,A_CEILING_HIT,"established 2003, total-exemption-full filer",ltd,corporate subscriber,2003-01-17,total-exemption-full,"accounts category, NOT turnover",43210,"Cornelius House, 178-180 Church Road, Hove, East Sussex",BN3 2DJ,https://find-and-update.company-information.service.gov.uk/company/04641036,,TO BE ENRICHED — not held by Companies House,legitimate interests (LIA required before contact),Companies House public API,2026-07-12T04:28:06+00:00
SJW PLUMBING & HEATING SERVICES LIMITED,12439850,A_CEILING_HIT,"established 2020, total-exemption-full filer",ltd,corporate subscriber,2020-02-03,total-exemption-full,"accounts category, NOT turnover",43220,"34 Waterloo Road, Wolverhampton",WV1 4DG,https://find-and-update.company-information.service.gov.uk/company/12439850,,TO BE ENRICHED — not held by Companies House,legitimate interests (LIA required before contact),Companies House public API,2026-07-12T04:28:14+00:00
S AND J ELECTRICAL SERVICES ESSEX LIMITED,12330968,A_CEILING_HIT,"established 2019, total-exemption-full filer",ltd,corporate subscriber,2019-11-25,total-exemption-full,"accounts category, NOT turnover",43210,"Top Floor Claridon House, London Road, Stanford Le Hope, Essex",SS17 0JU,https://find-and-update.company-information.service.gov.uk/company/12330968,,TO BE ENRICHED — not held by Companies House,legitimate interests (LIA required before contact),Companies House public API,2026-07-12T04:28:18+00:00
DON. W ELECTRICAL LIMITED,12325069,A_CEILING_HIT,"established 2019, total-exemption-full filer",ltd,corporate subscriber,2019-11-20,total-exemption-full,"accounts category, NOT turnover",43210,"4 Capricorn Centre, Cranes Farm Road, Basildon, Essex",SS14 3JJ,https://find-and-update.company-information.service.gov.uk/company/12325069,,TO BE ENRICHED — not held by Companies House,legitimate interests (LIA required before contact),Companies House public API,2026-07-12T04:28:19+00:00
MARDOM LTD,12308131,A_CEILING_HIT,"established 2019, total-exemption-full filer",ltd,corporate subscriber,2019-11-11,total-exemption-full,"accounts category, NOT turnover",43290,"39 Lorton Close, Gravesend",DA12 4HA,https://find-and-update.company-information.service.gov.uk/company/12308131,,TO BE ENRICHED — not held by Companies House,legitimate interests (LIA required before contact),Companies House public API,2026-07-12T04:28:23+00:00
ELECMECH LTD,12378755,A_CEILING_HIT,"established 2019, unaudited-abridged filer",ltd,corporate subscriber,2019-12-27,unaudited-abridged,"accounts category, NOT turnover",43210,"71 Butcher Row, Witham, Essex",CM8 1YR,https://find-and-update.company-information.service.gov.uk/company/12378755,,TO BE ENRICHED — not held by Companies House,legitimate interests (LIA required before contact),Companies House public API,2026-07-12T04:28:25+00:00
ALLPORT INSTALLATIONS LTD,12371511,A_CEILING_HIT,"established 2019, unaudited-abridged filer",ltd,corporate subscriber,2019-12-19,unaudited-abridged,"accounts category, NOT turnover",41100; 43290; 43390,"7 Horton Avenue, Stretton, Burton On Trent, Staffordshire",DE13 0DP,https://find-and-update.company-information.service.gov.uk/company/12371511,,TO BE ENRICHED — not held by Companies House,legitimate interests (LIA required before contact),Companies House public API,2026-07-12T04:28:27+00:00
CUBEDEVELOP LTD,12364228,A_CEILING_HIT,"established 2019, total-exemption-full filer",ltd,corporate subscriber,2019-12-16,total-exemption-full,"accounts category, NOT turnover",43290,"30 Bernwelle Avenue, Romford",RM3 9FA,https://find-and-update.company-information.service.gov.uk/company/12364228,,TO BE ENRICHED — not held by Companies House,legitimate interests (LIA required before contact),Companies House public API,2026-07-12T04:28:29+00:00
NEWTEAM SERVICES LIMITED,05435354,A_CEILING_HIT,"established 2005, total-exemption-full filer",ltd,corporate subscriber,2005-04-26,total-exemption-full,"accounts category, NOT turnover",43220,"Unit 3 Fontley House Farm Iron Mill Lane, Titchfield, Fareham, Hampshire",PO15 6QT,https://find-and-update.company-information.service.gov.uk/company/05435354,,TO BE ENRICHED — not held by Companies House,legitimate interests (LIA required before contact),Companies House public API,2026-07-12T04:28:38+00:00
SMART GROUP (SCOTLAND) LTD,SC466792,A_CEILING_HIT,"established 2014, total-exemption-full filer",ltd,corporate subscriber,2014-01-07,total-exemption-full,"accounts category, NOT turnover",43220,"Solar House, 121 Deerdykes View, Cumbernauld",G68 9HN,https://find-and-update.company-information.service.gov.uk/company/SC466792,,TO BE ENRICHED — not held by Companies House,legitimate interests (LIA required before contact),Companies House public API,2026-07-12T04:28:38+00:00
HENDRE GAS SERVICES LTD,13345966,A_CEILING_HIT,"established 2021, total-exemption-full filer",ltd,corporate subscriber,2021-04-20,total-exemption-full,"accounts category, NOT turnover",43220,"11 St David Drive, Killay, Swansea",SA2 7EN,https://find-and-update.company-information.service.gov.uk/company/13345966,,TO BE ENRICHED — not held by Companies House,legitimate interests (LIA required before contact),Companies House public API,2026-07-12T04:28:40+00:00
J WHITE ELECTRICAL SERVICES LIMITED,08062816,A_CEILING_HIT,"established 2012, total-exemption-full filer",ltd,corporate subscriber,2012-05-09,total-exemption-full,"accounts category, NOT turnover",43210,"Bramble Cottage 203 Greyfield Road, High Littleton, Bristol",BS39 6YB,https://find-and-update.company-information.service.gov.uk/company/08062816,,TO BE ENRICHED — not held by Companies House,legitimate interests (LIA required before contact),Companies House public API,2026-07-12T04:28:44+00:00
THE ELIO GROUP LTD,12110103,A_CEILING_HIT,"established 2019, total-exemption-full filer",ltd,corporate subscriber,2019-07-18,total-exemption-full,"accounts category, NOT turnover",43210; 96090,"Suite E2, The Octagon, 2nd Floor Middleborough, Colchester",CO1 1TG,https://find-and-update.company-information.service.gov.uk/company/12110103,,TO BE ENRICHED — not held by Companies House,legitimate interests (LIA required before contact),Companies House public API,2026-07-12T04:28:47+00:00
BOUNTY ENERGY SOLUTIONS AND TECHNOLOGIES LTD,11785993,A_CEILING_HIT,"established 2019, total-exemption-full filer",ltd,corporate subscriber,2019-01-24,total-exemption-full,"accounts category, NOT turnover",35110; 35300; 43210; 43220,"Henleaze House Harbury Road, Henleaze, Bristol",BS9 4PN,https://find-and-update.company-information.service.gov.uk/company/11785993,,TO BE ENRICHED — not held by Companies House,legitimate interests (LIA required before contact),Companies House public API,2026-07-12T04:28:48+00:00
CLAZ BUILDING LIMITED,12009145,A_CEILING_HIT,"established 2019, total-exemption-full filer",ltd,corporate subscriber,2019-05-21,total-exemption-full,"accounts category, NOT turnover",43290,"1 Imperial Gardens, Mitcham",CR4 1ER,https://find-and-update.company-information.service.gov.uk/company/12009145,,TO BE ENRICHED — not held by Companies House,legitimate interests (LIA required before contact),Companies House public API,2026-07-12T04:28:52+00:00
ARROW HEATING LTD,12220387,A_CEILING_HIT,"established 2019, total-exemption-full filer",ltd,corporate subscriber,2019-09-21,total-exemption-full,"accounts category, NOT turnover",43220,"25 Howards Road, Woking, Surrey",GU22 9AS,https://find-and-update.company-information.service.gov.uk/company/12220387,,TO BE ENRICHED — not held by Companies House,legitimate interests (LIA required before contact),Companies House public API,2026-07-12T04:28:58+00:00
DENTON BUILDING SOLUTIONS LIMITED,12210044,A_CEILING_HIT,"established 2019, total-exemption-full filer",ltd,corporate subscriber,2019-09-16,total-exemption-full,"accounts category, NOT turnover",43210; 43220; 43290; 43310,"71-75 Shelton Street, London, Greater London",WC2H 9JQ,https://find-and-update.company-information.service.gov.uk/company/12210044,,TO BE ENRICHED — not held by Companies House,legitimate interests (LIA required before contact),Companies House public API,2026-07-12T04:29:00+00:00
IN STEEL (BLACKSMITHS & FABRICATORS) LIMITED,04066302,A_CEILING_HIT,"established 2000, total-exemption-full filer",ltd,corporate subscriber,2000-09-06,total-exemption-full,"accounts category, NOT turnover",25110; 25990; 33110; 43290,"United Downs Industrial Estate, St. Day, Redruth, Cornwall",TR16 5HY,https://find-and-update.company-information.service.gov.uk/company/04066302,,TO BE ENRICHED — not held by Companies House,legitimate interests (LIA required before contact),Companies House public API,2026-07-12T04:29:00+00:00
CJ HEATING ENGINEER LTD,12166237,A_CEILING_HIT,"established 2019, total-exemption-full filer",ltd,corporate subscriber,2019-08-20,total-exemption-full,"accounts category, NOT turnover",43220,"6-8 Freeman Street, Grimsby",DN32 7AA,https://find-and-update.company-information.service.gov.uk/company/12166237,,TO BE ENRICHED — not held by Companies House,legitimate interests (LIA required before contact),Companies House public API,2026-07-12T04:29:01+00:00
J.B.J. INSULATIONS LIMITED,02700708,A_CEILING_HIT,"established 1992, total-exemption-full filer",ltd,corporate subscriber,1992-03-26,total-exemption-full,"accounts category, NOT turnover",43290,"Caddick Road, Knowsley Industrial Park, Prescot, Merseyside",L34 9HP,https://find-and-update.company-information.service.gov.uk/company/02700708,,TO BE ENRICHED — not held by Companies House,legitimate interests (LIA required before contact),Companies House public API,2026-07-12T04:29:06+00:00
WILLIAMS CEILINGS AND PARTITIONS LTD,12162091,A_CEILING_HIT,"established 2019, total-exemption-full filer",ltd,corporate subscriber,2019-08-19,total-exemption-full,"accounts category, NOT turnover",43290,"17a Salters Lane, Redditch, Worcestershire",B97 6JH,https://find-and-update.company-information.service.gov.uk/company/12162091,,TO BE ENRICHED — not held by Companies House,legitimate interests (LIA required before contact),Companies House public API,2026-07-12T04:29:07+00:00
JUST CEILINGS & PARTITIONS LTD,05451935,A_CEILING_HIT,"established 2005, unaudited-abridged filer",ltd,corporate subscriber,2005-05-13,unaudited-abridged,"accounts category, NOT turnover",43290,"Unit C5 Salwarpe Business Park, Salwarpe Road, Droitwich Spa, Worcestershire",WR9 9BN,https://find-and-update.company-information.service.gov.uk/company/05451935,,TO BE ENRICHED — not held by Companies House,legitimate interests (LIA required before contact),Companies House public API,2026-07-12T04:29:13+00:00
ISOL RENATTO LIMITED,12203155,A_CEILING_HIT,"established 2019, total-exemption-full filer",ltd,corporate subscriber,2019-09-12,total-exemption-full,"accounts category, NOT turnover",43290,"5 Upper Tickham Cottages Tickham Lane, Lynsted, Sittingbourne, Kent",ME9 0HR,https://find-and-update.company-information.service.gov.uk/company/12203155,,TO BE ENRICHED — not held by Companies House,legitimate interests (LIA required before contact),Companies House public API,2026-07-12T04:29:17+00:00
SRB BUILDING & CONSTRUCTION LIMITED,12222960,A_CEILING_HIT,"established 2019, unaudited-abridged filer",ltd,corporate subscriber,2019-09-23,unaudited-abridged,"accounts category, NOT turnover",41100; 41202; 43290,"Laymead Farm Denham, Quainton, Aylesbury",HP22 4AN,https://find-and-update.company-information.service.gov.uk/company/12222960,,TO BE ENRICHED — not held by Companies House,legitimate interests (LIA required before contact),Companies House public API,2026-07-12T04:29:18+00:00
NORTH WEST ELECTRICIAN LTD,12218361,A_CEILING_HIT,"established 2019, total-exemption-full filer",ltd,corporate subscriber,2019-09-20,total-exemption-full,"accounts category, NOT turnover",43210,"7-9 Station Road, Hesketh Bank, Preston",PR4 6SN,https://find-and-update.company-information.service.gov.uk/company/12218361,,TO BE ENRICHED — not held by Companies House,legitimate interests (LIA required before contact),Companies House public API,2026-07-12T04:29:19+00:00
SUB-ZERO PROJECTS LTD,09009833,A_CEILING_HIT,"established 2014, total-exemption-full filer",ltd,corporate subscriber,2014-04-24,total-exemption-full,"accounts category, NOT turnover",43290; 43320; 43999,"2 Denehurst Gardens, Woodford Green",IG8 0PA,https://find-and-update.company-information.service.gov.uk/company/09009833,,TO BE ENRICHED — not held by Companies House,legitimate interests (LIA required before contact),Companies House public API,2026-07-12T04:29:34+00:00
RK BATHROOM SOLUTIONS LTD,12109073,A_CEILING_HIT,"established 2019, total-exemption-full filer",ltd,corporate subscriber,2019-07-17,total-exemption-full,"accounts category, NOT turnover",43220,"62 Blanchland Avenue, Wideopen, Newcastle Upon Tyne",NE13 6JR,https://find-and-update.company-information.service.gov.uk/company/12109073,,TO BE ENRICHED — not held by Companies House,legitimate interests (LIA required before contact),Companies House public API,2026-07-12T04:29:35+00:00
RECYCLED ALUMINIUM LTD,12091346,A_CEILING_HIT,"established 2019, total-exemption-full filer",ltd,corporate subscriber,2019-07-08,total-exemption-full,"accounts category, NOT turnover",25990; 28220; 43290; 43910,"Unit 8, Epic Park, Halesfield 6, Telford",TF7 4BF,https://find-and-update.company-information.service.gov.uk/company/12091346,,TO BE ENRICHED — not held by Companies House,legitimate interests (LIA required before contact),Companies House public API,2026-07-12T04:29:36+00:00
OAKHOMESLONDON LTD,12106265,A_CEILING_HIT,"established 2019, total-exemption-full filer",ltd,corporate subscriber,2019-07-16,total-exemption-full,"accounts category, NOT turnover",41202; 43210; 43220; 68100,"308 Biscayne Avenue, London",E14 9QT,https://find-and-update.company-information.service.gov.uk/company/12106265,,TO BE ENRICHED — not held by Companies House,legitimate interests (LIA required before contact),Companies House public API,2026-07-12T04:29:37+00:00
CHESHIRE ELECTRICAL LIMITED,12092183,A_CEILING_HIT,"established 2019, total-exemption-full filer",ltd,corporate subscriber,2019-07-08,total-exemption-full,"accounts category, NOT turnover",43290,"Swift Accountants 1b Chowley Court Chowley Oak Business Park, Bolesworth Estates, Chester, Cheshire",CH3 9GA,https://find-and-update.company-information.service.gov.uk/company/12092183,,TO BE ENRICHED — not held by Companies House,legitimate interests (LIA required before contact),Companies House public API,2026-07-12T04:29:38+00:00
HIVE PLUMBING & HEATING LIMITED,11989140,A_CEILING_HIT,"established 2019, total-exemption-full filer",ltd,corporate subscriber,2019-05-10,total-exemption-full,"accounts category, NOT turnover",43220,"713 Chigwell Road, Woodford Green",IG8 8AS,https://find-and-update.company-information.service.gov.uk/company/11989140,,TO BE ENRICHED — not held by Companies House,legitimate interests (LIA required before contact),Companies House public API,2026-07-12T04:29:39+00:00
TW SOUTH EAST LIMITED,12018113,A_CEILING_HIT,"established 2019, total-exemption-full filer",ltd,corporate subscriber,2019-05-25,total-exemption-full,"accounts category, NOT turnover",43290,"Kingswell Farm, Netherfield Hill, Battle",TN33 0LL,https://find-and-update.company-information.service.gov.uk/company/12018113,,TO BE ENRICHED — not held by Companies House,legitimate interests (LIA required before contact),Companies House public API,2026-07-12T04:29:51+00:00
DSM ELECTRICAL & PROPERTY SERVICES LIMITED,11362320,A_CEILING_HIT,"established 2018, total-exemption-full filer",ltd,corporate subscriber,2018-05-15,total-exemption-full,"accounts category, NOT turnover",43210,"99 London Street, Reading, Berkshire",RG1 4QA,https://find-and-update.company-information.service.gov.uk/company/11362320,,TO BE ENRICHED — not held by Companies House,legitimate interests (LIA required before contact),Companies House public API,2026-07-12T04:29:51+00:00
HUNT SERVICES LIMITED,09577082,A_CEILING_HIT,"established 2015, total-exemption-full filer",ltd,corporate subscriber,2015-05-06,total-exemption-full,"accounts category, NOT turnover",43290,"42 Grafton, Road, Rushden, Northamptonshire",NN10 0HU,https://find-and-update.company-information.service.gov.uk/company/09577082,,TO BE ENRICHED — not held by Companies House,legitimate interests (LIA required before contact),Companies House public API,2026-07-12T04:29:52+00:00
TOP DECK HOME IMPROVEMENTS LTD,12046388,A_CEILING_HIT,"established 2019, total-exemption-full filer",ltd,corporate subscriber,2019-06-12,total-exemption-full,"accounts category, NOT turnover",43290,"Unit 4 Smethurst Lane, Farnworth, Bolton",BL4 0AN,https://find-and-update.company-information.service.gov.uk/company/12046388,,TO BE ENRICHED — not held by Companies House,legitimate interests (LIA required before contact),Companies House public API,2026-07-12T04:29:54+00:00
HALESOWEN GAS SERVICES LIMITED,05418020,A_CEILING_HIT,"established 2005, total-exemption-full filer",ltd,corporate subscriber,2005-04-07,total-exemption-full,"accounts category, NOT turnover",43220,"Ebenezer House, Ryecroft, Newcastle-Under-Lyme, Staffordshire",ST5 2BE,https://find-and-update.company-information.service.gov.uk/company/05418020,,TO BE ENRICHED — not held by Companies House,legitimate interests (LIA required before contact),Companies House public API,2026-07-12T04:29:58+00:00
H R M PLUMBING & HEATING SERVICES LTD,10139634,A_CEILING_HIT,"established 2016, total-exemption-full filer",ltd,corporate subscriber,2016-04-21,total-exemption-full,"accounts category, NOT turnover",43220,"30 Station Lane Station Lane, Hornchurch",RM12 6NJ,https://find-and-update.company-information.service.gov.uk/company/10139634,,TO BE ENRICHED — not held by Companies House,legitimate interests (LIA required before contact),Companies House public API,2026-07-12T04:30:01+00:00
S.J. PHILIP LIMITED,03978640,A_CEILING_HIT,"established 2000, total-exemption-full filer",ltd,corporate subscriber,2000-04-20,total-exemption-full,"accounts category, NOT turnover",43210,"75 Bournemouth Road, Chandlers Ford, Eastleigh, Hampshire",SO53 3AP,https://find-and-update.company-information.service.gov.uk/company/03978640,,TO BE ENRICHED — not held by Companies House,legitimate interests (LIA required before contact),Companies House public API,2026-07-12T04:30:02+00:00
WESTCOTE KITCHENS LTD,12566188,A_CEILING_HIT,"established 2020, total-exemption-full filer",ltd,corporate subscriber,2020-04-21,total-exemption-full,"accounts category, NOT turnover",43290,"21 Westcote Close, Witney",OX28 5FF,https://find-and-update.company-information.service.gov.uk/company/12566188,,TO BE ENRICHED — not held by Companies House,legitimate interests (LIA required before contact),Companies House public API,2026-07-12T04:30:03+00:00
FENBY PROJECTS LIMITED,13350106,A_CEILING_HIT,"established 2021, total-exemption-full filer",ltd,corporate subscriber,2021-04-21,total-exemption-full,"accounts category, NOT turnover",41100; 43290,"88 Farm View Road, Rotherham",S61 2AP,https://find-and-update.company-information.service.gov.uk/company/13350106,,TO BE ENRICHED — not held by Companies House,legitimate interests (LIA required before contact),Companies House public API,2026-07-12T04:30:03+00:00
ANGEL PLUMBING SERVICES LIMITED,04437729,A_CEILING_HIT,"established 2002, total-exemption-full filer",ltd,corporate subscriber,2002-05-14,total-exemption-full,"accounts category, NOT turnover",43220,"9 Bonhill Street, London",EC2A 4DJ,https://find-and-update.company-information.service.gov.uk/company/04437729,,TO BE ENRICHED — not held by Companies House,legitimate interests (LIA required before contact),Companies House public API,2026-07-12T04:30:04+00:00
GRIMES CONSTRUCTION LIMITED,12001693,A_CEILING_HIT,"established 2019, unaudited-abridged filer",ltd,corporate subscriber,2019-05-17,unaudited-abridged,"accounts category, NOT turnover",43290,"153 Mortimer Street, Herne Bay, Kent",CT6 5HA,https://find-and-update.company-information.service.gov.uk/company/12001693,,TO BE ENRICHED — not held by Companies House,legitimate interests (LIA required before contact),Companies House public API,2026-07-12T04:30:07+00:00
DISSTECH SOLUTIONS LIMITED,03985577,A_CEILING_HIT,"established 2000, total-exemption-full filer",ltd,corporate subscriber,2000-05-04,total-exemption-full,"accounts category, NOT turnover",43210; 82990,"Clarke Nicklin House Brooks Drive, Cheadle Royal Business Park, Cheadle, Cheshire",SK8 3TD,https://find-and-update.company-information.service.gov.uk/company/03985577,,TO BE ENRICHED — not held by Companies House,legitimate interests (LIA required before contact),Companies House public API,2026-07-12T04:30:08+00:00
D TOWNEND PLUMBING SERVICES LIMITED,05397983,A_CEILING_HIT,"established 2005, total-exemption-full filer",ltd,corporate subscriber,2005-03-18,total-exemption-full,"accounts category, NOT turnover",43220,"37 Balfour Road, Walmer, Deal",CT14 7HY,https://find-and-update.company-information.service.gov.uk/company/05397983,,TO BE ENRICHED — not held by Companies House,legitimate interests (LIA required before contact),Companies House public API,2026-07-12T04:30:09+00:00
WORCESTER PARK ELECTRICAL LTD,12203035,A_CEILING_HIT,"established 2019, total-exemption-full filer",ltd,corporate subscriber,2019-09-12,total-exemption-full,"accounts category, NOT turnover",43210,"41 Oldfields Road, Sutton, Surrey",SM1 2NB,https://find-and-update.company-information.service.gov.uk/company/12203035,,TO BE ENRICHED — not held by Companies House,legitimate interests (LIA required before contact),Companies House public API,2026-07-12T04:30:12+00:00
NORMAN GUTTERIDGE LIMITED,01344078,A_CEILING_HIT,"established 1977, total-exemption-full filer",ltd,corporate subscriber,1977-12-14,total-exemption-full,"accounts category, NOT turnover",43220,"Courtland House, Butts Road, Stanford-Le-Hope, Essex",SS17 0JH,https://find-and-update.company-information.service.gov.uk/company/01344078,,TO BE ENRICHED — not held by Companies House,legitimate interests (LIA required before contact),Companies House public API,2026-07-12T04:30:13+00:00
D C M GLASS & GLAZING LTD,04496838,A_CEILING_HIT,"established 2002, total-exemption-full filer",ltd,corporate subscriber,2002-07-27,total-exemption-full,"accounts category, NOT turnover",43290,"Clay Hill House Clay Hill Lane, Hawarden, Deeside, Flintshire",CH5 2AQ,https://find-and-update.company-information.service.gov.uk/company/04496838,,TO BE ENRICHED — not held by Companies House,legitimate interests (LIA required before contact),Companies House public API,2026-07-12T04:30:16+00:00
G HOPWOOD ELECTRICAL CONTRACTORS LIMITED,07228100,A_CEILING_HIT,"established 2010, unaudited-abridged filer",ltd,corporate subscriber,2010-04-20,unaudited-abridged,"accounts category, NOT turnover",43210,"Unit 23 Townhead Trading Centre Main Street, Addingham, Ilkley, West Yorkshire",LS29 0PD,https://find-and-update.company-information.service.gov.uk/company/07228100,,TO BE ENRICHED — not held by Companies House,legitimate interests (LIA required before contact),Companies House public API,2026-07-12T04:30:22+00:00
HORTON BUILDER (PETTS WOOD) LIMITED,13394234,A_CEILING_HIT,"established 2021, total-exemption-full filer",ltd,corporate subscriber,2021-05-13,total-exemption-full,"accounts category, NOT turnover",43290,"181 Petts Wood Road, Petts Wood, Orpington",BR5 1JZ,https://find-and-update.company-information.service.gov.uk/company/13394234,,TO BE ENRICHED — not held by Companies House,legitimate interests (LIA required before contact),Companies House public API,2026-07-12T04:30:28+00:00
EES CONTRACTS LTD,12112196,A_CEILING_HIT,"established 2019, total-exemption-full filer",ltd,corporate subscriber,2019-07-19,total-exemption-full,"accounts category, NOT turnover",43210,"Unit 7 The Gallery, Furness Avenue, Formby, Liverpool, Merseyside",L37 3NP,https://find-and-update.company-information.service.gov.uk/company/12112196,,TO BE ENRICHED — not held by Companies House,legitimate interests (LIA required before contact),Companies House public API,2026-07-12T04:30:28+00:00
N.BROWN ELECTRICAL LTD,NI678979,A_CEILING_HIT,"established 2021, total-exemption-full filer",ltd,corporate subscriber,2021-05-04,total-exemption-full,"accounts category, NOT turnover",43210,"50 Dunleady Park, Dundonald, Belfast",BT16 1JX,https://find-and-update.company-information.service.gov.uk/company/NI678979,,TO BE ENRICHED — not held by Companies House,legitimate interests (LIA required before contact),Companies House public API,2026-07-12T04:30:30+00:00
CAPITAL REFRIGERATION SERVICES LIMITED,00918599,A_CEILING_HIT,"established 1967, total-exemption-full filer",ltd,corporate subscriber,1967-10-18,total-exemption-full,"accounts category, NOT turnover",43220; 46439,"45 Hoddesdon Industrial Centre, Pindar Road, Hoddesdon, Herts",EN11 0FF,https://find-and-update.company-information.service.gov.uk/company/00918599,,TO BE ENRICHED — not held by Companies House,legitimate interests (LIA required before contact),Companies House public API,2026-07-12T04:30:30+00:00
CLS ELECTRICAL SERVICES LTD,12424974,A_CEILING_HIT,"established 2020, total-exemption-full filer",ltd,corporate subscriber,2020-01-27,total-exemption-full,"accounts category, NOT turnover",43210,"61a High Street South, Rushden",NN10 0RA,https://find-and-update.company-information.service.gov.uk/company/12424974,,TO BE ENRICHED — not held by Companies House,legitimate interests (LIA required before contact),Companies House public API,2026-07-12T04:30:36+00:00
GOODAIR LIMITED,06596777,A_CEILING_HIT,"established 2008, total-exemption-full filer",ltd,corporate subscriber,2008-05-19,total-exemption-full,"accounts category, NOT turnover",35300; 43210,"15 Lampits Hill, Corringham, Stanford-Le-Hope",SS17 9AA,https://find-and-update.company-information.service.gov.uk/company/06596777,,TO BE ENRICHED — not held by Companies House,legitimate interests (LIA required before contact),Companies House public API,2026-07-12T04:30:39+00:00
LEO PRENDI PLUMBING LTD,13196154,A_CEILING_HIT,"established 2021, unaudited-abridged filer",ltd,corporate subscriber,2021-02-11,unaudited-abridged,"accounts category, NOT turnover",43220,"Electric Wharf, 1 Generator Hall, Coventry",CV1 4JL,https://find-and-update.company-information.service.gov.uk/company/13196154,,TO BE ENRICHED — not held by Companies House,legitimate interests (LIA required before contact),Companies House public API,2026-07-12T04:30:41+00:00
A GREENER FOOTPRINT LTD,12961928,A_CEILING_HIT,"established 2020, total-exemption-full filer",ltd,corporate subscriber,2020-10-20,total-exemption-full,"accounts category, NOT turnover",43220,"Deb House 19 Middlewoods Way, Wharncliffe Business Park, Carlton, Barnsley,  South Yorkshire",S71 3HR,https://find-and-update.company-information.service.gov.uk/company/12961928,,TO BE ENRICHED — not held by Companies House,legitimate interests (LIA required before contact),Companies House public API,2026-07-12T04:30:43+00:00
KENTISH PLUMBERS LTD,11907727,A_CEILING_HIT,"established 2019, total-exemption-full filer",ltd,corporate subscriber,2019-03-27,total-exemption-full,"accounts category, NOT turnover",43220,"220 Vale Road, Tonbridge",TN9 1SP,https://find-and-update.company-information.service.gov.uk/company/11907727,,TO BE ENRICHED — not held by Companies House,legitimate interests (LIA required before contact),Companies House public API,2026-07-12T04:30:43+00:00
BALTIC TIMBER PRODUCTS LIMITED,10245403,A_CEILING_HIT,"established 2016, total-exemption-full filer",ltd,corporate subscriber,2016-06-22,total-exemption-full,"accounts category, NOT turnover",43290,"B1 Vantage Park, Old Gloucester Road, Hambrook, Bristol",BS16 1GW,https://find-and-update.company-information.service.gov.uk/company/10245403,,TO BE ENRICHED — not held by Companies House,legitimate interests (LIA required before contact),Companies House public API,2026-07-12T04:30:45+00:00
INTACT PLUMBING & HEATING LIMITED,12981995,A_CEILING_HIT,"established 2020, total-exemption-full filer",ltd,corporate subscriber,2020-10-28,total-exemption-full,"accounts category, NOT turnover",43220,"Black Bull House 353-355 Station Road, Bamber Bridge, Preston, Lancashire",PR5 6EE,https://find-and-update.company-information.service.gov.uk/company/12981995,,TO BE ENRICHED — not held by Companies House,legitimate interests (LIA required before contact),Companies House public API,2026-07-12T04:30:50+00:00
EDWARDS PLUMBING SERVICES LTD,09870861,A_CEILING_HIT,"established 2015, total-exemption-full filer",ltd,corporate subscriber,2015-11-13,total-exemption-full,"accounts category, NOT turnover",43220,"21 Bampton Street, Tiverton",EX16 6AA,https://find-and-update.company-information.service.gov.uk/company/09870861,,TO BE ENRICHED — not held by Companies House,legitimate interests (LIA required before contact),Companies House public API,2026-07-12T04:30:51+00:00
NPS ENERGY LIMITED,05513604,A_CEILING_HIT,"established 2005, total-exemption-full filer",ltd,corporate subscriber,2005-07-20,total-exemption-full,"accounts category, NOT turnover",43210,"5 Hanging Chadder, Royton, Oldham",OL2 6XR,https://find-and-update.company-information.service.gov.uk/company/05513604,,TO BE ENRICHED — not held by Companies House,legitimate interests (LIA required before contact),Companies House public API,2026-07-12T04:30:52+00:00
AQUASPEED PLUMBING AND HEATING LIMITED,03918475,A_CEILING_HIT,"established 2000, total-exemption-full filer",ltd,corporate subscriber,2000-02-03,total-exemption-full,"accounts category, NOT turnover",43220,"20 Forge Way, Burgess Hill, West Sussex",RH15 8PS,https://find-and-update.company-information.service.gov.uk/company/03918475,,TO BE ENRICHED — not held by Companies House,legitimate interests (LIA required before contact),Companies House public API,2026-07-12T04:30:55+00:00
CLOUD 9 CONSTRUCTION LTD,10782166,A_CEILING_HIT,"established 2017, total-exemption-full filer",ltd,corporate subscriber,2017-05-22,total-exemption-full,"accounts category, NOT turnover",43210,"Kintyre House, 70 High Street, Fareham, Hampshire",PO16 7BB,https://find-and-update.company-information.service.gov.uk/company/10782166,,TO BE ENRICHED — not held by Companies House,legitimate interests (LIA required before contact),Companies House public API,2026-07-12T04:30:56+00:00
MFA CONSTRUCTION LIMITED,11984653,A_CEILING_HIT,"established 2019, total-exemption-full filer",ltd,corporate subscriber,2019-05-08,total-exemption-full,"accounts category, NOT turnover",43290; 43999,"Crown House, 27 Old Gloucester Street, London",WC1N 3AX,https://find-and-update.company-information.service.gov.uk/company/11984653,,TO BE ENRICHED — not held by Companies House,legitimate interests (LIA required before contact),Companies House public API,2026-07-12T04:30:58+00:00
STAFFORDSHIRE AIR CONDITIONING SERVICES LTD.,10186356,A_CEILING_HIT,"established 2016, total-exemption-full filer",ltd,corporate subscriber,2016-05-18,total-exemption-full,"accounts category, NOT turnover",43220,"25/27 Station Street, Cheslyn Hay, Walsall",WS6 7ED,https://find-and-update.company-information.service.gov.uk/company/10186356,,TO BE ENRICHED — not held by Companies House,legitimate interests (LIA required before contact),Companies House public API,2026-07-12T04:30:58+00:00
ARTISTRA RENOVATIONS LIMITED,09655667,A_CEILING_HIT,"established 2015, total-exemption-full filer",ltd,corporate subscriber,2015-06-24,total-exemption-full,"accounts category, NOT turnover",41202; 43210; 43220; 43390,"Unit 12a More House Farm Ditchling Road, Wivelsfield, Haywards Heath",RH17 7RE,https://find-and-update.company-information.service.gov.uk/company/09655667,,TO BE ENRICHED — not held by Companies House,legitimate interests (LIA required before contact),Companies House public API,2026-07-12T04:30:59+00:00
EURO ELECTRICAL CONTRACTORS LIMITED,07505994,A_CEILING_HIT,"established 2011, total-exemption-full filer",ltd,corporate subscriber,2011-01-26,total-exemption-full,"accounts category, NOT turnover",43210,"Brook House, Moss Grove, Kingswinford, West Midlands",DY6 9HS,https://find-and-update.company-information.service.gov.uk/company/07505994,,TO BE ENRICHED — not held by Companies House,legitimate interests (LIA required before contact),Companies House public API,2026-07-12T04:31:03+00:00
ETMINOZA 6 LIMITED,10318557,A_CEILING_HIT,"established 2016, total-exemption-full filer",ltd,corporate subscriber,2016-08-08,total-exemption-full,"accounts category, NOT turnover",43210,"2nd Floor, One Hobbs House Harrovian Business Village, Bessborough Road, Harrow",HA1 3EX,https://find-and-update.company-information.service.gov.uk/company/10318557,,TO BE ENRICHED — not held by Companies House,legitimate interests (LIA required before contact),Companies House public API,2026-07-12T04:31:04+00:00
FIRST STRIKE ELECTRICAL LTD.,03786975,A_CEILING_HIT,"established 1999, total-exemption-full filer",ltd,corporate subscriber,1999-06-10,total-exemption-full,"accounts category, NOT turnover",43210,"19-21 Crawford Street, London",W1H 1PJ,https://find-and-update.company-information.service.gov.uk/company/03786975,,TO BE ENRICHED — not held by Companies House,legitimate interests (LIA required before contact),Companies House public API,2026-07-12T04:31:07+00:00
MINSTER ALARMS LTD,06302560,A_CEILING_HIT,"established 2007, total-exemption-full filer",ltd,corporate subscriber,2007-07-04,total-exemption-full,"accounts category, NOT turnover",43210,"Suncliffe House New Lane, Huntington, York",YO32 9NQ,https://find-and-update.company-information.service.gov.uk/company/06302560,,TO BE ENRICHED — not held by Companies House,legitimate interests (LIA required before contact),Companies House public API,2026-07-12T04:31:16+00:00
NONPAREIL SOLUTIONS LIMITED,07249228,A_CEILING_HIT,"established 2010, total-exemption-full filer",ltd,corporate subscriber,2010-05-11,total-exemption-full,"accounts category, NOT turnover",43220,"298 Lower Luton Road, Wheathampstead, St Albans, Hertfordshire",AL4 8HT,https://find-and-update.company-information.service.gov.uk/company/07249228,,TO BE ENRICHED — not held by Companies House,legitimate interests (LIA required before contact),Companies House public API,2026-07-12T04:31:16+00:00
F. R. ELSWOOD LIMITED,02616843,A_CEILING_HIT,"established 1991, unaudited-abridged filer",ltd,corporate subscriber,1991-06-04,unaudited-abridged,"accounts category, NOT turnover",43290; 43390; 43999,"Foxdenton Hall Farm, Middleton, Manchester",M24 1QW,https://find-and-update.company-information.service.gov.uk/company/02616843,,TO BE ENRICHED — not held by Companies House,legitimate interests (LIA required before contact),Companies House public API,2026-07-12T04:31:17+00:00
I-PLUMB.COM LTD,06688011,A_CEILING_HIT,"established 2008, unaudited-abridged filer",ltd,corporate subscriber,2008-09-03,unaudited-abridged,"accounts category, NOT turnover",43220,"The Old Bakery Britannia Road, Morley, Leeds, West Yorkshire",LS27 0DN,https://find-and-update.company-information.service.gov.uk/company/06688011,,TO BE ENRICHED — not held by Companies House,legitimate interests (LIA required before contact),Companies House public API,2026-07-12T04:31:19+00:00
AJW HEATING LTD,09580237,A_CEILING_HIT,"established 2015, total-exemption-full filer",ltd,corporate subscriber,2015-05-07,total-exemption-full,"accounts category, NOT turnover",43220,"The Old Post Office, 41-43 Market Place, Chippenham, Wiltshire",SN15 3HR,https://find-and-update.company-information.service.gov.uk/company/09580237,,TO BE ENRICHED — not held by Companies House,legitimate interests (LIA required before contact),Companies House public API,2026-07-12T04:31:21+00:00
UNITEC BUILDING SERVICES LTD,08595326,A_CEILING_HIT,"established 2013, unaudited-abridged filer",ltd,corporate subscriber,2013-07-03,unaudited-abridged,"accounts category, NOT turnover",43210; 43220; 43999,"Unit 4 Sidcup Logistics Park East, Sandy Lane, Sidcup",DA14 5FE,https://find-and-update.company-information.service.gov.uk/company/08595326,,TO BE ENRICHED — not held by Companies House,legitimate interests (LIA required before contact),Companies House public API,2026-07-12T04:31:22+00:00
KELLY DRIVEWAYS LTD,12838371,A_CEILING_HIT,"established 2020, total-exemption-full filer",ltd,corporate subscriber,2020-08-26,total-exemption-full,"accounts category, NOT turnover",43290,"651a Mauldeth Road West, Chorlton Cum Hardy, Manchester",M21 7SA,https://find-and-update.company-information.service.gov.uk/company/12838371,,TO BE ENRICHED — not held by Companies House,legitimate interests (LIA required before contact),Companies House public API,2026-07-12T04:31:23+00:00
FIXED ELECTRICAL SERVICES LTD,12006153,A_CEILING_HIT,"established 2019, total-exemption-full filer",ltd,corporate subscriber,2019-05-20,total-exemption-full,"accounts category, NOT turnover",43210,"7 Lambs Bank, Tonbridge, Kent",TN9 2UZ,https://find-and-update.company-information.service.gov.uk/company/12006153,,TO BE ENRICHED — not held by Companies House,legitimate interests (LIA required before contact),Companies House public API,2026-07-12T04:31:24+00:00
WILTON KITCHENS AND DESIGN LTD,03571763,A_CEILING_HIT,"established 1998, total-exemption-full filer",ltd,corporate subscriber,1998-05-28,total-exemption-full,"accounts category, NOT turnover",43290,"1 Silver Street, Wilton, Wiltshire",SP2 0HX,https://find-and-update.company-information.service.gov.uk/company/03571763,,TO BE ENRICHED — not held by Companies House,legitimate interests (LIA required before contact),Companies House public API,2026-07-12T04:31:25+00:00
D. BURNS & SON LIMITED,SC301230,A_CEILING_HIT,"established 2006, total-exemption-full filer",ltd,corporate subscriber,2006-04-24,total-exemption-full,"accounts category, NOT turnover",43220,"18 Ardmillan, Kilwinning",KA13 6LR,https://find-and-update.company-information.service.gov.uk/company/SC301230,,TO BE ENRICHED — not held by Companies House,legitimate interests (LIA required before contact),Companies House public API,2026-07-12T04:31:27+00:00
HERTFORD GATES LIMITED,11964001,A_CEILING_HIT,"established 2019, total-exemption-full filer",ltd,corporate subscriber,2019-04-25,total-exemption-full,"accounts category, NOT turnover",43290,"The Coach House, The Square, Sawbridgeworth, Hertfordshire",CM21 9AE,https://find-and-update.company-information.service.gov.uk/company/11964001,,TO BE ENRICHED — not held by Companies House,legitimate interests (LIA required before contact),Companies House public API,2026-07-12T04:31:28+00:00
A. J. HALL LIMITED,05381607,A_CEILING_HIT,"established 2005, unaudited-abridged filer",ltd,corporate subscriber,2005-03-03,unaudited-abridged,"accounts category, NOT turnover",43290,"64 High Street, Belper, Derbyshire",DE56 1GF,https://find-and-update.company-information.service.gov.uk/company/05381607,,TO BE ENRICHED — not held by Companies House,legitimate interests (LIA required before contact),Companies House public API,2026-07-12T04:31:30+00:00
ASJ ELECTRICAL LIMITED,11833844,A_CEILING_HIT,"established 2019, total-exemption-full filer",ltd,corporate subscriber,2019-02-19,total-exemption-full,"accounts category, NOT turnover",43210,"25 Park Street West, Luton, Bedfordshire",LU1 3BE,https://find-and-update.company-information.service.gov.uk/company/11833844,,TO BE ENRICHED — not held by Companies House,legitimate interests (LIA required before contact),Companies House public API,2026-07-12T04:31:31+00:00
NORTHERN SPRINKLER SYSTEMS LIMITED,10656262,A_CEILING_HIT,"established 2017, total-exemption-full filer",ltd,corporate subscriber,2017-03-07,total-exemption-full,"accounts category, NOT turnover",43210,"246 Park View, Whitley Bay, Tyne And Wear",NE26 3QX,https://find-and-update.company-information.service.gov.uk/company/10656262,,TO BE ENRICHED — not held by Companies House,legitimate interests (LIA required before contact),Companies House public API,2026-07-12T04:31:34+00:00
BLIJ LIMITED,12156817,A_CEILING_HIT,"established 2019, total-exemption-full filer",ltd,corporate subscriber,2019-08-14,total-exemption-full,"accounts category, NOT turnover",43220,"15 Turner Lane, Ashton-Under-Lyne",OL6 8NE,https://find-and-update.company-information.service.gov.uk/company/12156817,,TO BE ENRICHED — not held by Companies House,legitimate interests (LIA required before contact),Companies House public API,2026-07-12T04:31:35+00:00
D.J. & G.S. GARDNER LIMITED,04529231,A_CEILING_HIT,"established 2002, total-exemption-full filer",ltd,corporate subscriber,2002-09-09,total-exemption-full,"accounts category, NOT turnover",43210,"24 Downsview, Chatham, Kent",ME5 0AP,https://find-and-update.company-information.service.gov.uk/company/04529231,,TO BE ENRICHED — not held by Companies House,legitimate interests (LIA required before contact),Companies House public API,2026-07-12T04:31:39+00:00
BAILEYS ELECTRICAL SERVICES LTD,05363056,A_CEILING_HIT,"established 2005, total-exemption-full filer",ltd,corporate subscriber,2005-02-14,total-exemption-full,"accounts category, NOT turnover",43210,"61 Kipling Road, Portsmouth, Hampshire",PO2 9NH,https://find-and-update.company-information.service.gov.uk/company/05363056,,TO BE ENRICHED — not held by Companies House,legitimate interests (LIA required before contact),Companies House public API,2026-07-12T04:31:41+00:00
HERTFORDSHIRE PLUMBING & HEATING LTD,08074812,A_CEILING_HIT,"established 2012, total-exemption-full filer",ltd,corporate subscriber,2012-05-18,total-exemption-full,"accounts category, NOT turnover",43220,"298 Lower Luton Road, Wheathampstead, St Albans, Hertfordshire",AL4 8HT,https://find-and-update.company-information.service.gov.uk/company/08074812,,TO BE ENRICHED — not held by Companies House,legitimate interests (LIA required before contact),Companies House public API,2026-07-12T04:31:43+00:00
A.HOLDEN'S LIMITED,04404022,A_CEILING_HIT,"established 2002, unaudited-abridged filer",ltd,corporate subscriber,2002-03-26,unaudited-abridged,"accounts category, NOT turnover",43290,"87 School Street, Barrow In Furness, Cumbria",LA14 1EJ,https://find-and-update.company-information.service.gov.uk/company/04404022,,TO BE ENRICHED — not held by Companies House,legitimate interests (LIA required before contact),Companies House public API,2026-07-12T04:31:44+00:00
SMARTIER GROUP LTD,12139326,A_CEILING_HIT,"established 2019, total-exemption-full filer",ltd,corporate subscriber,2019-08-05,total-exemption-full,"accounts category, NOT turnover",43290; 43999,"132 Stanborough Green, Welwyn Garden City",AL8 6XJ,https://find-and-update.company-information.service.gov.uk/company/12139326,,TO BE ENRICHED — not held by Companies House,legitimate interests (LIA required before contact),Companies House public API,2026-07-12T04:31:45+00:00
GARY MOSELEY LIMITED,06199443,A_CEILING_HIT,"established 2007, total-exemption-full filer",ltd,corporate subscriber,2007-04-02,total-exemption-full,"accounts category, NOT turnover",43210,"277 King George Road, South Shields, Tyne And Wear",NE34 8PN,https://find-and-update.company-information.service.gov.uk/company/06199443,,TO BE ENRICHED — not held by Companies House,legitimate interests (LIA required before contact),Companies House public API,2026-07-12T04:31:46+00:00
PREMIER ELECTRICIANS LTD,09046749,A_CEILING_HIT,"established 2014, total-exemption-full filer",ltd,corporate subscriber,2014-05-19,total-exemption-full,"accounts category, NOT turnover",43210,"4 Purslane Drive, Bicester",OX26 3EE,https://find-and-update.company-information.service.gov.uk/company/09046749,,TO BE ENRICHED — not held by Companies House,legitimate interests (LIA required before contact),Companies House public API,2026-07-12T04:31:50+00:00
STAYSAFE M&E LIMITED,10740009,A_CEILING_HIT,"established 2017, total-exemption-full filer",ltd,corporate subscriber,2017-04-25,total-exemption-full,"accounts category, NOT turnover",43210; 43220; 43390,"9 Donstone View, Dinnington",S25 2XJ,https://find-and-update.company-information.service.gov.uk/company/10740009,,TO BE ENRICHED — not held by Companies House,legitimate interests (LIA required before contact),Companies House public API,2026-07-12T04:31:52+00:00
JOHN HEANEY (ELECTRICAL) LIMITED,SC125061,A_CEILING_HIT,"established 1990, total-exemption-full filer",ltd,corporate subscriber,1990-05-17,total-exemption-full,"accounts category, NOT turnover",43210,"4 Cochrane Square, Brucefield Industry Park, Livingston, West Lothian",EH54 9DR,https://find-and-update.company-information.service.gov.uk/company/SC125061,,TO BE ENRICHED — not held by Companies House,legitimate interests (LIA required before contact),Companies House public API,2026-07-12T04:31:55+00:00
EC SERVICES 2013 LTD,SC456587,A_CEILING_HIT,"established 2013, total-exemption-full filer",ltd,corporate subscriber,2013-08-13,total-exemption-full,"accounts category, NOT turnover",43220; 43390,"16 Louisville Avenue, Cambusnethan, Wishaw, North Lanarkshire",ML2 8XU,https://find-and-update.company-information.service.gov.uk/company/SC456587,,TO BE ENRICHED — not held by Companies House,legitimate interests (LIA required before contact),Companies House public API,2026-07-12T04:31:57+00:00
ABEM SERVICES LTD,11730145,A_CEILING_HIT,"established 2018, total-exemption-full filer",ltd,corporate subscriber,2018-12-17,total-exemption-full,"accounts category, NOT turnover",43210; 43220,"Unit 12b Elms Farm, Church Lane, Bulphan, Essex",RM14 3TS,https://find-and-update.company-information.service.gov.uk/company/11730145,,TO BE ENRICHED — not held by Companies House,legitimate interests (LIA required before contact),Companies House public API,2026-07-12T04:32:02+00:00
B S ENTWISTLE ELECTRICAL CONTRACTORS LIMITED,03646350,A_CEILING_HIT,"established 1998, total-exemption-full filer",ltd,corporate subscriber,1998-10-08,total-exemption-full,"accounts category, NOT turnover",43210,"Electric House 5 Howarth Court, Gateway Crescent, Oldham",OL9 9XB,https://find-and-update.company-information.service.gov.uk/company/03646350,,TO BE ENRICHED — not held by Companies House,legitimate interests (LIA required before contact),Companies House public API,2026-07-12T04:32:04+00:00
A BINNS ELECTRICAL LTD,09082764,A_CEILING_HIT,"established 2014, total-exemption-full filer",ltd,corporate subscriber,2014-06-12,total-exemption-full,"accounts category, NOT turnover",43210,"Turnpike House, 1208/1210 London Road, Leigh-On-Sea, Essex",SS9 2UA,https://find-and-update.company-information.service.gov.uk/company/09082764,,TO BE ENRICHED — not held by Companies House,legitimate interests (LIA required before contact),Companies House public API,2026-07-12T04:32:14+00:00
AMPLE POWER ELECTRICAL LIMITED,12039292,A_CEILING_HIT,"established 2019, total-exemption-full filer",ltd,corporate subscriber,2019-06-07,total-exemption-full,"accounts category, NOT turnover",43210,"Ponderosa Chapel Lane, Scrooby, Doncaster",DN10 6AE,https://find-and-update.company-information.service.gov.uk/company/12039292,,TO BE ENRICHED — not held by Companies House,legitimate interests (LIA required before contact),Companies House public API,2026-07-12T04:32:15+00:00
A J CABLE SERVICES LIMITED,SC239399,A_CEILING_HIT,"established 2002, total-exemption-small filer",ltd,corporate subscriber,2002-11-11,total-exemption-small,"accounts category, NOT turnover",43210,"12 Carron Place, Kelvin Industrial Estate, East Kilbride, Glasgow",G75 0YL,https://find-and-update.company-information.service.gov.uk/company/SC239399,,TO BE ENRICHED — not held by Companies House,legitimate interests (LIA required before contact),Companies House public API,2026-07-12T04:32:17+00:00
MKD PLUMBING & HEATING LTD,13379769,A_CEILING_HIT,"established 2021, total-exemption-full filer",ltd,corporate subscriber,2021-05-06,total-exemption-full,"accounts category, NOT turnover",43220,"68 Haigh Moor Road Tingley, Wakefield, West Yorkshire",WF3 1EE,https://find-and-update.company-information.service.gov.uk/company/13379769,,TO BE ENRICHED — not held by Companies House,legitimate interests (LIA required before contact),Companies House public API,2026-07-12T04:32:18+00:00
CJL ELECTRICAL SERVICES LTD,10733300,A_CEILING_HIT,"established 2017, unaudited-abridged filer",ltd,corporate subscriber,2017-04-21,unaudited-abridged,"accounts category, NOT turnover",43210,"Peine House, Hind Hill Street, Heywood",OL10 1JZ,https://find-and-update.company-information.service.gov.uk/company/10733300,,TO BE ENRICHED — not held by Companies House,legitimate interests (LIA required before contact),Companies House public API,2026-07-12T04:32:21+00:00
REH ELECTRICAL SOLUTIONS LIMITED,09972990,A_CEILING_HIT,"established 2016, total-exemption-full filer",ltd,corporate subscriber,2016-01-27,total-exemption-full,"accounts category, NOT turnover",43210,"5 Astwick Avenue, Hatfield",AL10 9LB,https://find-and-update.company-information.service.gov.uk/company/09972990,,TO BE ENRICHED — not held by Companies House,legitimate interests (LIA required before contact),Companies House public API,2026-07-12T04:32:22+00:00
TELFAIR CONSTRUCTION LTD,13111863,A_CEILING_HIT,"established 2021, total-exemption-full filer",ltd,corporate subscriber,2021-01-04,total-exemption-full,"accounts category, NOT turnover",41201; 41202; 43290; 43310,"Wrens Nest Golf Lane, Whitehill, Bordon",GU35 9EH,https://find-and-update.company-information.service.gov.uk/company/13111863,,TO BE ENRICHED — not held by Companies House,legitimate interests (LIA required before contact),Companies House public API,2026-07-12T04:32:26+00:00
ZANETTI BUILDING SERVICES LTD,11355851,A_CEILING_HIT,"established 2018, total-exemption-full filer",ltd,corporate subscriber,2018-05-11,total-exemption-full,"accounts category, NOT turnover",43210; 43220; 43290,"66 Greenhill Road, Sandford Winscombe, North Somerset, Bristol",BS25 5PB,https://find-and-update.company-information.service.gov.uk/company/11355851,,TO BE ENRICHED — not held by Companies House,legitimate interests (LIA required before contact),Companies House public API,2026-07-12T04:32:28+00:00
DINES INSTALLATIONS LTD,12832840,A_CEILING_HIT,"established 2020, total-exemption-full filer",ltd,corporate subscriber,2020-08-24,total-exemption-full,"accounts category, NOT turnover",43210,"Horley Green House, Horley Green Road, Halifax",HX3 6AS,https://find-and-update.company-information.service.gov.uk/company/12832840,,TO BE ENRICHED — not held by Companies House,legitimate interests (LIA required before contact),Companies House public API,2026-07-12T04:32:30+00:00
MIB PLUMBING LTD,13372162,A_CEILING_HIT,"established 2021, total-exemption-full filer",ltd,corporate subscriber,2021-05-03,total-exemption-full,"accounts category, NOT turnover",43220,"60 Mill Mead Business Centre, Millmead Road, London",N17 9QU,https://find-and-update.company-information.service.gov.uk/company/13372162,,TO BE ENRICHED — not held by Companies House,legitimate interests (LIA required before contact),Companies House public API,2026-07-12T04:32:30+00:00
AA CIVILWORK LTD,SC628305,A_CEILING_HIT,"established 2019, total-exemption-full filer",ltd,corporate subscriber,2019-04-23,total-exemption-full,"accounts category, NOT turnover",42990; 43210; 61100,"Beechwood Kilbowie Road, Hardgate, Clydebank",G81 6AP,https://find-and-update.company-information.service.gov.uk/company/SC628305,,TO BE ENRICHED — not held by Companies House,legitimate interests (LIA required before contact),Companies House public API,2026-07-12T04:32:37+00:00
JIMMY'S PLUMBING & HEATING LIMITED,08497824,A_CEILING_HIT,"established 2013, total-exemption-full filer",ltd,corporate subscriber,2013-04-22,total-exemption-full,"accounts category, NOT turnover",43220,"The Barn, Porth Bean Road, Newquay, Cornwall",TR7 3LJ,https://find-and-update.company-information.service.gov.uk/company/08497824,,TO BE ENRICHED — not held by Companies House,legitimate interests (LIA required before contact),Companies House public API,2026-07-12T04:32:39+00:00
ECO GRANTS UK LTD,11309586,A_CEILING_HIT,"established 2018, total-exemption-full filer",ltd,corporate subscriber,2018-04-13,total-exemption-full,"accounts category, NOT turnover",43220,"Wallander House Capricorn Business Park, Blakewater Road, Blackburn",BB1 5QR,https://find-and-update.company-information.service.gov.uk/company/11309586,,TO BE ENRICHED — not held by Companies House,legitimate interests (LIA required before contact),Companies House public API,2026-07-12T04:32:39+00:00
B & MC LIGHTING LIMITED,05910431,A_CEILING_HIT,"established 2006, total-exemption-full filer",ltd,corporate subscriber,2006-08-18,total-exemption-full,"accounts category, NOT turnover",43210,"1 Darwin Court Sherwood Energy Village, New Ollerton, Newark",NG22 9FE,https://find-and-update.company-information.service.gov.uk/company/05910431,,TO BE ENRICHED — not held by Companies House,legitimate interests (LIA required before contact),Companies House public API,2026-07-12T04:32:41+00:00
VICMIRAS GAS ENGINEER SERVICES LTD,10228786,A_CEILING_HIT,"established 2016, total-exemption-full filer",ltd,corporate subscriber,2016-06-13,total-exemption-full,"accounts category, NOT turnover",43220,"24 Ashbury Drive, Tilehurst, Reading",RG31 5LJ,https://find-and-update.company-information.service.gov.uk/company/10228786,,TO BE ENRICHED — not held by Companies House,legitimate interests (LIA required before contact),Companies House public API,2026-07-12T04:32:44+00:00
LORD COMBUSTION SERVICES LIMITED,01625008,A_CEILING_HIT,"established 1982, total-exemption-full filer",ltd,corporate subscriber,1982-03-26,total-exemption-full,"accounts category, NOT turnover",43220,"Senator House, 131 Dudley Road East, Oldbury, West Midlands",B69 3DU,https://find-and-update.company-information.service.gov.uk/company/01625008,,TO BE ENRICHED — not held by Companies House,legitimate interests (LIA required before contact),Companies House public API,2026-07-12T04:32:49+00:00
4EVER FLASH LTD,12136208,A_CEILING_HIT,"established 2019, total-exemption-full filer",ltd,corporate subscriber,2019-08-02,total-exemption-full,"accounts category, NOT turnover",43210,"34-44 London Road, Peel House, Office 203, Floor 2, Morden",SM4 5BX,https://find-and-update.company-information.service.gov.uk/company/12136208,,TO BE ENRICHED — not held by Companies House,legitimate interests (LIA required before contact),Companies House public API,2026-07-12T04:32:50+00:00
J.B ELECTRICAL SERVICES LTD,13373879,A_CEILING_HIT,"established 2021, total-exemption-full filer",ltd,corporate subscriber,2021-05-04,total-exemption-full,"accounts category, NOT turnover",43210,"34b Charles Street, Sileby, Loughborough",LE12 7RJ,https://find-and-update.company-information.service.gov.uk/company/13373879,,TO BE ENRICHED — not held by Companies House,legitimate interests (LIA required before contact),Companies House public API,2026-07-12T04:32:52+00:00
MM ELECTRICAL CONTRACTING LIMITED,08398253,A_CEILING_HIT,"established 2013, total-exemption-full filer",ltd,corporate subscriber,2013-02-11,total-exemption-full,"accounts category, NOT turnover",43210,"7 Tissington Drive, Waverley, Rotherham",S60 8AP,https://find-and-update.company-information.service.gov.uk/company/08398253,,TO BE ENRICHED — not held by Companies House,legitimate interests (LIA required before contact),Companies House public API,2026-07-12T04:32:53+00:00
PENDLE PERFORMANCE LTD,06876456,A_CEILING_HIT,"established 2009, total-exemption-full filer",ltd,corporate subscriber,2009-04-14,total-exemption-full,"accounts category, NOT turnover",43210,"Hope Mill, Calf Hall Road, Barnoldswick",BB18 5PX,https://find-and-update.company-information.service.gov.uk/company/06876456,,TO BE ENRICHED — not held by Companies House,legitimate interests (LIA required before contact),Companies House public API,2026-07-12T04:32:57+00:00
STEVE SIMPSON LIMITED,09360205,A_CEILING_HIT,"established 2014, total-exemption-full filer",ltd,corporate subscriber,2014-12-18,total-exemption-full,"accounts category, NOT turnover",43290; 43342,"397 Baker Street, Alvaston, Derby",DE24 8SJ,https://find-and-update.company-information.service.gov.uk/company/09360205,,TO BE ENRICHED — not held by Companies House,legitimate interests (LIA required before contact),Companies House public API,2026-07-12T04:32:59+00:00
SBC ELECTRICIANS LTD,10215282,A_CEILING_HIT,"established 2016, total-exemption-full filer",ltd,corporate subscriber,2016-06-06,total-exemption-full,"accounts category, NOT turnover",43210,"Flat 13 The Lanterns, Moss Hall Grove, London, London",N12 8PG,https://find-and-update.company-information.service.gov.uk/company/10215282,,TO BE ENRICHED — not held by Companies House,legitimate interests (LIA required before contact),Companies House public API,2026-07-12T04:33:00+00:00
VELEC LTD,13244940,A_CEILING_HIT,"established 2021, total-exemption-full filer",ltd,corporate subscriber,2021-03-04,total-exemption-full,"accounts category, NOT turnover",43210,"Brook House Church Lane, Garforth, Leeds",LS25 1HB,https://find-and-update.company-information.service.gov.uk/company/13244940,,TO BE ENRICHED — not held by Companies House,legitimate interests (LIA required before contact),Companies House public API,2026-07-12T04:33:01+00:00
WORKPLACE CHARGING LIMITED,10940177,A_CEILING_HIT,"established 2017, total-exemption-full filer",ltd,corporate subscriber,2017-08-31,total-exemption-full,"accounts category, NOT turnover",43210,"Heath Farm House Loddon Road, Broome, Bungay",NR35 2RJ,https://find-and-update.company-information.service.gov.uk/company/10940177,,TO BE ENRICHED — not held by Companies House,legitimate interests (LIA required before contact),Companies House public API,2026-07-12T04:33:02+00:00
SFD CONSTRUCTION LIMITED,10798169,A_CEILING_HIT,"established 2017, total-exemption-full filer",ltd,corporate subscriber,2017-06-01,total-exemption-full,"accounts category, NOT turnover",43290,"18 Botany Road, Walsall",WS5 4ND,https://find-and-update.company-information.service.gov.uk/company/10798169,,TO BE ENRICHED — not held by Companies House,legitimate interests (LIA required before contact),Companies House public API,2026-07-12T04:33:03+00:00
TPM (LINCS) LIMITED,11341696,A_CEILING_HIT,"established 2018, total-exemption-full filer",ltd,corporate subscriber,2018-05-02,total-exemption-full,"accounts category, NOT turnover",43290,"32 The Crescent, Spalding",PE11 1AF,https://find-and-update.company-information.service.gov.uk/company/11341696,,TO BE ENRICHED — not held by Companies House,legitimate interests (LIA required before contact),Companies House public API,2026-07-12T04:33:04+00:00
ROGER BUDGE (ELECTRICAL ENGINEERING) LIMITED,01194153,A_CEILING_HIT,"established 1974, total-exemption-full filer",ltd,corporate subscriber,1974-12-17,total-exemption-full,"accounts category, NOT turnover",43210,"6a Bittern Way, Boston, Lincolnshire",PE21 7NX,https://find-and-update.company-information.service.gov.uk/company/01194153,,TO BE ENRICHED — not held by Companies House,legitimate interests (LIA required before contact),Companies House public API,2026-07-12T04:33:09+00:00
EZ CONTRACTORS LTD,11319033,A_CEILING_HIT,"established 2018, total-exemption-full filer",ltd,corporate subscriber,2018-04-19,total-exemption-full,"accounts category, NOT turnover",43290; 43390,"31 Bloemfontein Road Bloemfontein Road, London",W12 7BH,https://find-and-update.company-information.service.gov.uk/company/11319033,,TO BE ENRICHED — not held by Companies House,legitimate interests (LIA required before contact),Companies House public API,2026-07-12T04:33:12+00:00
J.E.D PLUMBING & HEATING LTD,10730487,A_CEILING_HIT,"established 2017, total-exemption-full filer",ltd,corporate subscriber,2017-04-19,total-exemption-full,"accounts category, NOT turnover",43220,"4 Sherwood Green, Hailsham",BN27 3TU,https://find-and-update.company-information.service.gov.uk/company/10730487,,TO BE ENRICHED — not held by Companies House,legitimate interests (LIA required before contact),Companies House public API,2026-07-12T04:33:13+00:00
NCP PLUMBING & HEATING LTD,11873649,A_CEILING_HIT,"established 2019, total-exemption-full filer",ltd,corporate subscriber,2019-03-11,total-exemption-full,"accounts category, NOT turnover",43220; 43290; 43999,"34 Great Grove, Bushey",WD23 3BH,https://find-and-update.company-information.service.gov.uk/company/11873649,,TO BE ENRICHED — not held by Companies House,legitimate interests (LIA required before contact),Companies House public API,2026-07-12T04:33:15+00:00
CITY HEATING AND PLUMBING LTD,08495197,A_CEILING_HIT,"established 2013, unaudited-abridged filer",ltd,corporate subscriber,2013-04-18,unaudited-abridged,"accounts category, NOT turnover",43220,"Belfry House, Bell Lane, Hertford, Herts",SG14 1BP,https://find-and-update.company-information.service.gov.uk/company/08495197,,TO BE ENRICHED — not held by Companies House,legitimate interests (LIA required before contact),Companies House public API,2026-07-12T04:33:15+00:00
GEO-NEL PLUMBING LTD,11468856,A_CEILING_HIT,"established 2018, unaudited-abridged filer",ltd,corporate subscriber,2018-07-17,unaudited-abridged,"accounts category, NOT turnover",43220,"9 Chadville Gardens, Romford",RM6 5TX,https://find-and-update.company-information.service.gov.uk/company/11468856,,TO BE ENRICHED — not held by Companies House,legitimate interests (LIA required before contact),Companies House public API,2026-07-12T04:33:19+00:00
TAGG INSTALLATIONS LTD,08033997,A_CEILING_HIT,"established 2012, total-exemption-full filer",ltd,corporate subscriber,2012-04-17,total-exemption-full,"accounts category, NOT turnover",43210,"Onega House, 112 Main Road, Sidcup, Kent",DA14 6NE,https://find-and-update.company-information.service.gov.uk/company/08033997,,TO BE ENRICHED — not held by Companies House,legitimate interests (LIA required before contact),Companies House public API,2026-07-12T04:33:24+00:00
CME CONTRACTORS LTD,09548041,A_CEILING_HIT,"established 2015, total-exemption-full filer",ltd,corporate subscriber,2015-04-17,total-exemption-full,"accounts category, NOT turnover",43210,"12 Roosevelt Avenue, Charlton Kings, Cheltenham",GL52 6JL,https://find-and-update.company-information.service.gov.uk/company/09548041,,TO BE ENRICHED — not held by Companies House,legitimate interests (LIA required before contact),Companies House public API,2026-07-12T04:33:25+00:00
ALECT ELECTRICAL SERVICES LIMITED,10632372,A_CEILING_HIT,"established 2017, total-exemption-full filer",ltd,corporate subscriber,2017-02-22,total-exemption-full,"accounts category, NOT turnover",43210; 55209; 68100; 68209,"Unit 6 Soloman Road, Ilkeston",DE7 5UE,https://find-and-update.company-information.service.gov.uk/company/10632372,,TO BE ENRICHED — not held by Companies House,legitimate interests (LIA required before contact),Companies House public API,2026-07-12T04:33:25+00:00
G LENNIE PLUMBING & HEATING LIMITED,SC666581,A_CEILING_HIT,"established 2020, total-exemption-full filer",ltd,corporate subscriber,2020-07-07,total-exemption-full,"accounts category, NOT turnover",43220,"30 Glasgow Road, Edinburgh",EH12 8HL,https://find-and-update.company-information.service.gov.uk/company/SC666581,,TO BE ENRICHED — not held by Companies House,legitimate interests (LIA required before contact),Companies House public API,2026-07-12T04:33:27+00:00
PROTECTORCOMMS LIMITED,05799110,A_CEILING_HIT,"established 2006, total-exemption-full filer",ltd,corporate subscriber,2006-04-27,total-exemption-full,"accounts category, NOT turnover",43210,"Unit C2/C3 - De Clare House, 4 St Alfred Owen Way Pontygwindy Industrial Estate, Caerphilly",CF83 3HU,https://find-and-update.company-information.service.gov.uk/company/05799110,,TO BE ENRICHED — not held by Companies House,legitimate interests (LIA required before contact),Companies House public API,2026-07-12T04:33:32+00:00
LAC INSTALLATIONS LIMITED,05653523,A_CEILING_HIT,"established 2005, total-exemption-full filer",ltd,corporate subscriber,2005-12-14,total-exemption-full,"accounts category, NOT turnover",43220,"Northmoor Works, Higginshaw Road, Oldham, Lancs",OL1 3JY,https://find-and-update.company-information.service.gov.uk/company/05653523,,TO BE ENRICHED — not held by Companies House,legitimate interests (LIA required before contact),Companies House public API,2026-07-12T04:33:36+00:00
OIL INSTALLATIONS LIMITED,04765403,A_CEILING_HIT,"established 2003, total-exemption-full filer",ltd,corporate subscriber,2003-05-15,total-exemption-full,"accounts category, NOT turnover",43220,"28 Wilton Road, Bexhill-On-Sea, East Sussex",TN40 1EZ,https://find-and-update.company-information.service.gov.uk/company/04765403,,TO BE ENRICHED — not held by Companies House,legitimate interests (LIA required before contact),Companies House public API,2026-07-12T04:33:38+00:00
KMP PLUMBING AND HEATING LIMITED,05526609,A_CEILING_HIT,"established 2005, total-exemption-full filer",ltd,corporate subscriber,2005-08-03,total-exemption-full,"accounts category, NOT turnover",43220,"89 Folly Lane, Hockley, Essex",SS5 4SR,https://find-and-update.company-information.service.gov.uk/company/05526609,,TO BE ENRICHED — not held by Companies House,legitimate interests (LIA required before contact),Companies House public API,2026-07-12T04:33:39+00:00
M A L CONTRACT SERVICES LIMITED,03554881,A_CEILING_HIT,"established 1998, total-exemption-full filer",ltd,corporate subscriber,1998-04-29,total-exemption-full,"accounts category, NOT turnover",43210,"C/O Francis Clarks, 1 London Road, Ipswich",IP1 2HA,https://find-and-update.company-information.service.gov.uk/company/03554881,,TO BE ENRICHED — not held by Companies House,legitimate interests (LIA required before contact),Companies House public API,2026-07-12T04:33:40+00:00
ADVANTAGE ENGINEERING LIMITED,02350402,A_CEILING_HIT,"established 1989, total-exemption-full filer",ltd,corporate subscriber,1989-02-21,total-exemption-full,"accounts category, NOT turnover",43290; 93191,"Morton House, 9 Beacon Court, Pitstone Green Business Park, Pitstone",LU7 9GY,https://find-and-update.company-information.service.gov.uk/company/02350402,,TO BE ENRICHED — not held by Companies House,legitimate interests (LIA required before contact),Companies House public API,2026-07-12T04:33:41+00:00
TYKO ELECTRICAL SERVICES LTD,07011441,A_CEILING_HIT,"established 2009, unaudited-abridged filer",ltd,corporate subscriber,2009-09-07,unaudited-abridged,"accounts category, NOT turnover",43210,"102-105 Lichfield Street, Tamworth, Staffordshire",B79 7QB,https://find-and-update.company-information.service.gov.uk/company/07011441,,TO BE ENRICHED — not held by Companies House,legitimate interests (LIA required before contact),Companies House public API,2026-07-12T04:33:42+00:00
W.R.R. (UK) LIMITED,03894706,A_CEILING_HIT,"established 1999, total-exemption-full filer",ltd,corporate subscriber,1999-12-15,total-exemption-full,"accounts category, NOT turnover",43290; 93191,"Morton House, 9 Beacon Court, Pitstone Green Business Park, Pitstone",LU7 9GY,https://find-and-update.company-information.service.gov.uk/company/03894706,,TO BE ENRICHED — not held by Companies House,legitimate interests (LIA required before contact),Companies House public API,2026-07-12T04:33:45+00:00
LEES ELECTRICAL CONTRACTORS LIMITED,04713536,A_CEILING_HIT,"established 2003, total-exemption-full filer",ltd,corporate subscriber,2003-03-27,total-exemption-full,"accounts category, NOT turnover",43210,"105 Norleane Crescent, Runcorn, Cheshire",WA7 5EU,https://find-and-update.company-information.service.gov.uk/company/04713536,,TO BE ENRICHED — not held by Companies House,legitimate interests (LIA required before contact),Companies House public API,2026-07-12T04:33:45+00:00
MLW ELECTRICAL CONTRACTORS LIMITED,12800422,A_CEILING_HIT,"established 2020, unaudited-abridged filer",ltd,corporate subscriber,2020-08-07,unaudited-abridged,"accounts category, NOT turnover",43210,"470 Hucknall Road, Nottingham, Nottinghamshire",NG5 1FX,https://find-and-update.company-information.service.gov.uk/company/12800422,,TO BE ENRICHED — not held by Companies House,legitimate interests (LIA required before contact),Companies House public API,2026-07-12T04:33:46+00:00
ROBON LIMITED,SC253721,A_CEILING_HIT,"established 2003, total-exemption-full filer",ltd,corporate subscriber,2003-08-04,total-exemption-full,"accounts category, NOT turnover",43210,"8 Douglas Street, Hamilton",ML3 0BP,https://find-and-update.company-information.service.gov.uk/company/SC253721,,TO BE ENRICHED — not held by Companies House,legitimate interests (LIA required before contact),Companies House public API,2026-07-12T04:33:47+00:00
LCM LYNOTT LIMITED,06244924,A_CEILING_HIT,"established 2007, total-exemption-full filer",ltd,corporate subscriber,2007-05-11,total-exemption-full,"accounts category, NOT turnover",43290,"1&2 Mercia Village Torwood Close, Westwood Business Park, Coventry",CV4 8HX,https://find-and-update.company-information.service.gov.uk/company/06244924,,TO BE ENRICHED — not held by Companies House,legitimate interests (LIA required before contact),Companies House public API,2026-07-12T04:33:48+00:00
S HUGHES & SONS LTD,09522448,A_CEILING_HIT,"established 2015, total-exemption-full filer",ltd,corporate subscriber,2015-04-01,total-exemption-full,"accounts category, NOT turnover",43220,"97 High Street, Lees, Oldham, Lancashire",OL4 4LY,https://find-and-update.company-information.service.gov.uk/company/09522448,,TO BE ENRICHED — not held by Companies House,legitimate interests (LIA required before contact),Companies House public API,2026-07-12T04:33:50+00:00
COMPLETE CONSTRUCTION SERVICES NORTH EAST LTD,09402773,A_CEILING_HIT,"established 2015, total-exemption-full filer",ltd,corporate subscriber,2015-01-22,total-exemption-full,"accounts category, NOT turnover",43290,"9 Breton Drive, Ingleby Manor, Ingleby Barwick",TS17 0BD,https://find-and-update.company-information.service.gov.uk/company/09402773,,TO BE ENRICHED — not held by Companies House,legitimate interests (LIA required before contact),Companies House public API,2026-07-12T04:33:53+00:00
HLC TRADING LTD,10524737,A_CEILING_HIT,"established 2016, unaudited-abridged filer",ltd,corporate subscriber,2016-12-14,unaudited-abridged,"accounts category, NOT turnover",43290,"C/O Michael Heaven & Associates Limited 47 Calthorpe Road, Edgbaston, Birmingham, West Midlands",B15 1TH,https://find-and-update.company-information.service.gov.uk/company/10524737,,TO BE ENRICHED — not held by Companies House,legitimate interests (LIA required before contact),Companies House public API,2026-07-12T04:33:54+00:00
D MUSTAFOFF LTD,11954483,A_CEILING_HIT,"established 2019, total-exemption-full filer",ltd,corporate subscriber,2019-04-18,total-exemption-full,"accounts category, NOT turnover",43290,"2 Townley Road, Bexleyheath",DA6 7HL,https://find-and-update.company-information.service.gov.uk/company/11954483,,TO BE ENRICHED — not held by Companies House,legitimate interests (LIA required before contact),Companies House public API,2026-07-12T04:33:58+00:00
CONTENT ENERGY LTD,12741451,A_CEILING_HIT,"established 2020, total-exemption-full filer",ltd,corporate subscriber,2020-07-14,total-exemption-full,"accounts category, NOT turnover",43220,"Suite 4102, Charlotte House Norfolk Street, Liverpool",L1 0BG,https://find-and-update.company-information.service.gov.uk/company/12741451,,TO BE ENRICHED — not held by Companies House,legitimate interests (LIA required before contact),Companies House public API,2026-07-12T04:34:01+00:00
COMBI CARE AND REPAIR LTD,07090914,A_CEILING_HIT,"established 2009, total-exemption-full filer",ltd,corporate subscriber,2009-11-30,total-exemption-full,"accounts category, NOT turnover",43220,"The Old Creamery, North Barrow, Yeovil, Somerset",BA22 7LZ,https://find-and-update.company-information.service.gov.uk/company/07090914,,TO BE ENRICHED — not held by Companies House,legitimate interests (LIA required before contact),Companies House public API,2026-07-12T04:34:01+00:00
J ADIE HEATING AND PLUMBING LIMITED,SC439084,A_CEILING_HIT,"established 2012, total-exemption-full filer",ltd,corporate subscriber,2012-12-18,total-exemption-full,"accounts category, NOT turnover",43220,"The Farmhouse, No. 8 Blairfordel Steadings, Kelty",KY4 0HP,https://find-and-update.company-information.service.gov.uk/company/SC439084,,TO BE ENRICHED — not held by Companies House,legitimate interests (LIA required before contact),Companies House public API,2026-07-12T04:34:02+00:00
ROBERT ALEXANDER ELECTRICAL LTD,12387025,A_CEILING_HIT,"established 2020, total-exemption-full filer",ltd,corporate subscriber,2020-01-06,total-exemption-full,"accounts category, NOT turnover",43210,"7 Mill Stream Rise, Leigh, Tonbridge, Kent",TN11 9FD,https://find-and-update.company-information.service.gov.uk/company/12387025,,TO BE ENRICHED — not held by Companies House,legitimate interests (LIA required before contact),Companies House public API,2026-07-12T04:34:03+00:00
BATEMAN EXTRACTION SERVICES LTD,11052766,A_CEILING_HIT,"established 2017, total-exemption-full filer",ltd,corporate subscriber,2017-11-08,total-exemption-full,"accounts category, NOT turnover",43290,"12 Phoenix Business Park, Avenue Close, Birmingham",B7 4NU,https://find-and-update.company-information.service.gov.uk/company/11052766,,TO BE ENRICHED — not held by Companies House,legitimate interests (LIA required before contact),Companies House public API,2026-07-12T04:34:04+00:00
BAILEY POWER SERVICES LTD,13103541,A_CEILING_HIT,"established 2020, total-exemption-full filer",ltd,corporate subscriber,2020-12-30,total-exemption-full,"accounts category, NOT turnover",43210,"Unit B6 Meridian Industrial Estate, Newton Road, Peacehaven, East Sussex",BN10 8JQ,https://find-and-update.company-information.service.gov.uk/company/13103541,,TO BE ENRICHED — not held by Companies House,legitimate interests (LIA required before contact),Companies House public API,2026-07-12T04:34:05+00:00
W T OLLINGTON SERVICES LTD,10750126,A_CEILING_HIT,"established 2017, total-exemption-full filer",ltd,corporate subscriber,2017-05-02,total-exemption-full,"accounts category, NOT turnover",43210,"18 Bloomsfield, Burwell, Cambridge",CB25 0RA,https://find-and-update.company-information.service.gov.uk/company/10750126,,TO BE ENRICHED — not held by Companies House,legitimate interests (LIA required before contact),Companies House public API,2026-07-12T04:34:06+00:00
STRUCTURE ENGINEERING LIMITED,09991716,A_CEILING_HIT,"established 2016, total-exemption-full filer",ltd,corporate subscriber,2016-02-08,total-exemption-full,"accounts category, NOT turnover",42990; 43220,"84 High Street, Harlesden, London",NW10 4SJ,https://find-and-update.company-information.service.gov.uk/company/09991716,,TO BE ENRICHED — not held by Companies House,legitimate interests (LIA required before contact),Companies House public API,2026-07-12T04:34:07+00:00
TERRY & IRELAND LTD,04982722,A_CEILING_HIT,"established 2003, total-exemption-full filer",ltd,corporate subscriber,2003-12-02,total-exemption-full,"accounts category, NOT turnover",43220,"3 Bonnar Close, Selsey, Chichester, West Sussex",PO20 9AS,https://find-and-update.company-information.service.gov.uk/company/04982722,,TO BE ENRICHED — not held by Companies House,legitimate interests (LIA required before contact),Companies House public API,2026-07-12T04:34:08+00:00
MO POWER ELECTRICAL LTD,11788905,A_CEILING_HIT,"established 2019, unaudited-abridged filer",ltd,corporate subscriber,2019-01-25,unaudited-abridged,"accounts category, NOT turnover",43210,"171 Ibscott Close Ibscott Close, Dagenham",RM10 9YX,https://find-and-update.company-information.service.gov.uk/company/11788905,,TO BE ENRICHED — not held by Companies House,legitimate interests (LIA required before contact),Companies House public API,2026-07-12T04:34:09+00:00
SURREY STEEL INSTALLATIONS LIMITED,13201094,A_CEILING_HIT,"established 2021, total-exemption-full filer",ltd,corporate subscriber,2021-02-15,total-exemption-full,"accounts category, NOT turnover",43290,"83 Fairlane Drive, South Ockendon",RM15 5FA,https://find-and-update.company-information.service.gov.uk/company/13201094,,TO BE ENRICHED — not held by Companies House,legitimate interests (LIA required before contact),Companies House public API,2026-07-12T04:34:12+00:00
DRIVENERGY LTD,09053276,A_CEILING_HIT,"established 2014, total-exemption-full filer",ltd,corporate subscriber,2014-05-22,total-exemption-full,"accounts category, NOT turnover",43210,"Lowin House, Tregolls Road, Truro, Cornwall",TR1 2NA,https://find-and-update.company-information.service.gov.uk/company/09053276,,TO BE ENRICHED — not held by Companies House,legitimate interests (LIA required before contact),Companies House public API,2026-07-12T04:34:14+00:00
ELVAC CONTROLS LTD,07643708,A_CEILING_HIT,"established 2011, total-exemption-full filer",ltd,corporate subscriber,2011-05-23,total-exemption-full,"accounts category, NOT turnover",43210; 43290,"Unit 12 Newlin Business Park, Exchange Road North Hykeham, Lincoln",LN6 3AB,https://find-and-update.company-information.service.gov.uk/company/07643708,,TO BE ENRICHED — not held by Companies House,legitimate interests (LIA required before contact),Companies House public API,2026-07-12T04:34:20+00:00
ECOSMART FIT LTD,07800145,A_CEILING_HIT,"established 2011, total-exemption-full filer",ltd,corporate subscriber,2011-10-06,total-exemption-full,"accounts category, NOT turnover",43290; 43342,"15 Towcester Road, Old Stratford, Milton Keynes",MK19 6AN,https://find-and-update.company-information.service.gov.uk/company/07800145,,TO BE ENRICHED — not held by Companies House,legitimate interests (LIA required before contact),Companies House public API,2026-07-12T04:34:21+00:00
TOPSPARKS (UK) LIMITED,05767082,A_CEILING_HIT,"established 2006, total-exemption-full filer",ltd,corporate subscriber,2006-04-03,total-exemption-full,"accounts category, NOT turnover",43210,"Unit 3-5 East Road Business Park, Bridport, Dorset",DT6 4RZ,https://find-and-update.company-information.service.gov.uk/company/05767082,,TO BE ENRICHED — not held by Companies House,legitimate interests (LIA required before contact),Companies House public API,2026-07-12T04:34:22+00:00
ROYSTON ELECTRICAL SERVICES LIMITED,09574297,A_CEILING_HIT,"established 2015, total-exemption-full filer",ltd,corporate subscriber,2015-05-05,total-exemption-full,"accounts category, NOT turnover",43210,"3 Oaks Wood Drive, Darton, Barnsley, South Yorkshire",S75 5PT,https://find-and-update.company-information.service.gov.uk/company/09574297,,TO BE ENRICHED — not held by Companies House,legitimate interests (LIA required before contact),Companies House public API,2026-07-12T04:34:23+00:00
PRO 2 CONSTRUCTION LTD,11131932,A_CEILING_HIT,"established 2018, total-exemption-full filer",ltd,corporate subscriber,2018-01-03,total-exemption-full,"accounts category, NOT turnover",43290,"Aston House, Cornwall Avenue, London",N3 1LF,https://find-and-update.company-information.service.gov.uk/company/11131932,,TO BE ENRICHED — not held by Companies House,legitimate interests (LIA required before contact),Companies House public API,2026-07-12T04:34:25+00:00
ROCKWELL ELECTRICAL LIMITED,05887339,A_CEILING_HIT,"established 2006, total-exemption-full filer",ltd,corporate subscriber,2006-07-26,total-exemption-full,"accounts category, NOT turnover",43210,"The Old Coach House 6 Stannary, Stainland, Halifax, West Yorkshire",HX4 9EJ,https://find-and-update.company-information.service.gov.uk/company/05887339,,TO BE ENRICHED — not held by Companies House,legitimate interests (LIA required before contact),Companies House public API,2026-07-12T04:34:28+00:00
CALDER ELECTRICS LIMITED,SC286174,A_CEILING_HIT,"established 2005, total-exemption-full filer",ltd,corporate subscriber,2005-06-14,total-exemption-full,"accounts category, NOT turnover",43210,"19-21 Main Street, Lochwinnoch",PA12 4AH,https://find-and-update.company-information.service.gov.uk/company/SC286174,,TO BE ENRICHED — not held by Companies House,legitimate interests (LIA required before contact),Companies House public API,2026-07-12T04:34:35+00:00
WILLIAMSWOOD LIMITED,04751321,A_CEILING_HIT,"established 2003, total-exemption-full filer",ltd,corporate subscriber,2003-05-01,total-exemption-full,"accounts category, NOT turnover",43220; 43390,"Granville House, 2 Tettenhall Road, Wolverhampton, West Midlands",WV1 4SB,https://find-and-update.company-information.service.gov.uk/company/04751321,,TO BE ENRICHED — not held by Companies House,legitimate interests (LIA required before contact),Companies House public API,2026-07-12T04:34:38+00:00
ADVANCED ELECTRICAL LIMITED,03272889,A_CEILING_HIT,"established 1996, total-exemption-full filer",ltd,corporate subscriber,1996-11-01,total-exemption-full,"accounts category, NOT turnover",43210,"12/13 The Crescent, Wisbech, Cambridgeshire",PE13 1EH,https://find-and-update.company-information.service.gov.uk/company/03272889,,TO BE ENRICHED — not held by Companies House,legitimate interests (LIA required before contact),Companies House public API,2026-07-12T04:34:39+00:00
HLD CONSULTANTS LIMITED,09593764,A_CEILING_HIT,"established 2015, total-exemption-full filer",ltd,corporate subscriber,2015-05-15,total-exemption-full,"accounts category, NOT turnover",43210,"Hillcroft Broadhurst Lane, Wrightington, Wigan",WN6 9RX,https://find-and-update.company-information.service.gov.uk/company/09593764,,TO BE ENRICHED — not held by Companies House,legitimate interests (LIA required before contact),Companies House public API,2026-07-12T04:34:42+00:00
TERRY BAKER ELECTRICAL CONTRACTOR LIMITED,03769187,A_CEILING_HIT,"established 1999, total-exemption-full filer",ltd,corporate subscriber,1999-05-12,total-exemption-full,"accounts category, NOT turnover",43210,"130a Godinton Road, Ashford, Kent",TN23 1LJ,https://find-and-update.company-information.service.gov.uk/company/03769187,,TO BE ENRICHED — not held by Companies House,legitimate interests (LIA required before contact),Companies House public API,2026-07-12T04:34:42+00:00
FAIRMAN MANAGEMENT LTD,07962379,A_CEILING_HIT,"established 2012, total-exemption-full filer",ltd,corporate subscriber,2012-02-23,total-exemption-full,"accounts category, NOT turnover",43290,"The Retreat, 406 Roding Lane South, Woodford Green, Essex",IG8 8EY,https://find-and-update.company-information.service.gov.uk/company/07962379,,TO BE ENRICHED — not held by Companies House,legitimate interests (LIA required before contact),Companies House public API,2026-07-12T04:34:43+00:00
J BRACEY ELECTRICAL LIMITED,07013647,A_CEILING_HIT,"established 2009, unaudited-abridged filer",ltd,corporate subscriber,2009-09-09,unaudited-abridged,"accounts category, NOT turnover",43210,"The Island House, The Island, Midsomer Norton, Radstock",BA3 2DZ,https://find-and-update.company-information.service.gov.uk/company/07013647,,TO BE ENRICHED — not held by Companies House,legitimate interests (LIA required before contact),Companies House public API,2026-07-12T04:34:44+00:00
DENDRO CONSTRUCTION LIMITED,08202763,A_CEILING_HIT,"established 2012, total-exemption-full filer",ltd,corporate subscriber,2012-09-05,total-exemption-full,"accounts category, NOT turnover",43290,"16 Coed Aben, Wrexham, Clwyd",LL13 9NT,https://find-and-update.company-information.service.gov.uk/company/08202763,,TO BE ENRICHED — not held by Companies House,legitimate interests (LIA required before contact),Companies House public API,2026-07-12T04:34:45+00:00
ONTECH COMMUNICATIONS LIMITED,12825208,A_CEILING_HIT,"established 2020, unaudited-abridged filer",ltd,corporate subscriber,2020-08-19,unaudited-abridged,"accounts category, NOT turnover",43290,"8 Faircross Way, St. Albans",AL1 4SD,https://find-and-update.company-information.service.gov.uk/company/12825208,,TO BE ENRICHED — not held by Companies House,legitimate interests (LIA required before contact),Companies House public API,2026-07-12T04:34:48+00:00
WYE MANAGE LIMITED,05118536,A_CEILING_HIT,"established 2004, total-exemption-full filer",ltd,corporate subscriber,2004-05-04,total-exemption-full,"accounts category, NOT turnover",43290,"C/O Chandler & Georges, 75 Westow Hill, London",SE19 1TX,https://find-and-update.company-information.service.gov.uk/company/05118536,,TO BE ENRICHED — not held by Companies House,legitimate interests (LIA required before contact),Companies House public API,2026-07-12T04:34:51+00:00
WTF ELECTRICAL SERVICES LTD,13396193,A_CEILING_HIT,"established 2021, total-exemption-full filer",ltd,corporate subscriber,2021-05-14,total-exemption-full,"accounts category, NOT turnover",43210,"Mountbatten House, Grosvenor Square, Southampton",SO15 2JU,https://find-and-update.company-information.service.gov.uk/company/13396193,,TO BE ENRICHED — not held by Companies House,legitimate interests (LIA required before contact),Companies House public API,2026-07-12T04:34:55+00:00
SETPOINT SOLUTIONS LTD,10757890,A_CEILING_HIT,"established 2017, unaudited-abridged filer",ltd,corporate subscriber,2017-05-08,unaudited-abridged,"accounts category, NOT turnover",43220,"Unit B1 Dunkeswell Business Park, Dunkeswell, Honiton, Devon",EX14 4PF,https://find-and-update.company-information.service.gov.uk/company/10757890,,TO BE ENRICHED — not held by Companies House,legitimate interests (LIA required before contact),Companies House public API,2026-07-12T04:34:57+00:00
MAXIM SPRINKLER SYSTEMS LIMITED,10758419,A_CEILING_HIT,"established 2017, total-exemption-full filer",ltd,corporate subscriber,2017-05-08,total-exemption-full,"accounts category, NOT turnover",43290,"Unit 1 Maritime Workshops, Maritime Industrial Estate, Pontypridd, Rct",CF37 1NY,https://find-and-update.company-information.service.gov.uk/company/10758419,,TO BE ENRICHED — not held by Companies House,legitimate interests (LIA required before contact),Companies House public API,2026-07-12T04:34:58+00:00
PV PLUMBING AND HEATING LTD,13366173,A_CEILING_HIT,"established 2021, total-exemption-full filer",ltd,corporate subscriber,2021-04-29,total-exemption-full,"accounts category, NOT turnover",43220,"16 Radford Drive, Irlam, Manchester",M44 6LA,https://find-and-update.company-information.service.gov.uk/company/13366173,,TO BE ENRICHED — not held by Companies House,legitimate interests (LIA required before contact),Companies House public API,2026-07-12T04:35:05+00:00
THE CONCRETE CORNER LIMITED,12824932,A_CEILING_HIT,"established 2020, unaudited-abridged filer",ltd,corporate subscriber,2020-08-19,unaudited-abridged,"accounts category, NOT turnover",43290,"Robin Hill Cardiff Road, Creigiau, Cardiff",CF15 9NL,https://find-and-update.company-information.service.gov.uk/company/12824932,,TO BE ENRICHED — not held by Companies House,legitimate interests (LIA required before contact),Companies House public API,2026-07-12T04:35:07+00:00
ALLWRIGHT PROJECTS LIMITED,09593071,A_CEILING_HIT,"established 2015, total-exemption-full filer",ltd,corporate subscriber,2015-05-15,total-exemption-full,"accounts category, NOT turnover",43290,"The Stables, 23b Lenten Street, Alton, Hampshire",GU34 1HG,https://find-and-update.company-information.service.gov.uk/company/09593071,,TO BE ENRICHED — not held by Companies House,legitimate interests (LIA required before contact),Companies House public API,2026-07-12T04:35:07+00:00
"H2O GAS, HEATING & PLUMBING SERVICES LIMITED",04830943,A_CEILING_HIT,"established 2003, total-exemption-full filer",ltd,corporate subscriber,2003-07-11,total-exemption-full,"accounts category, NOT turnover",43220,"76 Redwing Rise, Royston",SG8 7XE,https://find-and-update.company-information.service.gov.uk/company/04830943,,TO BE ENRICHED — not held by Companies House,legitimate interests (LIA required before contact),Companies House public API,2026-07-12T04:35:12+00:00
STAUNCH AND FLOW LIMITED,04787903,A_CEILING_HIT,"established 2003, total-exemption-full filer",ltd,corporate subscriber,2003-06-05,total-exemption-full,"accounts category, NOT turnover",43220,"Number 28 2 Exmoor Street, Ladbroke Grove, London",W10 6BD,https://find-and-update.company-information.service.gov.uk/company/04787903,,TO BE ENRICHED — not held by Companies House,legitimate interests (LIA required before contact),Companies House public API,2026-07-12T04:35:15+00:00
STAR BUILDING MAINTENANCE LIMITED,10750364,A_CEILING_HIT,"established 2017, total-exemption-full filer",ltd,corporate subscriber,2017-05-03,total-exemption-full,"accounts category, NOT turnover",43290,"Flat 9, Sherbrooke House, Bonner Road, London",E2 9NE,https://find-and-update.company-information.service.gov.uk/company/10750364,,TO BE ENRICHED — not held by Companies House,legitimate interests (LIA required before contact),Companies House public API,2026-07-12T04:35:16+00:00
WILSHER PLUMBING & HEATING LTD,11419034,A_CEILING_HIT,"established 2018, total-exemption-full filer",ltd,corporate subscriber,2018-06-18,total-exemption-full,"accounts category, NOT turnover",43220,"Havendale Bath Road, Padworth, Reading, Berkshire",RG7 5HR,https://find-and-update.company-information.service.gov.uk/company/11419034,,TO BE ENRICHED — not held by Companies House,legitimate interests (LIA required before contact),Companies House public API,2026-07-12T04:35:23+00:00
ALL NEW ULTIMATE U.K. LTD,10749111,A_CEILING_HIT,"established 2017, total-exemption-full filer",ltd,corporate subscriber,2017-05-02,total-exemption-full,"accounts category, NOT turnover",43290; 43342; 43390; 43910,"Station Works, Hind Heath Road, Sandbach, Cheshire",CW11 3LZ,https://find-and-update.company-information.service.gov.uk/company/10749111,,TO BE ENRICHED — not held by Companies House,legitimate interests (LIA required before contact),Companies House public API,2026-07-12T04:35:24+00:00
PINFOLDS MECHANICAL LTD,10759050,A_CEILING_HIT,"established 2017, total-exemption-full filer",ltd,corporate subscriber,2017-05-08,total-exemption-full,"accounts category, NOT turnover",43220,"237 Manor Farm Road, Southampton",SO18 1NY,https://find-and-update.company-information.service.gov.uk/company/10759050,,TO BE ENRICHED — not held by Companies House,legitimate interests (LIA required before contact),Companies House public API,2026-07-12T04:35:26+00:00
COOPER & CO PLUMBING AND HEATING SERVICES LTD,07744439,A_CEILING_HIT,"established 2011, unaudited-abridged filer",ltd,corporate subscriber,2011-08-17,unaudited-abridged,"accounts category, NOT turnover",43220,"West Suite, 1 Tolherst Court, Turkey Mill, Ashford Road, Maidstone, Kent",ME14 5SF,https://find-and-update.company-information.service.gov.uk/company/07744439,,TO BE ENRICHED — not held by Companies House,legitimate interests (LIA required before contact),Companies House public API,2026-07-12T04:35:32+00:00
LUQMAR LIMITED,09749890,A_CEILING_HIT,"established 2015, unaudited-abridged filer",ltd,corporate subscriber,2015-08-26,unaudited-abridged,"accounts category, NOT turnover",43210,"41 Kildare Road, London",E16 4AJ,https://find-and-update.company-information.service.gov.uk/company/09749890,,TO BE ENRICHED — not held by Companies House,legitimate interests (LIA required before contact),Companies House public API,2026-07-12T04:35:33+00:00
MANOR HEATING AND PLUMBING SERVICES LIMITED,05540431,A_CEILING_HIT,"established 2005, total-exemption-full filer",ltd,corporate subscriber,2005-08-18,total-exemption-full,"accounts category, NOT turnover",43220,"26 Palmer Avenue, Willerby, Hill, East Yorkshire",HU10 6LJ,https://find-and-update.company-information.service.gov.uk/company/05540431,,TO BE ENRICHED — not held by Companies House,legitimate interests (LIA required before contact),Companies House public API,2026-07-12T04:35:38+00:00
POWERLINK HOUSE LIMITED,04275232,A_CEILING_HIT,"established 2001, total-exemption-full filer",ltd,corporate subscriber,2001-08-22,total-exemption-full,"accounts category, NOT turnover",43210; 47990; 69202; 82110,"23 Harlech Close, Durrington, Worthing, West Sussex",BN13 3QS,https://find-and-update.company-information.service.gov.uk/company/04275232,,TO BE ENRICHED — not held by Companies House,legitimate interests (LIA required before contact),Companies House public API,2026-07-12T04:35:41+00:00
COOL INC LTD,06700265,A_CEILING_HIT,"established 2008, total-exemption-full filer",ltd,corporate subscriber,2008-09-17,total-exemption-full,"accounts category, NOT turnover",43220,"56 Home Hill, Hextable, Kent",BR8 7RR,https://find-and-update.company-information.service.gov.uk/company/06700265,,TO BE ENRICHED — not held by Companies House,legitimate interests (LIA required before contact),Companies House public API,2026-07-12T04:35:45+00:00
HADEN DUCTWORK LTD,08041460,A_CEILING_HIT,"established 2012, total-exemption-full filer",ltd,corporate subscriber,2012-04-23,total-exemption-full,"accounts category, NOT turnover",43220; 43290; 43390,"253 Conniburrow Boulevard, Conniburrow, Milton Keynes, Buckinghamshire",MK14 7AE,https://find-and-update.company-information.service.gov.uk/company/08041460,,TO BE ENRICHED — not held by Companies House,legitimate interests (LIA required before contact),Companies House public API,2026-07-12T04:35:46+00:00
KENT DUCTWORK LIMITED,02959285,A_CEILING_HIT,"established 1994, total-exemption-full filer",ltd,corporate subscriber,1994-08-16,total-exemption-full,"accounts category, NOT turnover",43290,"Baywood, 4 Brittains Lane, Sevenoaks, Kent",TN13 2ND,https://find-and-update.company-information.service.gov.uk/company/02959285,,TO BE ENRICHED — not held by Companies House,legitimate interests (LIA required before contact),Companies House public API,2026-07-12T04:35:49+00:00
ELECTRIC MANN LIMITED,13271573,A_CEILING_HIT,"established 2021, total-exemption-full filer",ltd,corporate subscriber,2021-03-16,total-exemption-full,"accounts category, NOT turnover",43210,"2nd Floor, One Hobbs House Harrovian Business Village, Bessborough Road, Harrow, Middlesex",HA1 3EX,https://find-and-update.company-information.service.gov.uk/company/13271573,,TO BE ENRICHED — not held by Companies House,legitimate interests (LIA required before contact),Companies House public API,2026-07-12T04:35:50+00:00
MARK HENDEN ELECTRICAL LIMITED,08419605,A_CEILING_HIT,"established 2013, total-exemption-full filer",ltd,corporate subscriber,2013-02-26,total-exemption-full,"accounts category, NOT turnover",43210,"3 Edgar Buildings, Bath",BA1 2FJ,https://find-and-update.company-information.service.gov.uk/company/08419605,,TO BE ENRICHED — not held by Companies House,legitimate interests (LIA required before contact),Companies House public API,2026-07-12T04:35:51+00:00
HARRISON ELECTRICAL CONTRACTORS LTD,07217781,A_CEILING_HIT,"established 2010, total-exemption-full filer",ltd,corporate subscriber,2010-04-08,total-exemption-full,"accounts category, NOT turnover",43210,"4 Lowerfold Crescent, Rochdale, Lancashire",OL12 7HZ,https://find-and-update.company-information.service.gov.uk/company/07217781,,TO BE ENRICHED — not held by Companies House,legitimate interests (LIA required before contact),Companies House public API,2026-07-12T04:35:53+00:00
DW ELECTRICS LTD,08176987,A_CEILING_HIT,"established 2012, unaudited-abridged filer",ltd,corporate subscriber,2012-08-13,unaudited-abridged,"accounts category, NOT turnover",43210,"Flat B 2, Nova Road, Croydon, Surrey",CR0 2TL,https://find-and-update.company-information.service.gov.uk/company/08176987,,TO BE ENRICHED — not held by Companies House,legitimate interests (LIA required before contact),Companies House public API,2026-07-12T04:35:54+00:00
PREMIER LABORATORY SYSTEMS LIMITED,02194175,A_CEILING_HIT,"established 1987, total-exemption-full filer",ltd,corporate subscriber,1987-11-16,total-exemption-full,"accounts category, NOT turnover",25110; 43220,"50/60 Station Road, Cambridge",CB1 2JH,https://find-and-update.company-information.service.gov.uk/company/02194175,,TO BE ENRICHED — not held by Companies House,legitimate interests (LIA required before contact),Companies House public API,2026-07-12T04:35:54+00:00
SJ NEWTON ELECTRICAL LIMITED,07349100,A_CEILING_HIT,"established 2010, total-exemption-full filer",ltd,corporate subscriber,2010-08-18,total-exemption-full,"accounts category, NOT turnover",43210,"The Mill, Kingsteignton Road, Newton Abbot, Devon",TQ12 2QA,https://find-and-update.company-information.service.gov.uk/company/07349100,,TO BE ENRICHED — not held by Companies House,legitimate interests (LIA required before contact),Companies House public API,2026-07-12T04:35:58+00:00
LEWIS CONTRACTORS LIMITED,08548902,A_CEILING_HIT,"established 2013, total-exemption-full filer",ltd,corporate subscriber,2013-05-30,total-exemption-full,"accounts category, NOT turnover",43210,"Office 12, 19 Moorfield Road, Slyfield Industrial Estate, Guildford",GU1 1RU,https://find-and-update.company-information.service.gov.uk/company/08548902,,TO BE ENRICHED — not held by Companies House,legitimate interests (LIA required before contact),Companies House public API,2026-07-12T04:36:00+00:00
SCL MANAGED SERVICES LIMITED,04441132,A_CEILING_HIT,"established 2002, unaudited-abridged filer",ltd,corporate subscriber,2002-05-17,unaudited-abridged,"accounts category, NOT turnover",43210; 43220; 43290; 81100,"167-169 Great Portland Street, 5th Floor Great Portland Street, London",W1W 5PF,https://find-and-update.company-information.service.gov.uk/company/04441132,,TO BE ENRICHED — not held by Companies House,legitimate interests (LIA required before contact),Companies House public API,2026-07-12T04:36:04+00:00
HATHOR AUDIO LIMITED,06254704,A_CEILING_HIT,"established 2007, total-exemption-full filer",ltd,corporate subscriber,2007-05-21,total-exemption-full,"accounts category, NOT turnover",43290,"12 Hatherley Road, Sidcup, Kent",DA14 4DT,https://find-and-update.company-information.service.gov.uk/company/06254704,,TO BE ENRICHED — not held by Companies House,legitimate interests (LIA required before contact),Companies House public API,2026-07-12T04:36:05+00:00
ADM ELECTRICAL SUSSEX LTD,13224764,A_CEILING_HIT,"established 2021, total-exemption-full filer",ltd,corporate subscriber,2021-02-25,total-exemption-full,"accounts category, NOT turnover",43210,"Demar House 14 Church Road, East Wittering, Chichester, West Sussex",PO20 8PS,https://find-and-update.company-information.service.gov.uk/company/13224764,,TO BE ENRICHED — not held by Companies House,legitimate interests (LIA required before contact),Companies House public API,2026-07-12T04:36:05+00:00
SPARTAN MECHANICAL LTD,07673658,A_CEILING_HIT,"established 2011, total-exemption-full filer",ltd,corporate subscriber,2011-06-17,total-exemption-full,"accounts category, NOT turnover",43220,"Unit 3 Winkworth Business Park London Road, Hartley Wintney, Hook, Hampshire",RG27 8WP,https://find-and-update.company-information.service.gov.uk/company/07673658,,TO BE ENRICHED — not held by Companies House,legitimate interests (LIA required before contact),Companies House public API,2026-07-12T04:36:06+00:00
MATT BROWNING LIMITED,06896734,A_CEILING_HIT,"established 2009, total-exemption-full filer",ltd,corporate subscriber,2009-05-06,total-exemption-full,"accounts category, NOT turnover",43210; 43290; 43999,"54 Red Rose, Binfield, Bracknell, Berkshire",RG42 5LD,https://find-and-update.company-information.service.gov.uk/company/06896734,,TO BE ENRICHED — not held by Companies House,legitimate interests (LIA required before contact),Companies House public API,2026-07-12T04:36:07+00:00
VALLEYTECH LTD,SC404481,A_CEILING_HIT,"established 2011, total-exemption-full filer",ltd,corporate subscriber,2011-08-01,total-exemption-full,"accounts category, NOT turnover",43220,"2&6 Wellgatehead, Lanark, South Lanarkshire",ML11 9AA,https://find-and-update.company-information.service.gov.uk/company/SC404481,,TO BE ENRICHED — not held by Companies House,legitimate interests (LIA required before contact),Companies House public API,2026-07-12T04:36:07+00:00
KINGS OF NOTTINGHAM LIMITED,11525532,A_CEILING_HIT,"established 2018, total-exemption-full filer",ltd,corporate subscriber,2018-08-20,total-exemption-full,"accounts category, NOT turnover",43220,"10 Kingswell Avenue, Arnold, Nottingham",NG5 6SY,https://find-and-update.company-information.service.gov.uk/company/11525532,,TO BE ENRICHED — not held by Companies House,legitimate interests (LIA required before contact),Companies House public API,2026-07-12T04:36:10+00:00
POLARITY ELECTRICAL LIMITED,06683415,A_CEILING_HIT,"established 2008, total-exemption-full filer",ltd,corporate subscriber,2008-08-28,total-exemption-full,"accounts category, NOT turnover",43210,"898-902 Wimborne Road, Moordown, Bournemouth, Dorset",BH9 2DW,https://find-and-update.company-information.service.gov.uk/company/06683415,,TO BE ENRICHED — not held by Companies House,legitimate interests (LIA required before contact),Companies House public API,2026-07-12T04:36:11+00:00
HM ELECTRICAL CONTRACTORS LIMITED,10904305,A_CEILING_HIT,"established 2017, total-exemption-full filer",ltd,corporate subscriber,2017-08-08,total-exemption-full,"accounts category, NOT turnover",43210,"6 Ladbrooke Drive, Ladbrooke Drive, Potters Bar",EN6 1QP,https://find-and-update.company-information.service.gov.uk/company/10904305,,TO BE ENRICHED — not held by Companies House,legitimate interests (LIA required before contact),Companies House public API,2026-07-12T04:36:14+00:00
MH SCREENING LIMITED,12026235,A_CEILING_HIT,"established 2019, total-exemption-full filer",ltd,corporate subscriber,2019-05-31,total-exemption-full,"accounts category, NOT turnover",43290,"7 Haggerston Road, Borehamwood",WD6 4BU,https://find-and-update.company-information.service.gov.uk/company/12026235,,TO BE ENRICHED — not held by Companies House,legitimate interests (LIA required before contact),Companies House public API,2026-07-12T04:36:15+00:00
TLS ELECTRICAL LIMITED,06830343,A_CEILING_HIT,"established 2009, total-exemption-full filer",ltd,corporate subscriber,2009-02-25,total-exemption-full,"accounts category, NOT turnover",43210,"16 Forge Avenue, Coulsdon",CR5 1LR,https://find-and-update.company-information.service.gov.uk/company/06830343,,TO BE ENRICHED — not held by Companies House,legitimate interests (LIA required before contact),Companies House public API,2026-07-12T04:36:16+00:00
AP PLUMBING CONTRACTORS LTD,12138239,A_CEILING_HIT,"established 2019, total-exemption-full filer",ltd,corporate subscriber,2019-08-05,total-exemption-full,"accounts category, NOT turnover",41201; 41202; 43220,"32 Brooks Avenue, London",E6 3PJ,https://find-and-update.company-information.service.gov.uk/company/12138239,,TO BE ENRICHED — not held by Companies House,legitimate interests (LIA required before contact),Companies House public API,2026-07-12T04:36:18+00:00
P & J SECURITY & ELECTRICAL SYSTEMS LIMITED,05083838,A_CEILING_HIT,"established 2004, total-exemption-full filer",ltd,corporate subscriber,2004-03-25,total-exemption-full,"accounts category, NOT turnover",43210,"154 Broughton Road, Coppenhall, Crewe, Cheshire",CW1 4NR,https://find-and-update.company-information.service.gov.uk/company/05083838,,TO BE ENRICHED — not held by Companies House,legitimate interests (LIA required before contact),Companies House public API,2026-07-12T04:36:19+00:00
W. M. B. (INSTALLATIONS) LIMITED,01636820,A_CEILING_HIT,"established 1982, total-exemption-full filer",ltd,corporate subscriber,1982-05-20,total-exemption-full,"accounts category, NOT turnover",43210,"Ventures House, 11a Claremont Road, Salford",M6 7NW,https://find-and-update.company-information.service.gov.uk/company/01636820,,TO BE ENRICHED — not held by Companies House,legitimate interests (LIA required before contact),Companies House public API,2026-07-12T04:36:21+00:00
P H D ELECTRICAL SERVICES (LEEDS) LIMITED,07604546,A_CEILING_HIT,"established 2011, total-exemption-full filer",ltd,corporate subscriber,2011-04-14,total-exemption-full,"accounts category, NOT turnover",43210,"Office 12, Pickups Business Park Grangefield Road, Stanningley, Pudsey",LS28 6JP,https://find-and-update.company-information.service.gov.uk/company/07604546,,TO BE ENRICHED — not held by Companies House,legitimate interests (LIA required before contact),Companies House public API,2026-07-12T04:36:25+00:00
REACTIVE PLUMBING AND DRAINAGE LIMITED,09747938,A_CEILING_HIT,"established 2015, unaudited-abridged filer",ltd,corporate subscriber,2015-08-25,unaudited-abridged,"accounts category, NOT turnover",43220,"2 Upton Road, Birkenhead",CH41 0DF,https://find-and-update.company-information.service.gov.uk/company/09747938,,TO BE ENRICHED — not held by Companies House,legitimate interests (LIA required before contact),Companies House public API,2026-07-12T04:36:28+00:00
BEE ELECTRICAL LIMITED,06381705,A_CEILING_HIT,"established 2007, total-exemption-full filer",ltd,corporate subscriber,2007-09-26,total-exemption-full,"accounts category, NOT turnover",43210,"16 Heath Road, Hanham, Bristol",BS15 3JT,https://find-and-update.company-information.service.gov.uk/company/06381705,,TO BE ENRICHED — not held by Companies House,legitimate interests (LIA required before contact),Companies House public API,2026-07-12T04:36:34+00:00
ECHO ENGINEERING IRELAND LTD,NI663817,A_CEILING_HIT,"established 2019, total-exemption-full filer",ltd,corporate subscriber,2019-08-20,total-exemption-full,"accounts category, NOT turnover",41100; 42990; 43290; 43999,"208 Magheraveely Road, Magheraveely, Enniskillen",BT92 6LZ,https://find-and-update.company-information.service.gov.uk/company/NI663817,,TO BE ENRICHED — not held by Companies House,legitimate interests (LIA required before contact),Companies House public API,2026-07-12T04:36:39+00:00
ONE CALL LIMITED,SC151215,A_CEILING_HIT,"established 1994, total-exemption-full filer",ltd,corporate subscriber,1994-06-02,total-exemption-full,"accounts category, NOT turnover",41201; 43210; 43320,"C/O Johnston Carmichael Bishop's Court, 29 Albyn Place, Aberdeen",AB10 1YL,https://find-and-update.company-information.service.gov.uk/company/SC151215,,TO BE ENRICHED — not held by Companies House,legitimate interests (LIA required before contact),Companies House public API,2026-07-12T04:36:40+00:00
MAY CONNECTIONS LTD,12481783,A_CEILING_HIT,"established 2020, total-exemption-full filer",ltd,corporate subscriber,2020-02-25,total-exemption-full,"accounts category, NOT turnover",43210,"Unit A6 Chaucer Business Park, Dittons Road, Polegate, East Sussex",BN26 6QH,https://find-and-update.company-information.service.gov.uk/company/12481783,,TO BE ENRICHED — not held by Companies House,legitimate interests (LIA required before contact),Companies House public API,2026-07-12T04:36:42+00:00
A&P ELECTRICAL SERVICES LTD,12012437,A_CEILING_HIT,"established 2019, total-exemption-full filer",ltd,corporate subscriber,2019-05-22,total-exemption-full,"accounts category, NOT turnover",43210,"Steward House, 14 Commercial Way, Woking",GU21 6ET,https://find-and-update.company-information.service.gov.uk/company/12012437,,TO BE ENRICHED — not held by Companies House,legitimate interests (LIA required before contact),Companies House public API,2026-07-12T04:36:42+00:00
HAMPTONS ELECTRICAL LTD,12143790,A_CEILING_HIT,"established 2019, total-exemption-full filer",ltd,corporate subscriber,2019-08-07,total-exemption-full,"accounts category, NOT turnover",43210,"223 Hadley Park Road, Leegomery, Telford",TF1 6QG,https://find-and-update.company-information.service.gov.uk/company/12143790,,TO BE ENRICHED — not held by Companies House,legitimate interests (LIA required before contact),Companies House public API,2026-07-12T04:36:43+00:00
A.J. ROBSON (ELECTRICAL) LIMITED,SC103346,A_CEILING_HIT,"established 1987, total-exemption-full filer",ltd,corporate subscriber,1987-02-25,total-exemption-full,"accounts category, NOT turnover",43210,"14 Carden Place, Aberdeen",AB10 1UR,https://find-and-update.company-information.service.gov.uk/company/SC103346,,TO BE ENRICHED — not held by Companies House,legitimate interests (LIA required before contact),Companies House public API,2026-07-12T04:36:44+00:00
BB PLUMBING LTD,SC662889,A_CEILING_HIT,"established 2020, total-exemption-full filer",ltd,corporate subscriber,2020-06-02,total-exemption-full,"accounts category, NOT turnover",43220,"Office Suite 15 Glenbervie Business Centre, Ramoyle House, Larbert",FK5 4RB,https://find-and-update.company-information.service.gov.uk/company/SC662889,,TO BE ENRICHED — not held by Companies House,legitimate interests (LIA required before contact),Companies House public API,2026-07-12T04:36:45+00:00
HALSALL SECURITY LIMITED,06047759,A_CEILING_HIT,"established 2007, total-exemption-full filer",ltd,corporate subscriber,2007-01-10,total-exemption-full,"accounts category, NOT turnover",43290,"The Graduation Centre, Progress Drive, Cannock, Staffordshire",WS11 0JF,https://find-and-update.company-information.service.gov.uk/company/06047759,,TO BE ENRICHED — not held by Companies House,legitimate interests (LIA required before contact),Companies House public API,2026-07-12T04:36:48+00:00
A.J.L. MIDLANDS ELECTRICAL SERVICES LTD,05831940,A_CEILING_HIT,"established 2006, total-exemption-full filer",ltd,corporate subscriber,2006-05-30,total-exemption-full,"accounts category, NOT turnover",43210,"1034 Old Lode Lane, Solihull, West Midlands",B92 8LJ,https://find-and-update.company-information.service.gov.uk/company/05831940,,TO BE ENRICHED — not held by Companies House,legitimate interests (LIA required before contact),Companies House public API,2026-07-12T04:37:04+00:00
MB PLUMBING AND HEATING SERVICES LIMITED,SC630087,A_CEILING_HIT,"established 2019, total-exemption-full filer",ltd,corporate subscriber,2019-05-10,total-exemption-full,"accounts category, NOT turnover",43220,"C/O Mclay, Mcalister & Mcgibbon Llp, 145 St Vincent Street, Glasgow",G2 5JF,https://find-and-update.company-information.service.gov.uk/company/SC630087,,TO BE ENRICHED — not held by Companies House,legitimate interests (LIA required before contact),Companies House public API,2026-07-12T04:37:06+00:00
ELLIS INTEGRATED SYSTEMS LIMITED,03206124,A_CEILING_HIT,"established 1996, total-exemption-full filer",ltd,corporate subscriber,1996-05-31,total-exemption-full,"accounts category, NOT turnover",43210,"Ellis House E6 Fareham Heights, Standard Way, Fareham, Hampshire",PO16 8XT,https://find-and-update.company-information.service.gov.uk/company/03206124,,TO BE ENRICHED — not held by Companies House,legitimate interests (LIA required before contact),Companies House public API,2026-07-12T04:37:06+00:00
CERTIFIER LTD,09165077,A_CEILING_HIT,"established 2014, total-exemption-full filer",ltd,corporate subscriber,2014-08-06,total-exemption-full,"accounts category, NOT turnover",43210,"324 Southend Road, Wickford, Essex",SS11 8QS,https://find-and-update.company-information.service.gov.uk/company/09165077,,TO BE ENRICHED — not held by Companies House,legitimate interests (LIA required before contact),Companies House public API,2026-07-12T04:37:08+00:00
ETJ ELECTRICAL LIMITED,10338730,A_CEILING_HIT,"established 2016, total-exemption-full filer",ltd,corporate subscriber,2016-08-19,total-exemption-full,"accounts category, NOT turnover",43210,"11 Cross Keys, Bearsted, Maidstone, Kent",ME14 4HR,https://find-and-update.company-information.service.gov.uk/company/10338730,,TO BE ENRICHED — not held by Companies House,legitimate interests (LIA required before contact),Companies House public API,2026-07-12T04:37:09+00:00
BSF CONSUMABLES LTD,09170952,A_CEILING_HIT,"established 2014, total-exemption-full filer",ltd,corporate subscriber,2014-08-11,total-exemption-full,"accounts category, NOT turnover",43290; 43390,"58 Upper Mulgrave Road, Cheam, Sutton, Surrey",SM2 7AJ,https://find-and-update.company-information.service.gov.uk/company/09170952,,TO BE ENRICHED — not held by Companies House,legitimate interests (LIA required before contact),Companies House public API,2026-07-12T04:37:09+00:00
L B SYSTEMS LIMITED,09181923,A_CEILING_HIT,"established 2014, total-exemption-full filer",ltd,corporate subscriber,2014-08-19,total-exemption-full,"accounts category, NOT turnover",43290,"4 Whitworth Drive, Randlay, Telford, Shropshire",TF3 2NN,https://find-and-update.company-information.service.gov.uk/company/09181923,,TO BE ENRICHED — not held by Companies House,legitimate interests (LIA required before contact),Companies House public API,2026-07-12T04:37:13+00:00
ELECTROMATION LIMITED,03378239,A_CEILING_HIT,"established 1997, total-exemption-full filer",ltd,corporate subscriber,1997-05-30,total-exemption-full,"accounts category, NOT turnover",43210,"The Old Post Office, 41-43 Market Place, Chippenham, Wiltshire",SN15 3HR,https://find-and-update.company-information.service.gov.uk/company/03378239,,TO BE ENRICHED — not held by Companies House,legitimate interests (LIA required before contact),Companies House public API,2026-07-12T04:37:15+00:00
S&S ELECTRICAL INSTALLATIONS LTD,10720861,A_CEILING_HIT,"established 2017, total-exemption-full filer",ltd,corporate subscriber,2017-04-11,total-exemption-full,"accounts category, NOT turnover",43210,"310 Wellingborough Road, Northampton",NN1 4EP,https://find-and-update.company-information.service.gov.uk/company/10720861,,TO BE ENRICHED — not held by Companies House,legitimate interests (LIA required before contact),Companies House public API,2026-07-12T04:37:15+00:00
INVICTA ELECTRICAL & BUILDING SERVICES LIMITED,10184690,A_CEILING_HIT,"established 2016, total-exemption-full filer",ltd,corporate subscriber,2016-05-17,total-exemption-full,"accounts category, NOT turnover",43210; 43390,"Suite 3 Falcon Court Business Centre, College Road, Maidstone, Kent",ME15 6TF,https://find-and-update.company-information.service.gov.uk/company/10184690,,TO BE ENRICHED — not held by Companies House,legitimate interests (LIA required before contact),Companies House public API,2026-07-12T04:37:19+00:00
JLO PROJECTS LTD,12216048,A_CEILING_HIT,"established 2019, total-exemption-full filer",ltd,corporate subscriber,2019-09-19,total-exemption-full,"accounts category, NOT turnover",43210; 43320; 70229,"50 Moorland View, Stoke-On-Trent",ST6 7NG,https://find-and-update.company-information.service.gov.uk/company/12216048,,TO BE ENRICHED — not held by Companies House,legitimate interests (LIA required before contact),Companies House public API,2026-07-12T04:37:21+00:00
BUTLER BATHROOM & KITCHEN SOLUTIONS LIMITED,08195691,A_CEILING_HIT,"established 2012, total-exemption-full filer",ltd,corporate subscriber,2012-08-30,total-exemption-full,"accounts category, NOT turnover",43290,"30 Hamilton Road, Ashton-In-Makerfield, Wigan, Lancashire",WN4 0SU,https://find-and-update.company-information.service.gov.uk/company/08195691,,TO BE ENRICHED — not held by Companies House,legitimate interests (LIA required before contact),Companies House public API,2026-07-12T04:37:27+00:00
HARLINGTON ELECTRICAL SERVICE LTD,10319360,A_CEILING_HIT,"established 2016, total-exemption-full filer",ltd,corporate subscriber,2016-08-09,total-exemption-full,"accounts category, NOT turnover",43210,"34 Iverna Gardens, Feltham",TW14 9RQ,https://find-and-update.company-information.service.gov.uk/company/10319360,,TO BE ENRICHED — not held by Companies House,legitimate interests (LIA required before contact),Companies House public API,2026-07-12T04:37:28+00:00
R HUGHES PLUMBING & HEATING LIMITED,10325932,A_CEILING_HIT,"established 2016, total-exemption-full filer",ltd,corporate subscriber,2016-08-11,total-exemption-full,"accounts category, NOT turnover",43220,"7 Laureate Paddocks, Newmarket",CB8 0AP,https://find-and-update.company-information.service.gov.uk/company/10325932,,TO BE ENRICHED — not held by Companies House,legitimate interests (LIA required before contact),Companies House public API,2026-07-12T04:37:29+00:00
FIXITCO LTD,08668033,A_CEILING_HIT,"established 2013, unaudited-abridged filer",ltd,corporate subscriber,2013-08-29,unaudited-abridged,"accounts category, NOT turnover",43220,"110 Carlton Avenue East, Wembley, Middlesex",HA9 8LY,https://find-and-update.company-information.service.gov.uk/company/08668033,,TO BE ENRICHED — not held by Companies House,legitimate interests (LIA required before contact),Companies House public API,2026-07-12T04:37:30+00:00
S & S SHETLIFFE LIMITED,05199528,A_CEILING_HIT,"established 2004, unaudited-abridged filer",ltd,corporate subscriber,2004-08-06,unaudited-abridged,"accounts category, NOT turnover",43220,"8 Chapel Street, Belper, Derbyshire",DE56 1AR,https://find-and-update.company-information.service.gov.uk/company/05199528,,TO BE ENRICHED — not held by Companies House,legitimate interests (LIA required before contact),Companies House public API,2026-07-12T04:37:31+00:00
DPM PLUMBING AND HEATING LIMITED,09607882,A_CEILING_HIT,"established 2015, unaudited-abridged filer",ltd,corporate subscriber,2015-05-26,unaudited-abridged,"accounts category, NOT turnover",43220,"38 St. Marys Way, Longfield, Kent",DA3 7PD,https://find-and-update.company-information.service.gov.uk/company/09607882,,TO BE ENRICHED — not held by Companies House,legitimate interests (LIA required before contact),Companies House public API,2026-07-12T04:37:33+00:00
NATIONWIDE HEATING AND COOLING LIMITED,07249143,A_CEILING_HIT,"established 2010, total-exemption-full filer",ltd,corporate subscriber,2010-05-11,total-exemption-full,"accounts category, NOT turnover",43220,"37 Atley Business Park, Cramlington, Northumberland",NE23 1WP,https://find-and-update.company-information.service.gov.uk/company/07249143,,TO BE ENRICHED — not held by Companies House,legitimate interests (LIA required before contact),Companies House public API,2026-07-12T04:37:34+00:00
C & J ELECTRICAL INSTALLATIONS LTD.,SC281917,A_CEILING_HIT,"established 2005, total-exemption-full filer",ltd,corporate subscriber,2005-03-21,total-exemption-full,"accounts category, NOT turnover",43210,"Unit 5, Strathclyde Business Centre 416 Hamilton Road, Cambuslang, Glasgow",G72 7XR,https://find-and-update.company-information.service.gov.uk/company/SC281917,,TO BE ENRICHED — not held by Companies House,legitimate interests (LIA required before contact),Companies House public API,2026-07-12T04:37:36+00:00
A WEAVER ELECTRICAL LIMITED,09043137,A_CEILING_HIT,"established 2014, total-exemption-full filer",ltd,corporate subscriber,2014-05-16,total-exemption-full,"accounts category, NOT turnover",43210,"39 Berrowside Road, Birmingham",B34 7LD,https://find-and-update.company-information.service.gov.uk/company/09043137,,TO BE ENRICHED — not held by Companies House,legitimate interests (LIA required before contact),Companies House public API,2026-07-12T04:37:37+00:00
T G AIR-CONDITIONING LTD,07734363,A_CEILING_HIT,"established 2011, total-exemption-full filer",ltd,corporate subscriber,2011-08-09,total-exemption-full,"accounts category, NOT turnover",43220,"37 Norton Hall Lane, Norton Canes, Cannock",WS11 9PG,https://find-and-update.company-information.service.gov.uk/company/07734363,,TO BE ENRICHED — not held by Companies House,legitimate interests (LIA required before contact),Companies House public API,2026-07-12T04:37:38+00:00
IRH ELECTRICAL SERVICES LTD,07597723,A_CEILING_HIT,"established 2011, total-exemption-full filer",ltd,corporate subscriber,2011-04-08,total-exemption-full,"accounts category, NOT turnover",43210,"75 Bournemouth Road, Chandlers Ford, Eastleigh, Hampshire",SO53 3AP,https://find-and-update.company-information.service.gov.uk/company/07597723,,TO BE ENRICHED — not held by Companies House,legitimate interests (LIA required before contact),Companies House public API,2026-07-12T04:37:40+00:00
GLENFIELD INSTALLATIONS LTD,07884811,A_CEILING_HIT,"established 2011, total-exemption-full filer",ltd,corporate subscriber,2011-12-16,total-exemption-full,"accounts category, NOT turnover",43290,"35 Grace Dieu Road, Whitwick, Coalville",LE67 5AN,https://find-and-update.company-information.service.gov.uk/company/07884811,,TO BE ENRICHED — not held by Companies House,legitimate interests (LIA required before contact),Companies House public API,2026-07-12T04:37:40+00:00
O J GAS SERVICES LTD,11434306,A_CEILING_HIT,"established 2018, total-exemption-full filer",ltd,corporate subscriber,2018-06-26,total-exemption-full,"accounts category, NOT turnover",43220,"86 Welham Road, Norton, Malton",YO17 9DS,https://find-and-update.company-information.service.gov.uk/company/11434306,,TO BE ENRICHED — not held by Companies House,legitimate interests (LIA required before contact),Companies House public API,2026-07-12T04:37:42+00:00
DMG PLUMBING & HEATING LIMITED,08987352,A_CEILING_HIT,"established 2014, total-exemption-full filer",ltd,corporate subscriber,2014-04-09,total-exemption-full,"accounts category, NOT turnover",43220,"4 Capricorn Centre, Cranes Farm Road, Basildon, Essex",SS14 3JJ,https://find-and-update.company-information.service.gov.uk/company/08987352,,TO BE ENRICHED — not held by Companies House,legitimate interests (LIA required before contact),Companies House public API,2026-07-12T04:37:46+00:00
EASYJETTING SOLUTIONS LIMITED,13426186,A_CEILING_HIT,"established 2021, total-exemption-full filer",ltd,corporate subscriber,2021-05-28,total-exemption-full,"accounts category, NOT turnover",43220,"60 Barnacres Road, Hemel Hempstead",HP3 8JQ,https://find-and-update.company-information.service.gov.uk/company/13426186,,TO BE ENRICHED — not held by Companies House,legitimate interests (LIA required before contact),Companies House public API,2026-07-12T04:37:48+00:00
GRANGE HOME SOLUTIONS LTD,10774373,A_CEILING_HIT,"established 2017, total-exemption-full filer",ltd,corporate subscriber,2017-05-17,total-exemption-full,"accounts category, NOT turnover",43210,"20 West Grange, Sunderland",SR5 1NT,https://find-and-update.company-information.service.gov.uk/company/10774373,,TO BE ENRICHED — not held by Companies House,legitimate interests (LIA required before contact),Companies House public API,2026-07-12T04:37:48+00:00
GRAY SCOTT LTD,05816238,A_CEILING_HIT,"established 2006, total-exemption-full filer",ltd,corporate subscriber,2006-05-15,total-exemption-full,"accounts category, NOT turnover",43210,"Fisher Granary Fisher Lane, South Mundham, Chichester, West Sussex",PO20 1ND,https://find-and-update.company-information.service.gov.uk/company/05816238,,TO BE ENRICHED — not held by Companies House,legitimate interests (LIA required before contact),Companies House public API,2026-07-12T04:37:49+00:00
ACCTIVE SYSTEMS LIMITED,03202850,A_CEILING_HIT,"established 1996, total-exemption-full filer",ltd,corporate subscriber,1996-05-23,total-exemption-full,"accounts category, NOT turnover",43210,"Capscade Yard, Station Road, Edenbridge, Kent",TN8 5NB,https://find-and-update.company-information.service.gov.uk/company/03202850,,TO BE ENRICHED — not held by Companies House,legitimate interests (LIA required before contact),Companies House public API,2026-07-12T04:37:51+00:00
TJ ELECTRICAL SOLUTIONS LTD,13405725,A_CEILING_HIT,"established 2021, total-exemption-full filer",ltd,corporate subscriber,2021-05-18,total-exemption-full,"accounts category, NOT turnover",43210,"Unit A3, Worsley Bridge Road, London",SE26 5BN,https://find-and-update.company-information.service.gov.uk/company/13405725,,TO BE ENRICHED — not held by Companies House,legitimate interests (LIA required before contact),Companies House public API,2026-07-12T04:37:55+00:00
TNS ELECTRICAL CONTRACTORS LTD,11587237,A_CEILING_HIT,"established 2018, total-exemption-full filer",ltd,corporate subscriber,2018-09-25,total-exemption-full,"accounts category, NOT turnover",43210,"Unit 1 2a Foulden Road, London",N16 7UR,https://find-and-update.company-information.service.gov.uk/company/11587237,,TO BE ENRICHED — not held by Companies House,legitimate interests (LIA required before contact),Companies House public API,2026-07-12T04:37:57+00:00
K.W. ELECTRICAL (HEREFORD) LTD,09057476,A_CEILING_HIT,"established 2014, total-exemption-full filer",ltd,corporate subscriber,2014-05-27,total-exemption-full,"accounts category, NOT turnover",43210,"First Floor Hereford House, 3 Offa Street, Hereford",HR1 2LL,https://find-and-update.company-information.service.gov.uk/company/09057476,,TO BE ENRICHED — not held by Companies House,legitimate interests (LIA required before contact),Companies House public API,2026-07-12T04:38:00+00:00
APS ELECTRICAL (LONDON) LTD,09220326,A_CEILING_HIT,"established 2014, total-exemption-full filer",ltd,corporate subscriber,2014-09-16,total-exemption-full,"accounts category, NOT turnover",43210,"123 Cross Lane East, Gravesend, Kent",DA12 5HA,https://find-and-update.company-information.service.gov.uk/company/09220326,,TO BE ENRICHED — not held by Companies House,legitimate interests (LIA required before contact),Companies House public API,2026-07-12T04:38:01+00:00
ONSITE ELECTRICAL LIMITED,06391033,A_CEILING_HIT,"established 2007, total-exemption-full filer",ltd,corporate subscriber,2007-10-05,total-exemption-full,"accounts category, NOT turnover",43210,"Lydmore House, St Ann's Fort, Kings Lynn, Norfolk",PE30 2EU,https://find-and-update.company-information.service.gov.uk/company/06391033,,TO BE ENRICHED — not held by Companies House,legitimate interests (LIA required before contact),Companies House public API,2026-07-12T04:38:02+00:00
KRASI 23 ELECTRICAL LIMITED,09540310,A_CEILING_HIT,"established 2015, unaudited-abridged filer",ltd,corporate subscriber,2015-04-14,unaudited-abridged,"accounts category, NOT turnover",43210,"36 Freshfield Drive, London",N14 4QW,https://find-and-update.company-information.service.gov.uk/company/09540310,,TO BE ENRICHED — not held by Companies House,legitimate interests (LIA required before contact),Companies House public API,2026-07-12T04:38:07+00:00
MELLEX GROUP LIMITED,SC423284,A_CEILING_HIT,"established 2012, small filer",ltd,corporate subscriber,2012-05-02,small,"accounts category, NOT turnover",43290,"Crossmill , Glasgow Road, Barrhead, Glasgow",G78 1TG,https://find-and-update.company-information.service.gov.uk/company/SC423284,,TO BE ENRICHED — not held by Companies House,legitimate interests (LIA required before contact),Companies House public API,2026-07-12T04:38:18+00:00
THE UTILITY SOLUTIONS GROUP LTD,SC624784,A_CEILING_HIT,"established 2019, total-exemption-full filer",ltd,corporate subscriber,2019-03-18,total-exemption-full,"accounts category, NOT turnover",43290,"34 Union Street, Stonehouse, Larkhall",ML9 3LF,https://find-and-update.company-information.service.gov.uk/company/SC624784,,TO BE ENRICHED — not held by Companies House,legitimate interests (LIA required before contact),Companies House public API,2026-07-12T04:38:19+00:00
MARK TIBBS LIMITED,03358942,A_CEILING_HIT,"established 1997, total-exemption-full filer",ltd,corporate subscriber,1997-04-23,total-exemption-full,"accounts category, NOT turnover",43220,"333a Limpsfield Road, Hamsey Green, South Croydon, Surrey",CR2 9DH,https://find-and-update.company-information.service.gov.uk/company/03358942,,TO BE ENRICHED — not held by Companies House,legitimate interests (LIA required before contact),Companies House public API,2026-07-12T04:38:21+00:00
DART ELECTRICS LIMITED,04459649,A_CEILING_HIT,"established 2002, total-exemption-full filer",ltd,corporate subscriber,2002-06-12,total-exemption-full,"accounts category, NOT turnover",43210,"Unit 6 Old Market Field Industrial Estate, Witheridge, Tiverton, Devon",EX16 8TA,https://find-and-update.company-information.service.gov.uk/company/04459649,,TO BE ENRICHED — not held by Companies House,legitimate interests (LIA required before contact),Companies House public API,2026-07-12T04:38:22+00:00
ASHLEY MALLABURN PLUMBING & HEATING SERVICES LTD,10200143,A_CEILING_HIT,"established 2016, total-exemption-full filer",ltd,corporate subscriber,2016-05-26,total-exemption-full,"accounts category, NOT turnover",43220,"7 & 8 Kingfisher Way, Silverlink Business Park, Wallsend, Tyne And Wear",NE28 9NX,https://find-and-update.company-information.service.gov.uk/company/10200143,,TO BE ENRICHED — not held by Companies House,legitimate interests (LIA required before contact),Companies House public API,2026-07-12T04:38:24+00:00
CC ELECTRICS LTD,09002284,A_CEILING_HIT,"established 2014, total-exemption-full filer",ltd,corporate subscriber,2014-04-17,total-exemption-full,"accounts category, NOT turnover",43210,"71-75 Shelton Street, Covent Garden, London",WC2H 9JQ,https://find-and-update.company-information.service.gov.uk/company/09002284,,TO BE ENRICHED — not held by Companies House,legitimate interests (LIA required before contact),Companies House public API,2026-07-12T04:38:25+00:00
SHARPLES & WHITE LIMITED,07075320,A_CEILING_HIT,"established 2009, unaudited-abridged filer",ltd,corporate subscriber,2009-11-13,unaudited-abridged,"accounts category, NOT turnover",43220,"11 Whitbeam Grove, Hindley, Wigan",WN2 3SQ,https://find-and-update.company-information.service.gov.uk/company/07075320,,TO BE ENRICHED — not held by Companies House,legitimate interests (LIA required before contact),Companies House public API,2026-07-12T04:38:26+00:00
APPROVED AIR LIMITED,05040908,A_CEILING_HIT,"established 2004, total-exemption-full filer",ltd,corporate subscriber,2004-02-11,total-exemption-full,"accounts category, NOT turnover",43290,"The Mill House The Stables Business Park, Bristol Road, Rooksbridge, Somerset",BS26 2TT,https://find-and-update.company-information.service.gov.uk/company/05040908,,TO BE ENRICHED — not held by Companies House,legitimate interests (LIA required before contact),Companies House public API,2026-07-12T04:38:31+00:00
ARBEROZE PLUMBING & HEATING LTD,13266483,A_CEILING_HIT,"established 2021, total-exemption-full filer",ltd,corporate subscriber,2021-03-15,total-exemption-full,"accounts category, NOT turnover",41202; 43220; 43999,"596 Green Lanes London Green Lanes, London",N13 5RY,https://find-and-update.company-information.service.gov.uk/company/13266483,,TO BE ENRICHED — not held by Companies House,legitimate interests (LIA required before contact),Companies House public API,2026-07-12T04:38:32+00:00
SYCAMORE SERVICES - SOUTH LIMITED,10426712,A_CEILING_HIT,"established 2016, total-exemption-full filer",ltd,corporate subscriber,2016-10-13,total-exemption-full,"accounts category, NOT turnover",16230; 43220,"3 Sycamore Close, North Baddesley, Southampton",SO52 9DG,https://find-and-update.company-information.service.gov.uk/company/10426712,,TO BE ENRICHED — not held by Companies House,legitimate interests (LIA required before contact),Companies House public API,2026-07-12T04:38:34+00:00
S.P. MARKS SERVICES LTD.,03294164,A_CEILING_HIT,"established 1996, total-exemption-full filer",ltd,corporate subscriber,1996-12-18,total-exemption-full,"accounts category, NOT turnover",43220,"Artisans House, 7 Queensbridge, Northampton, Northamptonshire",NN4 7BF,https://find-and-update.company-information.service.gov.uk/company/03294164,,TO BE ENRICHED — not held by Companies House,legitimate interests (LIA required before contact),Companies House public API,2026-07-12T04:38:37+00:00
DIRECT COOLING SYSTEMS LIMITED,04118287,A_CEILING_HIT,"established 2000, total-exemption-full filer",ltd,corporate subscriber,2000-12-01,total-exemption-full,"accounts category, NOT turnover",43220,"Oswaldtwistle Mills Business & Conference Centre Clifton Mill, Pickup Street, Accrington",BB5 0EY,https://find-and-update.company-information.service.gov.uk/company/04118287,,TO BE ENRICHED — not held by Companies House,legitimate interests (LIA required before contact),Companies House public API,2026-07-12T04:38:41+00:00
K-SPARKS ELECTRICAL SERVICES LTD,08301952,A_CEILING_HIT,"established 2012, total-exemption-full filer",ltd,corporate subscriber,2012-11-21,total-exemption-full,"accounts category, NOT turnover",43210,"5 Ducketts Wharf, South Street, Bishop's Stortford, Hertfordshire",CM23 3AR,https://find-and-update.company-information.service.gov.uk/company/08301952,,TO BE ENRICHED — not held by Companies House,legitimate interests (LIA required before contact),Companies House public API,2026-07-12T04:38:42+00:00
CASS ELECTRIC COMPANY LIMITED,02000305,A_CEILING_HIT,"established 1986, total-exemption-full filer",ltd,corporate subscriber,1986-03-14,total-exemption-full,"accounts category, NOT turnover",43210,"Units 10-11 Gateway Place, Parkgate, Rotherham",S62 6LL,https://find-and-update.company-information.service.gov.uk/company/02000305,,TO BE ENRICHED — not held by Companies House,legitimate interests (LIA required before contact),Companies House public API,2026-07-12T04:38:48+00:00
AVONVIEW DESIGN & BUILD LIMITED,09045453,A_CEILING_HIT,"established 2014, total-exemption-full filer",ltd,corporate subscriber,2014-05-19,total-exemption-full,"accounts category, NOT turnover",43290,"Lumaneri House Blythe Valley Business Park, Blythe Gate, Solihull",B90 8AH,https://find-and-update.company-information.service.gov.uk/company/09045453,,TO BE ENRICHED — not held by Companies House,legitimate interests (LIA required before contact),Companies House public API,2026-07-12T04:38:49+00:00
P J BROCKBANK LTD,04436832,A_CEILING_HIT,"established 2002, total-exemption-full filer",ltd,corporate subscriber,2002-05-13,total-exemption-full,"accounts category, NOT turnover",43290,"2 Toomers Wharf, Canal Walk, Newbury, Berkshire",RG14 1DY,https://find-and-update.company-information.service.gov.uk/company/04436832,,TO BE ENRICHED — not held by Companies House,legitimate interests (LIA required before contact),Companies House public API,2026-07-12T04:38:50+00:00
EXCEL GAS SERVICES LIMITED,04852764,A_CEILING_HIT,"established 2003, total-exemption-full filer",ltd,corporate subscriber,2003-07-31,total-exemption-full,"accounts category, NOT turnover",43210,"2 Clifton Moor Business Village, James Nicolson Link, York, North Yorkshire",YO30 4XG,https://find-and-update.company-information.service.gov.uk/company/04852764,,TO BE ENRICHED — not held by Companies House,legitimate interests (LIA required before contact),Companies House public API,2026-07-12T04:38:51+00:00
BOILERPOINT LTD,13410292,A_CEILING_HIT,"established 2021, total-exemption-full filer",ltd,corporate subscriber,2021-05-20,total-exemption-full,"accounts category, NOT turnover",43220,"Unit 1 The Cam Centre, Wilbury Way, Hitchin, Hertfordshire",SG4 0TW,https://find-and-update.company-information.service.gov.uk/company/13410292,,TO BE ENRICHED — not held by Companies House,legitimate interests (LIA required before contact),Companies House public API,2026-07-12T04:38:53+00:00
AJD ELECTRICS LTD,10722312,A_CEILING_HIT,"established 2017, total-exemption-full filer",ltd,corporate subscriber,2017-04-12,total-exemption-full,"accounts category, NOT turnover",33140; 43210,"30 Meadow Road, Coventry, Warwickshire",CV6 4GU,https://find-and-update.company-information.service.gov.uk/company/10722312,,TO BE ENRICHED — not held by Companies House,legitimate interests (LIA required before contact),Companies House public API,2026-07-12T04:38:53+00:00
KARAM RENOVATION LIMITED,SC574871,A_CEILING_HIT,"established 2017, total-exemption-full filer",ltd,corporate subscriber,2017-08-29,total-exemption-full,"accounts category, NOT turnover",43290; 43330; 43390; 43999,"Flat 0/2 60 Ark Lane, Glasgow",G31 2NG,https://find-and-update.company-information.service.gov.uk/company/SC574871,,TO BE ENRICHED — not held by Companies House,legitimate interests (LIA required before contact),Companies House public API,2026-07-12T04:38:54+00:00
M D P ELECTRICAL SERVICES LIMITED,05712942,A_CEILING_HIT,"established 2006, total-exemption-full filer",ltd,corporate subscriber,2006-02-17,total-exemption-full,"accounts category, NOT turnover",43210,"Lothing House, 7 Quay View Business Park, Barnards Way Lowestoft, Suffolk",NR32 2HD,https://find-and-update.company-information.service.gov.uk/company/05712942,,TO BE ENRICHED — not held by Companies House,legitimate interests (LIA required before contact),Companies House public API,2026-07-12T04:38:55+00:00
A&S ELECTRICAL SERVICES (MIDLANDS) LIMITED,06251485,A_CEILING_HIT,"established 2007, total-exemption-full filer",ltd,corporate subscriber,2007-05-17,total-exemption-full,"accounts category, NOT turnover",43210,"1 Rushbrook Lane, Tanworth In Arden, Solihull, West Midlands",B94 5HW,https://find-and-update.company-information.service.gov.uk/company/06251485,,TO BE ENRICHED — not held by Companies House,legitimate interests (LIA required before contact),Companies House public API,2026-07-12T04:38:56+00:00
ELECTRIX CELUTIONS (LINCS) LIMITED,09591552,A_CEILING_HIT,"established 2015, total-exemption-full filer",ltd,corporate subscriber,2015-05-14,total-exemption-full,"accounts category, NOT turnover",43210,"The Old Rectory, Hall Lane, Algarkirk, Lincolnshire",PE20 2HG,https://find-and-update.company-information.service.gov.uk/company/09591552,,TO BE ENRICHED — not held by Companies House,legitimate interests (LIA required before contact),Companies House public API,2026-07-12T04:39:01+00:00
S & H BUILDING SERVICES & PROPERTY MAINTENANCE LIMITED,09093291,A_CEILING_HIT,"established 2014, total-exemption-full filer",ltd,corporate subscriber,2014-06-19,total-exemption-full,"accounts category, NOT turnover",43290,"1-3 Manor Road, Chatham, Kent",ME4 6AE,https://find-and-update.company-information.service.gov.uk/company/09093291,,TO BE ENRICHED — not held by Companies House,legitimate interests (LIA required before contact),Companies House public API,2026-07-12T04:39:02+00:00
ROY GELL ELECTRICAL INSTALLATIONS LTD,12155791,A_CEILING_HIT,"established 2019, total-exemption-full filer",ltd,corporate subscriber,2019-08-14,total-exemption-full,"accounts category, NOT turnover",43210,"37-38 Market Street, Ferryhill",DL17 8JH,https://find-and-update.company-information.service.gov.uk/company/12155791,,TO BE ENRICHED — not held by Companies House,legitimate interests (LIA required before contact),Companies House public API,2026-07-12T04:39:05+00:00
KEVIN KELLY WINDOWS LIMITED,03767485,A_CEILING_HIT,"established 1999, total-exemption-full filer",ltd,corporate subscriber,1999-05-10,total-exemption-full,"accounts category, NOT turnover",25120; 43290; 43342,"Unit D Oaktree Business Park, Limewood Court Seacroft, Leeds, West Yorkshire",LS14 1NF,https://find-and-update.company-information.service.gov.uk/company/03767485,,TO BE ENRICHED — not held by Companies House,legitimate interests (LIA required before contact),Companies House public API,2026-07-12T04:39:07+00:00
LEECH MECHANICAL SERVICES LIMITED,02772557,A_CEILING_HIT,"established 1992, total-exemption-full filer",ltd,corporate subscriber,1992-12-10,total-exemption-full,"accounts category, NOT turnover",43210; 43220; 82990,"Unit 17 Mapledean Works, Maldon Road, Latchingdon, Essex",CM3 6LG,https://find-and-update.company-information.service.gov.uk/company/02772557,,TO BE ENRICHED — not held by Companies House,legitimate interests (LIA required before contact),Companies House public API,2026-07-12T04:39:09+00:00
B. & K. PLUMBING AND HEATING LIMITED,01752405,A_CEILING_HIT,"established 1983, total-exemption-full filer",ltd,corporate subscriber,1983-09-13,total-exemption-full,"accounts category, NOT turnover",43220,"Bridge House, Vicarage Road, Camberley, Surrey",GU17 9AX,https://find-and-update.company-information.service.gov.uk/company/01752405,,TO BE ENRICHED — not held by Companies House,legitimate interests (LIA required before contact),Companies House public API,2026-07-12T04:39:15+00:00
DANOSA UK LTD,08036125,A_CEILING_HIT,"established 2012, small filer",ltd,corporate subscriber,2012-04-18,small,"accounts category, NOT turnover",20520; 23990; 43290; 43910,"3 Stanbridge Road, Havant",PO9 2NS,https://find-and-update.company-information.service.gov.uk/company/08036125,,TO BE ENRICHED — not held by Companies House,legitimate interests (LIA required before contact),Companies House public API,2026-07-12T04:39:15+00:00
UTILITY PROS (UK) LIMITED,08184031,A_CEILING_HIT,"established 2012, total-exemption-full filer",ltd,corporate subscriber,2012-08-17,total-exemption-full,"accounts category, NOT turnover",43210; 43220,"Unit 1 Lodge Yard Business Centre, Kingswood, Aylesbury",HP18 0QJ,https://find-and-update.company-information.service.gov.uk/company/08184031,,TO BE ENRICHED — not held by Companies House,legitimate interests (LIA required before contact),Companies House public API,2026-07-12T04:39:16+00:00
PLATONOFF & HARRIS LIMITED,02704053,A_CEILING_HIT,"established 1992, total-exemption-full filer",ltd,corporate subscriber,1992-04-06,total-exemption-full,"accounts category, NOT turnover",43290,"1 Tower House, Tower Centre, Hoddesdon, Hertfordshire",EN11 8UR,https://find-and-update.company-information.service.gov.uk/company/02704053,,TO BE ENRICHED — not held by Companies House,legitimate interests (LIA required before contact),Companies House public API,2026-07-12T04:39:17+00:00
ANGLO COMMERCIAL ELECTRICS LIMITED,12611449,A_CEILING_HIT,"established 2020, total-exemption-full filer",ltd,corporate subscriber,2020-05-19,total-exemption-full,"accounts category, NOT turnover",43210,"5 Queen Street, Great Yarmouth, Norfolk",NR30 2QP,https://find-and-update.company-information.service.gov.uk/company/12611449,,TO BE ENRICHED — not held by Companies House,legitimate interests (LIA required before contact),Companies House public API,2026-07-12T04:39:22+00:00
RAMECO LTD,10787178,A_CEILING_HIT,"established 2017, total-exemption-full filer",ltd,corporate subscriber,2017-05-24,total-exemption-full,"accounts category, NOT turnover",41100; 41202; 43290; 43390,"Unit 2a Charlton Street, Grimsby, N E Lincolnshire",DN31 1SQ,https://find-and-update.company-information.service.gov.uk/company/10787178,,TO BE ENRICHED — not held by Companies House,legitimate interests (LIA required before contact),Companies House public API,2026-07-12T04:39:25+00:00
MARLIN SPRINKLER INSTALLATION LIMITED,SC334454,A_CEILING_HIT,"established 2007, total-exemption-full filer",ltd,corporate subscriber,2007-11-26,total-exemption-full,"accounts category, NOT turnover",43210,"36 Langlook Road, Crookston, Glasgow",G53 7NP,https://find-and-update.company-information.service.gov.uk/company/SC334454,,TO BE ENRICHED — not held by Companies House,legitimate interests (LIA required before contact),Companies House public API,2026-07-12T04:39:25+00:00
BELL DECORATING AND BUILDING LIMITED,05197475,A_CEILING_HIT,"established 2004, total-exemption-full filer",ltd,corporate subscriber,2004-08-04,total-exemption-full,"accounts category, NOT turnover",43220; 43341; 43910; 43999,"Norman Croft, 13 Bramber Road, London",W14 9PA,https://find-and-update.company-information.service.gov.uk/company/05197475,,TO BE ENRICHED — not held by Companies House,legitimate interests (LIA required before contact),Companies House public API,2026-07-12T04:39:30+00:00
DNS PLUMBING & ELECTRICAL LTD,08651608,A_CEILING_HIT,"established 2013, total-exemption-full filer",ltd,corporate subscriber,2013-08-15,total-exemption-full,"accounts category, NOT turnover",43220,"Abacus House, 68a North Street, Romford, Essex",RM1 1DA,https://find-and-update.company-information.service.gov.uk/company/08651608,,TO BE ENRICHED — not held by Companies House,legitimate interests (LIA required before contact),Companies House public API,2026-07-12T04:39:31+00:00
JW ELECTRICAL STAFFORDSHIRE LIMITED,09045449,A_CEILING_HIT,"established 2014, total-exemption-full filer",ltd,corporate subscriber,2014-05-19,total-exemption-full,"accounts category, NOT turnover",33140; 43210,"10 Carisbrooke Way, Stoke-On-Trent",ST4 8UR,https://find-and-update.company-information.service.gov.uk/company/09045449,,TO BE ENRICHED — not held by Companies House,legitimate interests (LIA required before contact),Companies House public API,2026-07-12T04:39:35+00:00
"A.G. MALLINSON GAS, PLUMBING & HEATING LIMITED",10722149,A_CEILING_HIT,"established 2017, total-exemption-full filer",ltd,corporate subscriber,2017-04-12,total-exemption-full,"accounts category, NOT turnover",43220,"16 Windsor Avenue, Gateshead",NE8 4NG,https://find-and-update.company-information.service.gov.uk/company/10722149,,TO BE ENRICHED — not held by Companies House,legitimate interests (LIA required before contact),Companies House public API,2026-07-12T04:39:38+00:00
BUNDY SERVICES LTD,12346378,A_CEILING_HIT,"established 2019, total-exemption-full filer",ltd,corporate subscriber,2019-12-03,total-exemption-full,"accounts category, NOT turnover",43210; 69202,"75 Endeavour Way, Hythe Marina Village, Southampton, Hampshire",SO45 6LA,https://find-and-update.company-information.service.gov.uk/company/12346378,,TO BE ENRICHED — not held by Companies House,legitimate interests (LIA required before contact),Companies House public API,2026-07-12T04:39:47+00:00
INTENSE GREEN LTD,11079227,A_CEILING_HIT,"established 2017, total-exemption-full filer",ltd,corporate subscriber,2017-11-23,total-exemption-full,"accounts category, NOT turnover",41201; 41202; 43220; 43290,"58 Starbank Road, Birmingham",B10 9LP,https://find-and-update.company-information.service.gov.uk/company/11079227,,TO BE ENRICHED — not held by Companies House,legitimate interests (LIA required before contact),Companies House public API,2026-07-12T04:39:48+00:00
HOPWOOD ELECTRICAL SOLUTIONS LTD,07265249,A_CEILING_HIT,"established 2010, total-exemption-full filer",ltd,corporate subscriber,2010-05-26,total-exemption-full,"accounts category, NOT turnover",43210,"The Charmwood Centre Southampton Road, Bartley, Southampton, Hampshire",SO40 2NA,https://find-and-update.company-information.service.gov.uk/company/07265249,,TO BE ENRICHED — not held by Companies House,legitimate interests (LIA required before contact),Companies House public API,2026-07-12T04:39:51+00:00
MDE ELECTRICAL SERVICES LTD,11056068,A_CEILING_HIT,"established 2017, total-exemption-full filer",ltd,corporate subscriber,2017-11-09,total-exemption-full,"accounts category, NOT turnover",43210,"296 Clipsley Lane, St. Helens",WA11 0JQ,https://find-and-update.company-information.service.gov.uk/company/11056068,,TO BE ENRICHED — not held by Companies House,legitimate interests (LIA required before contact),Companies House public API,2026-07-12T04:39:52+00:00
B BRILL PLUMBING AND HEATING LTD,10238050,A_CEILING_HIT,"established 2016, total-exemption-full filer",ltd,corporate subscriber,2016-06-17,total-exemption-full,"accounts category, NOT turnover",43220,"23 Clifton Moor, Oakhill, Milton Keynes",MK5 6FZ,https://find-and-update.company-information.service.gov.uk/company/10238050,,TO BE ENRICHED — not held by Companies House,legitimate interests (LIA required before contact),Companies House public API,2026-07-12T04:39:55+00:00
"H G BRUCE AND PARTNERS,LIMITED",00478700,A_CEILING_HIT,"established 1950, total-exemption-full filer",ltd,corporate subscriber,1950-02-24,total-exemption-full,"accounts category, NOT turnover",41100; 43220; 68209,"25 Nelson Road, Winchester, Hampshire",SO23 0QG,https://find-and-update.company-information.service.gov.uk/company/00478700,,TO BE ENRICHED — not held by Companies House,legitimate interests (LIA required before contact),Companies House public API,2026-07-12T04:39:55+00:00
ELEKTROWE SOLUTIONS LIMITED,11704747,A_CEILING_HIT,"established 2018, total-exemption-full filer",ltd,corporate subscriber,2018-11-30,total-exemption-full,"accounts category, NOT turnover",43210,"3 The Grove, Appley Bridge, Wigan, Lancashire",WN6 9HB,https://find-and-update.company-information.service.gov.uk/company/11704747,,TO BE ENRICHED — not held by Companies House,legitimate interests (LIA required before contact),Companies House public API,2026-07-12T04:39:57+00:00
J & B (ELECTRICAL) CONTRACTORS LIMITED,03399251,A_CEILING_HIT,"established 1997, total-exemption-full filer",ltd,corporate subscriber,1997-07-07,total-exemption-full,"accounts category, NOT turnover",43210,"142 Kingfield Road, Coventry",CV6 5PL,https://find-and-update.company-information.service.gov.uk/company/03399251,,TO BE ENRICHED — not held by Companies House,legitimate interests (LIA required before contact),Companies House public API,2026-07-12T04:39:59+00:00
STARKSTROM (SCOTLAND) LIMITED,SC536634,A_CEILING_HIT,"established 2016, total-exemption-full filer",ltd,corporate subscriber,2016-05-27,total-exemption-full,"accounts category, NOT turnover",43210,"3 Murray Street, Paisley, Renfrewshire",PA3 1QG,https://find-and-update.company-information.service.gov.uk/company/SC536634,,TO BE ENRICHED — not held by Companies House,legitimate interests (LIA required before contact),Companies House public API,2026-07-12T04:40:01+00:00
AUTO-VENT (STOKE-ON-TRENT) LTD,00469582,A_CEILING_HIT,"established 1949, total-exemption-full filer",ltd,corporate subscriber,1949-06-14,total-exemption-full,"accounts category, NOT turnover",43220,"First Floor Sandbach Road, Cobridge,, Stoke On Trent, Staffs",ST6 2DG,https://find-and-update.company-information.service.gov.uk/company/00469582,,TO BE ENRICHED — not held by Companies House,legitimate interests (LIA required before contact),Companies House public API,2026-07-12T04:40:02+00:00
PEAK ACCESS MAINTENANCE SOLUTIONS LIMITED,12189808,A_CEILING_HIT,"established 2019, unaudited-abridged filer",ltd,corporate subscriber,2019-09-04,unaudited-abridged,"accounts category, NOT turnover",43290,"2 Ferndale Road, Romford, Essex",RM5 3ER,https://find-and-update.company-information.service.gov.uk/company/12189808,,TO BE ENRICHED — not held by Companies House,legitimate interests (LIA required before contact),Companies House public API,2026-07-12T04:40:03+00:00
ADM ELECTRICAL & GAS LTD,11346019,A_CEILING_HIT,"established 2018, total-exemption-full filer",ltd,corporate subscriber,2018-05-04,total-exemption-full,"accounts category, NOT turnover",43210; 43220,"798 North Circular Road North Circular Road, London",NW2 7TD,https://find-and-update.company-information.service.gov.uk/company/11346019,,TO BE ENRICHED — not held by Companies House,legitimate interests (LIA required before contact),Companies House public API,2026-07-12T04:40:08+00:00
DANIEL HEATING LIMITED,05288989,A_CEILING_HIT,"established 2004, total-exemption-full filer",ltd,corporate subscriber,2004-11-17,total-exemption-full,"accounts category, NOT turnover",43220,"Bramlea, Balcombe Green, Sedlescombe, East Sussex",TN33 0QL,https://find-and-update.company-information.service.gov.uk/company/05288989,,TO BE ENRICHED — not held by Companies House,legitimate interests (LIA required before contact),Companies House public API,2026-07-12T04:40:09+00:00
GUS MACDONALD ELECTRICAL LTD.,SC289016,A_CEILING_HIT,"established 2005, total-exemption-full filer",ltd,corporate subscriber,2005-08-17,total-exemption-full,"accounts category, NOT turnover",43210,"47 Main Street, Callander, Perthshire",FK17 8DX,https://find-and-update.company-information.service.gov.uk/company/SC289016,,TO BE ENRICHED — not held by Companies House,legitimate interests (LIA required before contact),Companies House public API,2026-07-12T04:40:09+00:00
AEROCOM (UK) LIMITED,03981809,A_CEILING_HIT,"established 2000, small filer",ltd,corporate subscriber,2000-04-27,small,"accounts category, NOT turnover",43290,"12 Vickery Way, Chetwynd Business Park, Chilwell, Nottingham",NG9 6RY,https://find-and-update.company-information.service.gov.uk/company/03981809,,TO BE ENRICHED — not held by Companies House,legitimate interests (LIA required before contact),Companies House public API,2026-07-12T04:40:11+00:00
SPC HEATING LTD,09264486,A_CEILING_HIT,"established 2014, total-exemption-full filer",ltd,corporate subscriber,2014-10-15,total-exemption-full,"accounts category, NOT turnover",43220,"43 Oswald Road, Scunthorpe, South Humberside",DN15 7PN,https://find-and-update.company-information.service.gov.uk/company/09264486,,TO BE ENRICHED — not held by Companies House,legitimate interests (LIA required before contact),Companies House public API,2026-07-12T04:40:12+00:00
JC ELECTRICAL (BRIGHTON & HOVE) LTD,12858868,A_CEILING_HIT,"established 2020, total-exemption-full filer",ltd,corporate subscriber,2020-09-04,total-exemption-full,"accounts category, NOT turnover",43210,"77 Thornhill Rise, Portslade, Brighton",BN41 2YJ,https://find-and-update.company-information.service.gov.uk/company/12858868,,TO BE ENRICHED — not held by Companies House,legitimate interests (LIA required before contact),Companies House public API,2026-07-12T04:40:14+00:00
ATLAS KITCHENS LTD,SC410708,A_CEILING_HIT,"established 2011, total-exemption-full filer",ltd,corporate subscriber,2011-11-07,total-exemption-full,"accounts category, NOT turnover",43290; 43390; 43999; 47599,"120 Queen Margaret Drive, Glasgow",G20 8NZ,https://find-and-update.company-information.service.gov.uk/company/SC410708,,TO BE ENRICHED — not held by Companies House,legitimate interests (LIA required before contact),Companies House public API,2026-07-12T04:40:24+00:00
Q.B.D. LIMITED,04149062,A_CEILING_HIT,"established 2001, unaudited-abridged filer",ltd,corporate subscriber,2001-01-29,unaudited-abridged,"accounts category, NOT turnover",43290,"Unit 5 Church Farm Church Road, Leckhampton, Cheltenham",GL53 0QJ,https://find-and-update.company-information.service.gov.uk/company/04149062,,TO BE ENRICHED — not held by Companies House,legitimate interests (LIA required before contact),Companies House public API,2026-07-12T04:40:24+00:00
6 C'S MECHANICAL SERVICES LIMITED,08076070,A_CEILING_HIT,"established 2012, total-exemption-full filer",ltd,corporate subscriber,2012-05-21,total-exemption-full,"accounts category, NOT turnover",43220,"53 Juniper Way, Gainsborough",DN21 1GW,https://find-and-update.company-information.service.gov.uk/company/08076070,,TO BE ENRICHED — not held by Companies House,legitimate interests (LIA required before contact),Companies House public API,2026-07-12T04:40:26+00:00
A.D. PLUMBING & HEATING (NORTH WALES) LTD,11372859,A_CEILING_HIT,"established 2018, total-exemption-full filer",ltd,corporate subscriber,2018-05-21,total-exemption-full,"accounts category, NOT turnover",43220,"50 High Street, Mold, Flintshire",CH7 1BH,https://find-and-update.company-information.service.gov.uk/company/11372859,,TO BE ENRICHED — not held by Companies House,legitimate interests (LIA required before contact),Companies House public API,2026-07-12T04:40:28+00:00
J DREW & SON LIMITED,06260745,A_CEILING_HIT,"established 2007, total-exemption-full filer",ltd,corporate subscriber,2007-05-29,total-exemption-full,"accounts category, NOT turnover",43220,"28 Northgate, Walkington, Beverley",HU17 8ST,https://find-and-update.company-information.service.gov.uk/company/06260745,,TO BE ENRICHED — not held by Companies House,legitimate interests (LIA required before contact),Companies House public API,2026-07-12T04:40:33+00:00
M. B. AIR UK LTD,06012804,A_CEILING_HIT,"established 2006, total-exemption-full filer",ltd,corporate subscriber,2006-11-29,total-exemption-full,"accounts category, NOT turnover",43220,"The Old Bank The Triangle, Paulton, Bristol, Avon",BS39 7LE,https://find-and-update.company-information.service.gov.uk/company/06012804,,TO BE ENRICHED — not held by Companies House,legitimate interests (LIA required before contact),Companies House public API,2026-07-12T04:40:33+00:00
O&L CONSTRUCTION LTD,12615347,A_CEILING_HIT,"established 2020, total-exemption-full filer",ltd,corporate subscriber,2020-05-20,total-exemption-full,"accounts category, NOT turnover",43290,"14/2g Docklands Business Centre 10-16 Tiller Road, London",E14 8PX,https://find-and-update.company-information.service.gov.uk/company/12615347,,TO BE ENRICHED — not held by Companies House,legitimate interests (LIA required before contact),Companies House public API,2026-07-12T04:40:40+00:00
JOEGAV CONSULTANTS LTD,SC561436,A_CEILING_HIT,"established 2017, total-exemption-full filer",ltd,corporate subscriber,2017-03-24,total-exemption-full,"accounts category, NOT turnover",43290,"49 Beech Brae, Elgin, Moray",IV30 4NS,https://find-and-update.company-information.service.gov.uk/company/SC561436,,TO BE ENRICHED — not held by Companies House,legitimate interests (LIA required before contact),Companies House public API,2026-07-12T04:40:41+00:00
HEYWOOD FITTING SERVICES LTD,13450358,A_CEILING_HIT,"established 2021, total-exemption-full filer",ltd,corporate subscriber,2021-06-10,total-exemption-full,"accounts category, NOT turnover",43290,"Manor House, 35 St. Thomas's Road, Chorley",PR7 1HP,https://find-and-update.company-information.service.gov.uk/company/13450358,,TO BE ENRICHED — not held by Companies House,legitimate interests (LIA required before contact),Companies House public API,2026-07-12T04:40:44+00:00
BORDER LIME CONSTRUCTION LTD,11300000,A_CEILING_HIT,"established 2018, total-exemption-full filer",ltd,corporate subscriber,2018-04-09,total-exemption-full,"accounts category, NOT turnover",41100; 43290,"Laurel House, Kirkbride, Wigton, Cumbria",CA7 5JH,https://find-and-update.company-information.service.gov.uk/company/11300000,,TO BE ENRICHED — not held by Companies House,legitimate interests (LIA required before contact),Companies House public API,2026-07-12T04:40:45+00:00
J BARKER ELECTRICAL LTD,13419782,A_CEILING_HIT,"established 2021, total-exemption-full filer",ltd,corporate subscriber,2021-05-25,total-exemption-full,"accounts category, NOT turnover",43210,"17 Nalton Drive, Driffield, East Yorkshire",YO25 5GE,https://find-and-update.company-information.service.gov.uk/company/13419782,,TO BE ENRICHED — not held by Companies House,legitimate interests (LIA required before contact),Companies House public API,2026-07-12T04:40:52+00:00
"AMT MARSH PLUMBING, HEATING & GAS LTD",13419022,A_CEILING_HIT,"established 2021, unaudited-abridged filer",ltd,corporate subscriber,2021-05-25,unaudited-abridged,"accounts category, NOT turnover",43220,"2 Exeter Street, Cottingham, East Riding Of Yorkshire",HU16 4LU,https://find-and-update.company-information.service.gov.uk/company/13419022,,TO BE ENRICHED — not held by Companies House,legitimate interests (LIA required before contact),Companies House public API,2026-07-12T04:40:53+00:00
JED MASON PLUMBING AND HEATING LIMITED,09878090,A_CEILING_HIT,"established 2015, total-exemption-full filer",ltd,corporate subscriber,2015-11-18,total-exemption-full,"accounts category, NOT turnover",43220,"1 Barlow Road, Barnstaple",EX31 1TR,https://find-and-update.company-information.service.gov.uk/company/09878090,,TO BE ENRICHED — not held by Companies House,legitimate interests (LIA required before contact),Companies House public API,2026-07-12T04:40:54+00:00
WMB (MECHANICAL) LIMITED,07663146,A_CEILING_HIT,"established 2011, total-exemption-full filer",ltd,corporate subscriber,2011-06-09,total-exemption-full,"accounts category, NOT turnover",43220,"Ventures House, 11a Claremont Road, Salford, Lancashire",M6 7NW,https://find-and-update.company-information.service.gov.uk/company/07663146,,TO BE ENRICHED — not held by Companies House,legitimate interests (LIA required before contact),Companies House public API,2026-07-12T04:40:56+00:00
HEATING UP LTD,11764690,A_CEILING_HIT,"established 2019, total-exemption-full filer",ltd,corporate subscriber,2019-01-14,total-exemption-full,"accounts category, NOT turnover",43220,"68 Benett Drive, Hove",BN3 6UQ,https://find-and-update.company-information.service.gov.uk/company/11764690,,TO BE ENRICHED — not held by Companies House,legitimate interests (LIA required before contact),Companies House public API,2026-07-12T04:40:57+00:00
PLUMBING SOLUTIONS BY NE PLUMBING LIMITED,11357625,A_CEILING_HIT,"established 2018, total-exemption-full filer",ltd,corporate subscriber,2018-05-11,total-exemption-full,"accounts category, NOT turnover",43220,"20 Russell Avenue, Balderton, Newark",NG24 3BT,https://find-and-update.company-information.service.gov.uk/company/11357625,,TO BE ENRICHED — not held by Companies House,legitimate interests (LIA required before contact),Companies House public API,2026-07-12T04:41:00+00:00
JON WRIGHT ELECTRICAL LTD,06522629,A_CEILING_HIT,"established 2008, total-exemption-full filer",ltd,corporate subscriber,2008-03-04,total-exemption-full,"accounts category, NOT turnover",43210,"76 Meadow Brook, Wigan, Lancashire",WN5 8ED,https://find-and-update.company-information.service.gov.uk/company/06522629,,TO BE ENRICHED — not held by Companies House,legitimate interests (LIA required before contact),Companies House public API,2026-07-12T04:41:01+00:00
NORFOLK DRY WALL LIMITED,02380590,A_CEILING_HIT,"established 1989, total-exemption-full filer",ltd,corporate subscriber,1989-05-08,total-exemption-full,"accounts category, NOT turnover",43290,"The White House, High Street, Dereham, Norfolk",NR19 1DR,https://find-and-update.company-information.service.gov.uk/company/02380590,,TO BE ENRICHED — not held by Companies House,legitimate interests (LIA required before contact),Companies House public API,2026-07-12T04:41:03+00:00
G D A ELECTRICAL LIMITED,07025393,A_CEILING_HIT,"established 2009, total-exemption-full filer",ltd,corporate subscriber,2009-09-21,total-exemption-full,"accounts category, NOT turnover",43210,"79 Church Street, Langford, Biggleswade, Bedfordshire",SG18 9QA,https://find-and-update.company-information.service.gov.uk/company/07025393,,TO BE ENRICHED — not held by Companies House,legitimate interests (LIA required before contact),Companies House public API,2026-07-12T04:41:06+00:00
CHOICE CONSTRUCTION LIMITED,02612438,A_CEILING_HIT,"established 1991, total-exemption-full filer",ltd,corporate subscriber,1991-05-20,total-exemption-full,"accounts category, NOT turnover",43290,"The Maltings, Rosemary Lane, Halstead, Essex",CO9 1HZ,https://find-and-update.company-information.service.gov.uk/company/02612438,,TO BE ENRICHED — not held by Companies House,legitimate interests (LIA required before contact),Companies House public API,2026-07-12T04:41:07+00:00
BLUE WATER SYSTEMS LIMITED,08179757,A_CEILING_HIT,"established 2012, total-exemption-full filer",ltd,corporate subscriber,2012-08-14,total-exemption-full,"accounts category, NOT turnover",43220,"Hubspace, Devonshire House C/O Shenkers, Manor Way, Borehamwood, Hertfordshire",WD6 1QQ,https://find-and-update.company-information.service.gov.uk/company/08179757,,TO BE ENRICHED — not held by Companies House,legitimate interests (LIA required before contact),Companies House public API,2026-07-12T04:41:08+00:00
EDWARDS ELECTRICAL INSTALLATIONS LTD,11995566,A_CEILING_HIT,"established 2019, total-exemption-full filer",ltd,corporate subscriber,2019-05-14,total-exemption-full,"accounts category, NOT turnover",33140; 43210; 71200,"6 Moorland Road, Biddulph, Staffordshire",ST8 6EW,https://find-and-update.company-information.service.gov.uk/company/11995566,,TO BE ENRICHED — not held by Companies House,legitimate interests (LIA required before contact),Companies House public API,2026-07-12T04:41:09+00:00
PERFA LIMITED,09646148,A_CEILING_HIT,"established 2015, total-exemption-full filer",ltd,corporate subscriber,2015-06-18,total-exemption-full,"accounts category, NOT turnover",43290,"Unit 5, Joe Pole Storage, Claycliffe Road, Barnsley, South Yorkshire",S75 1HS,https://find-and-update.company-information.service.gov.uk/company/09646148,,TO BE ENRICHED — not held by Companies House,legitimate interests (LIA required before contact),Companies House public API,2026-07-12T04:41:10+00:00
WARD AIR SYSTEMS LIMITED,04486982,A_CEILING_HIT,"established 2002, total-exemption-full filer",ltd,corporate subscriber,2002-07-16,total-exemption-full,"accounts category, NOT turnover",43220,"15 The Waterways, Stratford-Upon-Avon",CV37 0AW,https://find-and-update.company-information.service.gov.uk/company/04486982,,TO BE ENRICHED — not held by Companies House,legitimate interests (LIA required before contact),Companies House public API,2026-07-12T04:41:11+00:00
AC ELECTRICAL CONTRACTS (UK) LTD,06623965,A_CEILING_HIT,"established 2008, total-exemption-full filer",ltd,corporate subscriber,2008-06-18,total-exemption-full,"accounts category, NOT turnover",43210,"195a Kenton Road, Harrow, Middlesex",HA3 0HD,https://find-and-update.company-information.service.gov.uk/company/06623965,,TO BE ENRICHED — not held by Companies House,legitimate interests (LIA required before contact),Companies House public API,2026-07-12T04:41:24+00:00
JOHN CLAYTON ELECTRICAL SERVICES LTD,10210976,A_CEILING_HIT,"established 2016, total-exemption-full filer",ltd,corporate subscriber,2016-06-02,total-exemption-full,"accounts category, NOT turnover",43210,"Greensyke Barn Moss End Lane, Cowling, Keighley",BD22 0NA,https://find-and-update.company-information.service.gov.uk/company/10210976,,TO BE ENRICHED — not held by Companies House,legitimate interests (LIA required before contact),Companies House public API,2026-07-12T04:41:25+00:00
FJB HEATING LIMITED,11217068,A_CEILING_HIT,"established 2018, unaudited-abridged filer",ltd,corporate subscriber,2018-02-21,unaudited-abridged,"accounts category, NOT turnover",43220,"1 Derby Road, Eastwood, Nottingham",NG16 3PA,https://find-and-update.company-information.service.gov.uk/company/11217068,,TO BE ENRICHED — not held by Companies House,legitimate interests (LIA required before contact),Companies House public API,2026-07-12T04:41:26+00:00
SHELTER TECH UK LIMITED,07207434,A_CEILING_HIT,"established 2010, total-exemption-full filer",ltd,corporate subscriber,2010-03-30,total-exemption-full,"accounts category, NOT turnover",42910; 43220,"Suite A Island Site, Eskdale Road, Uxbridge, Middlesex",UB8 2RT,https://find-and-update.company-information.service.gov.uk/company/07207434,,TO BE ENRICHED — not held by Companies House,legitimate interests (LIA required before contact),Companies House public API,2026-07-12T04:41:29+00:00
DAVID HARCOURT LTD,06762949,A_CEILING_HIT,"established 2008, total-exemption-full filer",ltd,corporate subscriber,2008-12-02,total-exemption-full,"accounts category, NOT turnover",43220,"Laingsmead Farm Steeple Road, Mayland, Chelmsford",CM3 6BB,https://find-and-update.company-information.service.gov.uk/company/06762949,,TO BE ENRICHED — not held by Companies House,legitimate interests (LIA required before contact),Companies House public API,2026-07-12T04:41:30+00:00
BESPOKE CEILINGS AND INTERIORS LTD,06267968,A_CEILING_HIT,"established 2007, total-exemption-full filer",ltd,corporate subscriber,2007-06-04,total-exemption-full,"accounts category, NOT turnover",43290; 43390,"39 Dunninc Road, Sheffield",S5 0AE,https://find-and-update.company-information.service.gov.uk/company/06267968,,TO BE ENRICHED — not held by Companies House,legitimate interests (LIA required before contact),Companies House public API,2026-07-12T04:41:32+00:00
LARDNER LOCKSMITHS LIMITED,09030441,A_CEILING_HIT,"established 2014, unaudited-abridged filer",ltd,corporate subscriber,2014-05-08,unaudited-abridged,"accounts category, NOT turnover",43290,"8 Woodside Way, Croydon",CR0 7AT,https://find-and-update.company-information.service.gov.uk/company/09030441,,TO BE ENRICHED — not held by Companies House,legitimate interests (LIA required before contact),Companies House public API,2026-07-12T04:41:33+00:00
BJK SHOP EQUIPMENT LIMITED,06337840,A_CEILING_HIT,"established 2007, total-exemption-full filer",ltd,corporate subscriber,2007-08-08,total-exemption-full,"accounts category, NOT turnover",43290,"Adams & Moore House, Instone Road, Dartford",DA1 2AG,https://find-and-update.company-information.service.gov.uk/company/06337840,,TO BE ENRICHED — not held by Companies House,legitimate interests (LIA required before contact),Companies House public API,2026-07-12T04:41:34+00:00
BRIGHT LIGHT PLUMBING SERVICES LIMITED,10790937,A_CEILING_HIT,"established 2017, total-exemption-full filer",ltd,corporate subscriber,2017-05-26,total-exemption-full,"accounts category, NOT turnover",43220,"C/O 53b Plashet Grove, London",E6 1AD,https://find-and-update.company-information.service.gov.uk/company/10790937,,TO BE ENRICHED — not held by Companies House,legitimate interests (LIA required before contact),Companies House public API,2026-07-12T04:41:35+00:00
O.H INSTALLATIONS LTD,11446824,A_CEILING_HIT,"established 2018, total-exemption-full filer",ltd,corporate subscriber,2018-07-03,total-exemption-full,"accounts category, NOT turnover",43290,"8 Rushden Close .Upper Norwood . Rushden Close, Upper Norwood, London, United Kingdom",SE19 3QB,https://find-and-update.company-information.service.gov.uk/company/11446824,,TO BE ENRICHED — not held by Companies House,legitimate interests (LIA required before contact),Companies House public API,2026-07-12T04:41:37+00:00
S D G ELECTRICAL SERVICES LIMITED,05594858,A_CEILING_HIT,"established 2005, total-exemption-full filer",ltd,corporate subscriber,2005-10-17,total-exemption-full,"accounts category, NOT turnover",43210,"C/O Pembury Clarke Associates Ltd Thames Innovation Centre, 2 Veridion Way, Erith, Kent",DA18 4AL,https://find-and-update.company-information.service.gov.uk/company/05594858,,TO BE ENRICHED — not held by Companies House,legitimate interests (LIA required before contact),Companies House public API,2026-07-12T04:41:44+00:00
DAL TECHNICAL SERVICES LIMITED,05807873,A_CEILING_HIT,"established 2006, total-exemption-full filer",ltd,corporate subscriber,2006-05-05,total-exemption-full,"accounts category, NOT turnover",43290,"14 Crown Close, Formby, Liverpool, Merseyside",L37 4ET,https://find-and-update.company-information.service.gov.uk/company/05807873,,TO BE ENRICHED — not held by Companies House,legitimate interests (LIA required before contact),Companies House public API,2026-07-12T04:41:44+00:00
CUPRUM ELECTRICAL LIMITED,11980545,A_CEILING_HIT,"established 2019, unaudited-abridged filer",ltd,corporate subscriber,2019-05-07,unaudited-abridged,"accounts category, NOT turnover",43210,"Yacoob Malik & Co., Brighton Range, Manchester",M18 7LP,https://find-and-update.company-information.service.gov.uk/company/11980545,,TO BE ENRICHED — not held by Companies House,legitimate interests (LIA required before contact),Companies House public API,2026-07-12T04:41:45+00:00
BFB NORTH WEST LTD,11632709,A_CEILING_HIT,"established 2018, total-exemption-full filer",ltd,corporate subscriber,2018-10-19,total-exemption-full,"accounts category, NOT turnover",43290; 43390; 43999; 49410,"142 Guernsey Road, Liverpool",L13 6RY,https://find-and-update.company-information.service.gov.uk/company/11632709,,TO BE ENRICHED — not held by Companies House,legitimate interests (LIA required before contact),Companies House public API,2026-07-12T04:41:46+00:00
SLINGSBY INTERIORS LIMITED,05508430,A_CEILING_HIT,"established 2005, total-exemption-full filer",ltd,corporate subscriber,2005-07-14,total-exemption-full,"accounts category, NOT turnover",43220,"Slingsby Interiors, Peirson Street, Redcar",TS10 1SW,https://find-and-update.company-information.service.gov.uk/company/05508430,,TO BE ENRICHED — not held by Companies House,legitimate interests (LIA required before contact),Companies House public API,2026-07-12T04:41:47+00:00
WE POWER HOLDINGS LTD,12762786,A_CEILING_HIT,"established 2020, total-exemption-full filer",ltd,corporate subscriber,2020-07-23,total-exemption-full,"accounts category, NOT turnover",33140; 43210; 47910,"Airedale House, Wagon Lane, Bingley, West Yorkshire",BD16 1WA,https://find-and-update.company-information.service.gov.uk/company/12762786,,TO BE ENRICHED — not held by Companies House,legitimate interests (LIA required before contact),Companies House public API,2026-07-12T04:41:48+00:00
FMJ SOLUTIONS LIMITED,12453928,A_CEILING_HIT,"established 2020, total-exemption-full filer",ltd,corporate subscriber,2020-02-10,total-exemption-full,"accounts category, NOT turnover",43210,"Unit 1 London Road, Twyford, Reading, Berkshire",RG10 9TZ,https://find-and-update.company-information.service.gov.uk/company/12453928,,TO BE ENRICHED — not held by Companies House,legitimate interests (LIA required before contact),Companies House public API,2026-07-12T04:41:51+00:00
GREEN ECO SOLAR SOLUTIONS LTD,08095745,A_CEILING_HIT,"established 2012, unaudited-abridged filer",ltd,corporate subscriber,2012-06-07,unaudited-abridged,"accounts category, NOT turnover",43290; 74901,"4e The Lanterns, 16 Melbourn Street, Royston",SG8 7BX,https://find-and-update.company-information.service.gov.uk/company/08095745,,TO BE ENRICHED — not held by Companies House,legitimate interests (LIA required before contact),Companies House public API,2026-07-12T04:41:51+00:00
JOHN PEARMAIN LIMITED,04450704,A_CEILING_HIT,"established 2002, total-exemption-full filer",ltd,corporate subscriber,2002-05-29,total-exemption-full,"accounts category, NOT turnover",43220,"2 Tower House, Tower Centre, Hoddesdon, Hertfordshire",EN11 8UR,https://find-and-update.company-information.service.gov.uk/company/04450704,,TO BE ENRICHED — not held by Companies House,legitimate interests (LIA required before contact),Companies House public API,2026-07-12T04:41:52+00:00
MARVEL ELECTRICAL LIMITED,09256052,A_CEILING_HIT,"established 2014, total-exemption-full filer",ltd,corporate subscriber,2014-10-09,total-exemption-full,"accounts category, NOT turnover",43210,"105 Seven Sisters Road, London",N7 7QR,https://find-and-update.company-information.service.gov.uk/company/09256052,,TO BE ENRICHED — not held by Companies House,legitimate interests (LIA required before contact),Companies House public API,2026-07-12T04:41:53+00:00
RGH GAS LIMITED,09573913,A_CEILING_HIT,"established 2015, total-exemption-full filer",ltd,corporate subscriber,2015-05-05,total-exemption-full,"accounts category, NOT turnover",43220,"Battery 1 Kensham Farm Cadmore End, Lane End, High Wycombe",HP14 3PR,https://find-and-update.company-information.service.gov.uk/company/09573913,,TO BE ENRICHED — not held by Companies House,legitimate interests (LIA required before contact),Companies House public API,2026-07-12T04:41:55+00:00
ORACLE SURVEILLANCE LTD,06921739,A_CEILING_HIT,"established 2009, unaudited-abridged filer",ltd,corporate subscriber,2009-06-02,unaudited-abridged,"accounts category, NOT turnover",43210,"321 Main Street, Calverton, Nottingham",NG14 6LT,https://find-and-update.company-information.service.gov.uk/company/06921739,,TO BE ENRICHED — not held by Companies House,legitimate interests (LIA required before contact),Companies House public API,2026-07-12T04:41:58+00:00
FARR PLUMBING & HEATING LTD,13074202,A_CEILING_HIT,"established 2020, unaudited-abridged filer",ltd,corporate subscriber,2020-12-09,unaudited-abridged,"accounts category, NOT turnover",43220,"40 Melton Road, First Floor (Unit 2), Oakham, Rutland",LE15 6AY,https://find-and-update.company-information.service.gov.uk/company/13074202,,TO BE ENRICHED — not held by Companies House,legitimate interests (LIA required before contact),Companies House public API,2026-07-12T04:42:05+00:00
NANTWICH ELECTRICAL LIMITED,04815365,A_CEILING_HIT,"established 2003, total-exemption-full filer",ltd,corporate subscriber,2003-06-30,total-exemption-full,"accounts category, NOT turnover",43210,"20 Harvey Avenue, Nantwich, Cheshire",CW5 6LE,https://find-and-update.company-information.service.gov.uk/company/04815365,,TO BE ENRICHED — not held by Companies House,legitimate interests (LIA required before contact),Companies House public API,2026-07-12T04:42:07+00:00
GLOBAL CONSULTANCY AND PROPERTY MANAGEMENT LTD,11136318,A_CEILING_HIT,"established 2018, total-exemption-full filer",ltd,corporate subscriber,2018-01-08,total-exemption-full,"accounts category, NOT turnover",41100; 43220; 43330; 43341,"26 Havengore Avenue, Gravesend, Kent",DA12 2QP,https://find-and-update.company-information.service.gov.uk/company/11136318,,TO BE ENRICHED — not held by Companies House,legitimate interests (LIA required before contact),Companies House public API,2026-07-12T04:42:07+00:00
MILLHEAD ESTATES LIMITED,03898688,A_CEILING_HIT,"established 1999, total-exemption-full filer",ltd,corporate subscriber,1999-12-22,total-exemption-full,"accounts category, NOT turnover",43290; 68209,"Charter House 105 Leigh Road, Leigh On Sea, Essex",SS9 1JL,https://find-and-update.company-information.service.gov.uk/company/03898688,,TO BE ENRICHED — not held by Companies House,legitimate interests (LIA required before contact),Companies House public API,2026-07-12T04:42:08+00:00
HR ELECTRICS (UK) LTD,09043299,A_CEILING_HIT,"established 2014, total-exemption-full filer",ltd,corporate subscriber,2014-05-16,total-exemption-full,"accounts category, NOT turnover",43210,"95 Booths Lane, Birmingham",B42 2RG,https://find-and-update.company-information.service.gov.uk/company/09043299,,TO BE ENRICHED — not held by Companies House,legitimate interests (LIA required before contact),Companies House public API,2026-07-12T04:42:10+00:00
COMMAND ELECTRICAL LTD,08058437,A_CEILING_HIT,"established 2012, total-exemption-full filer",ltd,corporate subscriber,2012-05-04,total-exemption-full,"accounts category, NOT turnover",43210,"133 Hastings Road, Bromley",BR2 8NH,https://find-and-update.company-information.service.gov.uk/company/08058437,,TO BE ENRICHED — not held by Companies House,legitimate interests (LIA required before contact),Companies House public API,2026-07-12T04:42:12+00:00
NUGLAZE HOME SERVICES LTD,07621418,A_CEILING_HIT,"established 2011, total-exemption-full filer",ltd,corporate subscriber,2011-05-04,total-exemption-full,"accounts category, NOT turnover",43290,"Unit 32 Hobbs Industrial Estate, Newchapel, Lingfield, Surrey",RH7 6HN,https://find-and-update.company-information.service.gov.uk/company/07621418,,TO BE ENRICHED — not held by Companies House,legitimate interests (LIA required before contact),Companies House public API,2026-07-12T04:42:13+00:00
A R R ELECTRICAL LIMITED,06895299,A_CEILING_HIT,"established 2009, total-exemption-full filer",ltd,corporate subscriber,2009-05-05,total-exemption-full,"accounts category, NOT turnover",43210,"Sherwood House, 7 Gregory Boulevard, Nottingham",NG7 6LB,https://find-and-update.company-information.service.gov.uk/company/06895299,,TO BE ENRICHED — not held by Companies House,legitimate interests (LIA required before contact),Companies House public API,2026-07-12T04:42:14+00:00
C. AITKEN BUILDERS LIMITED,03159852,A_CEILING_HIT,"established 1996, total-exemption-full filer",ltd,corporate subscriber,1996-02-15,total-exemption-full,"accounts category, NOT turnover",41202; 43210,"12 Northfields Prospect, Putney Bridge Road, London",SW18 1PE,https://find-and-update.company-information.service.gov.uk/company/03159852,,TO BE ENRICHED — not held by Companies House,legitimate interests (LIA required before contact),Companies House public API,2026-07-12T04:42:15+00:00
DRIFIX LIMITED,05225214,A_CEILING_HIT,"established 2004, total-exemption-full filer",ltd,corporate subscriber,2004-09-08,total-exemption-full,"accounts category, NOT turnover",43220,"27 Oakgrove Gardens, Bishopstoke, Eastleigh, Hampshire",SO50 6LZ,https://find-and-update.company-information.service.gov.uk/company/05225214,,TO BE ENRICHED — not held by Companies House,legitimate interests (LIA required before contact),Companies House public API,2026-07-12T04:42:16+00:00
WYMTEK HEATING AND PLUMBING LTD,11397068,A_CEILING_HIT,"established 2018, total-exemption-full filer",ltd,corporate subscriber,2018-06-04,total-exemption-full,"accounts category, NOT turnover",43220,"18 Willow Herb Walk, Wymondham, Norfolk",NR18 0XU,https://find-and-update.company-information.service.gov.uk/company/11397068,,TO BE ENRICHED — not held by Companies House,legitimate interests (LIA required before contact),Companies House public API,2026-07-12T04:42:21+00:00
AGS QUALITY CONSTRUCTION LTD,06135913,A_CEILING_HIT,"established 2007, total-exemption-full filer",ltd,corporate subscriber,2007-03-05,total-exemption-full,"accounts category, NOT turnover",43290; 43390,"113 Havant Road, Emsworth, Hampshire",PO10 7LG,https://find-and-update.company-information.service.gov.uk/company/06135913,,TO BE ENRICHED — not held by Companies House,legitimate interests (LIA required before contact),Companies House public API,2026-07-12T04:42:24+00:00
BURNBEAM LIMITED,01184815,A_CEILING_HIT,"established 1974, total-exemption-full filer",ltd,corporate subscriber,1974-09-23,total-exemption-full,"accounts category, NOT turnover",43290,"12, Eastgate Rd,, Holmes Chapel, Cheshire",CW4 7BW,https://find-and-update.company-information.service.gov.uk/company/01184815,,TO BE ENRICHED — not held by Companies House,legitimate interests (LIA required before contact),Companies House public API,2026-07-12T04:42:26+00:00
ELMDON PIPEWORK INSTALLATIONS LIMITED,06280849,A_CEILING_HIT,"established 2007, total-exemption-full filer",ltd,corporate subscriber,2007-06-15,total-exemption-full,"accounts category, NOT turnover",43290,"24 Parkdale Road, Birmingham",B26 3UT,https://find-and-update.company-information.service.gov.uk/company/06280849,,TO BE ENRICHED — not held by Companies House,legitimate interests (LIA required before contact),Companies House public API,2026-07-12T04:42:26+00:00
THE BATHROOM PLACE LTD,13381291,A_CEILING_HIT,"established 2021, total-exemption-full filer",ltd,corporate subscriber,2021-05-07,total-exemption-full,"accounts category, NOT turnover",43290,"Norfolk House Hamlin Way, Hardwick Narrows, King's Lynn, Norfolk",PE30 4NG,https://find-and-update.company-information.service.gov.uk/company/13381291,,TO BE ENRICHED — not held by Companies House,legitimate interests (LIA required before contact),Companies House public API,2026-07-12T04:42:28+00:00
EBA CLIMATE LIMITED,06838783,A_CEILING_HIT,"established 2009, total-exemption-full filer",ltd,corporate subscriber,2009-03-06,total-exemption-full,"accounts category, NOT turnover",43220,"Unit 3 Near Bank, Shelley, Huddersfield",HD8 8LS,https://find-and-update.company-information.service.gov.uk/company/06838783,,TO BE ENRICHED — not held by Companies House,legitimate interests (LIA required before contact),Companies House public API,2026-07-12T04:42:30+00:00
POLISHINTERIOR UK LIMITED,09618103,A_CEILING_HIT,"established 2015, total-exemption-full filer",ltd,corporate subscriber,2015-06-02,total-exemption-full,"accounts category, NOT turnover",43290,"Fifteen Rosehill Montgomery Way, Rosehill Estate, Carlisle, Cumbria",CA1 2RW,https://find-and-update.company-information.service.gov.uk/company/09618103,,TO BE ENRICHED — not held by Companies House,legitimate interests (LIA required before contact),Companies House public API,2026-07-12T04:42:37+00:00
SILVESTERS ELECTRICAL CONTRACTORS LTD,07272957,A_CEILING_HIT,"established 2010, total-exemption-full filer",ltd,corporate subscriber,2010-06-03,total-exemption-full,"accounts category, NOT turnover",43210,"Whitby Court, Shepley, Huddersfield, West Yorkshire",HD8 8EL,https://find-and-update.company-information.service.gov.uk/company/07272957,,TO BE ENRICHED — not held by Companies House,legitimate interests (LIA required before contact),Companies House public API,2026-07-12T04:42:39+00:00
AEM PLUMBING & HEATING SERVICES LIMITED,07635745,A_CEILING_HIT,"established 2011, total-exemption-full filer",ltd,corporate subscriber,2011-05-16,total-exemption-full,"accounts category, NOT turnover",43220,"94a Blackburn Avenue, Wolverhampton, West Midlands",WV6 9LQ,https://find-and-update.company-information.service.gov.uk/company/07635745,,TO BE ENRICHED — not held by Companies House,legitimate interests (LIA required before contact),Companies House public API,2026-07-12T04:42:40+00:00
DMW ELECTRICAL SERVICES LTD,11061143,A_CEILING_HIT,"established 2017, total-exemption-full filer",ltd,corporate subscriber,2017-11-13,total-exemption-full,"accounts category, NOT turnover",43210,"10 Beech Court Wokingham Road, Hurst, Berkshire",RG10 0RQ,https://find-and-update.company-information.service.gov.uk/company/11061143,,TO BE ENRICHED — not held by Companies House,legitimate interests (LIA required before contact),Companies House public API,2026-07-12T04:42:41+00:00
HALLAM PLUMBING & GAS LIMITED,06917095,A_CEILING_HIT,"established 2009, unaudited-abridged filer",ltd,corporate subscriber,2009-05-27,unaudited-abridged,"accounts category, NOT turnover",43220,"8 Beeston Close, Bestwood Village, Nottingham, Nottinghamshire",NG6 8XG,https://find-and-update.company-information.service.gov.uk/company/06917095,,TO BE ENRICHED — not held by Companies House,legitimate interests (LIA required before contact),Companies House public API,2026-07-12T04:42:43+00:00
R & R PROPERTY MAINTENANCE SERVICES LTD,12607043,A_CEILING_HIT,"established 2020, total-exemption-full filer",ltd,corporate subscriber,2020-05-18,total-exemption-full,"accounts category, NOT turnover",43290; 43341; 81299,"22 Ventnor Close, Eastbourne",BN23 8EB,https://find-and-update.company-information.service.gov.uk/company/12607043,,TO BE ENRICHED — not held by Companies House,legitimate interests (LIA required before contact),Companies House public API,2026-07-12T04:42:45+00:00
RICHARD M. MACKENZIE LTD.,SC237350,A_CEILING_HIT,"established 2002, total-exemption-full filer",ltd,corporate subscriber,2002-09-25,total-exemption-full,"accounts category, NOT turnover",43210,"10 Knockbreck Street, Tain, Ross Shire",IV19 1BJ,https://find-and-update.company-information.service.gov.uk/company/SC237350,,TO BE ENRICHED — not held by Companies House,legitimate interests (LIA required before contact),Companies House public API,2026-07-12T04:42:46+00:00
SMW ENERGY LIMITED,07699851,A_CEILING_HIT,"established 2011, total-exemption-full filer",ltd,corporate subscriber,2011-07-11,total-exemption-full,"accounts category, NOT turnover",43210,"8 Windmill Field, Abbeymead, Gloucester, Gloucestershire",GL4 4RQ,https://find-and-update.company-information.service.gov.uk/company/07699851,,TO BE ENRICHED — not held by Companies House,legitimate interests (LIA required before contact),Companies House public API,2026-07-12T04:42:47+00:00
CALDER TEMPERATURE CONTROLS LIMITED,05117298,A_CEILING_HIT,"established 2004, total-exemption-full filer",ltd,corporate subscriber,2004-05-04,total-exemption-full,"accounts category, NOT turnover",25990; 27900; 43210,"Quebec Works, Elland Lane, Elland",HX5 9DU,https://find-and-update.company-information.service.gov.uk/company/05117298,,TO BE ENRICHED — not held by Companies House,legitimate interests (LIA required before contact),Companies House public API,2026-07-12T04:42:48+00:00
DEVON PLUMBING SOLUTIONS LIMITED,07624941,A_CEILING_HIT,"established 2011, total-exemption-full filer",ltd,corporate subscriber,2011-05-06,total-exemption-full,"accounts category, NOT turnover",43220,"Unit 12 Exeter Business Centre, Marsh Green Road West, Exeter",EX2 8PN,https://find-and-update.company-information.service.gov.uk/company/07624941,,TO BE ENRICHED — not held by Companies House,legitimate interests (LIA required before contact),Companies House public API,2026-07-12T04:42:52+00:00
ENGINEERING SOLUTIONS & AUTOMATION LIMITED,03781279,A_CEILING_HIT,"established 1999, unaudited-abridged filer",ltd,corporate subscriber,1999-06-02,unaudited-abridged,"accounts category, NOT turnover",43210; 62090; 70229; 82990,"A1 Penrhyn Court Penrhyn Road, Knowsley Business Park, Prescot",L34 9AB,https://find-and-update.company-information.service.gov.uk/company/03781279,,TO BE ENRICHED — not held by Companies House,legitimate interests (LIA required before contact),Companies House public API,2026-07-12T04:42:55+00:00
JJR SERVICES (UK) LIMITED,08843693,A_CEILING_HIT,"established 2014, total-exemption-full filer",ltd,corporate subscriber,2014-01-14,total-exemption-full,"accounts category, NOT turnover",43220,"Office 7 Solopark House Station Road, Pampisford, Cambridge",CB22 3HB,https://find-and-update.company-information.service.gov.uk/company/08843693,,TO BE ENRICHED — not held by Companies House,legitimate interests (LIA required before contact),Companies House public API,2026-07-12T04:42:57+00:00
THAMES VALLEY INSULATION LIMITED,10358805,A_CEILING_HIT,"established 2016, total-exemption-full filer",ltd,corporate subscriber,2016-09-05,total-exemption-full,"accounts category, NOT turnover",43290,"Unit 8, Elderway Waterside Drive, Langley, Slough",SL3 6EP,https://find-and-update.company-information.service.gov.uk/company/10358805,,TO BE ENRICHED — not held by Companies House,legitimate interests (LIA required before contact),Companies House public API,2026-07-12T04:42:57+00:00
21 DEGREES HEATING LIMITED,05140422,A_CEILING_HIT,"established 2004, unaudited-abridged filer",ltd,corporate subscriber,2004-05-28,unaudited-abridged,"accounts category, NOT turnover",43220,"Janay Sec Suite 2, Unit 2 Bradburys Court, Lyon Road, Harrow, Middlesex",HA1 2BY,https://find-and-update.company-information.service.gov.uk/company/05140422,,TO BE ENRICHED — not held by Companies House,legitimate interests (LIA required before contact),Companies House public API,2026-07-12T04:42:58+00:00
COOLWAYS LONDON LTD,11280717,A_CEILING_HIT,"established 2018, total-exemption-full filer",ltd,corporate subscriber,2018-03-28,total-exemption-full,"accounts category, NOT turnover",43220; 74100,"135 Aboyne Road, London",NW10 0EY,https://find-and-update.company-information.service.gov.uk/company/11280717,,TO BE ENRICHED — not held by Companies House,legitimate interests (LIA required before contact),Companies House public API,2026-07-12T04:43:00+00:00
BREARLEY CONTRACTING LIMITED,12615917,A_CEILING_HIT,"established 2020, unaudited-abridged filer",ltd,corporate subscriber,2020-05-21,unaudited-abridged,"accounts category, NOT turnover",43210,"7 Spring Valley Close, Bramley, Leeds, West Yorkshire",LS13 4RT,https://find-and-update.company-information.service.gov.uk/company/12615917,,TO BE ENRICHED — not held by Companies House,legitimate interests (LIA required before contact),Companies House public API,2026-07-12T04:43:01+00:00
ABBEY INTERIORS LTD,11516101,A_CEILING_HIT,"established 2018, total-exemption-full filer",ltd,corporate subscriber,2018-08-14,total-exemption-full,"accounts category, NOT turnover",43290,"Xeinadin Manchester, 100 Barbirolli Square, Manchester",M2 3BD,https://find-and-update.company-information.service.gov.uk/company/11516101,,TO BE ENRICHED — not held by Companies House,legitimate interests (LIA required before contact),Companies House public API,2026-07-12T04:43:01+00:00
J & H PLUMBING AND HEATING LIMITED,07116967,A_CEILING_HIT,"established 2010, total-exemption-full filer",ltd,corporate subscriber,2010-01-05,total-exemption-full,"accounts category, NOT turnover",43220,"19 Coniston Way, Macclesfield, Cheshire",SK11 7XR,https://find-and-update.company-information.service.gov.uk/company/07116967,,TO BE ENRICHED — not held by Companies House,legitimate interests (LIA required before contact),Companies House public API,2026-07-12T04:43:05+00:00
LCS ELECTRICAL LIMITED,NI059470,A_CEILING_HIT,"established 2006, unaudited-abridged filer",ltd,corporate subscriber,2006-05-26,unaudited-abridged,"accounts category, NOT turnover",43210,"18 Glenvale, Glenariffe, Ballymena",BT44 0RW,https://find-and-update.company-information.service.gov.uk/company/NI059470,,TO BE ENRICHED — not held by Companies House,legitimate interests (LIA required before contact),Companies House public API,2026-07-12T04:43:10+00:00
ADVANCED ENGINEERING GROUP LTD,NI618309,A_CEILING_HIT,"established 2013, unaudited-abridged filer",ltd,corporate subscriber,2013-05-09,unaudited-abridged,"accounts category, NOT turnover",43210,"19a Crocknacor Road, Omagh",BT79 0JS,https://find-and-update.company-information.service.gov.uk/company/NI618309,,TO BE ENRICHED — not held by Companies House,legitimate interests (LIA required before contact),Companies House public API,2026-07-12T04:43:11+00:00
BLAIR HEATING & PLUMBING SERVICES LIMITED,04764997,A_CEILING_HIT,"established 2003, total-exemption-full filer",ltd,corporate subscriber,2003-05-15,total-exemption-full,"accounts category, NOT turnover",43220,"18 Brockford Glade, Dothill Telford, Salop",TF1 3PX,https://find-and-update.company-information.service.gov.uk/company/04764997,,TO BE ENRICHED — not held by Companies House,legitimate interests (LIA required before contact),Companies House public API,2026-07-12T04:43:12+00:00
ROTHWELL GROUP LTD,04444083,A_CEILING_HIT,"established 2002, total-exemption-full filer",ltd,corporate subscriber,2002-05-21,total-exemption-full,"accounts category, NOT turnover",43210,"Unit 3 Yorvale Business Park, Hazel Court, York",YO10 3DR,https://find-and-update.company-information.service.gov.uk/company/04444083,,TO BE ENRICHED — not held by Companies House,legitimate interests (LIA required before contact),Companies House public API,2026-07-12T04:43:14+00:00
ANGLESEY PIPES SERVICES LIMITED,06597231,A_CEILING_HIT,"established 2008, total-exemption-full filer",ltd,corporate subscriber,2008-05-20,total-exemption-full,"accounts category, NOT turnover",43220,"10 Croft House Drive, Morley, Leeds",LS27 8NU,https://find-and-update.company-information.service.gov.uk/company/06597231,,TO BE ENRICHED — not held by Companies House,legitimate interests (LIA required before contact),Companies House public API,2026-07-12T04:43:14+00:00
EUROPEAN REAL ESTATE GROUP LTD,09511868,A_CEILING_HIT,"established 2015, unaudited-abridged filer",ltd,corporate subscriber,2015-03-26,unaudited-abridged,"accounts category, NOT turnover",43210,"124 City Road, London",EC1V 2NX,https://find-and-update.company-information.service.gov.uk/company/09511868,,TO BE ENRICHED — not held by Companies House,legitimate interests (LIA required before contact),Companies House public API,2026-07-12T04:43:15+00:00
C STRINATI INSTALLATIONS LTD,09618216,A_CEILING_HIT,"established 2015, total-exemption-full filer",ltd,corporate subscriber,2015-06-02,total-exemption-full,"accounts category, NOT turnover",43220,"77 Bute Street, Treorchy",CF42 6AH,https://find-and-update.company-information.service.gov.uk/company/09618216,,TO BE ENRICHED — not held by Companies House,legitimate interests (LIA required before contact),Companies House public API,2026-07-12T04:43:16+00:00
GARRY FENTON ELECTRICAL LIMITED,05173427,A_CEILING_HIT,"established 2004, unaudited-abridged filer",ltd,corporate subscriber,2004-07-07,unaudited-abridged,"accounts category, NOT turnover",43210,"Ryefield Court, 81 Joel Street, Northwood, Middlesex",HA6 1LL,https://find-and-update.company-information.service.gov.uk/company/05173427,,TO BE ENRICHED — not held by Companies House,legitimate interests (LIA required before contact),Companies House public API,2026-07-12T04:43:19+00:00
ARMSTRONG LIMITED,03378613,A_CEILING_HIT,"established 1997, total-exemption-full filer",ltd,corporate subscriber,1997-05-30,total-exemption-full,"accounts category, NOT turnover",41201; 43210; 98000,"385 Two Mile Hill Road, Bristol",BS15 1AD,https://find-and-update.company-information.service.gov.uk/company/03378613,,TO BE ENRICHED — not held by Companies House,legitimate interests (LIA required before contact),Companies House public API,2026-07-12T04:43:19+00:00
MKR ELECTRICAL LTD,10186135,A_CEILING_HIT,"established 2016, total-exemption-full filer",ltd,corporate subscriber,2016-05-18,total-exemption-full,"accounts category, NOT turnover",43210,"7 Chelsfield Avenue, Edmonton, London",N9 8EY,https://find-and-update.company-information.service.gov.uk/company/10186135,,TO BE ENRICHED — not held by Companies House,legitimate interests (LIA required before contact),Companies House public API,2026-07-12T04:43:23+00:00
SHIRE ELECTRICAL LIMITED,08400562,A_CEILING_HIT,"established 2013, total-exemption-full filer",ltd,corporate subscriber,2013-02-13,total-exemption-full,"accounts category, NOT turnover",43210,"Headlands House 1 Kings Court, Kettering Parkway, Kettering, Northamptonshire",NN15 6WJ,https://find-and-update.company-information.service.gov.uk/company/08400562,,TO BE ENRICHED — not held by Companies House,legitimate interests (LIA required before contact),Companies House public API,2026-07-12T04:43:26+00:00
PLATINUM PLUMBING SOUTHERN LTD,13419860,A_CEILING_HIT,"established 2021, unaudited-abridged filer",ltd,corporate subscriber,2021-05-25,unaudited-abridged,"accounts category, NOT turnover",43220,"The Dairy Hills Barns, Appledram Lane South, Chichester, West Sussex",PO20 7EG,https://find-and-update.company-information.service.gov.uk/company/13419860,,TO BE ENRICHED — not held by Companies House,legitimate interests (LIA required before contact),Companies House public API,2026-07-12T04:43:28+00:00
INFINITE INTERIORS LTD,10771097,A_CEILING_HIT,"established 2017, total-exemption-full filer",ltd,corporate subscriber,2017-05-15,total-exemption-full,"accounts category, NOT turnover",43290,"82 Foster Street, Widnes",WA8 6EU,https://find-and-update.company-information.service.gov.uk/company/10771097,,TO BE ENRICHED — not held by Companies House,legitimate interests (LIA required before contact),Companies House public API,2026-07-12T04:43:29+00:00
UNICONFORT-UK LIMITED,09527147,A_CEILING_HIT,"established 2015, total-exemption-full filer",ltd,corporate subscriber,2015-04-07,total-exemption-full,"accounts category, NOT turnover",33190; 43220,"12 Victoria Road, Barnsley, South Yorkshire",S70 2BB,https://find-and-update.company-information.service.gov.uk/company/09527147,,TO BE ENRICHED — not held by Companies House,legitimate interests (LIA required before contact),Companies House public API,2026-07-12T04:43:30+00:00
ALTERNATIVE COOLING SOLUTIONS LIMITED,04235790,A_CEILING_HIT,"established 2001, total-exemption-full filer",ltd,corporate subscriber,2001-06-15,total-exemption-full,"accounts category, NOT turnover",43220,"Unit 8 Meadow Lane Industrial Estate, Gordon Road, Loughborough",LE11 1JP,https://find-and-update.company-information.service.gov.uk/company/04235790,,TO BE ENRICHED — not held by Companies House,legitimate interests (LIA required before contact),Companies House public API,2026-07-12T04:43:35+00:00
MACA RENDERING LTD,11649882,A_CEILING_HIT,"established 2018, total-exemption-full filer",ltd,corporate subscriber,2018-10-30,total-exemption-full,"accounts category, NOT turnover",43290,"100 Hurlfield Road, Sheffield",S12 2SE,https://find-and-update.company-information.service.gov.uk/company/11649882,,TO BE ENRICHED — not held by Companies House,legitimate interests (LIA required before contact),Companies House public API,2026-07-12T04:43:36+00:00
DA FLEMING LTD,11381473,A_CEILING_HIT,"established 2018, total-exemption-full filer",ltd,corporate subscriber,2018-05-24,total-exemption-full,"accounts category, NOT turnover",43290,"Durham House, 38 Street Lane, Ripley, Denby, Derbyshire",DE5 8NE,https://find-and-update.company-information.service.gov.uk/company/11381473,,TO BE ENRICHED — not held by Companies House,legitimate interests (LIA required before contact),Companies House public API,2026-07-12T04:43:39+00:00
SMG ELECTRICAL SERVICES LTD,08103518,A_CEILING_HIT,"established 2012, total-exemption-full filer",ltd,corporate subscriber,2012-06-13,total-exemption-full,"accounts category, NOT turnover",43210,"103 Harewood Gardens, South Croydon, Surrey",CR2 9BW,https://find-and-update.company-information.service.gov.uk/company/08103518,,TO BE ENRICHED — not held by Companies House,legitimate interests (LIA required before contact),Companies House public API,2026-07-12T04:43:40+00:00
KAM LEISURE LTD.,04453024,A_CEILING_HIT,"established 2002, total-exemption-full filer",ltd,corporate subscriber,2002-05-31,total-exemption-full,"accounts category, NOT turnover",43220; 68100; 68209,"Lothing House, Quay View Business Park, Barnards Way, Lowestoft, Suffolk",NR32 2HD,https://find-and-update.company-information.service.gov.uk/company/04453024,,TO BE ENRICHED — not held by Companies House,legitimate interests (LIA required before contact),Companies House public API,2026-07-12T04:43:43+00:00
ATD ELECTRICAL CONTRACTORS LIMITED,SC631899,A_CEILING_HIT,"established 2019, total-exemption-full filer",ltd,corporate subscriber,2019-05-29,total-exemption-full,"accounts category, NOT turnover",43210,"(Galloway) Ltd, 1 Dashwood Square, Newton Stewart, Wigtownshire",DG8 6EQ,https://find-and-update.company-information.service.gov.uk/company/SC631899,,TO BE ENRICHED — not held by Companies House,legitimate interests (LIA required before contact),Companies House public API,2026-07-12T04:43:44+00:00
ROBINSON & LOWE (ELECTRICAL) LTD,07653689,A_CEILING_HIT,"established 2011, total-exemption-full filer",ltd,corporate subscriber,2011-06-01,total-exemption-full,"accounts category, NOT turnover",43210,"Hazlemere, 70 Chorley New Road, Bolton, Lancs",BL1 4BY,https://find-and-update.company-information.service.gov.uk/company/07653689,,TO BE ENRICHED — not held by Companies House,legitimate interests (LIA required before contact),Companies House public API,2026-07-12T04:43:45+00:00
TAVI.UK LTD,10238711,A_CEILING_HIT,"established 2016, total-exemption-full filer",ltd,corporate subscriber,2016-06-17,total-exemption-full,"accounts category, NOT turnover",43220,"Flat  14 Odette Court Station, Road Borehanwood, London",WD6 1GQ,https://find-and-update.company-information.service.gov.uk/company/10238711,,TO BE ENRICHED — not held by Companies House,legitimate interests (LIA required before contact),Companies House public API,2026-07-12T04:43:47+00:00
TENCER LIMITED,01820959,A_CEILING_HIT,"established 1984, total-exemption-full filer",ltd,corporate subscriber,1984-06-01,total-exemption-full,"accounts category, NOT turnover",43210; 43220,"Unit 14 Lincoln Park Business, Centre Lincoln Road, Cressex Industrial Estate, High Wycombs Bucks",HP12 3RD,https://find-and-update.company-information.service.gov.uk/company/01820959,,TO BE ENRICHED — not held by Companies House,legitimate interests (LIA required before contact),Companies House public API,2026-07-12T04:43:47+00:00
ANDREW SOUTAR STOVE INSTALLATIONS LTD,SC450427,A_CEILING_HIT,"established 2013, unaudited-abridged filer",ltd,corporate subscriber,2013-05-21,unaudited-abridged,"accounts category, NOT turnover",43220,"44-46 Brechin Road, Forfar",DD8 3JX,https://find-and-update.company-information.service.gov.uk/company/SC450427,,TO BE ENRICHED — not held by Companies House,legitimate interests (LIA required before contact),Companies House public API,2026-07-12T04:43:49+00:00
DANIELL BUILDING CONTRACTORS LIMITED,07743664,A_CEILING_HIT,"established 2011, total-exemption-full filer",ltd,corporate subscriber,2011-08-17,total-exemption-full,"accounts category, NOT turnover",43290,"12 Hatherley Road, Sidcup, Kent",DA14 4DT,https://find-and-update.company-information.service.gov.uk/company/07743664,,TO BE ENRICHED — not held by Companies House,legitimate interests (LIA required before contact),Companies House public API,2026-07-12T04:43:50+00:00
A.F PROPERTY SOLUTIONS LTD,11526795,A_CEILING_HIT,"established 2018, total-exemption-full filer",ltd,corporate subscriber,2018-08-20,total-exemption-full,"accounts category, NOT turnover",41202; 43210; 49420,"100 Waters Road, London",SE6 1UE,https://find-and-update.company-information.service.gov.uk/company/11526795,,TO BE ENRICHED — not held by Companies House,legitimate interests (LIA required before contact),Companies House public API,2026-07-12T04:43:54+00:00
A R E ELECTRICAL SERVICES LIMITED,11376969,A_CEILING_HIT,"established 2018, total-exemption-full filer",ltd,corporate subscriber,2018-05-23,total-exemption-full,"accounts category, NOT turnover",43210,"13 Heol Glyndwr, Coedpoeth, Wrexham",LL11 3ES,https://find-and-update.company-information.service.gov.uk/company/11376969,,TO BE ENRICHED — not held by Companies House,legitimate interests (LIA required before contact),Companies House public API,2026-07-12T04:43:56+00:00
BRISTOL GARAGE DOORS LIMITED,06609159,A_CEILING_HIT,"established 2008, total-exemption-full filer",ltd,corporate subscriber,2008-06-03,total-exemption-full,"accounts category, NOT turnover",43290,"19 Caldicot Close, Willsbridge, Bristol",BS30 6UU,https://find-and-update.company-information.service.gov.uk/company/06609159,,TO BE ENRICHED — not held by Companies House,legitimate interests (LIA required before contact),Companies House public API,2026-07-12T04:43:58+00:00
M.G. ELECTRICS LIMITED,04219002,A_CEILING_HIT,"established 2001, total-exemption-full filer",ltd,corporate subscriber,2001-05-17,total-exemption-full,"accounts category, NOT turnover",43210,"Ds House, 306 High Street, Croydon",CR0 1NG,https://find-and-update.company-information.service.gov.uk/company/04219002,,TO BE ENRICHED — not held by Companies House,legitimate interests (LIA required before contact),Companies House public API,2026-07-12T04:44:01+00:00
BROOKAIR DANFAB LIMITED,08646183,A_CEILING_HIT,"established 2013, total-exemption-full filer",ltd,corporate subscriber,2013-08-12,total-exemption-full,"accounts category, NOT turnover",43220,"H1 Ash Tree Court, Mellors Way, Nottingham Business Park, Nottingham",NG8 6PY,https://find-and-update.company-information.service.gov.uk/company/08646183,,TO BE ENRICHED — not held by Companies House,legitimate interests (LIA required before contact),Companies House public API,2026-07-12T04:44:02+00:00
DIRECT CONTROL SYSTEMS LIMITED,02850312,A_CEILING_HIT,"established 1993, total-exemption-full filer",ltd,corporate subscriber,1993-09-03,total-exemption-full,"accounts category, NOT turnover",43220,"City Court, 161 Hospital Street, Newtown, Birmingham",B19 3XA,https://find-and-update.company-information.service.gov.uk/company/02850312,,TO BE ENRICHED — not held by Companies House,legitimate interests (LIA required before contact),Companies House public API,2026-07-12T04:44:05+00:00
PINNACLE PLUMBING SOLUTIONS LTD,09988939,A_CEILING_HIT,"established 2016, total-exemption-full filer",ltd,corporate subscriber,2016-02-05,total-exemption-full,"accounts category, NOT turnover",43220,"303 Goring Road, Worthing, West Sussex",BN12 4NX,https://find-and-update.company-information.service.gov.uk/company/09988939,,TO BE ENRICHED — not held by Companies House,legitimate interests (LIA required before contact),Companies House public API,2026-07-12T04:44:10+00:00
REDWOOD CONTRACTORS LIMITED,06920396,A_CEILING_HIT,"established 2009, total-exemption-full filer",ltd,corporate subscriber,2009-06-01,total-exemption-full,"accounts category, NOT turnover",43290,"7c Hillgate Place, 18-20 Balham Hill, London",SW12 9ER,https://find-and-update.company-information.service.gov.uk/company/06920396,,TO BE ENRICHED — not held by Companies House,legitimate interests (LIA required before contact),Companies House public API,2026-07-12T04:44:15+00:00
HUBS SOLUTIONS LIMITED,10790128,A_CEILING_HIT,"established 2017, total-exemption-full filer",ltd,corporate subscriber,2017-05-25,total-exemption-full,"accounts category, NOT turnover",43210; 43220,"101 The Causeway, Burwell, Cambridge",CB25 0DU,https://find-and-update.company-information.service.gov.uk/company/10790128,,TO BE ENRICHED — not held by Companies House,legitimate interests (LIA required before contact),Companies House public API,2026-07-12T04:44:19+00:00
SELECT ELECTRICS LIMITED,04441557,A_CEILING_HIT,"established 2002, total-exemption-full filer",ltd,corporate subscriber,2002-05-17,total-exemption-full,"accounts category, NOT turnover",43210,"Unit 2 Charnwood House Marsh Road, Ashton, Bristol",BS3 2NA,https://find-and-update.company-information.service.gov.uk/company/04441557,,TO BE ENRICHED — not held by Companies House,legitimate interests (LIA required before contact),Companies House public API,2026-07-12T04:44:21+00:00
H&H PLUMBING LIMITED,12700787,A_CEILING_HIT,"established 2020, total-exemption-full filer",ltd,corporate subscriber,2020-06-26,total-exemption-full,"accounts category, NOT turnover",43220,"29 Blythe Road, Stafford",ST17 9JX,https://find-and-update.company-information.service.gov.uk/company/12700787,,TO BE ENRICHED — not held by Companies House,legitimate interests (LIA required before contact),Companies House public API,2026-07-12T04:44:22+00:00
PFE DIRECT LIMITED,11504030,A_CEILING_HIT,"established 2018, total-exemption-full filer",ltd,corporate subscriber,2018-08-07,total-exemption-full,"accounts category, NOT turnover",43210,"12 Hatherley Road, Sidcup",DA14 4DT,https://find-and-update.company-information.service.gov.uk/company/11504030,,TO BE ENRICHED — not held by Companies House,legitimate interests (LIA required before contact),Companies House public API,2026-07-12T04:44:28+00:00
ELLIOTT MILBURN ELECTRICAL LIMITED,11302101,A_CEILING_HIT,"established 2018, total-exemption-full filer",ltd,corporate subscriber,2018-04-10,total-exemption-full,"accounts category, NOT turnover",43210,"28 Elwin Close, Seaton Sluice, Whitley Bay",NE26 4DG,https://find-and-update.company-information.service.gov.uk/company/11302101,,TO BE ENRICHED — not held by Companies House,legitimate interests (LIA required before contact),Companies House public API,2026-07-12T04:44:32+00:00
BMS ELECTRICAL TRAINING CIC,12604733,A_CEILING_HIT,"established 2020, total-exemption-full filer",ltd,corporate subscriber,2020-05-15,total-exemption-full,"accounts category, NOT turnover",43210,"Priory Place Priory Road, Tiptree, Colchester",CO5 0QE,https://find-and-update.company-information.service.gov.uk/company/12604733,,TO BE ENRICHED — not held by Companies House,legitimate interests (LIA required before contact),Companies House public API,2026-07-12T04:44:32+00:00
TAYLOR MADE INTERIORS (UK) LTD,08072040,A_CEILING_HIT,"established 2012, total-exemption-full filer",ltd,corporate subscriber,2012-05-16,total-exemption-full,"accounts category, NOT turnover",43290,"168 Church Road, Hove, East Sussex",BN3 2DL,https://find-and-update.company-information.service.gov.uk/company/08072040,,TO BE ENRICHED — not held by Companies House,legitimate interests (LIA required before contact),Companies House public API,2026-07-12T04:44:34+00:00
SUFFOLK CONSTRUCTION PARTNERS LIMITED,08575703,A_CEILING_HIT,"established 2013, total-exemption-full filer",ltd,corporate subscriber,2013-06-19,total-exemption-full,"accounts category, NOT turnover",43290,"The Octagon Suite E2, 2nd Floor, Middleborough, Colchester, Essex",CO1 1TG,https://find-and-update.company-information.service.gov.uk/company/08575703,,TO BE ENRICHED — not held by Companies House,legitimate interests (LIA required before contact),Companies House public API,2026-07-12T04:44:35+00:00
AM ELECTRICAL & BUILDINGS SERVICES LIMITED,09025926,A_CEILING_HIT,"established 2014, unaudited-abridged filer",ltd,corporate subscriber,2014-05-06,unaudited-abridged,"accounts category, NOT turnover",43210,"58 Crystal Palace Park Road, Sydenham, United Kingdom",SE26 6UN,https://find-and-update.company-information.service.gov.uk/company/09025926,,TO BE ENRICHED — not held by Companies House,legitimate interests (LIA required before contact),Companies House public API,2026-07-12T04:44:35+00:00
WEBSTER BROTHERS BUILDERS LIMITED,10492768,A_CEILING_HIT,"established 2016, total-exemption-full filer",ltd,corporate subscriber,2016-11-23,total-exemption-full,"accounts category, NOT turnover",43290,"Ty Gwalia, Commercial Street, Ogmore Vale",CF32 7BL,https://find-and-update.company-information.service.gov.uk/company/10492768,,TO BE ENRICHED — not held by Companies House,legitimate interests (LIA required before contact),Companies House public API,2026-07-12T04:44:37+00:00
WHITE ROSE BUILDINGS LTD,05697904,A_CEILING_HIT,"established 2006, total-exemption-full filer",ltd,corporate subscriber,2006-02-04,total-exemption-full,"accounts category, NOT turnover",43290,"3 Ferry Close, Hook, Goole, East Yorkshire",DN14 5FF,https://find-and-update.company-information.service.gov.uk/company/05697904,,TO BE ENRICHED — not held by Companies House,legitimate interests (LIA required before contact),Companies House public API,2026-07-12T04:44:38+00:00
H2O RENEWABLE ENERGY LTD,12644874,A_CEILING_HIT,"established 2020, total-exemption-full filer",ltd,corporate subscriber,2020-06-04,total-exemption-full,"accounts category, NOT turnover",43220,"64 Nutfield Road, Rownhams, Southampton",SO16 8JN,https://find-and-update.company-information.service.gov.uk/company/12644874,,TO BE ENRICHED — not held by Companies House,legitimate interests (LIA required before contact),Companies House public API,2026-07-12T04:44:43+00:00
GLOW PLUMBING GROUP (SCOTLAND) LIMITED,SC604939,A_CEILING_HIT,"established 2018, total-exemption-full filer",ltd,corporate subscriber,2018-08-10,total-exemption-full,"accounts category, NOT turnover",43220,"Limetree Garage, Glasgow Road, Hamilton",ML3 0RA,https://find-and-update.company-information.service.gov.uk/company/SC604939,,TO BE ENRICHED — not held by Companies House,legitimate interests (LIA required before contact),Companies House public API,2026-07-12T04:44:47+00:00
QUARRYHILL LTD,06264155,A_CEILING_HIT,"established 2007, total-exemption-full filer",ltd,corporate subscriber,2007-05-31,total-exemption-full,"accounts category, NOT turnover",43210,"6 Roding Lane South, Ilford, Essex",IG4 5NX,https://find-and-update.company-information.service.gov.uk/company/06264155,,TO BE ENRICHED — not held by Companies House,legitimate interests (LIA required before contact),Companies House public API,2026-07-12T04:44:50+00:00
WHELAN LIMITED,05470518,A_CEILING_HIT,"established 2005, total-exemption-full filer",ltd,corporate subscriber,2005-06-02,total-exemption-full,"accounts category, NOT turnover",43220; 68209,"21 Granary Road, East Hunsbury, Northampton",NN4 0XB,https://find-and-update.company-information.service.gov.uk/company/05470518,,TO BE ENRICHED — not held by Companies House,legitimate interests (LIA required before contact),Companies House public API,2026-07-12T04:44:53+00:00
EFT ELECTRICAL INSTALLATIONS LTD,10172830,A_CEILING_HIT,"established 2016, small filer",ltd,corporate subscriber,2016-05-10,small,"accounts category, NOT turnover",43210,"Cobden House, 39a Cobden Road, Southport",PR9 7TR,https://find-and-update.company-information.service.gov.uk/company/10172830,,TO BE ENRICHED — not held by Companies House,legitimate interests (LIA required before contact),Companies House public API,2026-07-12T04:44:59+00:00
A M FORSTER BUILDERS LIMITED,08990060,A_CEILING_HIT,"established 2014, total-exemption-full filer",ltd,corporate subscriber,2014-04-10,total-exemption-full,"accounts category, NOT turnover",43290,"3 Friary Close, Hampton Magna, Warwick",CV35 8TD,https://find-and-update.company-information.service.gov.uk/company/08990060,,TO BE ENRICHED — not held by Companies House,legitimate interests (LIA required before contact),Companies House public API,2026-07-12T04:45:02+00:00
MID SUSSEX BATHROOMS LTD,05336217,A_CEILING_HIT,"established 2005, total-exemption-full filer",ltd,corporate subscriber,2005-01-18,total-exemption-full,"accounts category, NOT turnover",43220,"71 South Road, Haywards Heath, West Sussex",RH16 4LQ,https://find-and-update.company-information.service.gov.uk/company/05336217,,TO BE ENRICHED — not held by Companies House,legitimate interests (LIA required before contact),Companies House public API,2026-07-12T04:45:03+00:00
TRIDENT MARINE ELECTRICAL LTD,12524032,A_CEILING_HIT,"established 2020, total-exemption-full filer",ltd,corporate subscriber,2020-03-18,total-exemption-full,"accounts category, NOT turnover",27900; 33140; 43210; 71200,"9 St James Crescent, Belton, Norfolk",NR31 9JN,https://find-and-update.company-information.service.gov.uk/company/12524032,,TO BE ENRICHED — not held by Companies House,legitimate interests (LIA required before contact),Companies House public API,2026-07-12T04:45:04+00:00
MODULAR SYSTEMS CONSTRUCTION LTD,12712351,A_CEILING_HIT,"established 2020, total-exemption-full filer",ltd,corporate subscriber,2020-07-02,total-exemption-full,"accounts category, NOT turnover",41201; 43120; 43210; 43220,"71-75 Shelton Street, Covent Garden, London",WC2H 9JQ,https://find-and-update.company-information.service.gov.uk/company/12712351,,TO BE ENRICHED — not held by Companies House,legitimate interests (LIA required before contact),Companies House public API,2026-07-12T04:45:06+00:00
PROCTOR & MASLIN LIMITED,09573960,A_CEILING_HIT,"established 2015, total-exemption-full filer",ltd,corporate subscriber,2015-05-05,total-exemption-full,"accounts category, NOT turnover",43220,"Onega House, 112 Main Road, Sidcup",DA14 6NE,https://find-and-update.company-information.service.gov.uk/company/09573960,,TO BE ENRICHED — not held by Companies House,legitimate interests (LIA required before contact),Companies House public API,2026-07-12T04:45:09+00:00
ERIC & ARY LTD,11982828,A_CEILING_HIT,"established 2019, total-exemption-full filer",ltd,corporate subscriber,2019-05-07,total-exemption-full,"accounts category, NOT turnover",43220,"38 Jubilee Avenue, Romford",RM7 9LS,https://find-and-update.company-information.service.gov.uk/company/11982828,,TO BE ENRICHED — not held by Companies House,legitimate interests (LIA required before contact),Companies House public API,2026-07-12T04:45:11+00:00
G T L INTERIORS LTD,04452335,A_CEILING_HIT,"established 2002, total-exemption-full filer",ltd,corporate subscriber,2002-05-31,total-exemption-full,"accounts category, NOT turnover",43210,"46-54 High Street, Ingatestone, Essex",CM4 9DW,https://find-and-update.company-information.service.gov.uk/company/04452335,,TO BE ENRICHED — not held by Companies House,legitimate interests (LIA required before contact),Companies House public API,2026-07-12T04:45:16+00:00
BURY GAS SERVICES LIMITED,05144537,A_CEILING_HIT,"established 2004, unaudited-abridged filer",ltd,corporate subscriber,2004-06-03,unaudited-abridged,"accounts category, NOT turnover",43220,"33 Crawshaw Grange, Crawshawbooth, Rossendale",BB4 8LY,https://find-and-update.company-information.service.gov.uk/company/05144537,,TO BE ENRICHED — not held by Companies House,legitimate interests (LIA required before contact),Companies House public API,2026-07-12T04:45:17+00:00
BCA INSULATION LIMITED,SC323584,A_CEILING_HIT,"established 2007, total-exemption-full filer",ltd,corporate subscriber,2007-05-14,total-exemption-full,"accounts category, NOT turnover",43290,"Gilburn Industrial Estate, 1 Gilburn Place, Shotts",ML7 5ES,https://find-and-update.company-information.service.gov.uk/company/SC323584,,TO BE ENRICHED — not held by Companies House,legitimate interests (LIA required before contact),Companies House public API,2026-07-12T04:45:17+00:00
GOLD ELECTRICAL LTD,04452693,A_CEILING_HIT,"established 2002, total-exemption-full filer",ltd,corporate subscriber,2002-05-31,total-exemption-full,"accounts category, NOT turnover",43210,"51 Buckingham Way, Wallington, Surrey",SM6 9LU,https://find-and-update.company-information.service.gov.uk/company/04452693,,TO BE ENRICHED — not held by Companies House,legitimate interests (LIA required before contact),Companies House public API,2026-07-12T04:45:18+00:00
S.P.T. ELECTRICAL INSTALLATIONS LTD,08706134,A_CEILING_HIT,"established 2013, total-exemption-full filer",ltd,corporate subscriber,2013-09-25,total-exemption-full,"accounts category, NOT turnover",43210,"C/O Ake, Hoddesdon Enterprise Centre, Pindar Road, Hoddesdon, Hertfordshire",EN11 0FJ,https://find-and-update.company-information.service.gov.uk/company/08706134,,TO BE ENRICHED — not held by Companies House,legitimate interests (LIA required before contact),Companies House public API,2026-07-12T04:45:20+00:00
BMMDESIGNS LTD,09998742,A_CEILING_HIT,"established 2016, total-exemption-full filer",ltd,corporate subscriber,2016-02-10,total-exemption-full,"accounts category, NOT turnover",43290; 74100,"2 Minshull Hill Cottage Cross Lane, Minshull Vernon, Crewe",CW1 4RF,https://find-and-update.company-information.service.gov.uk/company/09998742,,TO BE ENRICHED — not held by Companies House,legitimate interests (LIA required before contact),Companies House public API,2026-07-12T04:45:28+00:00
HEATJET LTD,12214587,A_CEILING_HIT,"established 2019, total-exemption-full filer",ltd,corporate subscriber,2019-09-18,total-exemption-full,"accounts category, NOT turnover",41202; 43220,"Flat 16 Elmira Street, London",SE13 7GP,https://find-and-update.company-information.service.gov.uk/company/12214587,,TO BE ENRICHED — not held by Companies House,legitimate interests (LIA required before contact),Companies House public API,2026-07-12T04:45:33+00:00
CAPITAL CITY SOLUTIONS LIMITED,06602984,A_CEILING_HIT,"established 2008, total-exemption-full filer",ltd,corporate subscriber,2008-05-27,total-exemption-full,"accounts category, NOT turnover",43210; 43220; 43290; 43390,"Lyndhurst 1 Cranmer Street, Long Eaton, Nottingham",NG10 1NJ,https://find-and-update.company-information.service.gov.uk/company/06602984,,TO BE ENRICHED — not held by Companies House,legitimate interests (LIA required before contact),Companies House public API,2026-07-12T04:45:34+00:00
MODUBUILD DESIGNS UK LIMITED,10585429,A_CEILING_HIT,"established 2017, small filer",ltd,corporate subscriber,2017-01-26,small,"accounts category, NOT turnover",43290,"2nd Floor Kingsley Hall, 20 Bailey Lane, Manchester",M90 4AN,https://find-and-update.company-information.service.gov.uk/company/10585429,,TO BE ENRICHED — not held by Companies House,legitimate interests (LIA required before contact),Companies House public API,2026-07-12T04:45:35+00:00
SJ MECHANICAL LTD,10600261,A_CEILING_HIT,"established 2017, total-exemption-full filer",ltd,corporate subscriber,2017-02-03,total-exemption-full,"accounts category, NOT turnover",43220,"78 Market Street, Denton, Manchester, Lancashire",M34 2AQ,https://find-and-update.company-information.service.gov.uk/company/10600261,,TO BE ENRICHED — not held by Companies House,legitimate interests (LIA required before contact),Companies House public API,2026-07-12T04:45:37+00:00
SAFEHEAT (TORBAY) LIMITED,03609278,A_CEILING_HIT,"established 1998, total-exemption-full filer",ltd,corporate subscriber,1998-08-04,total-exemption-full,"accounts category, NOT turnover",43220,"Vantage Point House Silverhills Road, Decoy Industrial Estate, Newton Abbot, Devon",TQ12 5ND,https://find-and-update.company-information.service.gov.uk/company/03609278,,TO BE ENRICHED — not held by Companies House,legitimate interests (LIA required before contact),Companies House public API,2026-07-12T04:45:38+00:00
SEVERN SPARKS LTD,12625261,A_CEILING_HIT,"established 2020, total-exemption-full filer",ltd,corporate subscriber,2020-05-27,total-exemption-full,"accounts category, NOT turnover",43210,"47 Orchard Way, Churchdown, Gloucester",GL3 2AP,https://find-and-update.company-information.service.gov.uk/company/12625261,,TO BE ENRICHED — not held by Companies House,legitimate interests (LIA required before contact),Companies House public API,2026-07-12T04:45:44+00:00
COMBINED CONTRACTING SERVICES LTD,07265629,A_CEILING_HIT,"established 2010, unaudited-abridged filer",ltd,corporate subscriber,2010-05-26,unaudited-abridged,"accounts category, NOT turnover",43290; 43999,"Seymour Chambers, 92 London Road, Liverpool, Merseyside",L3 5NW,https://find-and-update.company-information.service.gov.uk/company/07265629,,TO BE ENRICHED — not held by Companies House,legitimate interests (LIA required before contact),Companies House public API,2026-07-12T04:45:46+00:00
INSTYLE KITCHENS & WINDOWS LTD,03881683,A_CEILING_HIT,"established 1999, total-exemption-full filer",ltd,corporate subscriber,1999-11-22,total-exemption-full,"accounts category, NOT turnover",43290; 43342; 47599,"9a The Village, Haxby, York",YO32 3HS,https://find-and-update.company-information.service.gov.uk/company/03881683,,TO BE ENRICHED — not held by Companies House,legitimate interests (LIA required before contact),Companies House public API,2026-07-12T04:45:50+00:00
HANDSWORTH MECHANICAL INSTALLATIONS LIMITED,09036242,A_CEILING_HIT,"established 2014, total-exemption-full filer",ltd,corporate subscriber,2014-05-13,total-exemption-full,"accounts category, NOT turnover",43220,"38 Eden Grove, Swallownest, Sheffield, South Yorkshire",S26 4TP,https://find-and-update.company-information.service.gov.uk/company/09036242,,TO BE ENRICHED — not held by Companies House,legitimate interests (LIA required before contact),Companies House public API,2026-07-12T04:45:52+00:00
G ROBINSON ELECTRICAL LIMITED,12642705,A_CEILING_HIT,"established 2020, total-exemption-full filer",ltd,corporate subscriber,2020-06-03,total-exemption-full,"accounts category, NOT turnover",43210,"650 Anlaby Road, Hull",HU3 6UU,https://find-and-update.company-information.service.gov.uk/company/12642705,,TO BE ENRICHED — not held by Companies House,legitimate interests (LIA required before contact),Companies House public API,2026-07-12T04:45:57+00:00
A.C.E. SOLAR GREEN BUILDING SERVICES LTD,10375903,A_CEILING_HIT,"established 2016, total-exemption-full filer",ltd,corporate subscriber,2016-09-14,total-exemption-full,"accounts category, NOT turnover",43210,"14 Railstore North Block, Kidman Close, Romford, Essex",RM2 6JN,https://find-and-update.company-information.service.gov.uk/company/10375903,,TO BE ENRICHED — not held by Companies House,legitimate interests (LIA required before contact),Companies House public API,2026-07-12T04:45:58+00:00
BENENDEN HEATING LTD,08370131,A_CEILING_HIT,"established 2013, total-exemption-full filer",ltd,corporate subscriber,2013-01-22,total-exemption-full,"accounts category, NOT turnover",43220,"Linden House, Linden Close, Tunbridge Wells, Kent",TN4 8HH,https://find-and-update.company-information.service.gov.uk/company/08370131,,TO BE ENRICHED — not held by Companies House,legitimate interests (LIA required before contact),Companies House public API,2026-07-12T04:45:59+00:00
HEATCARE BMC LTD,08530107,A_CEILING_HIT,"established 2013, total-exemption-full filer",ltd,corporate subscriber,2013-05-15,total-exemption-full,"accounts category, NOT turnover",43220,"C/O Shaw & Co, 3 Colegate, Norwich, Norfolk",NR3 1BN,https://find-and-update.company-information.service.gov.uk/company/08530107,,TO BE ENRICHED — not held by Companies House,legitimate interests (LIA required before contact),Companies House public API,2026-07-12T04:46:01+00:00
ELECTRICIAN OF LONDON LIMITED,08912297,A_CEILING_HIT,"established 2014, total-exemption-full filer",ltd,corporate subscriber,2014-02-26,total-exemption-full,"accounts category, NOT turnover",43210,"34 Oakmoor Way, Chigwell",IG7 4BS,https://find-and-update.company-information.service.gov.uk/company/08912297,,TO BE ENRICHED — not held by Companies House,legitimate interests (LIA required before contact),Companies House public API,2026-07-12T04:46:03+00:00
NICKLIN ELECTRICAL CONTRACTING LIMITED,09540592,A_CEILING_HIT,"established 2015, total-exemption-full filer",ltd,corporate subscriber,2015-04-14,total-exemption-full,"accounts category, NOT turnover",43210,"794 High Street, Kingswinford, West Midlands",DY6 8BQ,https://find-and-update.company-information.service.gov.uk/company/09540592,,TO BE ENRICHED — not held by Companies House,legitimate interests (LIA required before contact),Companies House public API,2026-07-12T04:46:04+00:00
S E (NE) ELECTRICAL LTD,09945768,A_CEILING_HIT,"established 2016, total-exemption-full filer",ltd,corporate subscriber,2016-01-11,total-exemption-full,"accounts category, NOT turnover",43210,"25 The Ridgeway, Kenton, Newcastle Upon Tyne, Tyne & Wear",NE3 4LP,https://find-and-update.company-information.service.gov.uk/company/09945768,,TO BE ENRICHED — not held by Companies House,legitimate interests (LIA required before contact),Companies House public API,2026-07-12T04:46:08+00:00
SAFEZONE ELECTRICAL LIMITED,09352584,A_CEILING_HIT,"established 2014, total-exemption-full filer",ltd,corporate subscriber,2014-12-12,total-exemption-full,"accounts category, NOT turnover",43210,"33 Boston Road South, Holbeach, Spalding",PE12 7LR,https://find-and-update.company-information.service.gov.uk/company/09352584,,TO BE ENRICHED — not held by Companies House,legitimate interests (LIA required before contact),Companies House public API,2026-07-12T04:46:09+00:00
IPLUMB & HEAT LTD,08189920,A_CEILING_HIT,"established 2012, total-exemption-full filer",ltd,corporate subscriber,2012-08-23,total-exemption-full,"accounts category, NOT turnover",43220,"88 Rosebery Road Langley Vale, Epsom, Surrey",KT18 6AA,https://find-and-update.company-information.service.gov.uk/company/08189920,,TO BE ENRICHED — not held by Companies House,legitimate interests (LIA required before contact),Companies House public API,2026-07-12T04:46:10+00:00
HOME RESPONSE 360 LTD,09438697,A_CEILING_HIT,"established 2015, total-exemption-full filer",ltd,corporate subscriber,2015-02-13,total-exemption-full,"accounts category, NOT turnover",33190; 43220,"Parkhill Business Centre, Padiham Road, Burnley",BB12 6TG,https://find-and-update.company-information.service.gov.uk/company/09438697,,TO BE ENRICHED — not held by Companies House,legitimate interests (LIA required before contact),Companies House public API,2026-07-12T04:46:10+00:00
GIOCO STONES LTD,09664219,A_CEILING_HIT,"established 2015, total-exemption-full filer",ltd,corporate subscriber,2015-06-30,total-exemption-full,"accounts category, NOT turnover",43290,"10 Oakbank, Hutton",CM13 1DN,https://find-and-update.company-information.service.gov.uk/company/09664219,,TO BE ENRICHED — not held by Companies House,legitimate interests (LIA required before contact),Companies House public API,2026-07-12T04:46:11+00:00
EE DEVELOPMENTS LTD,09889254,A_CEILING_HIT,"established 2015, total-exemption-full filer",ltd,corporate subscriber,2015-11-25,total-exemption-full,"accounts category, NOT turnover",43290,"44 Unit 44 Pindar Road, Hoddesdon Industrial Centre, Hoddesdon, Herts",EN11 0FF,https://find-and-update.company-information.service.gov.uk/company/09889254,,TO BE ENRICHED — not held by Companies House,legitimate interests (LIA required before contact),Companies House public API,2026-07-12T04:46:14+00:00
STARBUCKS ELECTRICAL SERVICES LTD,12708085,A_CEILING_HIT,"established 2020, total-exemption-full filer",ltd,corporate subscriber,2020-06-30,total-exemption-full,"accounts category, NOT turnover",43210,"51 St Marys Drive, Stretton",DE13 0JJ,https://find-and-update.company-information.service.gov.uk/company/12708085,,TO BE ENRICHED — not held by Companies House,legitimate interests (LIA required before contact),Companies House public API,2026-07-12T04:46:15+00:00
WE DAWSON LTD,10762377,A_CEILING_HIT,"established 2017, total-exemption-full filer",ltd,corporate subscriber,2017-05-10,total-exemption-full,"accounts category, NOT turnover",43290,"114-120 Northgate Street, Chester, Cheshire",CH1 2HT,https://find-and-update.company-information.service.gov.uk/company/10762377,,TO BE ENRICHED — not held by Companies House,legitimate interests (LIA required before contact),Companies House public API,2026-07-12T04:46:17+00:00
J1 ELECTRICAL LIMITED,07861578,A_CEILING_HIT,"established 2011, total-exemption-full filer",ltd,corporate subscriber,2011-11-25,total-exemption-full,"accounts category, NOT turnover",43210,"3 Meadowbank Close, Liverpool, Merseyside",L12 9LE,https://find-and-update.company-information.service.gov.uk/company/07861578,,TO BE ENRICHED — not held by Companies House,legitimate interests (LIA required before contact),Companies House public API,2026-07-12T04:46:19+00:00
MCGHIE ENGINEERING LTD,11253967,A_CEILING_HIT,"established 2018, total-exemption-full filer",ltd,corporate subscriber,2018-03-14,total-exemption-full,"accounts category, NOT turnover",43220,"15 Glendale Way, London",SE28 8HA,https://find-and-update.company-information.service.gov.uk/company/11253967,,TO BE ENRICHED — not held by Companies House,legitimate interests (LIA required before contact),Companies House public API,2026-07-12T04:46:23+00:00
PHOENIX GAS AND HEATING LTD,10813966,A_CEILING_HIT,"established 2017, total-exemption-full filer",ltd,corporate subscriber,2017-06-12,total-exemption-full,"accounts category, NOT turnover",43220,"39 West End Road, Ruislip, Middlesex",HA4 6JG,https://find-and-update.company-information.service.gov.uk/company/10813966,,TO BE ENRICHED — not held by Companies House,legitimate interests (LIA required before contact),Companies House public API,2026-07-12T04:46:24+00:00
FLO STAT HEATING & PLUMBING LTD,11786950,A_CEILING_HIT,"established 2019, total-exemption-full filer",ltd,corporate subscriber,2019-01-24,total-exemption-full,"accounts category, NOT turnover",43220,"45 Eton Grove,, Kingsbury,, London",NW9 9LE,https://find-and-update.company-information.service.gov.uk/company/11786950,,TO BE ENRICHED — not held by Companies House,legitimate interests (LIA required before contact),Companies House public API,2026-07-12T04:46:26+00:00
SUB ZERO HOLDINGS LIMITED,12117811,A_CEILING_HIT,"established 2019, total-exemption-full filer",ltd,corporate subscriber,2019-07-23,total-exemption-full,"accounts category, NOT turnover",35300; 43210; 64209; 71129,"929 Abbeydale Road, Sheffield, South Yorkshire",S7 2QD,https://find-and-update.company-information.service.gov.uk/company/12117811,,TO BE ENRICHED — not held by Companies House,legitimate interests (LIA required before contact),Companies House public API,2026-07-12T04:46:27+00:00
DDG PLUMBING & HEATING SOLUTIONS LTD,08792991,A_CEILING_HIT,"established 2013, unaudited-abridged filer",ltd,corporate subscriber,2013-11-27,unaudited-abridged,"accounts category, NOT turnover",43220,"Vesta Works Greg Street, Reddish, Stockport, Cheshire",SK5 7BS,https://find-and-update.company-information.service.gov.uk/company/08792991,,TO BE ENRICHED — not held by Companies House,legitimate interests (LIA required before contact),Companies House public API,2026-07-12T04:46:32+00:00
TVP PLUMBING & HEATING LTD,11874597,A_CEILING_HIT,"established 2019, total-exemption-full filer",ltd,corporate subscriber,2019-03-11,total-exemption-full,"accounts category, NOT turnover",43220,"Imperial House, 1a Standen Avenue, Hornchurch, Essex",RM12 6AA,https://find-and-update.company-information.service.gov.uk/company/11874597,,TO BE ENRICHED — not held by Companies House,legitimate interests (LIA required before contact),Companies House public API,2026-07-12T04:46:34+00:00
K HARRIS PLUMBING & HEATING LTD,SC596950,A_CEILING_HIT,"established 2018, total-exemption-full filer",ltd,corporate subscriber,2018-05-11,total-exemption-full,"accounts category, NOT turnover",43220,"25 Craigendmuir Street, Glasgow, Glasgow",G33 1LG,https://find-and-update.company-information.service.gov.uk/company/SC596950,,TO BE ENRICHED — not held by Companies House,legitimate interests (LIA required before contact),Companies House public API,2026-07-12T04:46:35+00:00
DANIEL ELECTRICAL SERVICES LIMITED,12857090,A_CEILING_HIT,"established 2020, total-exemption-full filer",ltd,corporate subscriber,2020-09-03,total-exemption-full,"accounts category, NOT turnover",43210,"4 Home Farm Close, Reading",RG2 7TD,https://find-and-update.company-information.service.gov.uk/company/12857090,,TO BE ENRICHED — not held by Companies House,legitimate interests (LIA required before contact),Companies House public API,2026-07-12T04:46:35+00:00
EVAN RICHARDS PLUMBING AND HEATING LIMITED,06517966,A_CEILING_HIT,"established 2008, total-exemption-full filer",ltd,corporate subscriber,2008-02-28,total-exemption-full,"accounts category, NOT turnover",43220,"311 Unthank Road, Norwich, Norfolk",NR4 7QA,https://find-and-update.company-information.service.gov.uk/company/06517966,,TO BE ENRICHED — not held by Companies House,legitimate interests (LIA required before contact),Companies House public API,2026-07-12T04:46:37+00:00
FARRAR ELECTRICAL LIMITED,06919678,A_CEILING_HIT,"established 2009, total-exemption-full filer",ltd,corporate subscriber,2009-05-29,total-exemption-full,"accounts category, NOT turnover",43210,"36 Lavender Court, Netherton, Huddersfield",HD4 7LW,https://find-and-update.company-information.service.gov.uk/company/06919678,,TO BE ENRICHED — not held by Companies House,legitimate interests (LIA required before contact),Companies House public API,2026-07-12T04:46:39+00:00
K CRAWLEY & SONS LTD,08296581,A_CEILING_HIT,"established 2012, total-exemption-full filer",ltd,corporate subscriber,2012-11-16,total-exemption-full,"accounts category, NOT turnover",43290,"6 Moorfields, Moorhaven, Ivybridge, Devon",PL21 0XQ,https://find-and-update.company-information.service.gov.uk/company/08296581,,TO BE ENRICHED — not held by Companies House,legitimate interests (LIA required before contact),Companies House public API,2026-07-12T04:46:41+00:00
PLUMBTEC (STRATFORD UPON AVON) LIMITED,11339185,A_CEILING_HIT,"established 2018, total-exemption-full filer",ltd,corporate subscriber,2018-05-01,total-exemption-full,"accounts category, NOT turnover",43220,"5 Clark Close, Shipston On Stour, Warwickshire",CV36 4HJ,https://find-and-update.company-information.service.gov.uk/company/11339185,,TO BE ENRICHED — not held by Companies House,legitimate interests (LIA required before contact),Companies House public API,2026-07-12T04:46:44+00:00
BRIGHTFITS ELECTRICAL LTD,12915338,A_CEILING_HIT,"established 2020, unaudited-abridged filer",ltd,corporate subscriber,2020-09-30,unaudited-abridged,"accounts category, NOT turnover",43210,"18 Ellerslie Road, London",W12 7BW,https://find-and-update.company-information.service.gov.uk/company/12915338,,TO BE ENRICHED — not held by Companies House,legitimate interests (LIA required before contact),Companies House public API,2026-07-12T04:46:44+00:00
PHASE ELECTRICAL CONTRACTORS LTD,05857024,A_CEILING_HIT,"established 2006, total-exemption-full filer",ltd,corporate subscriber,2006-06-26,total-exemption-full,"accounts category, NOT turnover",43210,"7 Christchurch Place, Epsom, Surrey",KT19 8RS,https://find-and-update.company-information.service.gov.uk/company/05857024,,TO BE ENRICHED — not held by Companies House,legitimate interests (LIA required before contact),Companies House public API,2026-07-12T04:46:45+00:00
TYRONNEY PLUMBING AND HEATING LIMITED,SC557641,A_CEILING_HIT,"established 2017, total-exemption-full filer",ltd,corporate subscriber,2017-02-15,total-exemption-full,"accounts category, NOT turnover",43220,"Meadowfield House, Auldearn, Nairn",IV12 5JZ,https://find-and-update.company-information.service.gov.uk/company/SC557641,,TO BE ENRICHED — not held by Companies House,legitimate interests (LIA required before contact),Companies House public API,2026-07-12T04:46:46+00:00
EHU POWER LTD,13145809,A_CEILING_HIT,"established 2021, total-exemption-full filer",ltd,corporate subscriber,2021-01-20,total-exemption-full,"accounts category, NOT turnover",43210,"Aboukir House Old Park Road, Swarland, Morpeth, Northumberland",NE65 9HJ,https://find-and-update.company-information.service.gov.uk/company/13145809,,TO BE ENRICHED — not held by Companies House,legitimate interests (LIA required before contact),Companies House public API,2026-07-12T04:46:50+00:00
RWR PLUMBING & HEATING LIMITED,07547740,A_CEILING_HIT,"established 2011, total-exemption-full filer",ltd,corporate subscriber,2011-03-02,total-exemption-full,"accounts category, NOT turnover",43220,"Eldo House, Kempson Way, Bury St Edmunds, Suffolk",IP32 7AR,https://find-and-update.company-information.service.gov.uk/company/07547740,,TO BE ENRICHED — not held by Companies House,legitimate interests (LIA required before contact),Companies House public API,2026-07-12T04:46:51+00:00
MGH ELECTRICAL (UK) LTD,08085605,A_CEILING_HIT,"established 2012, total-exemption-full filer",ltd,corporate subscriber,2012-05-28,total-exemption-full,"accounts category, NOT turnover",43210,"Unit 21 College Street, St. Helens",WA10 1FZ,https://find-and-update.company-information.service.gov.uk/company/08085605,,TO BE ENRICHED — not held by Companies House,legitimate interests (LIA required before contact),Companies House public API,2026-07-12T04:46:51+00:00
JONATHAN COX LIMITED,08895614,A_CEILING_HIT,"established 2014, total-exemption-full filer",ltd,corporate subscriber,2014-02-14,total-exemption-full,"accounts category, NOT turnover",43220,"20 Broughton Street, Beeston, Nottingham",NG9 1BD,https://find-and-update.company-information.service.gov.uk/company/08895614,,TO BE ENRICHED — not held by Companies House,legitimate interests (LIA required before contact),Companies House public API,2026-07-12T04:46:53+00:00
BADGER CONTROLS LIMITED,04185776,A_CEILING_HIT,"established 2001, unaudited-abridged filer",ltd,corporate subscriber,2001-03-23,unaudited-abridged,"accounts category, NOT turnover",43210,"Belfry House, Bell Lane, Hertford, Herts",SG14 1BP,https://find-and-update.company-information.service.gov.uk/company/04185776,,TO BE ENRICHED — not held by Companies House,legitimate interests (LIA required before contact),Companies House public API,2026-07-12T04:46:54+00:00
SG TANKS LIMITED,09302810,A_CEILING_HIT,"established 2014, total-exemption-full filer",ltd,corporate subscriber,2014-11-10,total-exemption-full,"accounts category, NOT turnover",43220,"4 Sudley Road, Bognor Regis, West Sussex",PO21 1EU,https://find-and-update.company-information.service.gov.uk/company/09302810,,TO BE ENRICHED — not held by Companies House,legitimate interests (LIA required before contact),Companies House public API,2026-07-12T04:46:55+00:00
T PHIPPS CONSTRUCTION SERVICES LIMITED,09065450,A_CEILING_HIT,"established 2014, total-exemption-full filer",ltd,corporate subscriber,2014-06-02,total-exemption-full,"accounts category, NOT turnover",43210,"51 Spitalfields, Blyth, Worksop",S81 8EB,https://find-and-update.company-information.service.gov.uk/company/09065450,,TO BE ENRICHED — not held by Companies House,legitimate interests (LIA required before contact),Companies House public API,2026-07-12T04:46:56+00:00
G&B ELECTRICS LIMITED,12213340,A_CEILING_HIT,"established 2019, total-exemption-full filer",ltd,corporate subscriber,2019-09-18,total-exemption-full,"accounts category, NOT turnover",43210,"Richmond House, Walkern Road, Stevenage, Hertfordshire",SG1 3QP,https://find-and-update.company-information.service.gov.uk/company/12213340,,TO BE ENRICHED — not held by Companies House,legitimate interests (LIA required before contact),Companies House public API,2026-07-12T04:47:01+00:00
G MCNICHOLAS PLUMBING LIMITED,10789133,A_CEILING_HIT,"established 2017, total-exemption-full filer",ltd,corporate subscriber,2017-05-25,total-exemption-full,"accounts category, NOT turnover",43220,"Viking Garth, Scarborough Road, Bridlington",YO16 6XH,https://find-and-update.company-information.service.gov.uk/company/10789133,,TO BE ENRICHED — not held by Companies House,legitimate interests (LIA required before contact),Companies House public API,2026-07-12T04:47:02+00:00
JRA INSTALLATIONS LIMITED,06966708,A_CEILING_HIT,"established 2009, total-exemption-full filer",ltd,corporate subscriber,2009-07-20,total-exemption-full,"accounts category, NOT turnover",43210,"Timber Barn North Lodge Farm, Redenhall, Harleston, Norfolk",IP20 9PD,https://find-and-update.company-information.service.gov.uk/company/06966708,,TO BE ENRICHED — not held by Companies House,legitimate interests (LIA required before contact),Companies House public API,2026-07-12T04:47:04+00:00
IPOWER LONDON LTD,13424459,A_CEILING_HIT,"established 2021, unaudited-abridged filer",ltd,corporate subscriber,2021-05-27,unaudited-abridged,"accounts category, NOT turnover",43210,"49 Templer Avenue, Grays",RM16 4EL,https://find-and-update.company-information.service.gov.uk/company/13424459,,TO BE ENRICHED — not held by Companies House,legitimate interests (LIA required before contact),Companies House public API,2026-07-12T04:47:05+00:00
R. BECKWITH LIMITED,06241496,A_CEILING_HIT,"established 2007, total-exemption-full filer",ltd,corporate subscriber,2007-05-09,total-exemption-full,"accounts category, NOT turnover",43290; 47789,"71 The Avenue, Southampton, Hampshire",SO17 1XS,https://find-and-update.company-information.service.gov.uk/company/06241496,,TO BE ENRICHED — not held by Companies House,legitimate interests (LIA required before contact),Companies House public API,2026-07-12T04:47:07+00:00
LEWIS MURPHY LIMITED,10172042,A_CEILING_HIT,"established 2016, total-exemption-full filer",ltd,corporate subscriber,2016-05-10,total-exemption-full,"accounts category, NOT turnover",43210,"Willow Lodge Cockaynes Lane, Alresford, Colchester",CO7 8DA,https://find-and-update.company-information.service.gov.uk/company/10172042,,TO BE ENRICHED — not held by Companies House,legitimate interests (LIA required before contact),Companies House public API,2026-07-12T04:47:09+00:00
KES PLUMBING & HEATING LIMITED,04846230,A_CEILING_HIT,"established 2003, total-exemption-full filer",ltd,corporate subscriber,2003-07-25,total-exemption-full,"accounts category, NOT turnover",43220,"12 Lakelands, Wingerworth, Chesterfield",S42 6XJ,https://find-and-update.company-information.service.gov.uk/company/04846230,,TO BE ENRICHED — not held by Companies House,legitimate interests (LIA required before contact),Companies House public API,2026-07-12T04:47:16+00:00
FLOW ELECTRICS LTD,10805105,A_CEILING_HIT,"established 2017, total-exemption-full filer",ltd,corporate subscriber,2017-06-06,total-exemption-full,"accounts category, NOT turnover",43210,"16 Unit 16 Park Farm, Hundred Acre Lane, Wivelsfield Ground, West Sussex",RH17 7RU,https://find-and-update.company-information.service.gov.uk/company/10805105,,TO BE ENRICHED — not held by Companies House,legitimate interests (LIA required before contact),Companies House public API,2026-07-12T04:47:18+00:00
CONNECT AUTOMATION LIMITED,12965287,A_CEILING_HIT,"established 2020, total-exemption-full filer",ltd,corporate subscriber,2020-10-21,total-exemption-full,"accounts category, NOT turnover",43210,"168 Queensway, West Wickham",BR4 9DZ,https://find-and-update.company-information.service.gov.uk/company/12965287,,TO BE ENRICHED — not held by Companies House,legitimate interests (LIA required before contact),Companies House public API,2026-07-12T04:47:20+00:00
PREMIER HEATING SOLUTIONS GROUP LIMITED,09642831,A_CEILING_HIT,"established 2015, total-exemption-full filer",ltd,corporate subscriber,2015-06-17,total-exemption-full,"accounts category, NOT turnover",43220,"Unit 4 Brindley Business Park, Chaseside Drive, Cannock",WS11 7GD,https://find-and-update.company-information.service.gov.uk/company/09642831,,TO BE ENRICHED — not held by Companies House,legitimate interests (LIA required before contact),Companies House public API,2026-07-12T04:47:22+00:00
OJ POOLE ELECTRICAL SERVICES LIMITED,07077416,A_CEILING_HIT,"established 2009, total-exemption-full filer",ltd,corporate subscriber,2009-11-16,total-exemption-full,"accounts category, NOT turnover",43210,"86 Marshalswick Lane, St. Albans, Hertfordshire",AL1 4XE,https://find-and-update.company-information.service.gov.uk/company/07077416,,TO BE ENRICHED — not held by Companies House,legitimate interests (LIA required before contact),Companies House public API,2026-07-12T04:47:24+00:00
E WALKER LIMITED,05459825,A_CEILING_HIT,"established 2005, total-exemption-full filer",ltd,corporate subscriber,2005-05-23,total-exemption-full,"accounts category, NOT turnover",43210,"14 Little Lever Street, Manchester",M1 1HR,https://find-and-update.company-information.service.gov.uk/company/05459825,,TO BE ENRICHED — not held by Companies House,legitimate interests (LIA required before contact),Companies House public API,2026-07-12T04:47:25+00:00
EASTGRAND LIMITED,12873003,A_CEILING_HIT,"established 2020, total-exemption-full filer",ltd,corporate subscriber,2020-09-11,total-exemption-full,"accounts category, NOT turnover",41201; 43210; 43290; 43390,"126-128 City Road, London",EC1V 2NX,https://find-and-update.company-information.service.gov.uk/company/12873003,,TO BE ENRICHED — not held by Companies House,legitimate interests (LIA required before contact),Companies House public API,2026-07-12T04:47:29+00:00
FINDLAY BUILDING SERVICES (TAYSIDE) LTD.,SC632647,A_CEILING_HIT,"established 2019, total-exemption-full filer",ltd,corporate subscriber,2019-06-06,total-exemption-full,"accounts category, NOT turnover",43220,"1 Mansion Street, Cambuslang, Glasgow",G72 7JN,https://find-and-update.company-information.service.gov.uk/company/SC632647,,TO BE ENRICHED — not held by Companies House,legitimate interests (LIA required before contact),Companies House public API,2026-07-12T04:47:30+00:00
COCKELL ELECTRICAL LTD,05827520,A_CEILING_HIT,"established 2006, total-exemption-full filer",ltd,corporate subscriber,2006-05-24,total-exemption-full,"accounts category, NOT turnover",43210,"44 Nottingham Rd, Mansfield, Notts",NG18 1BL,https://find-and-update.company-information.service.gov.uk/company/05827520,,TO BE ENRICHED — not held by Companies House,legitimate interests (LIA required before contact),Companies House public API,2026-07-12T04:47:37+00:00
JB PROJECTS (YORKSHIRE) LIMITED,11531849,A_CEILING_HIT,"established 2018, unaudited-abridged filer",ltd,corporate subscriber,2018-08-22,unaudited-abridged,"accounts category, NOT turnover",43290,"Jb Motors Unit 1 Westwood Side, Morley, Leeds, West Yorkshire",LS27 9HR,https://find-and-update.company-information.service.gov.uk/company/11531849,,TO BE ENRICHED — not held by Companies House,legitimate interests (LIA required before contact),Companies House public API,2026-07-12T04:47:39+00:00
DDR ELECTRICAL LIMITED,06731331,A_CEILING_HIT,"established 2008, unaudited-abridged filer",ltd,corporate subscriber,2008-10-23,unaudited-abridged,"accounts category, NOT turnover",43210,"5 Battalion Court, Colburn Business Park, Catterick Garrison",DL9 4QN,https://find-and-update.company-information.service.gov.uk/company/06731331,,TO BE ENRICHED — not held by Companies House,legitimate interests (LIA required before contact),Companies House public API,2026-07-12T04:47:44+00:00
PHASE ELECTRICAL SERVICES LIMITED,05470469,A_CEILING_HIT,"established 2005, total-exemption-full filer",ltd,corporate subscriber,2005-06-02,total-exemption-full,"accounts category, NOT turnover",43210,"103 High Street, Waltham Cross, Hertfordshire",EN8 7AN,https://find-and-update.company-information.service.gov.uk/company/05470469,,TO BE ENRICHED — not held by Companies House,legitimate interests (LIA required before contact),Companies House public API,2026-07-12T04:47:46+00:00
ENERGI CABLE SERVICES LIMITED,02514932,A_CEILING_HIT,"established 1990, total-exemption-full filer",ltd,corporate subscriber,1990-06-22,total-exemption-full,"accounts category, NOT turnover",43210,"1 Wrexham Road, Wrexham Road, Laindon, Essex",SS15 6PX,https://find-and-update.company-information.service.gov.uk/company/02514932,,TO BE ENRICHED — not held by Companies House,legitimate interests (LIA required before contact),Companies House public API,2026-07-12T04:47:49+00:00
SAGEWOOD LIMITED,02118488,A_CEILING_HIT,"established 1987, total-exemption-full filer",ltd,corporate subscriber,1987-04-01,total-exemption-full,"accounts category, NOT turnover",42220; 43290; 46140; 71129,"6 Bruce Grove, Tottenham, London",N17 6RA,https://find-and-update.company-information.service.gov.uk/company/02118488,,TO BE ENRICHED — not held by Companies House,legitimate interests (LIA required before contact),Companies House public API,2026-07-12T04:47:49+00:00
DPL LIGHTING LTD,08536462,A_CEILING_HIT,"established 2013, total-exemption-full filer",ltd,corporate subscriber,2013-05-20,total-exemption-full,"accounts category, NOT turnover",43210,"Winton House, Winton Square, Basingstoke",RG21 8EN,https://find-and-update.company-information.service.gov.uk/company/08536462,,TO BE ENRICHED — not held by Companies House,legitimate interests (LIA required before contact),Companies House public API,2026-07-12T04:47:51+00:00
DCL DRAINS LTD,10183732,A_CEILING_HIT,"established 2016, total-exemption-full filer",ltd,corporate subscriber,2016-05-17,total-exemption-full,"accounts category, NOT turnover",39000; 43220,"7 Milbanke Court, Milbanke Way, Bracknell",RG12 1RP,https://find-and-update.company-information.service.gov.uk/company/10183732,,TO BE ENRICHED — not held by Companies House,legitimate interests (LIA required before contact),Companies House public API,2026-07-12T04:47:51+00:00
DH DRAINAGE LIMITED,13088787,A_CEILING_HIT,"established 2020, total-exemption-full filer",ltd,corporate subscriber,2020-12-17,total-exemption-full,"accounts category, NOT turnover",43290,"Suites 10 & 11 The Hive, Bell Lane, Stevenage, Herts",SG1 3HW,https://find-and-update.company-information.service.gov.uk/company/13088787,,TO BE ENRICHED — not held by Companies House,legitimate interests (LIA required before contact),Companies House public API,2026-07-12T04:47:52+00:00
CU29 ELECTRICAL LIMITED,10791504,A_CEILING_HIT,"established 2017, total-exemption-full filer",ltd,corporate subscriber,2017-05-26,total-exemption-full,"accounts category, NOT turnover",43210,"Unit 33, Space Business Centre, Knight Road, Strood, Kent",ME2 2BF,https://find-and-update.company-information.service.gov.uk/company/10791504,,TO BE ENRICHED — not held by Companies House,legitimate interests (LIA required before contact),Companies House public API,2026-07-12T04:47:54+00:00
B CAREY PLUMBING & HEATING LTD,12057820,A_CEILING_HIT,"established 2019, total-exemption-full filer",ltd,corporate subscriber,2019-06-18,total-exemption-full,"accounts category, NOT turnover",43220,"205 Mynachdy Road, Gabalfa, Cardiff",CF14 3HL,https://find-and-update.company-information.service.gov.uk/company/12057820,,TO BE ENRICHED — not held by Companies House,legitimate interests (LIA required before contact),Companies House public API,2026-07-12T04:47:55+00:00
VISUALIZATION LIMITED,05456381,A_CEILING_HIT,"established 2005, unaudited-abridged filer",ltd,corporate subscriber,2005-05-19,unaudited-abridged,"accounts category, NOT turnover",43210; 61900,"18 St. Peters Road, Maidenhead, Berkshire",SL6 7QU,https://find-and-update.company-information.service.gov.uk/company/05456381,,TO BE ENRICHED — not held by Companies House,legitimate interests (LIA required before contact),Companies House public API,2026-07-12T04:48:03+00:00
IJB ELECTRICAL LIMITED,12162264,A_CEILING_HIT,"established 2019, total-exemption-full filer",ltd,corporate subscriber,2019-08-19,total-exemption-full,"accounts category, NOT turnover",43210,"249 Cranbrook Road, Ilford",IG1 4TG,https://find-and-update.company-information.service.gov.uk/company/12162264,,TO BE ENRICHED — not held by Companies House,legitimate interests (LIA required before contact),Companies House public API,2026-07-12T04:48:04+00:00
RICKABY POWER SERVICES LIMITED,10765948,A_CEILING_HIT,"established 2017, total-exemption-full filer",ltd,corporate subscriber,2017-05-11,total-exemption-full,"accounts category, NOT turnover",43210,"21 Old School Drive, Kirk Sandall, Doncaster",DN3 1EH,https://find-and-update.company-information.service.gov.uk/company/10765948,,TO BE ENRICHED — not held by Companies House,legitimate interests (LIA required before contact),Companies House public API,2026-07-12T04:48:05+00:00
BCH ELECTRICAL LTD,11137810,A_CEILING_HIT,"established 2018, total-exemption-full filer",ltd,corporate subscriber,2018-01-08,total-exemption-full,"accounts category, NOT turnover",43210,"48 - 52 Penny Lane Mossley Hill, Liverpool, Merseyside",L18 1DG,https://find-and-update.company-information.service.gov.uk/company/11137810,,TO BE ENRICHED — not held by Companies House,legitimate interests (LIA required before contact),Companies House public API,2026-07-12T04:48:08+00:00
NEW BOILER COMPANY LTD,12849587,A_CEILING_HIT,"established 2020, total-exemption-full filer",ltd,corporate subscriber,2020-09-01,total-exemption-full,"accounts category, NOT turnover",43220,"27 Somerset Avenue, London",SW20 0BJ,https://find-and-update.company-information.service.gov.uk/company/12849587,,TO BE ENRICHED — not held by Companies House,legitimate interests (LIA required before contact),Companies House public API,2026-07-12T04:48:10+00:00
RENOV8TE LTD,09589725,A_CEILING_HIT,"established 2015, total-exemption-full filer",ltd,corporate subscriber,2015-05-13,total-exemption-full,"accounts category, NOT turnover",43290,"20 St Peters Park, Aldershot, Hampshire",GU11 3AY,https://find-and-update.company-information.service.gov.uk/company/09589725,,TO BE ENRICHED — not held by Companies House,legitimate interests (LIA required before contact),Companies House public API,2026-07-12T04:48:11+00:00
UK SMART INTERIORS LTD,12304923,A_CEILING_HIT,"established 2019, total-exemption-full filer",ltd,corporate subscriber,2019-11-08,total-exemption-full,"accounts category, NOT turnover",43290,"27 Howard Road, Bramley, Rotherham",S66 2SY,https://find-and-update.company-information.service.gov.uk/company/12304923,,TO BE ENRICHED — not held by Companies House,legitimate interests (LIA required before contact),Companies House public API,2026-07-12T04:48:13+00:00
JLEC LTD,11706890,A_CEILING_HIT,"established 2018, total-exemption-full filer",ltd,corporate subscriber,2018-12-03,total-exemption-full,"accounts category, NOT turnover",43210,"Second Floor, 123 Promenade, Cheltenham, Gloucestershire",GL50 1NW,https://find-and-update.company-information.service.gov.uk/company/11706890,,TO BE ENRICHED — not held by Companies House,legitimate interests (LIA required before contact),Companies House public API,2026-07-12T04:48:17+00:00
BLACKMOOR KNIGHT LTD,05800344,A_CEILING_HIT,"established 2006, total-exemption-full filer",ltd,corporate subscriber,2006-04-28,total-exemption-full,"accounts category, NOT turnover",43210; 43220; 43390,"Unit L Radford Business Centre, Radford Way, Billericay, Essex",CM12 0BZ,https://find-and-update.company-information.service.gov.uk/company/05800344,,TO BE ENRICHED — not held by Companies House,legitimate interests (LIA required before contact),Companies House public API,2026-07-12T04:48:18+00:00
R NUNN ELECTRICAL LTD,10352656,A_CEILING_HIT,"established 2016, total-exemption-full filer",ltd,corporate subscriber,2016-08-31,total-exemption-full,"accounts category, NOT turnover",43210,"12 Hatherley Road, Sidcup, Kent",DA14 4DT,https://find-and-update.company-information.service.gov.uk/company/10352656,,TO BE ENRICHED — not held by Companies House,legitimate interests (LIA required before contact),Companies House public API,2026-07-12T04:48:25+00:00
GLOWZONE SUSSEX LTD,06899665,A_CEILING_HIT,"established 2009, unaudited-abridged filer",ltd,corporate subscriber,2009-05-08,unaudited-abridged,"accounts category, NOT turnover",43210; 43220,"2 Park Court, Pyrford Road, West Byfleet, Surrey",KT14 6SD,https://find-and-update.company-information.service.gov.uk/company/06899665,,TO BE ENRICHED — not held by Companies House,legitimate interests (LIA required before contact),Companies House public API,2026-07-12T04:48:31+00:00
PRO ROPE ACCESS LTD,11955953,A_CEILING_HIT,"established 2019, total-exemption-full filer",ltd,corporate subscriber,2019-04-20,total-exemption-full,"accounts category, NOT turnover",43290; 43342; 74909; 86900,"1 A Kenton Road, Harrow",HA1 2BL,https://find-and-update.company-information.service.gov.uk/company/11955953,,TO BE ENRICHED — not held by Companies House,legitimate interests (LIA required before contact),Companies House public API,2026-07-12T04:48:32+00:00
