company_name,company_number,avatar,avatar_reason,company_type,pecr_status,incorporated,accounts_filing_category,size_proxy_note,sic_codes,registered_address,postcode,companies_house_url,email,email_source,lawful_basis,source,retrieved_at
JUPITER INTERIOR FITTING LIMITED,11999390,B_COMPLIANCE_DROWNED,micro filer (micro-entity),ltd,corporate subscriber,2019-05-16,micro-entity,"accounts category, NOT turnover",43290,"Olive Cottage Jack Lane, Weston, Crewe",CW2 5LE,https://find-and-update.company-information.service.gov.uk/company/11999390,,TO BE ENRICHED — not held by Companies House,legitimate interests (LIA required before contact),Companies House public API,2026-07-12T04:25:31+00:00
ZB KITCHEN & BATHROOM LTD,15720069,B_COMPLIANCE_DROWNED,"young (2024), total-exemption-full filer",ltd,corporate subscriber,2024-05-14,total-exemption-full,"accounts category, NOT turnover",43220; 43290; 43320,"Flat 2 St. Davids Church, Osborne Road, Pontypool",NP4 6NN,https://find-and-update.company-information.service.gov.uk/company/15720069,,TO BE ENRICHED — not held by Companies House,legitimate interests (LIA required before contact),Companies House public API,2026-07-12T04:25:31+00:00
NEIL AUGHTON LIMITED,05880613,B_COMPLIANCE_DROWNED,micro filer (micro-entity),ltd,corporate subscriber,2006-07-19,micro-entity,"accounts category, NOT turnover",43220,"3 Crostons Brow, Marshside, Southport, Merseyside",PR9 9QU,https://find-and-update.company-information.service.gov.uk/company/05880613,,TO BE ENRICHED — not held by Companies House,legitimate interests (LIA required before contact),Companies House public API,2026-07-12T04:25:33+00:00
PROFESSIONAL STOVE INSTALLATIONS LTD,12299333,B_COMPLIANCE_DROWNED,micro filer (micro-entity),ltd,corporate subscriber,2019-11-05,micro-entity,"accounts category, NOT turnover",43290,"71 Wilton Drive, West Monkseaton, Whitley Bay",NE25 9NX,https://find-and-update.company-information.service.gov.uk/company/12299333,,TO BE ENRICHED — not held by Companies House,legitimate interests (LIA required before contact),Companies House public API,2026-07-12T04:25:34+00:00
FIRST DUCT WORKERS LTD,11391120,B_COMPLIANCE_DROWNED,micro filer (micro-entity),ltd,corporate subscriber,2018-05-31,micro-entity,"accounts category, NOT turnover",43220,"1 Searles Drive, Beckton, London",E6 6NE,https://find-and-update.company-information.service.gov.uk/company/11391120,,TO BE ENRICHED — not held by Companies House,legitimate interests (LIA required before contact),Companies House public API,2026-07-12T04:25:37+00:00
HRH BUILDING CONTRACTORS LTD,11320227,B_COMPLIANCE_DROWNED,micro filer (micro-entity),ltd,corporate subscriber,2018-04-20,micro-entity,"accounts category, NOT turnover",43210; 43220; 43390; 43910,"Unit 10 Newton Road, The Bell Centre, Crawley, West Sussex",RH10 9FZ,https://find-and-update.company-information.service.gov.uk/company/11320227,,TO BE ENRICHED — not held by Companies House,legitimate interests (LIA required before contact),Companies House public API,2026-07-12T04:25:38+00:00
MERSEY ELECTRICAL LTD,11346812,B_COMPLIANCE_DROWNED,micro filer (micro-entity),ltd,corporate subscriber,2018-05-04,micro-entity,"accounts category, NOT turnover",43210,"Suite 304 C/O Venture Finance Management, Suite 304, Cotton Exchange, Liverpool",L3 9LQ,https://find-and-update.company-information.service.gov.uk/company/11346812,,TO BE ENRICHED — not held by Companies House,legitimate interests (LIA required before contact),Companies House public API,2026-07-12T04:25:38+00:00
COLIN SHARPE MECHANICAL SERVICES LIMITED,04313493,B_COMPLIANCE_DROWNED,micro filer (micro-entity),ltd,corporate subscriber,2001-10-30,micro-entity,"accounts category, NOT turnover",43290,"59 Tenter Balk Lane, Adwick-Le-Street, Doncaster, South Yorkshire",DN6 7EE,https://find-and-update.company-information.service.gov.uk/company/04313493,,TO BE ENRICHED — not held by Companies House,legitimate interests (LIA required before contact),Companies House public API,2026-07-12T04:25:39+00:00
HALES (SCOTLAND) LIMITED,SC564792,B_COMPLIANCE_DROWNED,micro filer (micro-entity),ltd,corporate subscriber,2017-05-03,micro-entity,"accounts category, NOT turnover",43210; 43220; 43320; 43330,"2j Second Avenue, Heatherhouse Industrial Estate, Irvine",KA12 8HL,https://find-and-update.company-information.service.gov.uk/company/SC564792,,TO BE ENRICHED — not held by Companies House,legitimate interests (LIA required before contact),Companies House public API,2026-07-12T04:25:40+00:00
MCKINNON ELECTRICAL LTD,SC590091,B_COMPLIANCE_DROWNED,micro filer (micro-entity),ltd,corporate subscriber,2018-02-28,micro-entity,"accounts category, NOT turnover",43210,"24 Great Southern Road, Aberdeen",AB11 7XU,https://find-and-update.company-information.service.gov.uk/company/SC590091,,TO BE ENRICHED — not held by Companies House,legitimate interests (LIA required before contact),Companies House public API,2026-07-12T04:25:40+00:00
ACR HEATING SOLUTIONS LTD,08056115,B_COMPLIANCE_DROWNED,micro filer (micro-entity),ltd,corporate subscriber,2012-05-03,micro-entity,"accounts category, NOT turnover",43220,"White Gables Fosse Way, Hunningham, Leamington Spa, Warwickshire",CV33 9EG,https://find-and-update.company-information.service.gov.uk/company/08056115,,TO BE ENRICHED — not held by Companies House,legitimate interests (LIA required before contact),Companies House public API,2026-07-12T04:25:45+00:00
HARLEY-JAMES ELECTRICAL SERVICES LTD,12402299,B_COMPLIANCE_DROWNED,micro filer (micro-entity),ltd,corporate subscriber,2020-01-14,micro-entity,"accounts category, NOT turnover",43210,"103 Hurst Street, Oxford",OX4 1HE,https://find-and-update.company-information.service.gov.uk/company/12402299,,TO BE ENRICHED — not held by Companies House,legitimate interests (LIA required before contact),Companies House public API,2026-07-12T04:25:45+00:00
AUTO ASSIST PLUS LTD,11700135,B_COMPLIANCE_DROWNED,micro filer (micro-entity),ltd,corporate subscriber,2018-11-27,micro-entity,"accounts category, NOT turnover",43210; 45200; 45320,"52 Alexandra Road, Suite 115, Enfield",EN3 7EH,https://find-and-update.company-information.service.gov.uk/company/11700135,,TO BE ENRICHED — not held by Companies House,legitimate interests (LIA required before contact),Companies House public API,2026-07-12T04:25:47+00:00
S G ELECTRICAL (MANCHESTER) LTD,11982005,B_COMPLIANCE_DROWNED,micro filer (micro-entity),ltd,corporate subscriber,2019-05-07,micro-entity,"accounts category, NOT turnover",43210,"7 Japan Street, Salford",M7 4HP,https://find-and-update.company-information.service.gov.uk/company/11982005,,TO BE ENRICHED — not held by Companies House,legitimate interests (LIA required before contact),Companies House public API,2026-07-12T04:25:49+00:00
HOLLOWAY BATHROOMS PLUMBING CONTRACTORS LIMITED,11923692,B_COMPLIANCE_DROWNED,micro filer (micro-entity),ltd,corporate subscriber,2019-04-03,micro-entity,"accounts category, NOT turnover",43220; 46740,"The White House 19 Ash Street, Ash, Guildford, Surrey",GU12 6LD,https://find-and-update.company-information.service.gov.uk/company/11923692,,TO BE ENRICHED — not held by Companies House,legitimate interests (LIA required before contact),Companies House public API,2026-07-12T04:25:49+00:00
INNOX KITCHENS & BATHROOMS LTD,11964971,B_COMPLIANCE_DROWNED,micro filer (micro-entity),ltd,corporate subscriber,2019-04-26,micro-entity,"accounts category, NOT turnover",43220,"Richard Hall House Bridgnorth Road, Wombourne, Wolverhampton",WV5 0AF,https://find-and-update.company-information.service.gov.uk/company/11964971,,TO BE ENRICHED — not held by Companies House,legitimate interests (LIA required before contact),Companies House public API,2026-07-12T04:25:50+00:00
ND PLUMBING SERVICES LIMITED,11925416,B_COMPLIANCE_DROWNED,micro filer (micro-entity),ltd,corporate subscriber,2019-04-04,micro-entity,"accounts category, NOT turnover",43220,"48 Firsway, Whitchurch",RG28 7HD,https://find-and-update.company-information.service.gov.uk/company/11925416,,TO BE ENRICHED — not held by Companies House,legitimate interests (LIA required before contact),Companies House public API,2026-07-12T04:25:51+00:00
MGEC NORTH WEST LTD,11790012,B_COMPLIANCE_DROWNED,micro filer (micro-entity),ltd,corporate subscriber,2019-01-28,micro-entity,"accounts category, NOT turnover",43210,"2 The Courtyard, Greenfields Industrial Estate, Congleton, Cheshire",CW12 4TR,https://find-and-update.company-information.service.gov.uk/company/11790012,,TO BE ENRICHED — not held by Companies House,legitimate interests (LIA required before contact),Companies House public API,2026-07-12T04:25:53+00:00
Z J PROPERTY CARE LTD,11806044,B_COMPLIANCE_DROWNED,micro filer (micro-entity),ltd,corporate subscriber,2019-02-04,micro-entity,"accounts category, NOT turnover",41100; 41201; 41202; 43290,"54 Howbury Road, London",SE15 3HR,https://find-and-update.company-information.service.gov.uk/company/11806044,,TO BE ENRICHED — not held by Companies House,legitimate interests (LIA required before contact),Companies House public API,2026-07-12T04:25:53+00:00
AG PRO PLUMBING LIMITED,SC810475,B_COMPLIANCE_DROWNED,micro filer (micro-entity),ltd,corporate subscriber,2024-05-14,micro-entity,"accounts category, NOT turnover",43220,"Oakfield House 378 Brandon Street, Motherwell, Lanarkshire",ML1 1XA,https://find-and-update.company-information.service.gov.uk/company/SC810475,,TO BE ENRICHED — not held by Companies House,legitimate interests (LIA required before contact),Companies House public API,2026-07-12T04:25:55+00:00
LONDON GAS INSPECTIONS LIMITED,13921760,B_COMPLIANCE_DROWNED,micro filer (micro-entity),ltd,corporate subscriber,2022-02-17,micro-entity,"accounts category, NOT turnover",43220,"5 Royal Avenue, London",SW3 4QE,https://find-and-update.company-information.service.gov.uk/company/13921760,,TO BE ENRICHED — not held by Companies House,legitimate interests (LIA required before contact),Companies House public API,2026-07-12T04:25:57+00:00
ENDEGO LTD,09818841,B_COMPLIANCE_DROWNED,micro filer (micro-entity),ltd,corporate subscriber,2015-10-12,micro-entity,"accounts category, NOT turnover",43290; 43390,"First Floor, 359 High Street, Stratford, London",E15 4QZ,https://find-and-update.company-information.service.gov.uk/company/09818841,,TO BE ENRICHED — not held by Companies House,legitimate interests (LIA required before contact),Companies House public API,2026-07-12T04:25:58+00:00
CRC RAIL LTD,11321076,B_COMPLIANCE_DROWNED,micro filer (micro-entity),ltd,corporate subscriber,2018-04-20,micro-entity,"accounts category, NOT turnover",42120; 43210,"10 Western Road, Romford, Essex",RM1 3JT,https://find-and-update.company-information.service.gov.uk/company/11321076,,TO BE ENRICHED — not held by Companies House,legitimate interests (LIA required before contact),Companies House public API,2026-07-12T04:25:58+00:00
ENERGY BY NATURE UK LTD,10822298,B_COMPLIANCE_DROWNED,micro filer (micro-entity),ltd,corporate subscriber,2017-06-16,micro-entity,"accounts category, NOT turnover",43220; 46740,"5 Hextall Drive, Ibstock",LE67 6RE,https://find-and-update.company-information.service.gov.uk/company/10822298,,TO BE ENRICHED — not held by Companies House,legitimate interests (LIA required before contact),Companies House public API,2026-07-12T04:26:01+00:00
AJRG ELECTRICAL LIMITED,14690900,B_COMPLIANCE_DROWNED,"young (2023), total-exemption-full filer",ltd,corporate subscriber,2023-02-27,total-exemption-full,"accounts category, NOT turnover",43210,"12 Hatherley Road, Sidcup",DA14 4DT,https://find-and-update.company-information.service.gov.uk/company/14690900,,TO BE ENRICHED — not held by Companies House,legitimate interests (LIA required before contact),Companies House public API,2026-07-12T04:26:02+00:00
PETER MCCLAREY ELECTRICS LIMITED,NI623937,B_COMPLIANCE_DROWNED,micro filer (micro-entity),ltd,corporate subscriber,2014-04-07,micro-entity,"accounts category, NOT turnover",43210,"32 Ardbeg Drive, Coleraine",BT51 3EQ,https://find-and-update.company-information.service.gov.uk/company/NI623937,,TO BE ENRICHED — not held by Companies House,legitimate interests (LIA required before contact),Companies House public API,2026-07-12T04:26:04+00:00
TRANSFORM GROUP LTD,12531811,B_COMPLIANCE_DROWNED,micro filer (micro-entity),ltd,corporate subscriber,2020-03-24,micro-entity,"accounts category, NOT turnover",41100; 43120; 43290; 43320,"69 Atlantic Road, Birmingham",B44 8LW,https://find-and-update.company-information.service.gov.uk/company/12531811,,TO BE ENRICHED — not held by Companies House,legitimate interests (LIA required before contact),Companies House public API,2026-07-12T04:26:07+00:00
C & L ELECTRICAL SOLUTIONS LTD,11699448,B_COMPLIANCE_DROWNED,micro filer (micro-entity),ltd,corporate subscriber,2018-11-27,micro-entity,"accounts category, NOT turnover",43210,"3 Havenside Close, Oldham, Lancashire",OL4 2SY,https://find-and-update.company-information.service.gov.uk/company/11699448,,TO BE ENRICHED — not held by Companies House,legitimate interests (LIA required before contact),Companies House public API,2026-07-12T04:26:09+00:00
SCJ ELECTRICAL LIMITED,11360120,B_COMPLIANCE_DROWNED,micro filer (micro-entity),ltd,corporate subscriber,2018-05-14,micro-entity,"accounts category, NOT turnover",43210,"15 Grove Close, Holt",NR25 6EF,https://find-and-update.company-information.service.gov.uk/company/11360120,,TO BE ENRICHED — not held by Companies House,legitimate interests (LIA required before contact),Companies House public API,2026-07-12T04:26:10+00:00
DUCTEAM LIMITED,05584621,B_COMPLIANCE_DROWNED,micro filer (micro-entity),ltd,corporate subscriber,2005-10-06,micro-entity,"accounts category, NOT turnover",43290,"2 Lakeview Stables, Lower St. Clere Kemsing, Sevenoaks",TN15 6NL,https://find-and-update.company-information.service.gov.uk/company/05584621,,TO BE ENRICHED — not held by Companies House,legitimate interests (LIA required before contact),Companies House public API,2026-07-12T04:26:13+00:00
ATLAS MECHANICAL SERVICES LIMITED,NI653567,B_COMPLIANCE_DROWNED,micro filer (micro-entity),ltd,corporate subscriber,2018-06-08,micro-entity,"accounts category, NOT turnover",43220,"50 Westway Crescent Ballygomartin, Belfast",BT13 3NU,https://find-and-update.company-information.service.gov.uk/company/NI653567,,TO BE ENRICHED — not held by Companies House,legitimate interests (LIA required before contact),Companies House public API,2026-07-12T04:26:15+00:00
ROSEMOUNT INDUSTRIAL LIMITED,SC542816,B_COMPLIANCE_DROWNED,micro filer (micro-entity),ltd,corporate subscriber,2016-08-16,micro-entity,"accounts category, NOT turnover",43210,"42 Dudhope Crescent Road, Dundee",DD1 5RR,https://find-and-update.company-information.service.gov.uk/company/SC542816,,TO BE ENRICHED — not held by Companies House,legitimate interests (LIA required before contact),Companies House public API,2026-07-12T04:26:18+00:00
W F ELECTRICAL SOLUTIONS LIMITED,10770880,B_COMPLIANCE_DROWNED,micro filer (micro-entity),ltd,corporate subscriber,2017-05-15,micro-entity,"accounts category, NOT turnover",43210,"Flat K, 5 Gloucester Street, London",SW1V 2DB,https://find-and-update.company-information.service.gov.uk/company/10770880,,TO BE ENRICHED — not held by Companies House,legitimate interests (LIA required before contact),Companies House public API,2026-07-12T04:26:20+00:00
ABRUCE POWER LTD,SC549380,B_COMPLIANCE_DROWNED,micro filer (micro-entity),ltd,corporate subscriber,2016-11-03,micro-entity,"accounts category, NOT turnover",43210,"167 Turnhill Drive, Erskine, Erskine, Renfrewshire",PA8 7EY,https://find-and-update.company-information.service.gov.uk/company/SC549380,,TO BE ENRICHED — not held by Companies House,legitimate interests (LIA required before contact),Companies House public API,2026-07-12T04:26:20+00:00
MK FIRE PROTECTION ENGINEERS LTD,SC532560,B_COMPLIANCE_DROWNED,micro filer (micro-entity),ltd,corporate subscriber,2016-04-13,micro-entity,"accounts category, NOT turnover",43210,"Suite 341 4th Floor 93 Hope Street, Glasgow",G2 6LD,https://find-and-update.company-information.service.gov.uk/company/SC532560,,TO BE ENRICHED — not held by Companies House,legitimate interests (LIA required before contact),Companies House public API,2026-07-12T04:26:21+00:00
LONDON CIRCUITS LTD,10125810,B_COMPLIANCE_DROWNED,micro filer (micro-entity),ltd,corporate subscriber,2016-04-14,micro-entity,"accounts category, NOT turnover",43210,"315 Wrotham Road, Istead Rise, Gravesend",DA13 9JH,https://find-and-update.company-information.service.gov.uk/company/10125810,,TO BE ENRICHED — not held by Companies House,legitimate interests (LIA required before contact),Companies House public API,2026-07-12T04:26:23+00:00
TD ELECTRICS LIMITED,SC389225,B_COMPLIANCE_DROWNED,micro filer (micro-entity),ltd,corporate subscriber,2010-11-22,micro-entity,"accounts category, NOT turnover",43210,"24 Sunart Road, Bishopbriggs, Glasgow",G64 1HN,https://find-and-update.company-information.service.gov.uk/company/SC389225,,TO BE ENRICHED — not held by Companies House,legitimate interests (LIA required before contact),Companies House public API,2026-07-12T04:26:26+00:00
IVERS ELECTRICAL LTD,SC418771,B_COMPLIANCE_DROWNED,micro filer (micro-entity),ltd,corporate subscriber,2012-03-07,micro-entity,"accounts category, NOT turnover",43210,"7 Berryden Park, Aberdeen",AB25 3RT,https://find-and-update.company-information.service.gov.uk/company/SC418771,,TO BE ENRICHED — not held by Companies House,legitimate interests (LIA required before contact),Companies House public API,2026-07-12T04:26:27+00:00
W. JAMES CAMPBELL LIMITED,SC290652,B_COMPLIANCE_DROWNED,micro filer (micro-entity),ltd,corporate subscriber,2005-09-22,micro-entity,"accounts category, NOT turnover",43220,"20 Barnton Street, Stirling, Stirlingshire",FK8 1NE,https://find-and-update.company-information.service.gov.uk/company/SC290652,,TO BE ENRICHED — not held by Companies House,legitimate interests (LIA required before contact),Companies House public API,2026-07-12T04:26:27+00:00
FIRTH ELECTRICAL AND PROPERTY SERVICES LIMITED,SC389361,B_COMPLIANCE_DROWNED,micro filer (micro-entity),ltd,corporate subscriber,2010-11-23,micro-entity,"accounts category, NOT turnover",43210,"103 Glasgow Road, Bathgate, West Lothian",EH48 2QN,https://find-and-update.company-information.service.gov.uk/company/SC389361,,TO BE ENRICHED — not held by Companies House,legitimate interests (LIA required before contact),Companies House public API,2026-07-12T04:26:29+00:00
NWR ELECTRICAL PERTH LIMITED,SC585677,B_COMPLIANCE_DROWNED,micro filer (micro-entity),ltd,corporate subscriber,2018-01-15,micro-entity,"accounts category, NOT turnover",43210,"42 Dudhope Crescent Road, Dundee",DD1 5RR,https://find-and-update.company-information.service.gov.uk/company/SC585677,,TO BE ENRICHED — not held by Companies House,legitimate interests (LIA required before contact),Companies House public API,2026-07-12T04:26:30+00:00
GMCL CONTRACTS LTD,SC587135,B_COMPLIANCE_DROWNED,micro filer (micro-entity),ltd,corporate subscriber,2018-01-29,micro-entity,"accounts category, NOT turnover",43210,"Flat 0/3, 9 Oatlands Square, Glasgow",G5 0GZ,https://find-and-update.company-information.service.gov.uk/company/SC587135,,TO BE ENRICHED — not held by Companies House,legitimate interests (LIA required before contact),Companies House public API,2026-07-12T04:26:31+00:00
INFINITI BATHROOMS LTD,SC583002,B_COMPLIANCE_DROWNED,micro filer (micro-entity),ltd,corporate subscriber,2017-12-04,micro-entity,"accounts category, NOT turnover",43220,"42 Dudhope Crescent Road, Dundee",DD1 5RR,https://find-and-update.company-information.service.gov.uk/company/SC583002,,TO BE ENRICHED — not held by Companies House,legitimate interests (LIA required before contact),Companies House public API,2026-07-12T04:26:31+00:00
S MALONEY ELECTRICAL LTD,SC559990,B_COMPLIANCE_DROWNED,micro filer (micro-entity),ltd,corporate subscriber,2017-03-09,micro-entity,"accounts category, NOT turnover",43210,"164 Sandpiper Drive Sandpiper Drive, East Kilbride",G75 8UW,https://find-and-update.company-information.service.gov.uk/company/SC559990,,TO BE ENRICHED — not held by Companies House,legitimate interests (LIA required before contact),Companies House public API,2026-07-12T04:26:33+00:00
C BUILD CONTRACTS LTD,SC557752,B_COMPLIANCE_DROWNED,micro filer (micro-entity),ltd,corporate subscriber,2017-02-15,micro-entity,"accounts category, NOT turnover",43290,"505 Great Western Road, Glasgow",G12 8HN,https://find-and-update.company-information.service.gov.uk/company/SC557752,,TO BE ENRICHED — not held by Companies House,legitimate interests (LIA required before contact),Companies House public API,2026-07-12T04:26:34+00:00
LTV LIGHTING LTD,10643043,B_COMPLIANCE_DROWNED,micro filer (micro-entity),ltd,corporate subscriber,2017-02-28,micro-entity,"accounts category, NOT turnover",43210,"121 Carr Head Lane, Poulton-Le-Fylde",FY6 8EG,https://find-and-update.company-information.service.gov.uk/company/10643043,,TO BE ENRICHED — not held by Companies House,legitimate interests (LIA required before contact),Companies House public API,2026-07-12T04:26:35+00:00
REL FIRE SYSTEMS LIMITED,SC610414,B_COMPLIANCE_DROWNED,micro filer (micro-entity),ltd,corporate subscriber,2018-10-09,micro-entity,"accounts category, NOT turnover",43210,"63 Harvest Drive, Motherwell",ML1 2RT,https://find-and-update.company-information.service.gov.uk/company/SC610414,,TO BE ENRICHED — not held by Companies House,legitimate interests (LIA required before contact),Companies House public API,2026-07-12T04:26:39+00:00
AMG CONSTRUCTION SPECIALISTS LTD,SC621694,B_COMPLIANCE_DROWNED,micro filer (micro-entity),ltd,corporate subscriber,2019-02-19,micro-entity,"accounts category, NOT turnover",43290,"28 Craigentinny Avenue North, Edinburgh",EH6 7LJ,https://find-and-update.company-information.service.gov.uk/company/SC621694,,TO BE ENRICHED — not held by Companies House,legitimate interests (LIA required before contact),Companies House public API,2026-07-12T04:26:40+00:00
OSBISTON ELECTRICAL SERVICES LIMITED,09018436,B_COMPLIANCE_DROWNED,micro filer (micro-entity),ltd,corporate subscriber,2014-04-30,micro-entity,"accounts category, NOT turnover",43210,"Five Ways, 57/59 Hatfield Road, Potters Bar, Hertfordshire",EN6 1HS,https://find-and-update.company-information.service.gov.uk/company/09018436,,TO BE ENRICHED — not held by Companies House,legitimate interests (LIA required before contact),Companies House public API,2026-07-12T04:26:43+00:00
OXFORD INSTALLATIONS LTD,10846997,B_COMPLIANCE_DROWNED,micro filer (micro-entity),ltd,corporate subscriber,2017-07-03,micro-entity,"accounts category, NOT turnover",43210,"23 Nash Road, Upper Heyford, Bicester, Oxfordshire",OX25 5BL,https://find-and-update.company-information.service.gov.uk/company/10846997,,TO BE ENRICHED — not held by Companies House,legitimate interests (LIA required before contact),Companies House public API,2026-07-12T04:26:44+00:00
ECOHANCE GROUP LTD,SC769185,B_COMPLIANCE_DROWNED,"young (2023), total-exemption-full filer",ltd,corporate subscriber,2023-05-12,total-exemption-full,"accounts category, NOT turnover",43210,"109/14 Swanston Road, Edinburgh",EH10 7DS,https://find-and-update.company-information.service.gov.uk/company/SC769185,,TO BE ENRICHED — not held by Companies House,legitimate interests (LIA required before contact),Companies House public API,2026-07-12T04:26:47+00:00
MAINTENANCE LONDON LIMITED,14300790,B_COMPLIANCE_DROWNED,"young (2022), total-exemption-full filer",ltd,corporate subscriber,2022-08-17,total-exemption-full,"accounts category, NOT turnover",43220; 43390; 70229,"M S R House, 329 Ley Street, Ilford",IG1 4AA,https://find-and-update.company-information.service.gov.uk/company/14300790,,TO BE ENRICHED — not held by Companies House,legitimate interests (LIA required before contact),Companies House public API,2026-07-12T04:26:48+00:00
GREENTECH-EU LIMITED,SC482763,B_COMPLIANCE_DROWNED,micro filer (micro-entity),ltd,corporate subscriber,2014-07-23,micro-entity,"accounts category, NOT turnover",43220,"Suite 3 Castle House, Baker Street, Stirling",FK8 1AL,https://find-and-update.company-information.service.gov.uk/company/SC482763,,TO BE ENRICHED — not held by Companies House,legitimate interests (LIA required before contact),Companies House public API,2026-07-12T04:26:53+00:00
A1 AUTOMATIC GATES LIMITED,SC466736,B_COMPLIANCE_DROWNED,micro filer (micro-entity),ltd,corporate subscriber,2014-01-07,micro-entity,"accounts category, NOT turnover",43290,"130 Drummore Road, Glasgow",G15 7NJ,https://find-and-update.company-information.service.gov.uk/company/SC466736,,TO BE ENRICHED — not held by Companies House,legitimate interests (LIA required before contact),Companies House public API,2026-07-12T04:26:54+00:00
SCOTT MCDADE LTD,SC508684,B_COMPLIANCE_DROWNED,micro filer (micro-entity),ltd,corporate subscriber,2015-06-18,micro-entity,"accounts category, NOT turnover",33170; 43210,"9 9 Mansel Street, Glasgow",G21 4JJ,https://find-and-update.company-information.service.gov.uk/company/SC508684,,TO BE ENRICHED — not held by Companies House,legitimate interests (LIA required before contact),Companies House public API,2026-07-12T04:26:55+00:00
FERRY PLUMBING & HEATING LTD,SC493853,B_COMPLIANCE_DROWNED,micro filer (micro-entity),ltd,corporate subscriber,2014-12-22,micro-entity,"accounts category, NOT turnover",43220,"40/42 Brantwood Avenue, Dundee",DD3 6EW,https://find-and-update.company-information.service.gov.uk/company/SC493853,,TO BE ENRICHED — not held by Companies House,legitimate interests (LIA required before contact),Companies House public API,2026-07-12T04:26:56+00:00
WESTFIELD PLUMBING-HEATING SERVICES LTD,SC472758,B_COMPLIANCE_DROWNED,micro filer (micro-entity),ltd,corporate subscriber,2014-03-18,micro-entity,"accounts category, NOT turnover",43220,"5 Westerdale, Stewartfield, Eastkilbride",G74 4JF,https://find-and-update.company-information.service.gov.uk/company/SC472758,,TO BE ENRICHED — not held by Companies House,legitimate interests (LIA required before contact),Companies House public API,2026-07-12T04:26:57+00:00
REBELI ELECTRICAL LTD,SC451621,B_COMPLIANCE_DROWNED,micro filer (micro-entity),ltd,corporate subscriber,2013-06-05,micro-entity,"accounts category, NOT turnover",43210,"24 Montreal Park Westwood, East Kilbride",G75 8LB,https://find-and-update.company-information.service.gov.uk/company/SC451621,,TO BE ENRICHED — not held by Companies House,legitimate interests (LIA required before contact),Companies House public API,2026-07-12T04:26:57+00:00
JM HUTT SERVICES LIMITED,SC462362,B_COMPLIANCE_DROWNED,micro filer (micro-entity),ltd,corporate subscriber,2013-10-28,micro-entity,"accounts category, NOT turnover",09100; 43210,"25 Adam Drive, Dundee",DD3 0SS,https://find-and-update.company-information.service.gov.uk/company/SC462362,,TO BE ENRICHED — not held by Companies House,legitimate interests (LIA required before contact),Companies House public API,2026-07-12T04:26:58+00:00
MG TECHNICAL LIMITED,SC509029,B_COMPLIANCE_DROWNED,micro filer (micro-entity),ltd,corporate subscriber,2015-06-22,micro-entity,"accounts category, NOT turnover",43210,"54 Pleaknowe Crescent, Chryston, Glasgow",G69 0LQ,https://find-and-update.company-information.service.gov.uk/company/SC509029,,TO BE ENRICHED — not held by Companies House,legitimate interests (LIA required before contact),Companies House public API,2026-07-12T04:26:59+00:00
MCMILLAN'S PROPERTY MAINTENANCE LTD,SC606937,B_COMPLIANCE_DROWNED,micro filer (micro-entity),ltd,corporate subscriber,2018-08-31,micro-entity,"accounts category, NOT turnover",43290; 43320; 43341,"60 Main Street, Ayr",KA8 8EF,https://find-and-update.company-information.service.gov.uk/company/SC606937,,TO BE ENRICHED — not held by Companies House,legitimate interests (LIA required before contact),Companies House public API,2026-07-12T04:26:59+00:00
TDH RIGGING & ACCESS LTD,SC606812,B_COMPLIANCE_DROWNED,micro filer (micro-entity),ltd,corporate subscriber,2018-08-30,micro-entity,"accounts category, NOT turnover",43290,"93 Etive Cresc, Bishopbriggs, Glasgow",G64 1EY,https://find-and-update.company-information.service.gov.uk/company/SC606812,,TO BE ENRICHED — not held by Companies House,legitimate interests (LIA required before contact),Companies House public API,2026-07-12T04:27:00+00:00
M & G BROWN ELECTRICAL LTD,SC599984,B_COMPLIANCE_DROWNED,micro filer (micro-entity),ltd,corporate subscriber,2018-06-14,micro-entity,"accounts category, NOT turnover",43210,"24 Cranbrooke Drive, Glasgow",G20 0LX,https://find-and-update.company-information.service.gov.uk/company/SC599984,,TO BE ENRICHED — not held by Companies House,legitimate interests (LIA required before contact),Companies House public API,2026-07-12T04:27:01+00:00
JM LIFTING AND RIGGING SERVICES LTD,SC603798,B_COMPLIANCE_DROWNED,micro filer (micro-entity),ltd,corporate subscriber,2018-07-27,micro-entity,"accounts category, NOT turnover",43290,"15 St Clair Terrace, Kirkcaldy",KY1 2YJ,https://find-and-update.company-information.service.gov.uk/company/SC603798,,TO BE ENRICHED — not held by Companies House,legitimate interests (LIA required before contact),Companies House public API,2026-07-12T04:27:02+00:00
CKA ELECTRICAL SERVICES LIMITED,SC603664,B_COMPLIANCE_DROWNED,micro filer (micro-entity),ltd,corporate subscriber,2018-07-26,micro-entity,"accounts category, NOT turnover",43210,"9 Glamis Place, Elgin",IV30 8UJ,https://find-and-update.company-information.service.gov.uk/company/SC603664,,TO BE ENRICHED — not held by Companies House,legitimate interests (LIA required before contact),Companies House public API,2026-07-12T04:27:03+00:00
DCP SOLUTIONS LIMITED,07619481,B_COMPLIANCE_DROWNED,micro filer (micro-entity),ltd,corporate subscriber,2011-05-03,micro-entity,"accounts category, NOT turnover",43290,"Bts House 73 Manor Road, Suite 1a, 1st Floor, Wallington, Surrey",SM6 0DD,https://find-and-update.company-information.service.gov.uk/company/07619481,,TO BE ENRICHED — not held by Companies House,legitimate interests (LIA required before contact),Companies House public API,2026-07-12T04:27:04+00:00
DANIEL PLUMBING SERVICE LTD,14042638,B_COMPLIANCE_DROWNED,micro filer (micro-entity),ltd,corporate subscriber,2022-04-12,micro-entity,"accounts category, NOT turnover",43220,"42 Brinklow Road, Birmingham",B29 5XR,https://find-and-update.company-information.service.gov.uk/company/14042638,,TO BE ENRICHED — not held by Companies House,legitimate interests (LIA required before contact),Companies House public API,2026-07-12T04:27:04+00:00
NISS INSTALLATION LIMITED,13546775,B_COMPLIANCE_DROWNED,micro filer (micro-entity),ltd,corporate subscriber,2021-08-04,micro-entity,"accounts category, NOT turnover",43210; 80200,"64 Abbots Road, Edgware",HA8 0RE,https://find-and-update.company-information.service.gov.uk/company/13546775,,TO BE ENRICHED — not held by Companies House,legitimate interests (LIA required before contact),Companies House public API,2026-07-12T04:27:05+00:00
GREENHILL NW LTD,13507180,B_COMPLIANCE_DROWNED,"young (2021), total-exemption-full filer",ltd,corporate subscriber,2021-07-13,total-exemption-full,"accounts category, NOT turnover",43220,"10 Cheriton Road, Urmston, Manchester",M41 8RL,https://find-and-update.company-information.service.gov.uk/company/13507180,,TO BE ENRICHED — not held by Companies House,legitimate interests (LIA required before contact),Companies House public API,2026-07-12T04:27:06+00:00
ELECTRITEC LTD,11549371,B_COMPLIANCE_DROWNED,micro filer (micro-entity),ltd,corporate subscriber,2018-09-03,micro-entity,"accounts category, NOT turnover",43210,"58 Jackson Road, Matlock",DE4 3JQ,https://find-and-update.company-information.service.gov.uk/company/11549371,,TO BE ENRICHED — not held by Companies House,legitimate interests (LIA required before contact),Companies House public API,2026-07-12T04:27:07+00:00
CALLEVA BUILDING SERVICES LTD,09756709,B_COMPLIANCE_DROWNED,micro filer (micro-entity),ltd,corporate subscriber,2015-09-01,micro-entity,"accounts category, NOT turnover",43210,"18 Stratfield Avenue, Tadley, Hampshire",RG26 3UD,https://find-and-update.company-information.service.gov.uk/company/09756709,,TO BE ENRICHED — not held by Companies House,legitimate interests (LIA required before contact),Companies House public API,2026-07-12T04:27:09+00:00
S J ROSE ELECTRICAL CONTRACTORS LTD,09924782,B_COMPLIANCE_DROWNED,micro filer (micro-entity),ltd,corporate subscriber,2015-12-21,micro-entity,"accounts category, NOT turnover",43210,"25 Highfield Avenue, Melton Mowbray, Leicestershire",LE13 0NQ,https://find-and-update.company-information.service.gov.uk/company/09924782,,TO BE ENRICHED — not held by Companies House,legitimate interests (LIA required before contact),Companies House public API,2026-07-12T04:27:10+00:00
BUXTON ELECTRICAL CONTRACTORS LTD,10110489,B_COMPLIANCE_DROWNED,micro filer (micro-entity),ltd,corporate subscriber,2016-04-07,micro-entity,"accounts category, NOT turnover",43210,"48 Manchester Road, Buxton, Derbyshire",SK17 6SY,https://find-and-update.company-information.service.gov.uk/company/10110489,,TO BE ENRICHED — not held by Companies House,legitimate interests (LIA required before contact),Companies House public API,2026-07-12T04:27:11+00:00
INCONSTRUCT SERVICES LTD,09983396,B_COMPLIANCE_DROWNED,micro filer (micro-entity),ltd,corporate subscriber,2016-02-02,micro-entity,"accounts category, NOT turnover",43290,"Flat 1 High Street, 34b Lincoln House, Harpenden",AL5 2SX,https://find-and-update.company-information.service.gov.uk/company/09983396,,TO BE ENRICHED — not held by Companies House,legitimate interests (LIA required before contact),Companies House public API,2026-07-12T04:27:12+00:00
HENRY GREEN PLUMBING & HEATING SOLUTIONS LTD,11220485,B_COMPLIANCE_DROWNED,micro filer (micro-entity),ltd,corporate subscriber,2018-02-22,micro-entity,"accounts category, NOT turnover",43220,"C/O Ayling Ware Ltd, 48, Spelthorne Lane, Ashford",TW15 1UJ,https://find-and-update.company-information.service.gov.uk/company/11220485,,TO BE ENRICHED — not held by Companies House,legitimate interests (LIA required before contact),Companies House public API,2026-07-12T04:27:13+00:00
AP WOOD LIMITED,10682172,B_COMPLIANCE_DROWNED,micro filer (micro-entity),ltd,corporate subscriber,2017-03-21,micro-entity,"accounts category, NOT turnover",43210,"10 Meadow Street Avonmouth, Bristol",BS11 9AR,https://find-and-update.company-information.service.gov.uk/company/10682172,,TO BE ENRICHED — not held by Companies House,legitimate interests (LIA required before contact),Companies House public API,2026-07-12T04:27:13+00:00
R&M THERMAL INSULATIONS LTD,10771220,B_COMPLIANCE_DROWNED,micro filer (micro-entity),ltd,corporate subscriber,2017-05-15,micro-entity,"accounts category, NOT turnover",43290,"10771220 - COMPANIES HOUSE DEFAULT ADDRESS, Cardiff",CF14 8LH,https://find-and-update.company-information.service.gov.uk/company/10771220,,TO BE ENRICHED — not held by Companies House,legitimate interests (LIA required before contact),Companies House public API,2026-07-12T04:27:15+00:00
HUGHES HEATING & GAS MAINTENANCE LTD,13571129,B_COMPLIANCE_DROWNED,micro filer (micro-entity),ltd,corporate subscriber,2021-08-17,micro-entity,"accounts category, NOT turnover",43290,"13 Trinity Square, Llandudno, Conwy",LL30 2RB,https://find-and-update.company-information.service.gov.uk/company/13571129,,TO BE ENRICHED — not held by Companies House,legitimate interests (LIA required before contact),Companies House public API,2026-07-12T04:27:16+00:00
GREATEST ON EARTH LTD,11292698,B_COMPLIANCE_DROWNED,micro filer (micro-entity),ltd,corporate subscriber,2018-04-05,micro-entity,"accounts category, NOT turnover",43210,"19 Court Road, Bedlington",NE22 7LD,https://find-and-update.company-information.service.gov.uk/company/11292698,,TO BE ENRICHED — not held by Companies House,legitimate interests (LIA required before contact),Companies House public API,2026-07-12T04:27:17+00:00
INTER SPECTRUM LTD,11199515,B_COMPLIANCE_DROWNED,micro filer (micro-entity),ltd,corporate subscriber,2018-02-12,micro-entity,"accounts category, NOT turnover",41202; 42120; 42220; 43210,"128 City Road, London",EC1V 2NX,https://find-and-update.company-information.service.gov.uk/company/11199515,,TO BE ENRICHED — not held by Companies House,legitimate interests (LIA required before contact),Companies House public API,2026-07-12T04:27:17+00:00
DULOVO LTD,11304068,B_COMPLIANCE_DROWNED,micro filer (micro-entity),ltd,corporate subscriber,2018-04-11,micro-entity,"accounts category, NOT turnover",43210,"66 Whatley Avenue, London",SW20 9NS,https://find-and-update.company-information.service.gov.uk/company/11304068,,TO BE ENRICHED — not held by Companies House,legitimate interests (LIA required before contact),Companies House public API,2026-07-12T04:27:19+00:00
SUSSEX REFURBISHMENTS LTD,07164959,B_COMPLIANCE_DROWNED,micro filer (micro-entity),ltd,corporate subscriber,2010-02-22,micro-entity,"accounts category, NOT turnover",43220; 43330; 43341; 43390,"5 Clinch Green Avenue, Bexhill-On-Sea, East Sussex",TN39 5HN,https://find-and-update.company-information.service.gov.uk/company/07164959,,TO BE ENRICHED — not held by Companies House,legitimate interests (LIA required before contact),Companies House public API,2026-07-12T04:27:21+00:00
IPD AQUARIUS LTD,06573500,B_COMPLIANCE_DROWNED,micro filer (micro-entity),ltd,corporate subscriber,2008-04-22,micro-entity,"accounts category, NOT turnover",43220,"357 Greenford Avenue, Hanwell, London",W7 1JJ,https://find-and-update.company-information.service.gov.uk/company/06573500,,TO BE ENRICHED — not held by Companies House,legitimate interests (LIA required before contact),Companies House public API,2026-07-12T04:27:23+00:00
MULGRAVE HEATING LIMITED,04655729,B_COMPLIANCE_DROWNED,micro filer (micro-entity),ltd,corporate subscriber,2003-02-04,micro-entity,"accounts category, NOT turnover",43220; 68209,"55 Mulgrave Road, Sutton, Surrey",SM2 6LR,https://find-and-update.company-information.service.gov.uk/company/04655729,,TO BE ENRICHED — not held by Companies House,legitimate interests (LIA required before contact),Companies House public API,2026-07-12T04:27:25+00:00
HOME FIRE PROTECTION SCOTLAND LTD,SC641221,B_COMPLIANCE_DROWNED,micro filer (micro-entity),ltd,corporate subscriber,2019-09-11,micro-entity,"accounts category, NOT turnover",43210,"3a Moss Street, Paisley",PA1 1BG,https://find-and-update.company-information.service.gov.uk/company/SC641221,,TO BE ENRICHED — not held by Companies House,legitimate interests (LIA required before contact),Companies House public API,2026-07-12T04:27:26+00:00
HACS AYRES LIMITED,10646273,B_COMPLIANCE_DROWNED,micro filer (micro-entity),ltd,corporate subscriber,2017-03-01,micro-entity,"accounts category, NOT turnover",43220,"8 St. Marys Road, Hook",RG27 8EZ,https://find-and-update.company-information.service.gov.uk/company/10646273,,TO BE ENRICHED — not held by Companies House,legitimate interests (LIA required before contact),Companies House public API,2026-07-12T04:27:28+00:00
RAIL EURO CONSULTING LTD,09014719,B_COMPLIANCE_DROWNED,micro filer (micro-entity),ltd,corporate subscriber,2014-04-28,micro-entity,"accounts category, NOT turnover",43290; 43390,"82 Green Hills, Harlow",CM20 3SY,https://find-and-update.company-information.service.gov.uk/company/09014719,,TO BE ENRICHED — not held by Companies House,legitimate interests (LIA required before contact),Companies House public API,2026-07-12T04:27:31+00:00
DYNAMIC COOLING SOLUTIONS LIMITED,08512117,B_COMPLIANCE_DROWNED,micro filer (micro-entity),ltd,corporate subscriber,2013-05-01,micro-entity,"accounts category, NOT turnover",43220,"26 Briar Road, Leicester, Leicestershire",LE5 2HA,https://find-and-update.company-information.service.gov.uk/company/08512117,,TO BE ENRICHED — not held by Companies House,legitimate interests (LIA required before contact),Companies House public API,2026-07-12T04:27:33+00:00
NORFOLK NEW BUILD CARPENTRY LTD,13948047,B_COMPLIANCE_DROWNED,"young (2022), total-exemption-full filer",ltd,corporate subscriber,2022-03-01,total-exemption-full,"accounts category, NOT turnover",43290,"4 Norwich Road, Horning, Norwich",NR12 8LW,https://find-and-update.company-information.service.gov.uk/company/13948047,,TO BE ENRICHED — not held by Companies House,legitimate interests (LIA required before contact),Companies House public API,2026-07-12T04:27:35+00:00
D.T.WATKINS ELECTRICS LIMITED,09034397,B_COMPLIANCE_DROWNED,micro filer (micro-entity),ltd,corporate subscriber,2014-05-12,micro-entity,"accounts category, NOT turnover",43210,"169 High Street, Barnet, Herts",EN5 5SU,https://find-and-update.company-information.service.gov.uk/company/09034397,,TO BE ENRICHED — not held by Companies House,legitimate interests (LIA required before contact),Companies House public API,2026-07-12T04:27:37+00:00
SCOTGAS GROUP LIMITED,SC637187,B_COMPLIANCE_DROWNED,micro filer (micro-entity),ltd,corporate subscriber,2019-07-26,micro-entity,"accounts category, NOT turnover",43220,"Block 1, Unit A Smeaton Road, West Gourdie Industrial Estate, Dundee, Angus",DD2 4UT,https://find-and-update.company-information.service.gov.uk/company/SC637187,,TO BE ENRICHED — not held by Companies House,legitimate interests (LIA required before contact),Companies House public API,2026-07-12T04:27:41+00:00
KINETIC GAS SERVICES LTD,SC638337,B_COMPLIANCE_DROWNED,micro filer (micro-entity),ltd,corporate subscriber,2019-08-08,micro-entity,"accounts category, NOT turnover",43220,"Unit 3 Morris Park, 37 Rosyth Road, Glasgow",G5 0YE,https://find-and-update.company-information.service.gov.uk/company/SC638337,,TO BE ENRICHED — not held by Companies House,legitimate interests (LIA required before contact),Companies House public API,2026-07-12T04:27:43+00:00
SATURN PLUMBING AND HEATING LIMITED,04711993,B_COMPLIANCE_DROWNED,micro filer (micro-entity),ltd,corporate subscriber,2003-03-26,micro-entity,"accounts category, NOT turnover",43220,"1 Craftsman Square, Temple Farm Industrial Estate, Southend-On-Sea",SS2 5RH,https://find-and-update.company-information.service.gov.uk/company/04711993,,TO BE ENRICHED — not held by Companies House,legitimate interests (LIA required before contact),Companies House public API,2026-07-12T04:27:44+00:00
ORBIS ENERGY INNOVATIONS LTD,SC649220,B_COMPLIANCE_DROWNED,micro filer (micro-entity),ltd,corporate subscriber,2019-12-09,micro-entity,"accounts category, NOT turnover",43290,"Morven,, Kingswells, Aberdeen",AB15 8PY,https://find-and-update.company-information.service.gov.uk/company/SC649220,,TO BE ENRICHED — not held by Companies House,legitimate interests (LIA required before contact),Companies House public API,2026-07-12T04:27:45+00:00
ANTHONY STAINES LIMITED,10157388,B_COMPLIANCE_DROWNED,micro filer (micro-entity),ltd,corporate subscriber,2016-04-30,micro-entity,"accounts category, NOT turnover",43220,"The Coach House, Unit 42, 66-70 Bourne Road, Bexley, Kent",DA5 1LU,https://find-and-update.company-information.service.gov.uk/company/10157388,,TO BE ENRICHED — not held by Companies House,legitimate interests (LIA required before contact),Companies House public API,2026-07-12T04:27:47+00:00
PLUMMER ELECTRICAL & ROPE ACCESS LTD,10375054,B_COMPLIANCE_DROWNED,micro filer (micro-entity),ltd,corporate subscriber,2016-09-14,micro-entity,"accounts category, NOT turnover",43210,"6 Neptune Court, Hallam Way, Blackpool",FY4 5LZ,https://find-and-update.company-information.service.gov.uk/company/10375054,,TO BE ENRICHED — not held by Companies House,legitimate interests (LIA required before contact),Companies House public API,2026-07-12T04:27:48+00:00
JED ELECTRICAL CONTRACTS LTD,NI659738,B_COMPLIANCE_DROWNED,micro filer (micro-entity),ltd,corporate subscriber,2019-03-13,micro-entity,"accounts category, NOT turnover",43210,"24 Knoxs Hill, Armagh",BT60 2HP,https://find-and-update.company-information.service.gov.uk/company/NI659738,,TO BE ENRICHED — not held by Companies House,legitimate interests (LIA required before contact),Companies House public API,2026-07-12T04:27:51+00:00
WORTLEY WINDOWS & DOORS LIMITED,13377953,B_COMPLIANCE_DROWNED,micro filer (micro-entity),ltd,corporate subscriber,2021-05-05,micro-entity,"accounts category, NOT turnover",43290,"25-29 Sandy Way, Yeadon, Leeds, West Yorkshire",LS19 7EW,https://find-and-update.company-information.service.gov.uk/company/13377953,,TO BE ENRICHED — not held by Companies House,legitimate interests (LIA required before contact),Companies House public API,2026-07-12T04:27:51+00:00
NATIONAL PLUMBERS DIRECT LTD,12525821,B_COMPLIANCE_DROWNED,micro filer (micro-entity),ltd,corporate subscriber,2020-03-19,micro-entity,"accounts category, NOT turnover",43210; 43220,"71-75 Shelton Street, Covent Garden, London",WC2H 9JQ,https://find-and-update.company-information.service.gov.uk/company/12525821,,TO BE ENRICHED — not held by Companies House,legitimate interests (LIA required before contact),Companies House public API,2026-07-12T04:27:52+00:00
C S CABLING LIMITED,06592366,B_COMPLIANCE_DROWNED,micro filer (micro-entity),ltd,corporate subscriber,2008-05-14,micro-entity,"accounts category, NOT turnover",43210,"308 High Street, Croydon, Surrey",CR0 1NG,https://find-and-update.company-information.service.gov.uk/company/06592366,,TO BE ENRICHED — not held by Companies House,legitimate interests (LIA required before contact),Companies House public API,2026-07-12T04:27:53+00:00
BLACK SQUARE (HERTS) LIMITED,12334287,B_COMPLIANCE_DROWNED,micro filer (micro-entity),ltd,corporate subscriber,2019-11-26,micro-entity,"accounts category, NOT turnover",43290,"Flat 205a, 19 Station Road, Barnet",EN5 1QJ,https://find-and-update.company-information.service.gov.uk/company/12334287,,TO BE ENRICHED — not held by Companies House,legitimate interests (LIA required before contact),Companies House public API,2026-07-12T04:27:54+00:00
G P H SERVICES LIMITED,12348582,B_COMPLIANCE_DROWNED,micro filer (micro-entity),ltd,corporate subscriber,2019-12-04,micro-entity,"accounts category, NOT turnover",43220,"23a The Precinct, London Road, Waterlooville, Hampshire",,https://find-and-update.company-information.service.gov.uk/company/12348582,,TO BE ENRICHED — not held by Companies House,legitimate interests (LIA required before contact),Companies House public API,2026-07-12T04:27:55+00:00
STAR BRIDGE INTERIOR LIMITED,15719477,B_COMPLIANCE_DROWNED,micro filer (micro-entity),ltd,corporate subscriber,2024-05-14,micro-entity,"accounts category, NOT turnover",43290,"15 Orchid Drive, Bisley, Woking",GU24 9SB,https://find-and-update.company-information.service.gov.uk/company/15719477,,TO BE ENRICHED — not held by Companies House,legitimate interests (LIA required before contact),Companies House public API,2026-07-12T04:27:56+00:00
QUALITY REPAIRS LTD,12355442,B_COMPLIANCE_DROWNED,micro filer (micro-entity),ltd,corporate subscriber,2019-12-09,micro-entity,"accounts category, NOT turnover",43210,"34 Brent Way, Wembley",HA9 6JN,https://find-and-update.company-information.service.gov.uk/company/12355442,,TO BE ENRICHED — not held by Companies House,legitimate interests (LIA required before contact),Companies House public API,2026-07-12T04:27:57+00:00
GREG BUILDERS (EM) LIMITED,12347387,B_COMPLIANCE_DROWNED,micro filer (micro-entity),ltd,corporate subscriber,2019-12-04,micro-entity,"accounts category, NOT turnover",43290,"10 Cheadle Close, Coventry, West Midlands",CV2 1RG,https://find-and-update.company-information.service.gov.uk/company/12347387,,TO BE ENRICHED — not held by Companies House,legitimate interests (LIA required before contact),Companies House public API,2026-07-12T04:27:58+00:00
HEATDIAL LTD,12959688,B_COMPLIANCE_DROWNED,micro filer (micro-entity),ltd,corporate subscriber,2020-10-19,micro-entity,"accounts category, NOT turnover",43220,"Fern Court Business Centre, Castlegate, Clitheroe, Lancashire",BB7 1AZ,https://find-and-update.company-information.service.gov.uk/company/12959688,,TO BE ENRICHED — not held by Companies House,legitimate interests (LIA required before contact),Companies House public API,2026-07-12T04:27:59+00:00
MONISH RAJAGOPAL UK LTD,12252983,B_COMPLIANCE_DROWNED,micro filer (micro-entity),ltd,corporate subscriber,2019-10-09,micro-entity,"accounts category, NOT turnover",43210; 43290,"10 Popplewell Close, Belton, Doncaster",DN9 1TF,https://find-and-update.company-information.service.gov.uk/company/12252983,,TO BE ENRICHED — not held by Companies House,legitimate interests (LIA required before contact),Companies House public API,2026-07-12T04:28:02+00:00
A C ELECTRICAL SERVICES ESSEX LIMITED,12260410,B_COMPLIANCE_DROWNED,micro filer (micro-entity),ltd,corporate subscriber,2019-10-14,micro-entity,"accounts category, NOT turnover",43210,"37 Boleyn Way Boreham, Chelmsford",CM3 3JJ,https://find-and-update.company-information.service.gov.uk/company/12260410,,TO BE ENRICHED — not held by Companies House,legitimate interests (LIA required before contact),Companies House public API,2026-07-12T04:28:03+00:00
HOSS UK LIMITED,04787228,B_COMPLIANCE_DROWNED,micro filer (micro-entity),ltd,corporate subscriber,2003-06-04,micro-entity,"accounts category, NOT turnover",43220,"8 The Westbury Centre Suite 3, Westbury Road, Newcastle, Staffordshire",ST5 4LY,https://find-and-update.company-information.service.gov.uk/company/04787228,,TO BE ENRICHED — not held by Companies House,legitimate interests (LIA required before contact),Companies House public API,2026-07-12T04:28:04+00:00
ARLAS CONSTRUCTION LTD,15443698,B_COMPLIANCE_DROWNED,"young (2024), total-exemption-full filer",ltd,corporate subscriber,2024-01-25,total-exemption-full,"accounts category, NOT turnover",41202; 43210; 43220; 81300,"Hamilton House, 4a The Avenue, London",E4 9LD,https://find-and-update.company-information.service.gov.uk/company/15443698,,TO BE ENRICHED — not held by Companies House,legitimate interests (LIA required before contact),Companies House public API,2026-07-12T04:28:07+00:00
REFFELL ELECTRICAL LTD,14087630,B_COMPLIANCE_DROWNED,micro filer (micro-entity),ltd,corporate subscriber,2022-05-05,micro-entity,"accounts category, NOT turnover",43210,"9 Park Lane Business Centre Park Lane, Langham, Colchester",CO4 5WR,https://find-and-update.company-information.service.gov.uk/company/14087630,,TO BE ENRICHED — not held by Companies House,legitimate interests (LIA required before contact),Companies House public API,2026-07-12T04:28:08+00:00
KPA COOLAIR SERVICES LTD,12389436,B_COMPLIANCE_DROWNED,micro filer (micro-entity),ltd,corporate subscriber,2020-01-07,micro-entity,"accounts category, NOT turnover",41202; 43220,"5 Teme Road, Southampton",SO16 9DG,https://find-and-update.company-information.service.gov.uk/company/12389436,,TO BE ENRICHED — not held by Companies House,legitimate interests (LIA required before contact),Companies House public API,2026-07-12T04:28:09+00:00
MELLISH INDUSTRIAL SYSTEMS LTD,SC596431,B_COMPLIANCE_DROWNED,micro filer (micro-entity),ltd,corporate subscriber,2018-05-08,micro-entity,"accounts category, NOT turnover",33140; 43210,"28 Broad Street, Peterhead, Aberdeenshire",AB42 1BY,https://find-and-update.company-information.service.gov.uk/company/SC596431,,TO BE ENRICHED — not held by Companies House,legitimate interests (LIA required before contact),Companies House public API,2026-07-12T04:28:16+00:00
HARMONYZ LTD,11516883,B_COMPLIANCE_DROWNED,micro filer (micro-entity),ltd,corporate subscriber,2018-08-14,micro-entity,"accounts category, NOT turnover",43210; 43290; 43999,"C/O Ecotax Suite 3, 435 Cheetham Hill Road, Manchester",M8 0PF,https://find-and-update.company-information.service.gov.uk/company/11516883,,TO BE ENRICHED — not held by Companies House,legitimate interests (LIA required before contact),Companies House public API,2026-07-12T04:28:20+00:00
BLUE FLAME CONTRACTORS LIMITED,13919022,B_COMPLIANCE_DROWNED,micro filer (micro-entity),ltd,corporate subscriber,2022-02-16,micro-entity,"accounts category, NOT turnover",43220,"50 50 St Marys Crescent, Belsize Lane, London",NW4 4LH,https://find-and-update.company-information.service.gov.uk/company/13919022,,TO BE ENRICHED — not held by Companies House,legitimate interests (LIA required before contact),Companies House public API,2026-07-12T04:28:21+00:00
NECK LTD,12295620,B_COMPLIANCE_DROWNED,micro filer (micro-entity),ltd,corporate subscriber,2019-11-04,micro-entity,"accounts category, NOT turnover",43220,"22 The Windsors, Buckhurst Hill",IG9 6DJ,https://find-and-update.company-information.service.gov.uk/company/12295620,,TO BE ENRICHED — not held by Companies House,legitimate interests (LIA required before contact),Companies House public API,2026-07-12T04:28:22+00:00
TGS INSTALL LIMITED,12297704,B_COMPLIANCE_DROWNED,micro filer (micro-entity),ltd,corporate subscriber,2019-11-04,micro-entity,"accounts category, NOT turnover",43290,"128 Wakefield Road, Pontefract, West Yorkshire",WF8 4DZ,https://find-and-update.company-information.service.gov.uk/company/12297704,,TO BE ENRICHED — not held by Companies House,legitimate interests (LIA required before contact),Companies House public API,2026-07-12T04:28:24+00:00
M&MF LIMITED,12363516,B_COMPLIANCE_DROWNED,micro filer (micro-entity),ltd,corporate subscriber,2019-12-13,micro-entity,"accounts category, NOT turnover",43220; 56290; 80200,"67 Hinchley Road, Manchester",M9 7FG,https://find-and-update.company-information.service.gov.uk/company/12363516,,TO BE ENRICHED — not held by Companies House,legitimate interests (LIA required before contact),Companies House public API,2026-07-12T04:28:28+00:00
J & J FIRE SPRINKLER INSTALLATIONS LTD,12275053,B_COMPLIANCE_DROWNED,micro filer (micro-entity),ltd,corporate subscriber,2019-10-22,micro-entity,"accounts category, NOT turnover",43290,"13 Wellens Way, Middleton, Manchester, Greater Manchester",M24 4PB,https://find-and-update.company-information.service.gov.uk/company/12275053,,TO BE ENRICHED — not held by Companies House,legitimate interests (LIA required before contact),Companies House public API,2026-07-12T04:28:29+00:00
TRIPLE BB LIMITED,12268243,B_COMPLIANCE_DROWNED,micro filer (micro-entity),ltd,corporate subscriber,2019-10-17,micro-entity,"accounts category, NOT turnover",43210,"10 Western Road, Romford, Essex",RM1 3JT,https://find-and-update.company-information.service.gov.uk/company/12268243,,TO BE ENRICHED — not held by Companies House,legitimate interests (LIA required before contact),Companies House public API,2026-07-12T04:28:30+00:00
RJC SCENERY LIMITED,14136910,B_COMPLIANCE_DROWNED,micro filer (micro-entity),ltd,corporate subscriber,2022-05-27,micro-entity,"accounts category, NOT turnover",43290,"89 Hall Mead, Letchworth Garden City",SG6 4BS,https://find-and-update.company-information.service.gov.uk/company/14136910,,TO BE ENRICHED — not held by Companies House,legitimate interests (LIA required before contact),Companies House public API,2026-07-12T04:28:31+00:00
ALL ABOUT BOILERS LTD,15719417,B_COMPLIANCE_DROWNED,micro filer (micro-entity),ltd,corporate subscriber,2024-05-14,micro-entity,"accounts category, NOT turnover",43220,"6c Claringdon Road, Wallington",SM6 8QX,https://find-and-update.company-information.service.gov.uk/company/15719417,,TO BE ENRICHED — not held by Companies House,legitimate interests (LIA required before contact),Companies House public API,2026-07-12T04:28:32+00:00
L M AIR CONDITIONING (BRISTOL) LTD,12606178,B_COMPLIANCE_DROWNED,micro filer (micro-entity),ltd,corporate subscriber,2020-05-15,micro-entity,"accounts category, NOT turnover",43220,"7 Regent Street, Kingswood, Bristol",BS15 8JX,https://find-and-update.company-information.service.gov.uk/company/12606178,,TO BE ENRICHED — not held by Companies House,legitimate interests (LIA required before contact),Companies House public API,2026-07-12T04:28:33+00:00
KCM THERMAL INSULATION CONTRACTORS LTD,13547617,B_COMPLIANCE_DROWNED,"young (2021), total-exemption-full filer",ltd,corporate subscriber,2021-08-04,total-exemption-full,"accounts category, NOT turnover",43290,"Capital House, 272 Manchester Road, Droylsden, Manchester",M43 6PW,https://find-and-update.company-information.service.gov.uk/company/13547617,,TO BE ENRICHED — not held by Companies House,legitimate interests (LIA required before contact),Companies House public API,2026-07-12T04:28:33+00:00
ACADEMY BUILDING WORKS LTD,10624163,B_COMPLIANCE_DROWNED,micro filer (micro-entity),ltd,corporate subscriber,2017-02-16,micro-entity,"accounts category, NOT turnover",41201; 41202; 43290,"32a Bulstrode Avenue, Hounslow",TW3 3AB,https://find-and-update.company-information.service.gov.uk/company/10624163,,TO BE ENRICHED — not held by Companies House,legitimate interests (LIA required before contact),Companies House public API,2026-07-12T04:28:35+00:00
GOH ELECTRICAL CONTRACTS LTD,NI060442,B_COMPLIANCE_DROWNED,micro filer (micro-entity),ltd,corporate subscriber,2006-08-08,micro-entity,"accounts category, NOT turnover",43210,"30 Sandbank Road, Hilltown, Co Down",BT34 5XU,https://find-and-update.company-information.service.gov.uk/company/NI060442,,TO BE ENRICHED — not held by Companies House,legitimate interests (LIA required before contact),Companies House public API,2026-07-12T04:28:36+00:00
BKP 86 LTD,10902217,B_COMPLIANCE_DROWNED,micro filer (micro-entity),ltd,corporate subscriber,2017-08-07,micro-entity,"accounts category, NOT turnover",43290,"87 Hervey Road, London",SE3 8BX,https://find-and-update.company-information.service.gov.uk/company/10902217,,TO BE ENRICHED — not held by Companies House,legitimate interests (LIA required before contact),Companies House public API,2026-07-12T04:28:39+00:00
TRANSFORM ENERGY MAINTENANCE SERVICES LIMITED,08505835,B_COMPLIANCE_DROWNED,micro filer (micro-entity),ltd,corporate subscriber,2013-04-26,micro-entity,"accounts category, NOT turnover",43210,"Unit 6 Lions Den Estate, Lions Den, Burntwood, Staffordshire",WS7 0LB,https://find-and-update.company-information.service.gov.uk/company/08505835,,TO BE ENRICHED — not held by Companies House,legitimate interests (LIA required before contact),Companies House public API,2026-07-12T04:28:40+00:00
PHS ELECTRICS LIMITED,12002022,B_COMPLIANCE_DROWNED,micro filer (micro-entity),ltd,corporate subscriber,2019-05-17,micro-entity,"accounts category, NOT turnover",43210,"Suite 4 Europa House Europa Way, Britannia Enterprise Park, Lichfield",WS14 9TZ,https://find-and-update.company-information.service.gov.uk/company/12002022,,TO BE ENRICHED — not held by Companies House,legitimate interests (LIA required before contact),Companies House public API,2026-07-12T04:28:41+00:00
EP SERVICES GLOBAL LIMITED,NI708567,B_COMPLIANCE_DROWNED,micro filer (micro-entity),ltd,corporate subscriber,2024-01-17,micro-entity,"accounts category, NOT turnover",42990; 43290,"98b Main Street, Larne",BT40 1RE,https://find-and-update.company-information.service.gov.uk/company/NI708567,,TO BE ENRICHED — not held by Companies House,legitimate interests (LIA required before contact),Companies House public API,2026-07-12T04:28:42+00:00
BICKERTON ELECTRICAL SERVICES LIMITED,10750739,B_COMPLIANCE_DROWNED,micro filer (micro-entity),ltd,corporate subscriber,2017-05-03,micro-entity,"accounts category, NOT turnover",43210,"3 Onslow Road, Portsmouth, Hampshire",PO5 2NH,https://find-and-update.company-information.service.gov.uk/company/10750739,,TO BE ENRICHED — not held by Companies House,legitimate interests (LIA required before contact),Companies House public API,2026-07-12T04:28:42+00:00
APPLETON ELECTRICAL SERVICES LTD,04518794,B_COMPLIANCE_DROWNED,micro filer (micro-entity),ltd,corporate subscriber,2002-08-27,micro-entity,"accounts category, NOT turnover",43210,"Honeysuckle Cottage, Appleton Wiske, Northallerton, North Yorkshire",DL6 2AA,https://find-and-update.company-information.service.gov.uk/company/04518794,,TO BE ENRICHED — not held by Companies House,legitimate interests (LIA required before contact),Companies House public API,2026-07-12T04:28:43+00:00
PENNINE DATA & ELECTRIC LIMITED,12325510,B_COMPLIANCE_DROWNED,micro filer (micro-entity),ltd,corporate subscriber,2019-11-20,micro-entity,"accounts category, NOT turnover",43210,"27 Birch Tree Road, Stocksbridge",S36 1GN,https://find-and-update.company-information.service.gov.uk/company/12325510,,TO BE ENRICHED — not held by Companies House,legitimate interests (LIA required before contact),Companies House public API,2026-07-12T04:28:45+00:00
GREEN POWER ENGINEERING LTD,11364746,B_COMPLIANCE_DROWNED,micro filer (micro-entity),ltd,corporate subscriber,2018-05-16,micro-entity,"accounts category, NOT turnover",43210,"80 80 Silas Road, Yate, Bristol",BS37 7ED,https://find-and-update.company-information.service.gov.uk/company/11364746,,TO BE ENRICHED — not held by Companies House,legitimate interests (LIA required before contact),Companies House public API,2026-07-12T04:28:46+00:00
NYKKU AIR CONDITIONING LIMITED,13790979,B_COMPLIANCE_DROWNED,"young (2021), total-exemption-full filer",ltd,corporate subscriber,2021-12-09,total-exemption-full,"accounts category, NOT turnover",43220; 70229; 82990,"Goodwins Accountants 6 Parkside Court, Greenhough Road, Lichfield, Staffordshire",WS13 7FE,https://find-and-update.company-information.service.gov.uk/company/13790979,,TO BE ENRICHED — not held by Companies House,legitimate interests (LIA required before contact),Companies House public API,2026-07-12T04:28:47+00:00
SKY WAS LIMITED,12000342,B_COMPLIANCE_DROWNED,micro filer (micro-entity),private-limited-guarant-nsc,corporate subscriber,2019-05-16,micro-entity,"accounts category, NOT turnover",35140; 41201; 43290; 45112,"12 Barrett Street, Smethwick",B66 4SE,https://find-and-update.company-information.service.gov.uk/company/12000342,,TO BE ENRICHED — not held by Companies House,legitimate interests (LIA required before contact),Companies House public API,2026-07-12T04:28:49+00:00
JH CONSTRUCTION MANAGEMENT LTD,11997705,B_COMPLIANCE_DROWNED,micro filer (micro-entity),ltd,corporate subscriber,2019-05-15,micro-entity,"accounts category, NOT turnover",43290,"10 Bank House High Street, Winsford",CW7 2EB,https://find-and-update.company-information.service.gov.uk/company/11997705,,TO BE ENRICHED — not held by Companies House,legitimate interests (LIA required before contact),Companies House public API,2026-07-12T04:28:49+00:00
BTM CIVILS LTD,12007496,B_COMPLIANCE_DROWNED,micro filer (micro-entity),ltd,corporate subscriber,2019-05-21,micro-entity,"accounts category, NOT turnover",43290,"Rope Walk Mews, Rope Walk, Rye",TN31 7NA,https://find-and-update.company-information.service.gov.uk/company/12007496,,TO BE ENRICHED — not held by Companies House,legitimate interests (LIA required before contact),Companies House public API,2026-07-12T04:28:51+00:00
JAKE BRINDLEY ELECTRICAL LTD,14840134,B_COMPLIANCE_DROWNED,"young (2023), total-exemption-full filer",ltd,corporate subscriber,2023-05-02,total-exemption-full,"accounts category, NOT turnover",43210,"3 Warwick Green, Bulkington, Bedworth, Warwickshire",CV12 9RA,https://find-and-update.company-information.service.gov.uk/company/14840134,,TO BE ENRICHED — not held by Companies House,legitimate interests (LIA required before contact),Companies House public API,2026-07-12T04:28:53+00:00
SABIN AND BALL HEATING AND PLUMBING LTD,14859797,B_COMPLIANCE_DROWNED,"young (2023), total-exemption-full filer",ltd,corporate subscriber,2023-05-10,total-exemption-full,"accounts category, NOT turnover",43220,"Bank Gallery, 13 High Street, Kenilworth",CV8 1LY,https://find-and-update.company-information.service.gov.uk/company/14859797,,TO BE ENRICHED — not held by Companies House,legitimate interests (LIA required before contact),Companies House public API,2026-07-12T04:28:56+00:00
PARR PLUMBING (MIDLANDS) LTD,14854375,B_COMPLIANCE_DROWNED,micro filer (micro-entity),ltd,corporate subscriber,2023-05-08,micro-entity,"accounts category, NOT turnover",43220,"36 Chesterfield Road, Market Street, Chesterfield",S43 3UT,https://find-and-update.company-information.service.gov.uk/company/14854375,,TO BE ENRICHED — not held by Companies House,legitimate interests (LIA required before contact),Companies House public API,2026-07-12T04:29:05+00:00
HARROGATE FIREPLACE COMPANY LIMITED,04771361,B_COMPLIANCE_DROWNED,micro filer (micro-entity),ltd,corporate subscriber,2003-05-20,micro-entity,"accounts category, NOT turnover",43290,"15-23 Coldbath Road, Harrogate, North Yorkshire",HG2 0NL,https://find-and-update.company-information.service.gov.uk/company/04771361,,TO BE ENRICHED — not held by Companies House,legitimate interests (LIA required before contact),Companies House public API,2026-07-12T04:29:09+00:00
BE SAFE PLUMING & HEATING LIMITED,12234916,B_COMPLIANCE_DROWNED,micro filer (micro-entity),ltd,corporate subscriber,2019-09-30,micro-entity,"accounts category, NOT turnover",43220,"6-8 Freeman Street, Grimsby",DN32 7AA,https://find-and-update.company-information.service.gov.uk/company/12234916,,TO BE ENRICHED — not held by Companies House,legitimate interests (LIA required before contact),Companies House public API,2026-07-12T04:29:10+00:00
INSTASONIC LIMITED,11839971,B_COMPLIANCE_DROWNED,micro filer (micro-entity),ltd,corporate subscriber,2019-02-21,micro-entity,"accounts category, NOT turnover",43210; 43220; 43290; 43999,"20 Brook Court Spring Place, Essex",IG11 7GH,https://find-and-update.company-information.service.gov.uk/company/11839971,,TO BE ENRICHED — not held by Companies House,legitimate interests (LIA required before contact),Companies House public API,2026-07-12T04:29:11+00:00
ECS PREMIUM ELECTRICIANS LIMITED,15719344,B_COMPLIANCE_DROWNED,micro filer (micro-entity),ltd,corporate subscriber,2024-05-14,micro-entity,"accounts category, NOT turnover",43210,"2a Greenwood Drive, London",E4 9HL,https://find-and-update.company-information.service.gov.uk/company/15719344,,TO BE ENRICHED — not held by Companies House,legitimate interests (LIA required before contact),Companies House public API,2026-07-12T04:29:12+00:00
BEECHCROFT SERVICES LIMITED,11904586,B_COMPLIANCE_DROWNED,micro filer (micro-entity),ltd,corporate subscriber,2019-03-26,micro-entity,"accounts category, NOT turnover",43210,"1st Floor 314 Regents Park Road, Finchley, London",N3 2LT,https://find-and-update.company-information.service.gov.uk/company/11904586,,TO BE ENRICHED — not held by Companies House,legitimate interests (LIA required before contact),Companies House public API,2026-07-12T04:29:14+00:00
ENG CONTRACTORS LIMITED,14786354,B_COMPLIANCE_DROWNED,"young (2023), total-exemption-full filer",ltd,corporate subscriber,2023-04-07,total-exemption-full,"accounts category, NOT turnover",43290; 43390,"30 Huntley Road, Harlow, Essex",CM20 2PR,https://find-and-update.company-information.service.gov.uk/company/14786354,,TO BE ENRICHED — not held by Companies House,legitimate interests (LIA required before contact),Companies House public API,2026-07-12T04:29:18+00:00
MAYNETONS LIMITED,15719187,B_COMPLIANCE_DROWNED,"young (2024), total-exemption-full filer",ltd,corporate subscriber,2024-05-14,total-exemption-full,"accounts category, NOT turnover",43290,"98 Hornchurch Road, Hornchurch, Essex",RM11 1JS,https://find-and-update.company-information.service.gov.uk/company/15719187,,TO BE ENRICHED — not held by Companies House,legitimate interests (LIA required before contact),Companies House public API,2026-07-12T04:29:20+00:00
PHONE A HANDYMAN LTD,12156919,B_COMPLIANCE_DROWNED,micro filer (micro-entity),ltd,corporate subscriber,2019-08-14,micro-entity,"accounts category, NOT turnover",43290,"32 Ponsonby Place, London",SW1P 4PR,https://find-and-update.company-information.service.gov.uk/company/12156919,,TO BE ENRICHED — not held by Companies House,legitimate interests (LIA required before contact),Companies House public API,2026-07-12T04:29:20+00:00
WEST YORKSHIRE DRIVEWAYS LTD,12145300,B_COMPLIANCE_DROWNED,micro filer (micro-entity),ltd,corporate subscriber,2019-08-08,micro-entity,"accounts category, NOT turnover",43290,"Unit 6 Atlas Works, Gibbet Street, Halifax",HX1 5DZ,https://find-and-update.company-information.service.gov.uk/company/12145300,,TO BE ENRICHED — not held by Companies House,legitimate interests (LIA required before contact),Companies House public API,2026-07-12T04:29:22+00:00
NAKKS INTERIORWORKS LTD,12029158,B_COMPLIANCE_DROWNED,micro filer (micro-entity),ltd,corporate subscriber,2019-06-03,micro-entity,"accounts category, NOT turnover",43220; 43330,"8 Platinum Mews, London",N15 6AF,https://find-and-update.company-information.service.gov.uk/company/12029158,,TO BE ENRICHED — not held by Companies House,legitimate interests (LIA required before contact),Companies House public API,2026-07-12T04:29:27+00:00
MP DISTRIBUTION SERVICES LIMITED,14095513,B_COMPLIANCE_DROWNED,micro filer (micro-entity),ltd,corporate subscriber,2022-05-09,micro-entity,"accounts category, NOT turnover",43210,"29 Crocus Way, Rushden",NN10 0UP,https://find-and-update.company-information.service.gov.uk/company/14095513,,TO BE ENRICHED — not held by Companies House,legitimate interests (LIA required before contact),Companies House public API,2026-07-12T04:29:30+00:00
UXF PROPERTIES LIMITED,05814700,B_COMPLIANCE_DROWNED,micro filer (micro-entity),ltd,corporate subscriber,2006-05-12,micro-entity,"accounts category, NOT turnover",43210; 82110,"West View Brammall Drive, Blyth Bridge, Stoke On Trent, Staffordshire",ST11 9HH,https://find-and-update.company-information.service.gov.uk/company/05814700,,TO BE ENRICHED — not held by Companies House,legitimate interests (LIA required before contact),Companies House public API,2026-07-12T04:29:31+00:00
TOTALCUSTOMUK LIMITED,11310662,B_COMPLIANCE_DROWNED,micro filer (micro-entity),ltd,corporate subscriber,2018-04-16,micro-entity,"accounts category, NOT turnover",43290,"4 Aran Close, Harpenden",AL5 1SW,https://find-and-update.company-information.service.gov.uk/company/11310662,,TO BE ENRICHED — not held by Companies House,legitimate interests (LIA required before contact),Companies House public API,2026-07-12T04:29:32+00:00
LAURENT SERVICES LTD,12106043,B_COMPLIANCE_DROWNED,micro filer (micro-entity),ltd,corporate subscriber,2019-07-16,micro-entity,"accounts category, NOT turnover",41201; 41202; 43290,"Flat 1, 35 Munro Mews, London",W10 5RZ,https://find-and-update.company-information.service.gov.uk/company/12106043,,TO BE ENRICHED — not held by Companies House,legitimate interests (LIA required before contact),Companies House public API,2026-07-12T04:29:34+00:00
DE VERE ELECTRICAL SOLUTIONS LTD,12104387,B_COMPLIANCE_DROWNED,micro filer (micro-entity),ltd,corporate subscriber,2019-07-15,micro-entity,"accounts category, NOT turnover",43210,"The Clock House, Station Approach, Marlow",SL7 1NT,https://find-and-update.company-information.service.gov.uk/company/12104387,,TO BE ENRICHED — not held by Companies House,legitimate interests (LIA required before contact),Companies House public API,2026-07-12T04:29:36+00:00
GIGAS 22 LTD,13987169,B_COMPLIANCE_DROWNED,micro filer (micro-entity),ltd,corporate subscriber,2022-03-18,micro-entity,"accounts category, NOT turnover",41202; 43210; 81300,"22 Wythenshawe Road, Dagenham",RM10 7PL,https://find-and-update.company-information.service.gov.uk/company/13987169,,TO BE ENRICHED — not held by Companies House,legitimate interests (LIA required before contact),Companies House public API,2026-07-12T04:29:40+00:00
FOXCROFT CONSTRUCTION SERVICES LTD,12115679,B_COMPLIANCE_DROWNED,micro filer (micro-entity),ltd,corporate subscriber,2019-07-22,micro-entity,"accounts category, NOT turnover",43290,"2a White Lund Avenue, Morecambe, Lancashire",LA3 3ED,https://find-and-update.company-information.service.gov.uk/company/12115679,,TO BE ENRICHED — not held by Companies House,legitimate interests (LIA required before contact),Companies House public API,2026-07-12T04:29:40+00:00
BRADBURY IMPROVEMENTS LTD,12113298,B_COMPLIANCE_DROWNED,micro filer (micro-entity),ltd,corporate subscriber,2019-07-19,micro-entity,"accounts category, NOT turnover",43210,"36 Lichfield Street, Walsall",WS1 1TJ,https://find-and-update.company-information.service.gov.uk/company/12113298,,TO BE ENRICHED — not held by Companies House,legitimate interests (LIA required before contact),Companies House public API,2026-07-12T04:29:41+00:00
LM ELECTRICAL & MAINTENANCE SERVICES LTD,12086413,B_COMPLIANCE_DROWNED,micro filer (micro-entity),ltd,corporate subscriber,2019-07-04,micro-entity,"accounts category, NOT turnover",43210,"14 Ashwood Avenue, Sunderland, Tyne And Wear",SR5 5AA,https://find-and-update.company-information.service.gov.uk/company/12086413,,TO BE ENRICHED — not held by Companies House,legitimate interests (LIA required before contact),Companies House public API,2026-07-12T04:29:42+00:00
MAK PLUMBING AND HEATING INSTALLATIONS LTD,14865819,B_COMPLIANCE_DROWNED,micro filer (micro-entity),ltd,corporate subscriber,2023-05-12,micro-entity,"accounts category, NOT turnover",43220,"128 Crabtree Lane, Lancing, West Sussex",BN15 9PW,https://find-and-update.company-information.service.gov.uk/company/14865819,,TO BE ENRICHED — not held by Companies House,legitimate interests (LIA required before contact),Companies House public API,2026-07-12T04:29:42+00:00
ROLLER DOORS DIRECT LIMITED,12083493,B_COMPLIANCE_DROWNED,micro filer (micro-entity),ltd,corporate subscriber,2019-07-03,micro-entity,"accounts category, NOT turnover",43290,"Unit E, Sunningdale Road, Scunthorpe",DN17 2TW,https://find-and-update.company-information.service.gov.uk/company/12083493,,TO BE ENRICHED — not held by Companies House,legitimate interests (LIA required before contact),Companies House public API,2026-07-12T04:29:43+00:00
YANIS & LUCIAN PLUMBING LTD,12066348,B_COMPLIANCE_DROWNED,micro filer (micro-entity),ltd,corporate subscriber,2019-06-24,micro-entity,"accounts category, NOT turnover",43220,"4 Arundel Close, London",E15 1UH,https://find-and-update.company-information.service.gov.uk/company/12066348,,TO BE ENRICHED — not held by Companies House,legitimate interests (LIA required before contact),Companies House public API,2026-07-12T04:29:46+00:00
JRB CARPENTRY LTD,12066587,B_COMPLIANCE_DROWNED,micro filer (micro-entity),ltd,corporate subscriber,2019-06-24,micro-entity,"accounts category, NOT turnover",16230; 43290,"29 Howard Close, Southampton, Hampshire",SO18 2LJ,https://find-and-update.company-information.service.gov.uk/company/12066587,,TO BE ENRICHED — not held by Companies House,legitimate interests (LIA required before contact),Companies House public API,2026-07-12T04:29:47+00:00
CARBON X74 LTD,12021848,B_COMPLIANCE_DROWNED,micro filer (micro-entity),ltd,corporate subscriber,2019-05-29,micro-entity,"accounts category, NOT turnover",43290,"147 Highfield Crescent, Thorne, Doncaster",DN8 4DN,https://find-and-update.company-information.service.gov.uk/company/12021848,,TO BE ENRICHED — not held by Companies House,legitimate interests (LIA required before contact),Companies House public API,2026-07-12T04:29:49+00:00
D & M ELECTRICAL & MEDIA LIMITED,12012029,B_COMPLIANCE_DROWNED,micro filer (micro-entity),ltd,corporate subscriber,2019-05-22,micro-entity,"accounts category, NOT turnover",43210; 61300,"24 Fernwood Avenue, Thornton-Cleveleys",FY5 5EU,https://find-and-update.company-information.service.gov.uk/company/12012029,,TO BE ENRICHED — not held by Companies House,legitimate interests (LIA required before contact),Companies House public API,2026-07-12T04:29:49+00:00
DRV ELECTRICAL LTD,12044977,B_COMPLIANCE_DROWNED,micro filer (micro-entity),ltd,corporate subscriber,2019-06-11,micro-entity,"accounts category, NOT turnover",43210,"24 Athol Street North, Burnley",BB11 4BS,https://find-and-update.company-information.service.gov.uk/company/12044977,,TO BE ENRICHED — not held by Companies House,legitimate interests (LIA required before contact),Companies House public API,2026-07-12T04:29:55+00:00
KLIMATEK LTD,12053546,B_COMPLIANCE_DROWNED,micro filer (micro-entity),ltd,corporate subscriber,2019-06-17,micro-entity,"accounts category, NOT turnover",43220; 81222,"19 Barge House Road, London",E16 2NX,https://find-and-update.company-information.service.gov.uk/company/12053546,,TO BE ENRICHED — not held by Companies House,legitimate interests (LIA required before contact),Companies House public API,2026-07-12T04:29:56+00:00
SECURITY SOUTHAMPTON LIMITED,13357125,B_COMPLIANCE_DROWNED,micro filer (micro-entity),ltd,corporate subscriber,2021-04-26,micro-entity,"accounts category, NOT turnover",43290,"4 Valentine Avenue, Sholing, Southampton, Hampshire",SO19 0ER,https://find-and-update.company-information.service.gov.uk/company/13357125,,TO BE ENRICHED — not held by Companies House,legitimate interests (LIA required before contact),Companies House public API,2026-07-12T04:30:00+00:00
SAFE HOME ELECTRICAL SERVICES LTD,09948966,B_COMPLIANCE_DROWNED,micro filer (micro-entity),ltd,corporate subscriber,2016-01-13,micro-entity,"accounts category, NOT turnover",43210,"27 Pelham Way, Forest Town, Mansfield",NG19 0LD,https://find-and-update.company-information.service.gov.uk/company/09948966,,TO BE ENRICHED — not held by Companies House,legitimate interests (LIA required before contact),Companies House public API,2026-07-12T04:30:00+00:00
HEALEY & MCGILL LIMITED,11497837,B_COMPLIANCE_DROWNED,micro filer (micro-entity),ltd,corporate subscriber,2018-08-02,micro-entity,"accounts category, NOT turnover",43290; 78109; 78200,"135 Clock Tower Road, Isleworth",TW7 6DT,https://find-and-update.company-information.service.gov.uk/company/11497837,,TO BE ENRICHED — not held by Companies House,legitimate interests (LIA required before contact),Companies House public API,2026-07-12T04:30:05+00:00
ALBAVISHA LTD,06582780,B_COMPLIANCE_DROWNED,micro filer (micro-entity),ltd,corporate subscriber,2008-05-01,micro-entity,"accounts category, NOT turnover",43210,"83d London Road, Romford",RM7 9QD,https://find-and-update.company-information.service.gov.uk/company/06582780,,TO BE ENRICHED — not held by Companies House,legitimate interests (LIA required before contact),Companies House public API,2026-07-12T04:30:05+00:00
IC ELECTRICAL SOLUTIONS LTD,10183864,B_COMPLIANCE_DROWNED,micro filer (micro-entity),ltd,corporate subscriber,2016-05-17,micro-entity,"accounts category, NOT turnover",43210,"2 Middleton Road, Royton, Oldham",OL2 5PA,https://find-and-update.company-information.service.gov.uk/company/10183864,,TO BE ENRICHED — not held by Companies House,legitimate interests (LIA required before contact),Companies House public API,2026-07-12T04:30:06+00:00
RUSHMERE PLUMBING & HEATING LTD,12199402,B_COMPLIANCE_DROWNED,micro filer (micro-entity),ltd,corporate subscriber,2019-09-10,micro-entity,"accounts category, NOT turnover",43220,"6 Mannington Close, Rushmere St. Andrew, Ipswich, Suffolk",IP4 5PW,https://find-and-update.company-information.service.gov.uk/company/12199402,,TO BE ENRICHED — not held by Companies House,legitimate interests (LIA required before contact),Companies House public API,2026-07-12T04:30:07+00:00
BROWNS DESIGN & BUILD LIMITED,06202909,B_COMPLIANCE_DROWNED,micro filer (micro-entity),ltd,corporate subscriber,2007-04-04,micro-entity,"accounts category, NOT turnover",43210,"54 Cline Rd, Guildford, Surrey",GU1 3NH,https://find-and-update.company-information.service.gov.uk/company/06202909,,TO BE ENRICHED — not held by Companies House,legitimate interests (LIA required before contact),Companies House public API,2026-07-12T04:30:10+00:00
CASTLE HEATING HERTS LTD,11317892,B_COMPLIANCE_DROWNED,micro filer (micro-entity),ltd,corporate subscriber,2018-04-18,micro-entity,"accounts category, NOT turnover",43220,"29 Cypress Avenue, Welwyn Garden City, Herts",AL7 1HN,https://find-and-update.company-information.service.gov.uk/company/11317892,,TO BE ENRICHED — not held by Companies House,legitimate interests (LIA required before contact),Companies House public API,2026-07-12T04:30:10+00:00
PLUMBTECH SOLUTIONS LTD,14771245,B_COMPLIANCE_DROWNED,"young (2023), total-exemption-full filer",ltd,corporate subscriber,2023-03-31,total-exemption-full,"accounts category, NOT turnover",43220,"8 Metcalf Close, Kirkby, Liverpool",L33 4HW,https://find-and-update.company-information.service.gov.uk/company/14771245,,TO BE ENRICHED — not held by Companies House,legitimate interests (LIA required before contact),Companies House public API,2026-07-12T04:30:11+00:00
OVER & ABOVE CONSTRUCTION LTD,13382082,B_COMPLIANCE_DROWNED,micro filer (micro-entity),ltd,corporate subscriber,2021-05-07,micro-entity,"accounts category, NOT turnover",43290,"42 Aylward Gardens Aylward Gardens, Chesham",HP5 2QZ,https://find-and-update.company-information.service.gov.uk/company/13382082,,TO BE ENRICHED — not held by Companies House,legitimate interests (LIA required before contact),Companies House public API,2026-07-12T04:30:12+00:00
ATREUS LTD,14300991,B_COMPLIANCE_DROWNED,"young (2022), total-exemption-full filer",ltd,corporate subscriber,2022-08-17,total-exemption-full,"accounts category, NOT turnover",43210,"Electric Works 3 Concourse Way, Digital Campus, Sheffield",S1 2BJ,https://find-and-update.company-information.service.gov.uk/company/14300991,,TO BE ENRICHED — not held by Companies House,legitimate interests (LIA required before contact),Companies House public API,2026-07-12T04:30:15+00:00
AOAL CONSTRUCTION LTD,14468579,B_COMPLIANCE_DROWNED,micro filer (micro-entity),ltd,corporate subscriber,2022-11-07,micro-entity,"accounts category, NOT turnover",43290,"73 Ardenfield Drive, Manchester",M22 5DE,https://find-and-update.company-information.service.gov.uk/company/14468579,,TO BE ENRICHED — not held by Companies House,legitimate interests (LIA required before contact),Companies House public API,2026-07-12T04:30:16+00:00
AK ECO SOLUTIONS LTD,13376439,B_COMPLIANCE_DROWNED,micro filer (micro-entity),ltd,corporate subscriber,2021-05-05,micro-entity,"accounts category, NOT turnover",43220; 71129,"11 Dunholme Road, Leicester",LE4 9BW,https://find-and-update.company-information.service.gov.uk/company/13376439,,TO BE ENRICHED — not held by Companies House,legitimate interests (LIA required before contact),Companies House public API,2026-07-12T04:30:17+00:00
BRIDGE CONTRACTING SERVICES LTD,12658500,B_COMPLIANCE_DROWNED,micro filer (micro-entity),ltd,corporate subscriber,2020-06-09,micro-entity,"accounts category, NOT turnover",43220,"7 Laureate Paddocks, Newmarket, Suffolk",CB8 0AP,https://find-and-update.company-information.service.gov.uk/company/12658500,,TO BE ENRICHED — not held by Companies House,legitimate interests (LIA required before contact),Companies House public API,2026-07-12T04:30:18+00:00
JYS SERVICES UK LTD,12197523,B_COMPLIANCE_DROWNED,micro filer (micro-entity),ltd,corporate subscriber,2019-09-09,micro-entity,"accounts category, NOT turnover",43220; 46690; 47910; 96090,"161 Wilmslow Road, Handforth, Wilmslow",SK9 3JL,https://find-and-update.company-information.service.gov.uk/company/12197523,,TO BE ENRICHED — not held by Companies House,legitimate interests (LIA required before contact),Companies House public API,2026-07-12T04:30:18+00:00
FRITS & SONS LTD,14291316,B_COMPLIANCE_DROWNED,"young (2022), total-exemption-full filer",ltd,corporate subscriber,2022-08-11,total-exemption-full,"accounts category, NOT turnover",43290,"1 Brereton Court, Hemel Hempstead",HP3 9JS,https://find-and-update.company-information.service.gov.uk/company/14291316,,TO BE ENRICHED — not held by Companies House,legitimate interests (LIA required before contact),Companies House public API,2026-07-12T04:30:20+00:00
VERVE HYSOL LTD,14289883,B_COMPLIANCE_DROWNED,micro filer (micro-entity),ltd,corporate subscriber,2022-08-11,micro-entity,"accounts category, NOT turnover",43290,"Ecclesall Chambers, 40 Cemetery Avenue, Sheffield",S11 8NT,https://find-and-update.company-information.service.gov.uk/company/14289883,,TO BE ENRICHED — not held by Companies House,legitimate interests (LIA required before contact),Companies House public API,2026-07-12T04:30:21+00:00
PRACTICAL SOLUTION BUILDING JOINERY & REFURBISHMENT LTD,14818835,B_COMPLIANCE_DROWNED,"young (2023), total-exemption-full filer",ltd,corporate subscriber,2023-04-21,total-exemption-full,"accounts category, NOT turnover",43290,"7 Crossfield House Close, Skellow, Doncaster",DN6 8RG,https://find-and-update.company-information.service.gov.uk/company/14818835,,TO BE ENRICHED — not held by Companies House,legitimate interests (LIA required before contact),Companies House public API,2026-07-12T04:30:21+00:00
NEIL NORTH & ASSOCIATES LIMITED,05107080,B_COMPLIANCE_DROWNED,micro filer (micro-entity),ltd,corporate subscriber,2004-04-20,micro-entity,"accounts category, NOT turnover",43220,"86 New Street, Donisthorpe, Swadlincote, Derbyshire",DE12 7PG,https://find-and-update.company-information.service.gov.uk/company/05107080,,TO BE ENRICHED — not held by Companies House,legitimate interests (LIA required before contact),Companies House public API,2026-07-12T04:30:23+00:00
NICHE ELECTRICAL SERVICES LIMITED,10734277,B_COMPLIANCE_DROWNED,micro filer (micro-entity),ltd,corporate subscriber,2017-04-21,micro-entity,"accounts category, NOT turnover",43290; 43999,"39 Ormerod Road, Hull",HU5 5TS,https://find-and-update.company-information.service.gov.uk/company/10734277,,TO BE ENRICHED — not held by Companies House,legitimate interests (LIA required before contact),Companies House public API,2026-07-12T04:30:23+00:00
KRIS ELECTRICAL LIMITED,12566550,B_COMPLIANCE_DROWNED,micro filer (micro-entity),ltd,corporate subscriber,2020-04-21,micro-entity,"accounts category, NOT turnover",43210,"25 Saxon Street, Northampton",NN3 2SQ,https://find-and-update.company-information.service.gov.uk/company/12566550,,TO BE ENRICHED — not held by Companies House,legitimate interests (LIA required before contact),Companies House public API,2026-07-12T04:30:24+00:00
1ST CLASS TILING LTD,14381980,B_COMPLIANCE_DROWNED,micro filer (micro-entity),ltd,corporate subscriber,2022-09-28,micro-entity,"accounts category, NOT turnover",43290,"30 Briarfield Crescent, Sheffield, South Yorkshire",S12 3LB,https://find-and-update.company-information.service.gov.uk/company/14381980,,TO BE ENRICHED — not held by Companies House,legitimate interests (LIA required before contact),Companies House public API,2026-07-12T04:30:25+00:00
CHRIS SOUTHCOMBE LTD,14310584,B_COMPLIANCE_DROWNED,micro filer (micro-entity),ltd,corporate subscriber,2022-08-22,micro-entity,"accounts category, NOT turnover",43220; 71122; 74300; 85320,"45 Summerleaze, Bristol",BS16 4HL,https://find-and-update.company-information.service.gov.uk/company/14310584,,TO BE ENRICHED — not held by Companies House,legitimate interests (LIA required before contact),Companies House public API,2026-07-12T04:30:25+00:00
VM CREW LTD,14112513,B_COMPLIANCE_DROWNED,micro filer (micro-entity),ltd,corporate subscriber,2022-05-17,micro-entity,"accounts category, NOT turnover",43290; 78200,"66 Chequerfield Road, Pontefract",WF8 2BH,https://find-and-update.company-information.service.gov.uk/company/14112513,,TO BE ENRICHED — not held by Companies House,legitimate interests (LIA required before contact),Companies House public API,2026-07-12T04:30:26+00:00
FRIDGEBLOKES LIMITED,10318655,B_COMPLIANCE_DROWNED,micro filer (micro-entity),ltd,corporate subscriber,2016-08-08,micro-entity,"accounts category, NOT turnover",43290,"34 Pennycress Close, Swindon",SN25 1RT,https://find-and-update.company-information.service.gov.uk/company/10318655,,TO BE ENRICHED — not held by Companies House,legitimate interests (LIA required before contact),Companies House public API,2026-07-12T04:30:27+00:00
K. PRANCE PHS LTD,11337243,B_COMPLIANCE_DROWNED,micro filer (micro-entity),ltd,corporate subscriber,2018-04-30,micro-entity,"accounts category, NOT turnover",43220,"The Paddocks High Street, Mepal, Ely",CB6 2AW,https://find-and-update.company-information.service.gov.uk/company/11337243,,TO BE ENRICHED — not held by Companies House,legitimate interests (LIA required before contact),Companies House public API,2026-07-12T04:30:29+00:00
EAGLE BUILDING & CONSTRUCTION LIMITED,10386438,B_COMPLIANCE_DROWNED,micro filer (micro-entity),ltd,corporate subscriber,2016-09-20,micro-entity,"accounts category, NOT turnover",43290; 43390; 43999,"161 Forest Road, London",E17 6HE,https://find-and-update.company-information.service.gov.uk/company/10386438,,TO BE ENRICHED — not held by Companies House,legitimate interests (LIA required before contact),Companies House public API,2026-07-12T04:30:31+00:00
ECOSOURCE RENEWABLES LTD,14809848,B_COMPLIANCE_DROWNED,"young (2023), total-exemption-full filer",ltd,corporate subscriber,2023-04-17,total-exemption-full,"accounts category, NOT turnover",43220,"50 Watermead Road, Luton",LU3 2TD,https://find-and-update.company-information.service.gov.uk/company/14809848,,TO BE ENRICHED — not held by Companies House,legitimate interests (LIA required before contact),Companies House public API,2026-07-12T04:30:32+00:00
SMART GAS 24-7 LIMITED,14313378,B_COMPLIANCE_DROWNED,micro filer (micro-entity),ltd,corporate subscriber,2022-08-23,micro-entity,"accounts category, NOT turnover",43220,"17 Victoria Road East, Thornton Cleveleys, Lancashire",FY5 5HT,https://find-and-update.company-information.service.gov.uk/company/14313378,,TO BE ENRICHED — not held by Companies House,legitimate interests (LIA required before contact),Companies House public API,2026-07-12T04:30:34+00:00
PLUMBLOKE AND SONS LIMITED,12630136,B_COMPLIANCE_DROWNED,micro filer (micro-entity),ltd,corporate subscriber,2020-05-28,micro-entity,"accounts category, NOT turnover",43220,"211 Forest Road, Coalville, Leicestershire",LE67 3SP,https://find-and-update.company-information.service.gov.uk/company/12630136,,TO BE ENRICHED — not held by Companies House,legitimate interests (LIA required before contact),Companies House public API,2026-07-12T04:30:36+00:00
EDELWEIS LTD,09870024,B_COMPLIANCE_DROWNED,micro filer (micro-entity),ltd,corporate subscriber,2015-11-12,micro-entity,"accounts category, NOT turnover",43290,"2 Davis Road, Aveley, South Ockendon",RM15 4ST,https://find-and-update.company-information.service.gov.uk/company/09870024,,TO BE ENRICHED — not held by Companies House,legitimate interests (LIA required before contact),Companies House public API,2026-07-12T04:30:37+00:00
BETTER FIT SOLUTIONS LTD,13394687,B_COMPLIANCE_DROWNED,micro filer (micro-entity),ltd,corporate subscriber,2021-05-13,micro-entity,"accounts category, NOT turnover",43290,"7 Main Road, Harwich",CO12 3FN,https://find-and-update.company-information.service.gov.uk/company/13394687,,TO BE ENRICHED — not held by Companies House,legitimate interests (LIA required before contact),Companies House public API,2026-07-12T04:30:39+00:00
J K ELECTRICS LTD,06287805,B_COMPLIANCE_DROWNED,micro filer (micro-entity),ltd,corporate subscriber,2007-06-20,micro-entity,"accounts category, NOT turnover",43210,"112 Harvesters Close, Rainham, Gillingham",ME8 8PA,https://find-and-update.company-information.service.gov.uk/company/06287805,,TO BE ENRICHED — not held by Companies House,legitimate interests (LIA required before contact),Companies House public API,2026-07-12T04:30:40+00:00
RURAL HEATING SERVICES LTD,11514435,B_COMPLIANCE_DROWNED,micro filer (micro-entity),ltd,corporate subscriber,2018-08-13,micro-entity,"accounts category, NOT turnover",43220,"C/O Paul Austen Associates Ltd Riverside, Mountbatten Way, Congleton, Cheshire",CW12 1DY,https://find-and-update.company-information.service.gov.uk/company/11514435,,TO BE ENRICHED — not held by Companies House,legitimate interests (LIA required before contact),Companies House public API,2026-07-12T04:30:41+00:00
LD HEATING & PLUMBING LTD,14096286,B_COMPLIANCE_DROWNED,micro filer (micro-entity),ltd,corporate subscriber,2022-05-09,micro-entity,"accounts category, NOT turnover",43220,"15 Hillier Crescent, Calne, Wiltshire",SN11 8HZ,https://find-and-update.company-information.service.gov.uk/company/14096286,,TO BE ENRICHED — not held by Companies House,legitimate interests (LIA required before contact),Companies House public API,2026-07-12T04:30:42+00:00
GWL COMPLIANCE LTD,14841706,B_COMPLIANCE_DROWNED,micro filer (micro-entity),ltd,corporate subscriber,2023-05-02,micro-entity,"accounts category, NOT turnover",43210; 71200,"258 Main Street, Stanton Under Bardon, Markfield",LE67 9TR,https://find-and-update.company-information.service.gov.uk/company/14841706,,TO BE ENRICHED — not held by Companies House,legitimate interests (LIA required before contact),Companies House public API,2026-07-12T04:30:44+00:00
OLIVEIRA SERVICES LTD,13872766,B_COMPLIANCE_DROWNED,"young (2022), total-exemption-full filer",ltd,corporate subscriber,2022-01-26,total-exemption-full,"accounts category, NOT turnover",41201; 43290; 81299,"86 Albert Square, London",E15 1HH,https://find-and-update.company-information.service.gov.uk/company/13872766,,TO BE ENRICHED — not held by Companies House,legitimate interests (LIA required before contact),Companies House public API,2026-07-12T04:30:45+00:00
KW ELECTRICAL LTD,12154968,B_COMPLIANCE_DROWNED,micro filer (micro-entity),ltd,corporate subscriber,2019-08-14,micro-entity,"accounts category, NOT turnover",43210,"Unit 2 Edwards Enterprise Park Rhosddu Industrial Estate, Old Rhosrobin, Wrexham",LL11 4ZA,https://find-and-update.company-information.service.gov.uk/company/12154968,,TO BE ENRICHED — not held by Companies House,legitimate interests (LIA required before contact),Companies House public API,2026-07-12T04:30:46+00:00
KBB PLUMBING LIMITED,08359609,B_COMPLIANCE_DROWNED,micro filer (micro-entity),ltd,corporate subscriber,2013-01-14,micro-entity,"accounts category, NOT turnover",43220,"Archer House Britland Estate, Northbourne Road, Eastbourne, East Sussex",BN22 8PW,https://find-and-update.company-information.service.gov.uk/company/08359609,,TO BE ENRICHED — not held by Companies House,legitimate interests (LIA required before contact),Companies House public API,2026-07-12T04:30:47+00:00
HELPLINK NORTH LIMITED,06802931,B_COMPLIANCE_DROWNED,micro filer (micro-entity),ltd,corporate subscriber,2009-01-27,micro-entity,"accounts category, NOT turnover",43220,"203 Manningham Lane, Bradford, West Yorkshire",BD8 7HP,https://find-and-update.company-information.service.gov.uk/company/06802931,,TO BE ENRICHED — not held by Companies House,legitimate interests (LIA required before contact),Companies House public API,2026-07-12T04:30:48+00:00
STEVE HOSKING PLUMBING & HEATING LTD,12038328,B_COMPLIANCE_DROWNED,micro filer (micro-entity),ltd,corporate subscriber,2019-06-07,micro-entity,"accounts category, NOT turnover",43220,"17 Boulden Close, Plymouth, Devon",PL7 2GL,https://find-and-update.company-information.service.gov.uk/company/12038328,,TO BE ENRICHED — not held by Companies House,legitimate interests (LIA required before contact),Companies House public API,2026-07-12T04:30:49+00:00
SHROPSHIRE ELECTRICAL SOLUTIONS LTD,09852825,B_COMPLIANCE_DROWNED,micro filer (micro-entity),ltd,corporate subscriber,2015-11-02,micro-entity,"accounts category, NOT turnover",43210,"Alpine House Drayton Road, Shawbury, Shrewsbury, Shropshire",SY4 4NZ,https://find-and-update.company-information.service.gov.uk/company/09852825,,TO BE ENRICHED — not held by Companies House,legitimate interests (LIA required before contact),Companies House public API,2026-07-12T04:30:50+00:00
UNITY ELECTRICAL CONTRACTORS LTD,14701712,B_COMPLIANCE_DROWNED,micro filer (micro-entity),ltd,corporate subscriber,2023-03-02,micro-entity,"accounts category, NOT turnover",43210,"47 Leedham Avenue, Tamworth",B77 3LZ,https://find-and-update.company-information.service.gov.uk/company/14701712,,TO BE ENRICHED — not held by Companies House,legitimate interests (LIA required before contact),Companies House public API,2026-07-12T04:30:52+00:00
KPJ ELECTRICAL SERVICES LIMITED,11989406,B_COMPLIANCE_DROWNED,micro filer (micro-entity),ltd,corporate subscriber,2019-05-10,micro-entity,"accounts category, NOT turnover",43210,"10 Bell Gardens, South Marston, Swindon",SN3 4TB,https://find-and-update.company-information.service.gov.uk/company/11989406,,TO BE ENRICHED — not held by Companies House,legitimate interests (LIA required before contact),Companies House public API,2026-07-12T04:30:53+00:00
GILLIGAN ELECTRICAL LTD,14126219,B_COMPLIANCE_DROWNED,micro filer (micro-entity),ltd,corporate subscriber,2022-05-23,micro-entity,"accounts category, NOT turnover",43210,"80 Peterhouse Crescent, Woodbridge",IP12 4HU,https://find-and-update.company-information.service.gov.uk/company/14126219,,TO BE ENRICHED — not held by Companies House,legitimate interests (LIA required before contact),Companies House public API,2026-07-12T04:30:54+00:00
MARSHALL ENTERPRISES (SWANSEA) LIMITED,04761606,B_COMPLIANCE_DROWNED,micro filer (micro-entity),ltd,corporate subscriber,2003-05-12,micro-entity,"accounts category, NOT turnover",43290,"C/O Stephen Kent And Company, 456 Gower Road, Killay, Swansea, South Wales",SA2 7AL,https://find-and-update.company-information.service.gov.uk/company/04761606,,TO BE ENRICHED — not held by Companies House,legitimate interests (LIA required before contact),Companies House public API,2026-07-12T04:30:56+00:00
BALMER ELECTRICAL SERVICES LIMITED,06786837,B_COMPLIANCE_DROWNED,micro filer (micro-entity),ltd,corporate subscriber,2009-01-09,micro-entity,"accounts category, NOT turnover",43210,"5 Brayford Square, London",E1 0SG,https://find-and-update.company-information.service.gov.uk/company/06786837,,TO BE ENRICHED — not held by Companies House,legitimate interests (LIA required before contact),Companies House public API,2026-07-12T04:30:57+00:00
BOND CONSTRUCTION AND JOINERY LTD,13461909,B_COMPLIANCE_DROWNED,micro filer (micro-entity),ltd,corporate subscriber,2021-06-17,micro-entity,"accounts category, NOT turnover",43210; 43220; 43290; 43320,"7 Bell Yard, London",WC2A 2JR,https://find-and-update.company-information.service.gov.uk/company/13461909,,TO BE ENRICHED — not held by Companies House,legitimate interests (LIA required before contact),Companies House public API,2026-07-12T04:31:00+00:00
ELECTRICAL INSTALLATIONS & TESTING LTD,07975353,B_COMPLIANCE_DROWNED,micro filer (micro-entity),ltd,corporate subscriber,2012-03-05,micro-entity,"accounts category, NOT turnover",43210,"Boathouse Dimlington Road, Easington, Hull",H12 0TG,https://find-and-update.company-information.service.gov.uk/company/07975353,,TO BE ENRICHED — not held by Companies House,legitimate interests (LIA required before contact),Companies House public API,2026-07-12T04:31:01+00:00
DPW PLUMBING AND HEATING LIMITED,10657983,B_COMPLIANCE_DROWNED,micro filer (micro-entity),ltd,corporate subscriber,2017-03-08,micro-entity,"accounts category, NOT turnover",43220,"48 Ashby Road, Welton, Daventry",NN11 2JS,https://find-and-update.company-information.service.gov.uk/company/10657983,,TO BE ENRICHED — not held by Companies House,legitimate interests (LIA required before contact),Companies House public API,2026-07-12T04:31:01+00:00
GLOBAL GROWTH SERVICES LIMITED,10810047,B_COMPLIANCE_DROWNED,micro filer (micro-entity),ltd,corporate subscriber,2017-06-08,micro-entity,"accounts category, NOT turnover",41202; 42120; 43290,"1258 London Road, Solent Court, London",SW16 4EY,https://find-and-update.company-information.service.gov.uk/company/10810047,,TO BE ENRICHED — not held by Companies House,legitimate interests (LIA required before contact),Companies House public API,2026-07-12T04:31:02+00:00
FIRE SAFE SPRINKLER INSTALLATIONS LIMITED,14198457,B_COMPLIANCE_DROWNED,micro filer (micro-entity),ltd,corporate subscriber,2022-06-27,micro-entity,"accounts category, NOT turnover",43290,"779 Atherton Road Hindley Green, Wigan, Greater Manchester",WN2 4SB,https://find-and-update.company-information.service.gov.uk/company/14198457,,TO BE ENRICHED — not held by Companies House,legitimate interests (LIA required before contact),Companies House public API,2026-07-12T04:31:03+00:00
GARY NEEDS PLUMBING & HEATING LTD,09108708,B_COMPLIANCE_DROWNED,micro filer (micro-entity),ltd,corporate subscriber,2014-06-30,micro-entity,"accounts category, NOT turnover",43220,"1 Pentwyn Villas, Abersychan, Pontypool, Gwent",NP4 7TU,https://find-and-update.company-information.service.gov.uk/company/09108708,,TO BE ENRICHED — not held by Companies House,legitimate interests (LIA required before contact),Companies House public API,2026-07-12T04:31:05+00:00
INSTAHEAT BUILDERS LIMITED,11233104,B_COMPLIANCE_DROWNED,micro filer (micro-entity),ltd,corporate subscriber,2018-03-05,micro-entity,"accounts category, NOT turnover",41202; 43210; 43220; 43310,"21 Bertie Road, London",NW10 2LJ,https://find-and-update.company-information.service.gov.uk/company/11233104,,TO BE ENRICHED — not held by Companies House,legitimate interests (LIA required before contact),Companies House public API,2026-07-12T04:31:05+00:00
FOREFRONT CONSTRUCTION LIMITED,12048840,B_COMPLIANCE_DROWNED,micro filer (micro-entity),ltd,corporate subscriber,2019-06-13,micro-entity,"accounts category, NOT turnover",43290,"9 Garston Avenue, Atherton, Manchester",M46 9GF,https://find-and-update.company-information.service.gov.uk/company/12048840,,TO BE ENRICHED — not held by Companies House,legitimate interests (LIA required before contact),Companies House public API,2026-07-12T04:31:06+00:00
FIRST POINT PROPERTY SOLUTIONS LTD,09635106,B_COMPLIANCE_DROWNED,micro filer (micro-entity),ltd,corporate subscriber,2015-06-11,micro-entity,"accounts category, NOT turnover",43290; 43341; 43390; 68320,"128 City Road, London, Shoreditch",EC1V 2NX,https://find-and-update.company-information.service.gov.uk/company/09635106,,TO BE ENRICHED — not held by Companies House,legitimate interests (LIA required before contact),Companies House public API,2026-07-12T04:31:07+00:00
KSK MAINTENANCE LIMITED,10065563,B_COMPLIANCE_DROWNED,micro filer (micro-entity),ltd,corporate subscriber,2016-03-16,micro-entity,"accounts category, NOT turnover",43220,"3 Strode Road, London",N17 6TZ,https://find-and-update.company-information.service.gov.uk/company/10065563,,TO BE ENRICHED — not held by Companies House,legitimate interests (LIA required before contact),Companies House public API,2026-07-12T04:31:08+00:00
HUNT MOBILE SERVICES LIMITED,11870955,B_COMPLIANCE_DROWNED,micro filer (micro-entity),ltd,corporate subscriber,2019-03-08,micro-entity,"accounts category, NOT turnover",43220; 81210,"3 Barn Owl Road, Kirby Cross, Frinton On Sea, Essex",CO13 0GH,https://find-and-update.company-information.service.gov.uk/company/11870955,,TO BE ENRICHED — not held by Companies House,legitimate interests (LIA required before contact),Companies House public API,2026-07-12T04:31:09+00:00
MARK PETERS ELECTRICAL LIMITED,08033097,B_COMPLIANCE_DROWNED,micro filer (micro-entity),ltd,corporate subscriber,2012-04-17,micro-entity,"accounts category, NOT turnover",43210,"Brant House Silkmills Road, Roughmoor, Taunton, Somerset",TA1 5AA,https://find-and-update.company-information.service.gov.uk/company/08033097,,TO BE ENRICHED — not held by Companies House,legitimate interests (LIA required before contact),Companies House public API,2026-07-12T04:31:10+00:00
LPS PLUMBING LIMITED,10366042,B_COMPLIANCE_DROWNED,micro filer (micro-entity),ltd,corporate subscriber,2016-09-08,micro-entity,"accounts category, NOT turnover",43220,"30 Weir Road, Hemingford Grey, Huntingdon",PE28 9EH,https://find-and-update.company-information.service.gov.uk/company/10366042,,TO BE ENRICHED — not held by Companies House,legitimate interests (LIA required before contact),Companies House public API,2026-07-12T04:31:10+00:00
DIRECT HEATING INSTALLATIONS LIMITED,07492411,B_COMPLIANCE_DROWNED,micro filer (micro-entity),ltd,corporate subscriber,2011-01-13,micro-entity,"accounts category, NOT turnover",43220,"Units 7 & 8 Gelder Road, Leeds",LS12 3UF,https://find-and-update.company-information.service.gov.uk/company/07492411,,TO BE ENRICHED — not held by Companies House,legitimate interests (LIA required before contact),Companies House public API,2026-07-12T04:31:11+00:00
RR RESOURCES LTD,12110603,B_COMPLIANCE_DROWNED,micro filer (micro-entity),ltd,corporate subscriber,2019-07-18,micro-entity,"accounts category, NOT turnover",43290,"10-16 Tiller Road, London",E14 8PX,https://find-and-update.company-information.service.gov.uk/company/12110603,,TO BE ENRICHED — not held by Companies House,legitimate interests (LIA required before contact),Companies House public API,2026-07-12T04:31:12+00:00
W AND C PLUMBING AND HEATING SPECIALISTS LIMITED,SC378920,B_COMPLIANCE_DROWNED,micro filer (micro-entity),ltd,corporate subscriber,2010-05-20,micro-entity,"accounts category, NOT turnover",43220,"Unit 4 24 Eastside Industrial Estate, Kirkintilloch, Glasgow",G66 1QG,https://find-and-update.company-information.service.gov.uk/company/SC378920,,TO BE ENRICHED — not held by Companies House,legitimate interests (LIA required before contact),Companies House public API,2026-07-12T04:31:12+00:00
G.P.P SOLUTIONS LTD,12089517,B_COMPLIANCE_DROWNED,micro filer (micro-entity),ltd,corporate subscriber,2019-07-06,micro-entity,"accounts category, NOT turnover",43220,"83 Whaddon Chase, Aylesbury, Bucks",HP19 9QP,https://find-and-update.company-information.service.gov.uk/company/12089517,,TO BE ENRICHED — not held by Companies House,legitimate interests (LIA required before contact),Companies House public API,2026-07-12T04:31:13+00:00
F H P ELECTRICAL LIMITED,08062144,B_COMPLIANCE_DROWNED,micro filer (micro-entity),ltd,corporate subscriber,2012-05-09,micro-entity,"accounts category, NOT turnover",43210,"26b Bradford Road, Guiseley, Leeds",LS20 8NH,https://find-and-update.company-information.service.gov.uk/company/08062144,,TO BE ENRICHED — not held by Companies House,legitimate interests (LIA required before contact),Companies House public API,2026-07-12T04:31:14+00:00
F L S MIDLANDS LTD,14106906,B_COMPLIANCE_DROWNED,micro filer (micro-entity),ltd,corporate subscriber,2022-05-13,micro-entity,"accounts category, NOT turnover",43210,"31 Dewsbury Grove, Birmingham",B42 2NB,https://find-and-update.company-information.service.gov.uk/company/14106906,,TO BE ENRICHED — not held by Companies House,legitimate interests (LIA required before contact),Companies House public API,2026-07-12T04:31:14+00:00
M S PROPERTY DEVELOPERS LTD,06556840,B_COMPLIANCE_DROWNED,micro filer (micro-entity),ltd,corporate subscriber,2008-04-07,micro-entity,"accounts category, NOT turnover",41201; 43210,"18 Yoxall Road, Shirley, Solihull, West Midlands",B90 3SD,https://find-and-update.company-information.service.gov.uk/company/06556840,,TO BE ENRICHED — not held by Companies House,legitimate interests (LIA required before contact),Companies House public API,2026-07-12T04:31:15+00:00
DST NETWORKS LIMITED,11290212,B_COMPLIANCE_DROWNED,micro filer (micro-entity),ltd,corporate subscriber,2018-04-04,micro-entity,"accounts category, NOT turnover",43290,"164roseberry Gardens Roseberry Gardens, Upminster",RM14 1NE,https://find-and-update.company-information.service.gov.uk/company/11290212,,TO BE ENRICHED — not held by Companies House,legitimate interests (LIA required before contact),Companies House public API,2026-07-12T04:31:18+00:00
LAL PLUMBING AND HEATING LTD,14830920,B_COMPLIANCE_DROWNED,"young (2023), total-exemption-full filer",ltd,corporate subscriber,2023-04-27,total-exemption-full,"accounts category, NOT turnover",41100; 41202; 43220,"30 Lakeland Close, Chigwell",IG7 4QU,https://find-and-update.company-information.service.gov.uk/company/14830920,,TO BE ENRICHED — not held by Companies House,legitimate interests (LIA required before contact),Companies House public API,2026-07-12T04:31:19+00:00
CLYDE COAST ACCESS SERVICES LIMITED,SC372533,B_COMPLIANCE_DROWNED,micro filer (micro-entity),ltd,corporate subscriber,2010-02-08,micro-entity,"accounts category, NOT turnover",43210,"29 Dipple Court, Kilbirnie",KA25 7DR,https://find-and-update.company-information.service.gov.uk/company/SC372533,,TO BE ENRICHED — not held by Companies House,legitimate interests (LIA required before contact),Companies House public API,2026-07-12T04:31:20+00:00
JIGSAW (CUMBRIA) LIMITED,10899842,B_COMPLIANCE_DROWNED,micro filer (micro-entity),ltd,corporate subscriber,2017-08-04,micro-entity,"accounts category, NOT turnover",43220,"Suite 1 Telford House, Warwick Road, Carlisle, Cumbria",CA1 2BT,https://find-and-update.company-information.service.gov.uk/company/10899842,,TO BE ENRICHED — not held by Companies House,legitimate interests (LIA required before contact),Companies House public API,2026-07-12T04:31:21+00:00
EV COMPLETE LTD,12221357,B_COMPLIANCE_DROWNED,micro filer (micro-entity),ltd,corporate subscriber,2019-09-23,micro-entity,"accounts category, NOT turnover",43210,"20 Barcombe Heights, Preston, Paignton",TQ3 1PT,https://find-and-update.company-information.service.gov.uk/company/12221357,,TO BE ENRICHED — not held by Companies House,legitimate interests (LIA required before contact),Companies House public API,2026-07-12T04:31:23+00:00
J & K MECHANICAL LTD,11756603,B_COMPLIANCE_DROWNED,micro filer (micro-entity),ltd,corporate subscriber,2019-01-08,micro-entity,"accounts category, NOT turnover",43210; 43220,"Unit 9 Newcastle Enterprise Centre High Street, Knutton, Newcastle",ST5 6BX,https://find-and-update.company-information.service.gov.uk/company/11756603,,TO BE ENRICHED — not held by Companies House,legitimate interests (LIA required before contact),Companies House public API,2026-07-12T04:31:25+00:00
PETER KERRIDGE PLUMBING AND HEATING LTD,07588032,B_COMPLIANCE_DROWNED,micro filer (micro-entity),ltd,corporate subscriber,2011-04-01,micro-entity,"accounts category, NOT turnover",43220,"6 Row Lane, Sowerby, Sowerby Bridge, West Yorkshire",HX6 1JT,https://find-and-update.company-information.service.gov.uk/company/07588032,,TO BE ENRICHED — not held by Companies House,legitimate interests (LIA required before contact),Companies House public API,2026-07-12T04:31:26+00:00
CASTLE ENVIRONMENTAL SERVICES LTD.,10838538,B_COMPLIANCE_DROWNED,micro filer (micro-entity),ltd,corporate subscriber,2017-06-27,micro-entity,"accounts category, NOT turnover",43290,"Unit 15 Whisby Way Business Centre, Whisby Way, North Hykeham, Lincoln",LN6 3LQ,https://find-and-update.company-information.service.gov.uk/company/10838538,,TO BE ENRICHED — not held by Companies House,legitimate interests (LIA required before contact),Companies House public API,2026-07-12T04:31:30+00:00
MADLEC LIMITED,06760327,B_COMPLIANCE_DROWNED,micro filer (micro-entity),ltd,corporate subscriber,2008-11-27,micro-entity,"accounts category, NOT turnover",43210,"7 St. John Street, Mansfield, Nottinghamshire",NG18 1QH,https://find-and-update.company-information.service.gov.uk/company/06760327,,TO BE ENRICHED — not held by Companies House,legitimate interests (LIA required before contact),Companies House public API,2026-07-12T04:31:33+00:00
IAN HOPE PLUMBING & HEATING SERVICES LIMITED,10276981,B_COMPLIANCE_DROWNED,micro filer (micro-entity),ltd,corporate subscriber,2016-07-13,micro-entity,"accounts category, NOT turnover",43220,"40 Tennyson Avenue, Hull",HU5 3TW,https://find-and-update.company-information.service.gov.uk/company/10276981,,TO BE ENRICHED — not held by Companies House,legitimate interests (LIA required before contact),Companies House public API,2026-07-12T04:31:33+00:00
A-Z ELECTRICAL CONTRACTORS LTD,13606977,B_COMPLIANCE_DROWNED,micro filer (micro-entity),ltd,corporate subscriber,2021-09-07,micro-entity,"accounts category, NOT turnover",43210,"54 Wood Street, Lytham St. Annes",FY8 1QG,https://find-and-update.company-information.service.gov.uk/company/13606977,,TO BE ENRICHED — not held by Companies House,legitimate interests (LIA required before contact),Companies House public API,2026-07-12T04:31:35+00:00
TC SOLUTIONS (NORTH EAST) LTD,14112488,B_COMPLIANCE_DROWNED,micro filer (micro-entity),ltd,corporate subscriber,2022-05-17,micro-entity,"accounts category, NOT turnover",43290,"17 Pease Way, Newton Aycliffe",DL5 5NE,https://find-and-update.company-information.service.gov.uk/company/14112488,,TO BE ENRICHED — not held by Companies House,legitimate interests (LIA required before contact),Companies House public API,2026-07-12T04:31:36+00:00
RACKHAM ELECTRICAL LTD,14877203,B_COMPLIANCE_DROWNED,"young (2023), total-exemption-full filer",ltd,corporate subscriber,2023-05-17,total-exemption-full,"accounts category, NOT turnover",43210,"6 Sambre Road, Chiseldon, Swindon",SN4 0JB,https://find-and-update.company-information.service.gov.uk/company/14877203,,TO BE ENRICHED — not held by Companies House,legitimate interests (LIA required before contact),Companies House public API,2026-07-12T04:31:38+00:00
A404 ELECTRICAL SERVICES LIMITED,14316116,B_COMPLIANCE_DROWNED,"young (2022), total-exemption-full filer",ltd,corporate subscriber,2022-08-24,total-exemption-full,"accounts category, NOT turnover",43210,"C/O Cansdales Business Advisers Limited St Mary’S Court, The Broadway, Old Amersham, Bucks",HP7 0UT,https://find-and-update.company-information.service.gov.uk/company/14316116,,TO BE ENRICHED — not held by Companies House,legitimate interests (LIA required before contact),Companies House public API,2026-07-12T04:31:39+00:00
FUTURE SHAPES LONDON LTD,11299273,B_COMPLIANCE_DROWNED,micro filer (micro-entity),ltd,corporate subscriber,2018-04-09,micro-entity,"accounts category, NOT turnover",41202; 43210; 43310; 43330,"Flat 2, 5b Shortlands Road, London",E10 7AH,https://find-and-update.company-information.service.gov.uk/company/11299273,,TO BE ENRICHED — not held by Companies House,legitimate interests (LIA required before contact),Companies House public API,2026-07-12T04:31:40+00:00
BRADLEY'S PLUMBING SERVICES LTD,14859978,B_COMPLIANCE_DROWNED,micro filer (micro-entity),ltd,corporate subscriber,2023-05-10,micro-entity,"accounts category, NOT turnover",43220,"8 John Street, Royton, Oldham",OL2 5JR,https://find-and-update.company-information.service.gov.uk/company/14859978,,TO BE ENRICHED — not held by Companies House,legitimate interests (LIA required before contact),Companies House public API,2026-07-12T04:31:41+00:00
DESERT DAMP PROOFING LTD,10764790,B_COMPLIANCE_DROWNED,micro filer (micro-entity),ltd,corporate subscriber,2017-05-11,micro-entity,"accounts category, NOT turnover",41100; 43290; 43310; 43999,"71-75 Shelton Street, Covent Garden, London",WC2H 9JQ,https://find-and-update.company-information.service.gov.uk/company/10764790,,TO BE ENRICHED — not held by Companies House,legitimate interests (LIA required before contact),Companies House public API,2026-07-12T04:31:42+00:00
NIKRO ELECTRICAL LTD,09036767,B_COMPLIANCE_DROWNED,micro filer (micro-entity),ltd,corporate subscriber,2014-05-13,micro-entity,"accounts category, NOT turnover",43210,"14 Abbots Meadow, Chittlehampton, Umberleigh, Devon",EX37 9QE,https://find-and-update.company-information.service.gov.uk/company/09036767,,TO BE ENRICHED — not held by Companies House,legitimate interests (LIA required before contact),Companies House public API,2026-07-12T04:31:44+00:00
JDCW LTD,14806457,B_COMPLIANCE_DROWNED,micro filer (micro-entity),ltd,corporate subscriber,2023-04-16,micro-entity,"accounts category, NOT turnover",43210,"94 Welland Road, Hilton, Derby",DE65 5NE,https://find-and-update.company-information.service.gov.uk/company/14806457,,TO BE ENRICHED — not held by Companies House,legitimate interests (LIA required before contact),Companies House public API,2026-07-12T04:31:46+00:00
JMW MANAGEMENT LIMITED,08233690,B_COMPLIANCE_DROWNED,micro filer (micro-entity),ltd,corporate subscriber,2012-09-28,micro-entity,"accounts category, NOT turnover",33200; 43290; 70229,"Unit 209b, Lansbury Estate 102 Lower Guildford Road, Knaphill, Woking, Surrey",GU21 2EP,https://find-and-update.company-information.service.gov.uk/company/08233690,,TO BE ENRICHED — not held by Companies House,legitimate interests (LIA required before contact),Companies House public API,2026-07-12T04:31:48+00:00
WARM FLOORING LIMITED,06903526,B_COMPLIANCE_DROWNED,micro filer (micro-entity),ltd,corporate subscriber,2009-05-12,micro-entity,"accounts category, NOT turnover",43290,"2 Highfield Drive, Kirton Lindsey, Gainsborough, Lincolnshire",DN21 4EB,https://find-and-update.company-information.service.gov.uk/company/06903526,,TO BE ENRICHED — not held by Companies House,legitimate interests (LIA required before contact),Companies House public API,2026-07-12T04:31:48+00:00
DAYMENT PLUMBING AND HEATING LTD,15733674,B_COMPLIANCE_DROWNED,micro filer (micro-entity),ltd,corporate subscriber,2024-05-21,micro-entity,"accounts category, NOT turnover",43220,"8 Higher Island, Blackawton, Totnes",TQ9 7BX,https://find-and-update.company-information.service.gov.uk/company/15733674,,TO BE ENRICHED — not held by Companies House,legitimate interests (LIA required before contact),Companies House public API,2026-07-12T04:31:49+00:00
G WEBB ELECTRICS LTD,10777273,B_COMPLIANCE_DROWNED,micro filer (micro-entity),ltd,corporate subscriber,2017-05-18,micro-entity,"accounts category, NOT turnover",43210,"111 Bewdley Road, Stourport On Severn",DY13 8XX,https://find-and-update.company-information.service.gov.uk/company/10777273,,TO BE ENRICHED — not held by Companies House,legitimate interests (LIA required before contact),Companies House public API,2026-07-12T04:31:50+00:00
TILLOTSON ELECTRICAL LIMITED,14351405,B_COMPLIANCE_DROWNED,micro filer (micro-entity),ltd,corporate subscriber,2022-09-12,micro-entity,"accounts category, NOT turnover",43210,"19 Scotch Orchard, Lichfield",WS13 6BZ,https://find-and-update.company-information.service.gov.uk/company/14351405,,TO BE ENRICHED — not held by Companies House,legitimate interests (LIA required before contact),Companies House public API,2026-07-12T04:31:51+00:00
AQUA-HEAT ENVIROTECH LTD,05792823,B_COMPLIANCE_DROWNED,micro filer (micro-entity),ltd,corporate subscriber,2006-04-24,micro-entity,"accounts category, NOT turnover",43220,"141 All Saints Road, Newmarket, Suffolk",CB8 8HH,https://find-and-update.company-information.service.gov.uk/company/05792823,,TO BE ENRICHED — not held by Companies House,legitimate interests (LIA required before contact),Companies House public API,2026-07-12T04:31:53+00:00
GREENSTAR ENERGY TECH LIMITED,09010594,B_COMPLIANCE_DROWNED,micro filer (micro-entity),ltd,corporate subscriber,2014-04-24,micro-entity,"accounts category, NOT turnover",43220,"26 Westgate, Monk Bretton, Barnsley, South Yorkshire",S71 2DJ,https://find-and-update.company-information.service.gov.uk/company/09010594,,TO BE ENRICHED — not held by Companies House,legitimate interests (LIA required before contact),Companies House public API,2026-07-12T04:31:53+00:00
SHELTON FENCING LIMITED,10739734,B_COMPLIANCE_DROWNED,micro filer (micro-entity),ltd,corporate subscriber,2017-04-25,micro-entity,"accounts category, NOT turnover",43290,"7 Lower Crow Nest Drive, Halifax",HX3 8UN,https://find-and-update.company-information.service.gov.uk/company/10739734,,TO BE ENRICHED — not held by Companies House,legitimate interests (LIA required before contact),Companies House public API,2026-07-12T04:31:54+00:00
JM SPARROWS ELECTRICAL LTD,14826230,B_COMPLIANCE_DROWNED,"young (2023), unaudited-abridged filer",ltd,corporate subscriber,2023-04-25,unaudited-abridged,"accounts category, NOT turnover",43210; 43390,"57 Valerian Way, Stotfold, Hitchin",SG5 4ET,https://find-and-update.company-information.service.gov.uk/company/14826230,,TO BE ENRICHED — not held by Companies House,legitimate interests (LIA required before contact),Companies House public API,2026-07-12T04:31:55+00:00
COMMERCIAL HEATING AND PLUMBING LIMITED,15732824,B_COMPLIANCE_DROWNED,micro filer (micro-entity),ltd,corporate subscriber,2024-05-21,micro-entity,"accounts category, NOT turnover",43220,"59 Widford Road, Chelmsford, Essex",CM2 8SY,https://find-and-update.company-information.service.gov.uk/company/15732824,,TO BE ENRICHED — not held by Companies House,legitimate interests (LIA required before contact),Companies House public API,2026-07-12T04:31:56+00:00
EDEN ECO LTD,15140567,B_COMPLIANCE_DROWNED,"young (2023), total-exemption-full filer",ltd,corporate subscriber,2023-09-15,total-exemption-full,"accounts category, NOT turnover",43290,"Abacus House 450 Warrington Road, Culcheth, Warrington, Cheshire",WA3 5QX,https://find-and-update.company-information.service.gov.uk/company/15140567,,TO BE ENRICHED — not held by Companies House,legitimate interests (LIA required before contact),Companies House public API,2026-07-12T04:31:57+00:00
AIGBURTH ELECTRICAL LTD,14141784,B_COMPLIANCE_DROWNED,micro filer (micro-entity),ltd,corporate subscriber,2022-05-30,micro-entity,"accounts category, NOT turnover",43210,"105 Larkfield Road, Aigburth, Liverpool",L17 9PS,https://find-and-update.company-information.service.gov.uk/company/14141784,,TO BE ENRICHED — not held by Companies House,legitimate interests (LIA required before contact),Companies House public API,2026-07-12T04:31:58+00:00
BOILERMAN (HERTS) LIMITED,05898721,B_COMPLIANCE_DROWNED,micro filer (micro-entity),ltd,corporate subscriber,2006-08-07,micro-entity,"accounts category, NOT turnover",43220,"26 The Finches, Hertford",SG13 7TB,https://find-and-update.company-information.service.gov.uk/company/05898721,,TO BE ENRICHED — not held by Companies House,legitimate interests (LIA required before contact),Companies House public API,2026-07-12T04:31:59+00:00
TRADE SQUARE LTD,14877554,B_COMPLIANCE_DROWNED,micro filer (micro-entity),ltd,corporate subscriber,2023-05-18,micro-entity,"accounts category, NOT turnover",43220,"101 Pooley Green Road, Egham, Surrey",TW20 8AW,https://find-and-update.company-information.service.gov.uk/company/14877554,,TO BE ENRICHED — not held by Companies House,legitimate interests (LIA required before contact),Companies House public API,2026-07-12T04:31:59+00:00
SAVDORA UK LIMITED,06712172,B_COMPLIANCE_DROWNED,micro filer (micro-entity),ltd,corporate subscriber,2008-10-01,micro-entity,"accounts category, NOT turnover",43290,"142-143 Parrock Street, Gravesend",DA12 1EY,https://find-and-update.company-information.service.gov.uk/company/06712172,,TO BE ENRICHED — not held by Companies House,legitimate interests (LIA required before contact),Companies House public API,2026-07-12T04:32:00+00:00
ZACK ELECTRICAL MAINTENANCE LTD,10329832,B_COMPLIANCE_DROWNED,micro filer (micro-entity),ltd,corporate subscriber,2016-08-15,micro-entity,"accounts category, NOT turnover",43210; 43390,"1 Rumford House, Bath Terrace, London",SE1 6PW,https://find-and-update.company-information.service.gov.uk/company/10329832,,TO BE ENRICHED — not held by Companies House,legitimate interests (LIA required before contact),Companies House public API,2026-07-12T04:32:01+00:00
NGA ECO SOLUTIONS LTD,SC731473,B_COMPLIANCE_DROWNED,micro filer (micro-entity),ltd,corporate subscriber,2022-05-05,micro-entity,"accounts category, NOT turnover",43210,"Unit 3, Kpp Chartered Accountants Morris Park, 37 Rosyth Road, Glasgow",G5 0YE,https://find-and-update.company-information.service.gov.uk/company/SC731473,,TO BE ENRICHED — not held by Companies House,legitimate interests (LIA required before contact),Companies House public API,2026-07-12T04:32:02+00:00
INTERIOR SPACE LIMITED,06127859,B_COMPLIANCE_DROWNED,micro filer (micro-entity),ltd,corporate subscriber,2007-02-26,micro-entity,"accounts category, NOT turnover",43290,"Gorsewood Farm, Gorsewood Road, Hartley, Kent",DA3 7DE,https://find-and-update.company-information.service.gov.uk/company/06127859,,TO BE ENRICHED — not held by Companies House,legitimate interests (LIA required before contact),Companies House public API,2026-07-12T04:32:03+00:00
FRONT ROW CONSTRUCTION AND MANAGEMENT SERVICES LTD,15733534,B_COMPLIANCE_DROWNED,"young (2024), total-exemption-full filer",ltd,corporate subscriber,2024-05-21,total-exemption-full,"accounts category, NOT turnover",43290,"The Charmwood Centre Southampton Road, Bartley, Southampton, Hampshire",SO40 2NA,https://find-and-update.company-information.service.gov.uk/company/15733534,,TO BE ENRICHED — not held by Companies House,legitimate interests (LIA required before contact),Companies House public API,2026-07-12T04:32:04+00:00
M STAR PROPERTY SOLUTIONS LTD,14309164,B_COMPLIANCE_DROWNED,micro filer (micro-entity),ltd,corporate subscriber,2022-08-22,micro-entity,"accounts category, NOT turnover",41100; 41202; 43210; 43220,"85 Shrewsbury Avenue, Harrow, Middlesex",HA3 9NA,https://find-and-update.company-information.service.gov.uk/company/14309164,,TO BE ENRICHED — not held by Companies House,legitimate interests (LIA required before contact),Companies House public API,2026-07-12T04:32:05+00:00
G KEENAN ELECTRICAL SERVICES LTD,SC811182,B_COMPLIANCE_DROWNED,micro filer (micro-entity),ltd,corporate subscriber,2024-05-21,micro-entity,"accounts category, NOT turnover",43210,"16 Lochside Crescent, Airdrie",ML6 6GB,https://find-and-update.company-information.service.gov.uk/company/SC811182,,TO BE ENRICHED — not held by Companies House,legitimate interests (LIA required before contact),Companies House public API,2026-07-12T04:32:06+00:00
SOUTHERN ALARM SERVICES LIMITED,12164598,B_COMPLIANCE_DROWNED,micro filer (micro-entity),ltd,corporate subscriber,2019-08-19,micro-entity,"accounts category, NOT turnover",43210,"19 Ridgeway Drive, Westward Ho!, Bideford, Devon",EX39 1TW,https://find-and-update.company-information.service.gov.uk/company/12164598,,TO BE ENRICHED — not held by Companies House,legitimate interests (LIA required before contact),Companies House public API,2026-07-12T04:32:06+00:00
A.C DUCTWORK LTD,11234083,B_COMPLIANCE_DROWNED,micro filer (micro-entity),ltd,corporate subscriber,2018-03-05,micro-entity,"accounts category, NOT turnover",43220,"Unit 1, Rumbush Farm Business Park Rumbush Lane, Earlswood, Solihull",B94 5LW,https://find-and-update.company-information.service.gov.uk/company/11234083,,TO BE ENRICHED — not held by Companies House,legitimate interests (LIA required before contact),Companies House public API,2026-07-12T04:32:07+00:00
HARVEY SYKES LTD,04679743,B_COMPLIANCE_DROWNED,micro filer (micro-entity),ltd,corporate subscriber,2003-02-26,micro-entity,"accounts category, NOT turnover",43210,"3 Wood Row, Throop Road, Bournemouth",BH8 0DN,https://find-and-update.company-information.service.gov.uk/company/04679743,,TO BE ENRICHED — not held by Companies House,legitimate interests (LIA required before contact),Companies House public API,2026-07-12T04:32:08+00:00
WILTSHIRE RENEWABLES LTD,14602954,B_COMPLIANCE_DROWNED,micro filer (micro-entity),ltd,corporate subscriber,2023-01-18,micro-entity,"accounts category, NOT turnover",43220,"2 The Drove, West Wilts Trading Estate, Westbury",BA13 4JE,https://find-and-update.company-information.service.gov.uk/company/14602954,,TO BE ENRICHED — not held by Companies House,legitimate interests (LIA required before contact),Companies House public API,2026-07-12T04:32:08+00:00
CLIFFORD GREEN ELECTRICAL LIMITED,04051139,B_COMPLIANCE_DROWNED,micro filer (micro-entity),ltd,corporate subscriber,2000-08-11,micro-entity,"accounts category, NOT turnover",43210,"50 Broad Street, Leek",ST13 5NS,https://find-and-update.company-information.service.gov.uk/company/04051139,,TO BE ENRICHED — not held by Companies House,legitimate interests (LIA required before contact),Companies House public API,2026-07-12T04:32:09+00:00
QUOTE RENEWABLE ENERGY LIMITED,15733745,B_COMPLIANCE_DROWNED,micro filer (micro-entity),ltd,corporate subscriber,2024-05-21,micro-entity,"accounts category, NOT turnover",43210; 70229,"22 The Macies, Bath",BA1 4HS,https://find-and-update.company-information.service.gov.uk/company/15733745,,TO BE ENRICHED — not held by Companies House,legitimate interests (LIA required before contact),Companies House public API,2026-07-12T04:32:10+00:00
TRUE VOLT ELECTRICAL LTD,15733800,B_COMPLIANCE_DROWNED,micro filer (micro-entity),ltd,corporate subscriber,2024-05-21,micro-entity,"accounts category, NOT turnover",43210,"6 Holst Close, Newport, Gwent",NP19 9JF,https://find-and-update.company-information.service.gov.uk/company/15733800,,TO BE ENRICHED — not held by Companies House,legitimate interests (LIA required before contact),Companies House public API,2026-07-12T04:32:10+00:00
S.K. HEATING & PLUMBING LIMITED,08043961,B_COMPLIANCE_DROWNED,micro filer (micro-entity),ltd,corporate subscriber,2012-04-24,micro-entity,"accounts category, NOT turnover",43220,"166 Newton Road, Great Barr, Birmingham",B43 6BU,https://find-and-update.company-information.service.gov.uk/company/08043961,,TO BE ENRICHED — not held by Companies House,legitimate interests (LIA required before contact),Companies House public API,2026-07-12T04:32:11+00:00
EDELEC SERVICES LIMITED,14295003,B_COMPLIANCE_DROWNED,"young (2022), total-exemption-full filer",ltd,corporate subscriber,2022-08-15,total-exemption-full,"accounts category, NOT turnover",43210,"Abacus House 68a, North Street, Romford",RM1 1DA,https://find-and-update.company-information.service.gov.uk/company/14295003,,TO BE ENRICHED — not held by Companies House,legitimate interests (LIA required before contact),Companies House public API,2026-07-12T04:32:12+00:00
CLIMAC LTD,14065933,B_COMPLIANCE_DROWNED,"young (2022), unaudited-abridged filer",ltd,corporate subscriber,2022-04-25,unaudited-abridged,"accounts category, NOT turnover",35300; 43220,"Unit 15 Vanguard Way, Neptune Court, Cardiff, South Glamorgan",CF24 5PJ,https://find-and-update.company-information.service.gov.uk/company/14065933,,TO BE ENRICHED — not held by Companies House,legitimate interests (LIA required before contact),Companies House public API,2026-07-12T04:32:13+00:00
THE AIR CONDITIONING SPECIALISTS LTD,11893119,B_COMPLIANCE_DROWNED,micro filer (micro-entity),ltd,corporate subscriber,2019-03-20,micro-entity,"accounts category, NOT turnover",43220,"6 Britannia House Base Business Park, Rendlesham, Woodbridge",IP12 2TZ,https://find-and-update.company-information.service.gov.uk/company/11893119,,TO BE ENRICHED — not held by Companies House,legitimate interests (LIA required before contact),Companies House public API,2026-07-12T04:32:13+00:00
EMMERSON GROUP LTD,15047245,B_COMPLIANCE_DROWNED,micro filer (micro-entity),ltd,corporate subscriber,2023-08-03,micro-entity,"accounts category, NOT turnover",43220; 81210,"63 Hartlands, Bedlington, Northumberland",NE22 6JG,https://find-and-update.company-information.service.gov.uk/company/15047245,,TO BE ENRICHED — not held by Companies House,legitimate interests (LIA required before contact),Companies House public API,2026-07-12T04:32:15+00:00
DB ELECTRICAL (CORNWALL) LTD,14862097,B_COMPLIANCE_DROWNED,micro filer (micro-entity),ltd,corporate subscriber,2023-05-11,micro-entity,"accounts category, NOT turnover",43210,"Gwel Glydn, 92 Bodmin Road, St Austell",PL25 5AG,https://find-and-update.company-information.service.gov.uk/company/14862097,,TO BE ENRICHED — not held by Companies House,legitimate interests (LIA required before contact),Companies House public API,2026-07-12T04:32:16+00:00
OZLEC LTD,SC731682,B_COMPLIANCE_DROWNED,micro filer (micro-entity),ltd,corporate subscriber,2022-05-06,micro-entity,"accounts category, NOT turnover",33140; 43210,"3 Delaney Court, Alloa, Clackmannanshire",FK10 1RA,https://find-and-update.company-information.service.gov.uk/company/SC731682,,TO BE ENRICHED — not held by Companies House,legitimate interests (LIA required before contact),Companies House public API,2026-07-12T04:32:17+00:00
CLIMATEWORKSUK LTD,14878167,B_COMPLIANCE_DROWNED,micro filer (micro-entity),ltd,corporate subscriber,2023-05-18,micro-entity,"accounts category, NOT turnover",43220,"11 Vickers House Priestley Road, Basingstoke",RG24 9NP,https://find-and-update.company-information.service.gov.uk/company/14878167,,TO BE ENRICHED — not held by Companies House,legitimate interests (LIA required before contact),Companies House public API,2026-07-12T04:32:19+00:00
RM HEATING SERVICES LTD,11238743,B_COMPLIANCE_DROWNED,micro filer (micro-entity),ltd,corporate subscriber,2018-03-07,micro-entity,"accounts category, NOT turnover",43220,"2 Acacia Drive, North Walsham, Norfolk",NR28 0UX,https://find-and-update.company-information.service.gov.uk/company/11238743,,TO BE ENRICHED — not held by Companies House,legitimate interests (LIA required before contact),Companies House public API,2026-07-12T04:32:19+00:00
NEW SYSTEM GROUP LIMITED,12334004,B_COMPLIANCE_DROWNED,micro filer (micro-entity),ltd,corporate subscriber,2019-11-26,micro-entity,"accounts category, NOT turnover",43210,"62 Wych Hill Park, Woking, Surrey",GU22 0HF,https://find-and-update.company-information.service.gov.uk/company/12334004,,TO BE ENRICHED — not held by Companies House,legitimate interests (LIA required before contact),Companies House public API,2026-07-12T04:32:20+00:00
FACILITEC PROPERTIES LIMITED,05277201,B_COMPLIANCE_DROWNED,micro filer (micro-entity),ltd,corporate subscriber,2004-11-03,micro-entity,"accounts category, NOT turnover",41201; 43210,"Unit 6 17 Whitestone Way, Purley, Croydon, Surrey",CR0 4WF,https://find-and-update.company-information.service.gov.uk/company/05277201,,TO BE ENRICHED — not held by Companies House,legitimate interests (LIA required before contact),Companies House public API,2026-07-12T04:32:22+00:00
WHITE KNIGHT ELECTRICAL CONTRACTORS LTD,12640939,B_COMPLIANCE_DROWNED,micro filer (micro-entity),ltd,corporate subscriber,2020-06-02,micro-entity,"accounts category, NOT turnover",43210,"2 Heather Gardens, Farnborough, Hampshire",GU14 0RU,https://find-and-update.company-information.service.gov.uk/company/12640939,,TO BE ENRICHED — not held by Companies House,legitimate interests (LIA required before contact),Companies House public API,2026-07-12T04:32:23+00:00
DC ELECTRICAL SCOTLAND LIMITED,SC731024,B_COMPLIANCE_DROWNED,"young (2022), total-exemption-full filer",ltd,corporate subscriber,2022-04-29,total-exemption-full,"accounts category, NOT turnover",33140; 43210; 43999; 59113,"65 Arden Avenue, Thornliebank, Glasgow",G46 8PZ,https://find-and-update.company-information.service.gov.uk/company/SC731024,,TO BE ENRICHED — not held by Companies House,legitimate interests (LIA required before contact),Companies House public API,2026-07-12T04:32:24+00:00
WOODWAY PROJECTS LTD,10321889,B_COMPLIANCE_DROWNED,micro filer (micro-entity),ltd,corporate subscriber,2016-08-10,micro-entity,"accounts category, NOT turnover",43290,"190 Billet Road, London",E17 5DX,https://find-and-update.company-information.service.gov.uk/company/10321889,,TO BE ENRICHED — not held by Companies House,legitimate interests (LIA required before contact),Companies House public API,2026-07-12T04:32:25+00:00
SURFASTONE LIMITED,08316593,B_COMPLIANCE_DROWNED,micro filer (micro-entity),ltd,corporate subscriber,2012-12-03,micro-entity,"accounts category, NOT turnover",43290,"112 Morden Road, London",SW19 3BP,https://find-and-update.company-information.service.gov.uk/company/08316593,,TO BE ENRICHED — not held by Companies House,legitimate interests (LIA required before contact),Companies House public API,2026-07-12T04:32:26+00:00
DENNIS GARDINER & CO LTD,06581003,B_COMPLIANCE_DROWNED,micro filer (micro-entity),ltd,corporate subscriber,2008-04-30,micro-entity,"accounts category, NOT turnover",43210,"C/O J & Aw Sully Paramount House, 2 Concorde Drive, Clevedon, North Somerset",BS21 6UH,https://find-and-update.company-information.service.gov.uk/company/06581003,,TO BE ENRICHED — not held by Companies House,legitimate interests (LIA required before contact),Companies House public API,2026-07-12T04:32:27+00:00
MAXIHEAT LIMITED,14867187,B_COMPLIANCE_DROWNED,"young (2023), total-exemption-full filer",ltd,corporate subscriber,2023-05-14,total-exemption-full,"accounts category, NOT turnover",43220,"11 Elton Close, Stamford",PE9 2UL,https://find-and-update.company-information.service.gov.uk/company/14867187,,TO BE ENRICHED — not held by Companies House,legitimate interests (LIA required before contact),Companies House public API,2026-07-12T04:32:29+00:00
SUTTON DOOR SERVICES LTD,13337504,B_COMPLIANCE_DROWNED,micro filer (micro-entity),ltd,corporate subscriber,2021-04-15,micro-entity,"accounts category, NOT turnover",43290; 43999,"95 Church Road Erdington, Birmingham",B24 9BE,https://find-and-update.company-information.service.gov.uk/company/13337504,,TO BE ENRICHED — not held by Companies House,legitimate interests (LIA required before contact),Companies House public API,2026-07-12T04:32:31+00:00
CHROME CONTRACTS LTD,13340099,B_COMPLIANCE_DROWNED,micro filer (micro-entity),ltd,corporate subscriber,2021-04-16,micro-entity,"accounts category, NOT turnover",43290,"95 Church Road Erdington, Birmingham",B24 9BE,https://find-and-update.company-information.service.gov.uk/company/13340099,,TO BE ENRICHED — not held by Companies House,legitimate interests (LIA required before contact),Companies House public API,2026-07-12T04:32:32+00:00
ANDREW GRIMSTEAD LIMITED,09009382,B_COMPLIANCE_DROWNED,micro filer (micro-entity),ltd,corporate subscriber,2014-04-24,micro-entity,"accounts category, NOT turnover",43210,"9 Teeming Grove, Llanwern, Newport, Gwent",NP19 4EJ,https://find-and-update.company-information.service.gov.uk/company/09009382,,TO BE ENRICHED — not held by Companies House,legitimate interests (LIA required before contact),Companies House public API,2026-07-12T04:32:33+00:00
J.K.I. FABRICATIONS LIMITED,11047686,B_COMPLIANCE_DROWNED,micro filer (micro-entity),ltd,corporate subscriber,2017-11-06,micro-entity,"accounts category, NOT turnover",33110; 43290,"169 Kidderminster Road, Bromsgrove, Worcs",B61 9AF,https://find-and-update.company-information.service.gov.uk/company/11047686,,TO BE ENRICHED — not held by Companies House,legitimate interests (LIA required before contact),Companies House public API,2026-07-12T04:32:34+00:00
NELIDE LTD,11323272,B_COMPLIANCE_DROWNED,micro filer (micro-entity),ltd,corporate subscriber,2018-04-23,micro-entity,"accounts category, NOT turnover",43210,"25 Victoria Street, Rugby",CV21 2HN,https://find-and-update.company-information.service.gov.uk/company/11323272,,TO BE ENRICHED — not held by Companies House,legitimate interests (LIA required before contact),Companies House public API,2026-07-12T04:32:35+00:00
FINEFIX ELECTRICAL LTD,11959343,B_COMPLIANCE_DROWNED,micro filer (micro-entity),ltd,corporate subscriber,2019-04-23,micro-entity,"accounts category, NOT turnover",43210,"7 Bell Yard, London",WC2A 2JR,https://find-and-update.company-information.service.gov.uk/company/11959343,,TO BE ENRICHED — not held by Companies House,legitimate interests (LIA required before contact),Companies House public API,2026-07-12T04:32:37+00:00
SWC ENERGY SYSTEMS LTD,12383965,B_COMPLIANCE_DROWNED,micro filer (micro-entity),ltd,corporate subscriber,2020-01-02,micro-entity,"accounts category, NOT turnover",43290,"Unit 1 Land Adj Far Leys Oxton Hill, Southwell, Nottinghamshire, England",NG25 0RB,https://find-and-update.company-information.service.gov.uk/company/12383965,,TO BE ENRICHED — not held by Companies House,legitimate interests (LIA required before contact),Companies House public API,2026-07-12T04:32:38+00:00
OCTAGON CONSTRUCTION LTD,08497587,B_COMPLIANCE_DROWNED,micro filer (micro-entity),ltd,corporate subscriber,2013-04-22,micro-entity,"accounts category, NOT turnover",43290,"143a High Street, Prestatyn",LL19 9AS,https://find-and-update.company-information.service.gov.uk/company/08497587,,TO BE ENRICHED — not held by Companies House,legitimate interests (LIA required before contact),Companies House public API,2026-07-12T04:32:40+00:00
ONE STEP ELECTRICAL LTD,14060760,B_COMPLIANCE_DROWNED,micro filer (micro-entity),ltd,corporate subscriber,2022-04-21,micro-entity,"accounts category, NOT turnover",43210,"Flat 137, Coleman Court Kimber Road, London",SW18 4PB,https://find-and-update.company-information.service.gov.uk/company/14060760,,TO BE ENRICHED — not held by Companies House,legitimate interests (LIA required before contact),Companies House public API,2026-07-12T04:32:41+00:00
HL&SYMOLIS LTD,09549607,B_COMPLIANCE_DROWNED,micro filer (micro-entity),ltd,corporate subscriber,2015-04-20,micro-entity,"accounts category, NOT turnover",31090; 43290,"337 Battersea Park Road, Ground Floor Shop, London",SW11 4LS,https://find-and-update.company-information.service.gov.uk/company/09549607,,TO BE ENRICHED — not held by Companies House,legitimate interests (LIA required before contact),Companies House public API,2026-07-12T04:32:42+00:00
DMC FIRE PROTECTION LTD,12595471,B_COMPLIANCE_DROWNED,micro filer (micro-entity),ltd,corporate subscriber,2020-05-11,micro-entity,"accounts category, NOT turnover",43290,"58 New Bedford Road, Luton, Bedfordshire",LU1 1SH,https://find-and-update.company-information.service.gov.uk/company/12595471,,TO BE ENRICHED — not held by Companies House,legitimate interests (LIA required before contact),Companies House public API,2026-07-12T04:32:45+00:00
ELYSIAN BATHROOMS & KITCHENS LTD,11381996,B_COMPLIANCE_DROWNED,micro filer (micro-entity),ltd,corporate subscriber,2018-05-25,micro-entity,"accounts category, NOT turnover",43220; 47599,"128a &130c Liverpool Road, Aughton, Ormskirk",L39 3LW,https://find-and-update.company-information.service.gov.uk/company/11381996,,TO BE ENRICHED — not held by Companies House,legitimate interests (LIA required before contact),Companies House public API,2026-07-12T04:32:46+00:00
M & S INSTALLATIONS UK LTD,13624105,B_COMPLIANCE_DROWNED,"young (2021), total-exemption-full filer",ltd,corporate subscriber,2021-09-15,total-exemption-full,"accounts category, NOT turnover",43290,"52 Lee Green, Mirfield, West Yorkshire",WF14 0AD,https://find-and-update.company-information.service.gov.uk/company/13624105,,TO BE ENRICHED — not held by Companies House,legitimate interests (LIA required before contact),Companies House public API,2026-07-12T04:32:46+00:00
WR ELECTRICAL CONTRACTORS LIMITED,04748078,B_COMPLIANCE_DROWNED,micro filer (micro-entity),ltd,corporate subscriber,2003-04-29,micro-entity,"accounts category, NOT turnover",43210,"C/O Johnson Tidsall & Co, 81 Burton Road, Derby, Derbyshire",DE1 1TJ,https://find-and-update.company-information.service.gov.uk/company/04748078,,TO BE ENRICHED — not held by Companies House,legitimate interests (LIA required before contact),Companies House public API,2026-07-12T04:32:47+00:00
IAN WEISS PLUMBING & HEATING LIMITED,06369168,B_COMPLIANCE_DROWNED,micro filer (micro-entity),ltd,corporate subscriber,2007-09-12,micro-entity,"accounts category, NOT turnover",43220,"53 King Edwards Road, Ascot, Berkshire",SL5 8NY,https://find-and-update.company-information.service.gov.uk/company/06369168,,TO BE ENRICHED — not held by Companies House,legitimate interests (LIA required before contact),Companies House public API,2026-07-12T04:32:48+00:00
FIXED WIRE TESTERS LIMITED,14118156,B_COMPLIANCE_DROWNED,"young (2022), total-exemption-full filer",ltd,corporate subscriber,2022-05-19,total-exemption-full,"accounts category, NOT turnover",43210,"Lace House, 2 Olsen Rise, Lincoln",LN2 4UZ,https://find-and-update.company-information.service.gov.uk/company/14118156,,TO BE ENRICHED — not held by Companies House,legitimate interests (LIA required before contact),Companies House public API,2026-07-12T04:32:48+00:00
MAINTENANCE PLUMBING AND GAS LTD,10165858,B_COMPLIANCE_DROWNED,micro filer (micro-entity),ltd,corporate subscriber,2016-05-06,micro-entity,"accounts category, NOT turnover",43220,"The Castle Mill Minneymoor Hill, Conisbrough, Doncaster",DN12 3EN,https://find-and-update.company-information.service.gov.uk/company/10165858,,TO BE ENRICHED — not held by Companies House,legitimate interests (LIA required before contact),Companies House public API,2026-07-12T04:32:50+00:00
BRICKS ART CONSTRUCTION LIMITED,12562068,B_COMPLIANCE_DROWNED,micro filer (micro-entity),ltd,corporate subscriber,2020-04-17,micro-entity,"accounts category, NOT turnover",41202; 43290,"73 Marney Road, Grange Park, Swindon",SN5 6AN,https://find-and-update.company-information.service.gov.uk/company/12562068,,TO BE ENRICHED — not held by Companies House,legitimate interests (LIA required before contact),Companies House public API,2026-07-12T04:32:51+00:00
PAUL SWANWICK LIMITED,09139367,B_COMPLIANCE_DROWNED,micro filer (micro-entity),ltd,corporate subscriber,2014-07-21,micro-entity,"accounts category, NOT turnover",43210,"3 Chapel Close, Gotham, Nottingham",NG11 0GZ,https://find-and-update.company-information.service.gov.uk/company/09139367,,TO BE ENRICHED — not held by Companies House,legitimate interests (LIA required before contact),Companies House public API,2026-07-12T04:32:54+00:00
PIVOTAL SPRINKLER SYSTEMS LTD,12424636,B_COMPLIANCE_DROWNED,micro filer (micro-entity),ltd,corporate subscriber,2020-01-27,micro-entity,"accounts category, NOT turnover",43290,"Street House, Llandysilio, Llanymynech",SY22 6RB,https://find-and-update.company-information.service.gov.uk/company/12424636,,TO BE ENRICHED — not held by Companies House,legitimate interests (LIA required before contact),Companies House public API,2026-07-12T04:32:55+00:00
PRIME PLUMBING & HEATING SOLUTIONS LIMITED,14716838,B_COMPLIANCE_DROWNED,micro filer (micro-entity),ltd,corporate subscriber,2023-03-08,micro-entity,"accounts category, NOT turnover",43220,"8 Hawthorne Terrace, Nuneaton",CV10 9BH,https://find-and-update.company-information.service.gov.uk/company/14716838,,TO BE ENRICHED — not held by Companies House,legitimate interests (LIA required before contact),Companies House public API,2026-07-12T04:32:55+00:00
OMNI ELECTRICAL SERVICES LTD,13961417,B_COMPLIANCE_DROWNED,micro filer (micro-entity),ltd,corporate subscriber,2022-03-07,micro-entity,"accounts category, NOT turnover",43210; 43390,"101 Buckingham Gardens, West Molesey",KT8 1TN,https://find-and-update.company-information.service.gov.uk/company/13961417,,TO BE ENRICHED — not held by Companies House,legitimate interests (LIA required before contact),Companies House public API,2026-07-12T04:32:57+00:00
ROBBINS BUILDING SERVICES LIMITED,07689005,B_COMPLIANCE_DROWNED,micro filer (micro-entity),ltd,corporate subscriber,2011-06-30,micro-entity,"accounts category, NOT turnover",43290,"St Georges Cottage Staites Orchard, Upton St. Leonards, Gloucester",GL4 8BG,https://find-and-update.company-information.service.gov.uk/company/07689005,,TO BE ENRICHED — not held by Companies House,legitimate interests (LIA required before contact),Companies House public API,2026-07-12T04:32:58+00:00
RENE PLUMBING & HEATING LIMITED,08098409,B_COMPLIANCE_DROWNED,micro filer (micro-entity),ltd,corporate subscriber,2012-06-08,micro-entity,"accounts category, NOT turnover",43220,"54a Waterloo Road, Bedford",MK40 3PG,https://find-and-update.company-information.service.gov.uk/company/08098409,,TO BE ENRICHED — not held by Companies House,legitimate interests (LIA required before contact),Companies House public API,2026-07-12T04:32:59+00:00
TAUNTON ELECTRICAL SOLUTIONS LIMITED,12048428,B_COMPLIANCE_DROWNED,micro filer (micro-entity),ltd,corporate subscriber,2019-06-13,micro-entity,"accounts category, NOT turnover",43210,"Goodwood House, Blackbrook Park Avenue, Taunton, Somerset",TA1 2PX,https://find-and-update.company-information.service.gov.uk/company/12048428,,TO BE ENRICHED — not held by Companies House,legitimate interests (LIA required before contact),Companies House public API,2026-07-12T04:33:04+00:00
TIDEY CONSTRUCTION LTD,11856483,B_COMPLIANCE_DROWNED,micro filer (micro-entity),ltd,corporate subscriber,2019-03-04,micro-entity,"accounts category, NOT turnover",43290,"63 Nutfield Road, Redhill, Surrey",RH1 3ER,https://find-and-update.company-information.service.gov.uk/company/11856483,,TO BE ENRICHED — not held by Companies House,legitimate interests (LIA required before contact),Companies House public API,2026-07-12T04:33:05+00:00
VIPS ELECTRICAL CONTRACTOR AND PROPERTY DEVELOPMENT LIMITED,14705932,B_COMPLIANCE_DROWNED,micro filer (micro-entity),ltd,corporate subscriber,2023-03-05,micro-entity,"accounts category, NOT turnover",16230; 41202; 43210,"36 Richmond Road, Wolverhampton",WV3 9JD,https://find-and-update.company-information.service.gov.uk/company/14705932,,TO BE ENRICHED — not held by Companies House,legitimate interests (LIA required before contact),Companies House public API,2026-07-12T04:33:06+00:00
BROOKHILL617 LTD,14052475,B_COMPLIANCE_DROWNED,micro filer (micro-entity),ltd,corporate subscriber,2022-04-19,micro-entity,"accounts category, NOT turnover",43220,"2 Church Lane, Wickersley, Rotherham",S66 1ES,https://find-and-update.company-information.service.gov.uk/company/14052475,,TO BE ENRICHED — not held by Companies House,legitimate interests (LIA required before contact),Companies House public API,2026-07-12T04:33:06+00:00
ELITE FIRE & ELECTRICAL LTD,14815595,B_COMPLIANCE_DROWNED,"young (2023), total-exemption-full filer",ltd,corporate subscriber,2023-04-19,total-exemption-full,"accounts category, NOT turnover",43210; 84250,"Unit 1-4 Crossley Farm Business Centre Swan Lane, Winterbourne, Bristol",BS36 1RH,https://find-and-update.company-information.service.gov.uk/company/14815595,,TO BE ENRICHED — not held by Companies House,legitimate interests (LIA required before contact),Companies House public API,2026-07-12T04:33:07+00:00
FINEST ELECTRICAL LIMITED,13344667,B_COMPLIANCE_DROWNED,micro filer (micro-entity),ltd,corporate subscriber,2021-04-19,micro-entity,"accounts category, NOT turnover",43210; 70229; 74100,"Weylode Tetbury Road, Old Sodbury, Bristol",BS37 6RJ,https://find-and-update.company-information.service.gov.uk/company/13344667,,TO BE ENRICHED — not held by Companies House,legitimate interests (LIA required before contact),Companies House public API,2026-07-12T04:33:08+00:00
BESPOKE SERVICE SOLUTIONS LIMITED,08035640,B_COMPLIANCE_DROWNED,micro filer (micro-entity),ltd,corporate subscriber,2012-04-18,micro-entity,"accounts category, NOT turnover",43210; 70229; 71200,"27 Old Gloucester Street, London",WC1N 3AX,https://find-and-update.company-information.service.gov.uk/company/08035640,,TO BE ENRICHED — not held by Companies House,legitimate interests (LIA required before contact),Companies House public API,2026-07-12T04:33:08+00:00
SKINNER PLUMBING & HEATING LTD,SC760699,B_COMPLIANCE_DROWNED,"young (2023), total-exemption-full filer",ltd,corporate subscriber,2023-03-01,total-exemption-full,"accounts category, NOT turnover",43220,"27 Queen Street, Grangemouth",FK3 9AU,https://find-and-update.company-information.service.gov.uk/company/SC760699,,TO BE ENRICHED — not held by Companies House,legitimate interests (LIA required before contact),Companies House public API,2026-07-12T04:33:10+00:00
GASMAN (GARRY JOHNS) LIMITED,04745965,B_COMPLIANCE_DROWNED,micro filer (micro-entity),ltd,corporate subscriber,2003-04-28,micro-entity,"accounts category, NOT turnover",43220,"Hill Cottage Worlebury Hill Road, Worlebury, Weston-Super-Mare, Somerset",BS22 9TL,https://find-and-update.company-information.service.gov.uk/company/04745965,,TO BE ENRICHED — not held by Companies House,legitimate interests (LIA required before contact),Companies House public API,2026-07-12T04:33:11+00:00
SBC ELECTRICAL SERVICES LIMITED,03982489,B_COMPLIANCE_DROWNED,micro filer (micro-entity),ltd,corporate subscriber,2000-04-28,micro-entity,"accounts category, NOT turnover",43210,"17 Duckmoor Road, Ashton, Bristol",BS3 2DD,https://find-and-update.company-information.service.gov.uk/company/03982489,,TO BE ENRICHED — not held by Companies House,legitimate interests (LIA required before contact),Companies House public API,2026-07-12T04:33:12+00:00
NEW CITY GAS HEATING LTD,14814968,B_COMPLIANCE_DROWNED,micro filer (micro-entity),ltd,corporate subscriber,2023-04-19,micro-entity,"accounts category, NOT turnover",43220,"141 Dorchester Waye, Hayes, Middlesex",UB4 0HZ,https://find-and-update.company-information.service.gov.uk/company/14814968,,TO BE ENRICHED — not held by Companies House,legitimate interests (LIA required before contact),Companies House public API,2026-07-12T04:33:16+00:00
PG CONSTRUCTION RK LTD,14814378,B_COMPLIANCE_DROWNED,micro filer (micro-entity),ltd,corporate subscriber,2023-04-19,micro-entity,"accounts category, NOT turnover",43290,"43 Becher Street, Derby",DE23 8NP,https://find-and-update.company-information.service.gov.uk/company/14814378,,TO BE ENRICHED — not held by Companies House,legitimate interests (LIA required before contact),Companies House public API,2026-07-12T04:33:17+00:00
DW VENTURES LIMITED,10102978,B_COMPLIANCE_DROWNED,micro filer (micro-entity),ltd,corporate subscriber,2016-04-05,micro-entity,"accounts category, NOT turnover",43210,"Suite 215 Waterhouse Business Centre,, Cromar Way, Chelmsford, Essex",CM1 2QE,https://find-and-update.company-information.service.gov.uk/company/10102978,,TO BE ENRICHED — not held by Companies House,legitimate interests (LIA required before contact),Companies House public API,2026-07-12T04:33:17+00:00
MCNALLY RENEWABLES LIMITED,13704965,B_COMPLIANCE_DROWNED,micro filer (micro-entity),ltd,corporate subscriber,2021-10-26,micro-entity,"accounts category, NOT turnover",43210,"Middle Mearbeck Farm, Long Preston, Skipton",BD23 4QP,https://find-and-update.company-information.service.gov.uk/company/13704965,,TO BE ENRICHED — not held by Companies House,legitimate interests (LIA required before contact),Companies House public API,2026-07-12T04:33:18+00:00
CDR ELECTRICAL (MIDLANDS) LTD,07125916,B_COMPLIANCE_DROWNED,micro filer (micro-entity),ltd,corporate subscriber,2010-01-14,micro-entity,"accounts category, NOT turnover",43210,"347 Barston Lane, Catherine De Barnes, Solihull",B91 2SX,https://find-and-update.company-information.service.gov.uk/company/07125916,,TO BE ENRICHED — not held by Companies House,legitimate interests (LIA required before contact),Companies House public API,2026-07-12T04:33:20+00:00
SIMLEC LIMITED,07336653,B_COMPLIANCE_DROWNED,micro filer (micro-entity),ltd,corporate subscriber,2010-08-05,micro-entity,"accounts category, NOT turnover",43210,"145 Harewood Gardens, South Croydon",CR2 9BW,https://find-and-update.company-information.service.gov.uk/company/07336653,,TO BE ENRICHED — not held by Companies House,legitimate interests (LIA required before contact),Companies House public API,2026-07-12T04:33:21+00:00
TDPF LTD,14785777,B_COMPLIANCE_DROWNED,"young (2023), unaudited-abridged filer",ltd,corporate subscriber,2023-04-06,unaudited-abridged,"accounts category, NOT turnover",43290,"204 Marston Lane, Nuneaton",CV11 4RH,https://find-and-update.company-information.service.gov.uk/company/14785777,,TO BE ENRICHED — not held by Companies House,legitimate interests (LIA required before contact),Companies House public API,2026-07-12T04:33:21+00:00
L A K ELECTRICAL SERVICES LIMITED,10178952,B_COMPLIANCE_DROWNED,micro filer (micro-entity),ltd,corporate subscriber,2016-05-13,micro-entity,"accounts category, NOT turnover",43210; 43999,"17 Foulgers Opening, Norwich, Norfolk",NR1 3GE,https://find-and-update.company-information.service.gov.uk/company/10178952,,TO BE ENRICHED — not held by Companies House,legitimate interests (LIA required before contact),Companies House public API,2026-07-12T04:33:22+00:00
DIALEX LTD,11787550,B_COMPLIANCE_DROWNED,micro filer (micro-entity),ltd,corporate subscriber,2019-01-25,micro-entity,"accounts category, NOT turnover",43290; 52219; 52290,"73 Sandringham Court, Slough",SL1 6JU,https://find-and-update.company-information.service.gov.uk/company/11787550,,TO BE ENRICHED — not held by Companies House,legitimate interests (LIA required before contact),Companies House public API,2026-07-12T04:33:23+00:00
AA GAS SERVICES YORKSHIRE LTD,14295699,B_COMPLIANCE_DROWNED,micro filer (micro-entity),ltd,corporate subscriber,2022-08-15,micro-entity,"accounts category, NOT turnover",43220,"1 Red Hall Court, Leeds",LS14 1EL,https://find-and-update.company-information.service.gov.uk/company/14295699,,TO BE ENRICHED — not held by Companies House,legitimate interests (LIA required before contact),Companies House public API,2026-07-12T04:33:28+00:00
BLACKWOOD HEATING LTD,12966443,B_COMPLIANCE_DROWNED,micro filer (micro-entity),ltd,corporate subscriber,2020-10-21,micro-entity,"accounts category, NOT turnover",43220,"Aykley Vale Chambers, Durham Road, Aykley Heads, Durham",DH1 5NE,https://find-and-update.company-information.service.gov.uk/company/12966443,,TO BE ENRICHED — not held by Companies House,legitimate interests (LIA required before contact),Companies House public API,2026-07-12T04:33:28+00:00
M & R ELECTRICAL SERVICES LIMITED,04841773,B_COMPLIANCE_DROWNED,micro filer (micro-entity),ltd,corporate subscriber,2003-07-22,micro-entity,"accounts category, NOT turnover",43210,"28 Rumbridge Street, Totton, Southampton, Hampshire",SO40 9DP,https://find-and-update.company-information.service.gov.uk/company/04841773,,TO BE ENRICHED — not held by Companies House,legitimate interests (LIA required before contact),Companies House public API,2026-07-12T04:33:29+00:00
HMI TILING LIMITED,14840095,B_COMPLIANCE_DROWNED,micro filer (micro-entity),ltd,corporate subscriber,2023-05-02,micro-entity,"accounts category, NOT turnover",43110; 43120; 43220; 43330,"31 Lytton Road, Grays",RM16 4EU,https://find-and-update.company-information.service.gov.uk/company/14840095,,TO BE ENRICHED — not held by Companies House,legitimate interests (LIA required before contact),Companies House public API,2026-07-12T04:33:30+00:00
INFUSED ELECTRICAL SERVICES LTD,14404692,B_COMPLIANCE_DROWNED,micro filer (micro-entity),ltd,corporate subscriber,2022-10-07,micro-entity,"accounts category, NOT turnover",43210,"Littlehaven House, 24-26 Littlehaven Lane, Horsham, West Sussex",RH12 4HT,https://find-and-update.company-information.service.gov.uk/company/14404692,,TO BE ENRICHED — not held by Companies House,legitimate interests (LIA required before contact),Companies House public API,2026-07-12T04:33:30+00:00
K.D.J. PLUMBING & HEATING LIMITED,10694140,B_COMPLIANCE_DROWNED,micro filer (micro-entity),ltd,corporate subscriber,2017-03-28,micro-entity,"accounts category, NOT turnover",43220,"Building 18, Gateway 1000 Arlington Business Park, Whittle Way, Stevenage",SG1 2FP,https://find-and-update.company-information.service.gov.uk/company/10694140,,TO BE ENRICHED — not held by Companies House,legitimate interests (LIA required before contact),Companies House public API,2026-07-12T04:33:31+00:00
WATSON ELECTRICAL (SW) LTD,11333441,B_COMPLIANCE_DROWNED,micro filer (micro-entity),ltd,corporate subscriber,2018-04-27,micro-entity,"accounts category, NOT turnover",43210,"Tarr Farm Tarr Farm, Liscombe, Dulverton",TA22 9PY,https://find-and-update.company-information.service.gov.uk/company/11333441,,TO BE ENRICHED — not held by Companies House,legitimate interests (LIA required before contact),Companies House public API,2026-07-12T04:33:32+00:00
A DENNIS CONTRACTING LIMITED,13702266,B_COMPLIANCE_DROWNED,"young (2021), total-exemption-full filer",ltd,corporate subscriber,2021-10-25,total-exemption-full,"accounts category, NOT turnover",43210; 43320,"Kensington House, 3 Kensington, Bishop Auckland, Co Durham",DL14 6HX,https://find-and-update.company-information.service.gov.uk/company/13702266,,TO BE ENRICHED — not held by Companies House,legitimate interests (LIA required before contact),Companies House public API,2026-07-12T04:33:33+00:00
HIBBS ELECTRICS LIMITED,09045652,B_COMPLIANCE_DROWNED,micro filer (micro-entity),ltd,corporate subscriber,2014-05-19,micro-entity,"accounts category, NOT turnover",43210,"16 Crowther Road, Birmingham",B23 7DL,https://find-and-update.company-information.service.gov.uk/company/09045652,,TO BE ENRICHED — not held by Companies House,legitimate interests (LIA required before contact),Companies House public API,2026-07-12T04:33:34+00:00
BRASSINGTON COMMUNITY HEATING CIC,13658114,B_COMPLIANCE_DROWNED,micro filer (micro-entity),private-limited-guarant-nsc,corporate subscriber,2021-10-04,micro-entity,"accounts category, NOT turnover",43220,"The Lodge Kings Hill, Brassington, Matlock",DE4 4HA,https://find-and-update.company-information.service.gov.uk/company/13658114,,TO BE ENRICHED — not held by Companies House,legitimate interests (LIA required before contact),Companies House public API,2026-07-12T04:33:35+00:00
AC HEATING LTD,14106609,B_COMPLIANCE_DROWNED,micro filer (micro-entity),ltd,corporate subscriber,2022-05-13,micro-entity,"accounts category, NOT turnover",43220,"16 Charlton Crescent, Barking",IG11 0NP,https://find-and-update.company-information.service.gov.uk/company/14106609,,TO BE ENRICHED — not held by Companies House,legitimate interests (LIA required before contact),Companies House public API,2026-07-12T04:33:37+00:00
S.J.S. INTERIOR SOLUTIONS LIMITED,05773835,B_COMPLIANCE_DROWNED,micro filer (micro-entity),ltd,corporate subscriber,2006-04-07,micro-entity,"accounts category, NOT turnover",43290,"The Poplars, Station Road, Lichfield, Staffordshire",WS13 6HZ,https://find-and-update.company-information.service.gov.uk/company/05773835,,TO BE ENRICHED — not held by Companies House,legitimate interests (LIA required before contact),Companies House public API,2026-07-12T04:33:39+00:00
AV GAS LTD,SC669619,B_COMPLIANCE_DROWNED,micro filer (micro-entity),ltd,corporate subscriber,2020-08-03,micro-entity,"accounts category, NOT turnover",43220,"272 Bath Street, Glasgow",G2 4JR,https://find-and-update.company-information.service.gov.uk/company/SC669619,,TO BE ENRICHED — not held by Companies House,legitimate interests (LIA required before contact),Companies House public API,2026-07-12T04:33:41+00:00
LONDON GAS CERTS LTD,11337656,B_COMPLIANCE_DROWNED,micro filer (micro-entity),ltd,corporate subscriber,2018-04-30,micro-entity,"accounts category, NOT turnover",43220,"92 The Campions, Borehamwood",WD6 5QF,https://find-and-update.company-information.service.gov.uk/company/11337656,,TO BE ENRICHED — not held by Companies House,legitimate interests (LIA required before contact),Companies House public API,2026-07-12T04:33:43+00:00
SJCOEN ELECTRICAL SERVICES LIMITED,11986948,B_COMPLIANCE_DROWNED,micro filer (micro-entity),ltd,corporate subscriber,2019-05-09,micro-entity,"accounts category, NOT turnover",43210,"47 Green Park Road, Birmingham",B31 5AX,https://find-and-update.company-information.service.gov.uk/company/11986948,,TO BE ENRICHED — not held by Companies House,legitimate interests (LIA required before contact),Companies House public API,2026-07-12T04:33:43+00:00
METRO GAS & HEATING LTD,14071820,B_COMPLIANCE_DROWNED,micro filer (micro-entity),ltd,corporate subscriber,2022-04-27,micro-entity,"accounts category, NOT turnover",43220,"52 Mellitus Street, London",W12 0AS,https://find-and-update.company-information.service.gov.uk/company/14071820,,TO BE ENRICHED — not held by Companies House,legitimate interests (LIA required before contact),Companies House public API,2026-07-12T04:33:44+00:00
TAB ELECTRICIANS LIMITED,14082736,B_COMPLIANCE_DROWNED,micro filer (micro-entity),ltd,corporate subscriber,2022-05-03,micro-entity,"accounts category, NOT turnover",43210,"118 Lavington Road, Worthing",BN14 7SJ,https://find-and-update.company-information.service.gov.uk/company/14082736,,TO BE ENRICHED — not held by Companies House,legitimate interests (LIA required before contact),Companies House public API,2026-07-12T04:33:48+00:00
TASTIES LIMITED,13979214,B_COMPLIANCE_DROWNED,micro filer (micro-entity),ltd,corporate subscriber,2022-03-16,micro-entity,"accounts category, NOT turnover",43290; 43390; 81229; 81299,"63 Nutfield Road, Merstham, Redhill",RH1 3ER,https://find-and-update.company-information.service.gov.uk/company/13979214,,TO BE ENRICHED — not held by Companies House,legitimate interests (LIA required before contact),Companies House public API,2026-07-12T04:33:49+00:00
AJD GROUP LIMITED,10111920,B_COMPLIANCE_DROWNED,micro filer (micro-entity),ltd,corporate subscriber,2016-04-08,micro-entity,"accounts category, NOT turnover",43210,"84 Nuns Moor Road, Newcastle Upon Tyne",NE4 9BA,https://find-and-update.company-information.service.gov.uk/company/10111920,,TO BE ENRICHED — not held by Companies House,legitimate interests (LIA required before contact),Companies House public API,2026-07-12T04:33:51+00:00
HIQ HEATING & PLUMBING LTD,11953970,B_COMPLIANCE_DROWNED,micro filer (micro-entity),ltd,corporate subscriber,2019-04-18,micro-entity,"accounts category, NOT turnover",43220,"17 Waverley, Bracknell",RG12 8UJ,https://find-and-update.company-information.service.gov.uk/company/11953970,,TO BE ENRICHED — not held by Companies House,legitimate interests (LIA required before contact),Companies House public API,2026-07-12T04:33:52+00:00
FROM SCRATCH CONSTRUCTION LTD,12134009,B_COMPLIANCE_DROWNED,micro filer (micro-entity),ltd,corporate subscriber,2019-08-01,micro-entity,"accounts category, NOT turnover",16230; 41202; 43290,"5a Station Terrace, East Boldon",NE36 0LJ,https://find-and-update.company-information.service.gov.uk/company/12134009,,TO BE ENRICHED — not held by Companies House,legitimate interests (LIA required before contact),Companies House public API,2026-07-12T04:33:52+00:00
ESSENTIAL ELECTRICAL NORTH EAST LIMITED,13180321,B_COMPLIANCE_DROWNED,micro filer (micro-entity),ltd,corporate subscriber,2021-02-04,micro-entity,"accounts category, NOT turnover",43210,"7 Carlton Crescent, Sunderland",SR3 3PJ,https://find-and-update.company-information.service.gov.uk/company/13180321,,TO BE ENRICHED — not held by Companies House,legitimate interests (LIA required before contact),Companies House public API,2026-07-12T04:33:54+00:00
A JONES ELECTRICS LTD,12193847,B_COMPLIANCE_DROWNED,micro filer (micro-entity),ltd,corporate subscriber,2019-09-06,micro-entity,"accounts category, NOT turnover",43210,"15 Sandpiper Close, Wirral",CH49 4QD,https://find-and-update.company-information.service.gov.uk/company/12193847,,TO BE ENRICHED — not held by Companies House,legitimate interests (LIA required before contact),Companies House public API,2026-07-12T04:33:55+00:00
LM ELECTRICS LTD,14696041,B_COMPLIANCE_DROWNED,micro filer (micro-entity),ltd,corporate subscriber,2023-02-28,micro-entity,"accounts category, NOT turnover",43210,"20-22 Wenlock Road, London",N1 7GU,https://find-and-update.company-information.service.gov.uk/company/14696041,,TO BE ENRICHED — not held by Companies House,legitimate interests (LIA required before contact),Companies House public API,2026-07-12T04:33:56+00:00
C H PLUMBING & HEATING SERVICES LTD,11953076,B_COMPLIANCE_DROWNED,micro filer (micro-entity),ltd,corporate subscriber,2019-04-18,micro-entity,"accounts category, NOT turnover",41202; 43220,"7 Darlington Avenue, Crewe",CW1 3NN,https://find-and-update.company-information.service.gov.uk/company/11953076,,TO BE ENRICHED — not held by Companies House,legitimate interests (LIA required before contact),Companies House public API,2026-07-12T04:33:56+00:00
DN22 PLUMBING SOLUTIONS LIMITED,11667477,B_COMPLIANCE_DROWNED,micro filer (micro-entity),ltd,corporate subscriber,2018-11-08,micro-entity,"accounts category, NOT turnover",43220; 43390,"13 Trinity Road, Retford",DN22 7QB,https://find-and-update.company-information.service.gov.uk/company/11667477,,TO BE ENRICHED — not held by Companies House,legitimate interests (LIA required before contact),Companies House public API,2026-07-12T04:33:58+00:00
1GLF LIMITED,12284261,B_COMPLIANCE_DROWNED,micro filer (micro-entity),ltd,corporate subscriber,2019-10-28,micro-entity,"accounts category, NOT turnover",43120; 43290; 43390; 43999,"20 Craythorne Avenue, Birmingham",B20 1LG,https://find-and-update.company-information.service.gov.uk/company/12284261,,TO BE ENRICHED — not held by Companies House,legitimate interests (LIA required before contact),Companies House public API,2026-07-12T04:33:59+00:00
FLUEGAS LIMITED,10143192,B_COMPLIANCE_DROWNED,micro filer (micro-entity),ltd,corporate subscriber,2016-04-24,micro-entity,"accounts category, NOT turnover",43220,"The Old Court House, 26a Church Street, Bishop's Stortford",CM23 2LY,https://find-and-update.company-information.service.gov.uk/company/10143192,,TO BE ENRICHED — not held by Companies House,legitimate interests (LIA required before contact),Companies House public API,2026-07-12T04:34:00+00:00
RWM ELECTRICAL SOLUTIONS LTD,SC477026,B_COMPLIANCE_DROWNED,micro filer (micro-entity),ltd,corporate subscriber,2014-05-07,micro-entity,"accounts category, NOT turnover",43210,"23 Briargrove Drive, Inshes, Inverness",IV2 5AF,https://find-and-update.company-information.service.gov.uk/company/SC477026,,TO BE ENRICHED — not held by Companies House,legitimate interests (LIA required before contact),Companies House public API,2026-07-12T04:34:05+00:00
DESA CONTRACTORS LIMITED,14679111,B_COMPLIANCE_DROWNED,micro filer (micro-entity),ltd,corporate subscriber,2023-02-21,micro-entity,"accounts category, NOT turnover",43210; 43310; 43341; 43999,"8 Gainsborough Road, London",E11 1HT,https://find-and-update.company-information.service.gov.uk/company/14679111,,TO BE ENRICHED — not held by Companies House,legitimate interests (LIA required before contact),Companies House public API,2026-07-12T04:34:10+00:00
A.S.K BRICKWORK LTD,14745770,B_COMPLIANCE_DROWNED,micro filer (micro-entity),ltd,corporate subscriber,2023-03-21,micro-entity,"accounts category, NOT turnover",41202; 43290,"112 Urmston Lane, Stretford, Manchester",M32 9BQ,https://find-and-update.company-information.service.gov.uk/company/14745770,,TO BE ENRICHED — not held by Companies House,legitimate interests (LIA required before contact),Companies House public API,2026-07-12T04:34:12+00:00
WORLD PROPERTY DEVELOPERS LTD,10847938,B_COMPLIANCE_DROWNED,micro filer (micro-entity),ltd,corporate subscriber,2017-07-03,micro-entity,"accounts category, NOT turnover",41202; 43210,"155 Seymour Place, London",W1H 4PF,https://find-and-update.company-information.service.gov.uk/company/10847938,,TO BE ENRICHED — not held by Companies House,legitimate interests (LIA required before contact),Companies House public API,2026-07-12T04:34:13+00:00
VFL CONTRACTORS LTD,14843736,B_COMPLIANCE_DROWNED,micro filer (micro-entity),ltd,corporate subscriber,2023-05-03,micro-entity,"accounts category, NOT turnover",43220,"8 West Court Lane, Gravesend",DA12 2FQ,https://find-and-update.company-information.service.gov.uk/company/14843736,,TO BE ENRICHED — not held by Companies House,legitimate interests (LIA required before contact),Companies House public API,2026-07-12T04:34:14+00:00
KFF ELECTRICAL LTD,10159360,B_COMPLIANCE_DROWNED,micro filer (micro-entity),ltd,corporate subscriber,2016-05-03,micro-entity,"accounts category, NOT turnover",43210,"Unit 20 Fall Bank Industrial Estate, Dodworth, Barnsley",S75 3LS,https://find-and-update.company-information.service.gov.uk/company/10159360,,TO BE ENRICHED — not held by Companies House,legitimate interests (LIA required before contact),Companies House public API,2026-07-12T04:34:15+00:00
SEVEN HILLS SOLAR LTD,15722127,B_COMPLIANCE_DROWNED,"young (2024), total-exemption-full filer",ltd,corporate subscriber,2024-05-15,total-exemption-full,"accounts category, NOT turnover",43210,"The Circle, 33 Rockingham Lane, Sheffield",S1 4FW,https://find-and-update.company-information.service.gov.uk/company/15722127,,TO BE ENRICHED — not held by Companies House,legitimate interests (LIA required before contact),Companies House public API,2026-07-12T04:34:16+00:00
REACTIVE MAINTENANCE CERTIFICATES LTD,12683074,B_COMPLIANCE_DROWNED,micro filer (micro-entity),ltd,corporate subscriber,2020-06-19,micro-entity,"accounts category, NOT turnover",43220,"219 Ashton Old Road, Manchester",M11 3WU,https://find-and-update.company-information.service.gov.uk/company/12683074,,TO BE ENRICHED — not held by Companies House,legitimate interests (LIA required before contact),Companies House public API,2026-07-12T04:34:19+00:00
BARRY SMITH INSTALLATIONS LIMITED,SC543013,B_COMPLIANCE_DROWNED,micro filer (micro-entity),ltd,corporate subscriber,2016-08-17,micro-entity,"accounts category, NOT turnover",43290,"30 Selkirk Avenue, Cowdenbeath, Fife",KY4 8NT,https://find-and-update.company-information.service.gov.uk/company/SC543013,,TO BE ENRICHED — not held by Companies House,legitimate interests (LIA required before contact),Companies House public API,2026-07-12T04:34:21+00:00
PH INSTALL LIMITED,10736457,B_COMPLIANCE_DROWNED,micro filer (micro-entity),ltd,corporate subscriber,2017-04-24,micro-entity,"accounts category, NOT turnover",43210,"160 Eureka Park Upper Pemberton, Kennington, Ashford",TN25 4AZ,https://find-and-update.company-information.service.gov.uk/company/10736457,,TO BE ENRICHED — not held by Companies House,legitimate interests (LIA required before contact),Companies House public API,2026-07-12T04:34:23+00:00
STEVE DURR PLUMBING & HEATING LTD,11332133,B_COMPLIANCE_DROWNED,micro filer (micro-entity),ltd,corporate subscriber,2018-04-26,micro-entity,"accounts category, NOT turnover",43210; 43220,"Homeleigh The Green, Woodditton Green, Kirtling",CB8 9PG,https://find-and-update.company-information.service.gov.uk/company/11332133,,TO BE ENRICHED — not held by Companies House,legitimate interests (LIA required before contact),Companies House public API,2026-07-12T04:34:24+00:00
ABE ELECTRICAL LTD,12896914,B_COMPLIANCE_DROWNED,micro filer (micro-entity),ltd,corporate subscriber,2020-09-22,micro-entity,"accounts category, NOT turnover",43210; 71200,"25 Garrick Way Frimley Green, Camberley, Surrey",GU16 6LY,https://find-and-update.company-information.service.gov.uk/company/12896914,,TO BE ENRICHED — not held by Companies House,legitimate interests (LIA required before contact),Companies House public API,2026-07-12T04:34:26+00:00
JLT ELECTRICAL CONTRACTORS LIMITED,12533058,B_COMPLIANCE_DROWNED,micro filer (micro-entity),ltd,corporate subscriber,2020-03-25,micro-entity,"accounts category, NOT turnover",43210,"Unit 30 Judson Road, North West Industrial Estate, Peterlee",SR8 2QJ,https://find-and-update.company-information.service.gov.uk/company/12533058,,TO BE ENRICHED — not held by Companies House,legitimate interests (LIA required before contact),Companies House public API,2026-07-12T04:34:27+00:00
KENSINGTON AND CHELSEA PLUMBING AND HEATING LIMITED,10176734,B_COMPLIANCE_DROWNED,micro filer (micro-entity),ltd,corporate subscriber,2016-05-12,micro-entity,"accounts category, NOT turnover",43220,"30 Bowfell Drive, Langdon Hills, Basildon, Essex",SS16 6SE,https://find-and-update.company-information.service.gov.uk/company/10176734,,TO BE ENRICHED — not held by Companies House,legitimate interests (LIA required before contact),Companies House public API,2026-07-12T04:34:28+00:00
T-CONNECT ELECTRICAL LIMITED,07333088,B_COMPLIANCE_DROWNED,micro filer (micro-entity),ltd,corporate subscriber,2010-08-02,micro-entity,"accounts category, NOT turnover",43210,"37 Tressall Road, Whitwick, Coalville, Leicestershire",LE67 5QB,https://find-and-update.company-information.service.gov.uk/company/07333088,,TO BE ENRICHED — not held by Companies House,legitimate interests (LIA required before contact),Companies House public API,2026-07-12T04:34:30+00:00
FINLAY ELECTRICAL LTD,NI681980,B_COMPLIANCE_DROWNED,"young (2021), total-exemption-full filer",ltd,corporate subscriber,2021-08-31,total-exemption-full,"accounts category, NOT turnover",43210,"Unit 1, 13a Frances Street, Newtownards",BT23 7DW,https://find-and-update.company-information.service.gov.uk/company/NI681980,,TO BE ENRICHED — not held by Companies House,legitimate interests (LIA required before contact),Companies House public API,2026-07-12T04:34:30+00:00
PHOENIX PLUMBING & HEATING SERVICES LTD,15722916,B_COMPLIANCE_DROWNED,micro filer (micro-entity),ltd,corporate subscriber,2024-05-15,micro-entity,"accounts category, NOT turnover",43220,"16 Elston Road, Aldershot",GU12 4HX,https://find-and-update.company-information.service.gov.uk/company/15722916,,TO BE ENRICHED — not held by Companies House,legitimate interests (LIA required before contact),Companies House public API,2026-07-12T04:34:33+00:00
K J BELL ELECTRICAL LIMITED,05893432,B_COMPLIANCE_DROWNED,micro filer (micro-entity),ltd,corporate subscriber,2006-08-01,micro-entity,"accounts category, NOT turnover",43210,"Greenleaves Broadwath Road, Great Corby, Carlisle",CA4 8ND,https://find-and-update.company-information.service.gov.uk/company/05893432,,TO BE ENRICHED — not held by Companies House,legitimate interests (LIA required before contact),Companies House public API,2026-07-12T04:34:34+00:00
KHARAZM LTD,14092609,B_COMPLIANCE_DROWNED,micro filer (micro-entity),ltd,corporate subscriber,2022-05-08,micro-entity,"accounts category, NOT turnover",43210; 71122; 71129; 82990,"9 Laurel Hill View, Leeds",LS15 9EN,https://find-and-update.company-information.service.gov.uk/company/14092609,,TO BE ENRICHED — not held by Companies House,legitimate interests (LIA required before contact),Companies House public API,2026-07-12T04:34:35+00:00
RJ BRICKWORK (MIDLANDS) LIMITED,13761263,B_COMPLIANCE_DROWNED,"young (2021), unaudited-abridged filer",ltd,corporate subscriber,2021-11-23,unaudited-abridged,"accounts category, NOT turnover",43290,"1 Derby Road, Eastwood, Nottingham",NG16 3PA,https://find-and-update.company-information.service.gov.uk/company/13761263,,TO BE ENRICHED — not held by Companies House,legitimate interests (LIA required before contact),Companies House public API,2026-07-12T04:34:36+00:00
CHARGED 4 LIMITED,05457756,B_COMPLIANCE_DROWNED,micro filer (micro-entity),ltd,corporate subscriber,2005-05-20,micro-entity,"accounts category, NOT turnover",43210,"38 Oaks Avenue, Collier Row, Romford, Essex",RM5 3BS,https://find-and-update.company-information.service.gov.uk/company/05457756,,TO BE ENRICHED — not held by Companies House,legitimate interests (LIA required before contact),Companies House public API,2026-07-12T04:34:37+00:00
PLUMBFAST DES LTD,07723377,B_COMPLIANCE_DROWNED,micro filer (micro-entity),ltd,corporate subscriber,2011-08-01,micro-entity,"accounts category, NOT turnover",43210; 43220,"31 North Parade, Bradford",BD1 3JL,https://find-and-update.company-information.service.gov.uk/company/07723377,,TO BE ENRICHED — not held by Companies House,legitimate interests (LIA required before contact),Companies House public API,2026-07-12T04:34:37+00:00
COS GAS PLUMBING & HEATING LIMITED,09572653,B_COMPLIANCE_DROWNED,micro filer (micro-entity),ltd,corporate subscriber,2015-05-05,micro-entity,"accounts category, NOT turnover",43220,"129 Colney Hatch Lane, London",N10 1HD,https://find-and-update.company-information.service.gov.uk/company/09572653,,TO BE ENRICHED — not held by Companies House,legitimate interests (LIA required before contact),Companies House public API,2026-07-12T04:34:39+00:00
FLEXIBLE FIRE PROTECTION LIMITED,09716863,B_COMPLIANCE_DROWNED,micro filer (micro-entity),ltd,corporate subscriber,2015-08-04,micro-entity,"accounts category, NOT turnover",43290,"Unit 27 The Gables, Fyfield Road, Ongar, Essex",CM5 0GA,https://find-and-update.company-information.service.gov.uk/company/09716863,,TO BE ENRICHED — not held by Companies House,legitimate interests (LIA required before contact),Companies House public API,2026-07-12T04:34:40+00:00
NEC FM LTD,13545572,B_COMPLIANCE_DROWNED,micro filer (micro-entity),ltd,corporate subscriber,2021-08-03,micro-entity,"accounts category, NOT turnover",35300; 38220; 43220; 43310,"128 City Road, London",EC1V 2NX,https://find-and-update.company-information.service.gov.uk/company/13545572,,TO BE ENRICHED — not held by Companies House,legitimate interests (LIA required before contact),Companies House public API,2026-07-12T04:34:46+00:00
SP PLUMBING & BATHROOMS LTD,13457718,B_COMPLIANCE_DROWNED,micro filer (micro-entity),ltd,corporate subscriber,2021-06-15,micro-entity,"accounts category, NOT turnover",43220,"9 Park Lane Business Centre Park Lane, Langham, Colchester",CO4 5WR,https://find-and-update.company-information.service.gov.uk/company/13457718,,TO BE ENRICHED — not held by Companies House,legitimate interests (LIA required before contact),Companies House public API,2026-07-12T04:34:46+00:00
RYDER ELECTRICAL LIMITED,05145686,B_COMPLIANCE_DROWNED,micro filer (micro-entity),ltd,corporate subscriber,2004-06-04,micro-entity,"accounts category, NOT turnover",43210,"12 Milton Avenue, Braintree, Essex",CM7 1AD,https://find-and-update.company-information.service.gov.uk/company/05145686,,TO BE ENRICHED — not held by Companies House,legitimate interests (LIA required before contact),Companies House public API,2026-07-12T04:34:47+00:00
HEATKEY INSTALLATIONS LTD,08667815,B_COMPLIANCE_DROWNED,micro filer (micro-entity),ltd,corporate subscriber,2013-08-29,micro-entity,"accounts category, NOT turnover",43220,"Marchwiel Centre Bryn Lane, Wrexham Industrial Estate, Wrexham",LL13 9UT,https://find-and-update.company-information.service.gov.uk/company/08667815,,TO BE ENRICHED — not held by Companies House,legitimate interests (LIA required before contact),Companies House public API,2026-07-12T04:34:49+00:00
ARMA CONTRACTS LTD,NI715809,B_COMPLIANCE_DROWNED,"young (2024), unaudited-abridged filer",ltd,corporate subscriber,2024-05-15,unaudited-abridged,"accounts category, NOT turnover",43290,"11 Corrinare Road, Loughgilly, Co. Armagh",BT60 2DW,https://find-and-update.company-information.service.gov.uk/company/NI715809,,TO BE ENRICHED — not held by Companies House,legitimate interests (LIA required before contact),Companies House public API,2026-07-12T04:34:50+00:00
ARCHITECTURAL GLASS & METALWORK LTD,14520680,B_COMPLIANCE_DROWNED,micro filer (micro-entity),ltd,corporate subscriber,2022-12-02,micro-entity,"accounts category, NOT turnover",43290,"Azets Ventura Park Road, Tamworth, Staffs",B78 3HL,https://find-and-update.company-information.service.gov.uk/company/14520680,,TO BE ENRICHED — not held by Companies House,legitimate interests (LIA required before contact),Companies House public API,2026-07-12T04:34:51+00:00
AIRE & WHARFE ELECTRICAL SERVICES LIMITED,15721439,B_COMPLIANCE_DROWNED,micro filer (micro-entity),ltd,corporate subscriber,2024-05-15,micro-entity,"accounts category, NOT turnover",43210,"5 Pennygate, Bingley, West Yorkshire",BD16 3BN,https://find-and-update.company-information.service.gov.uk/company/15721439,,TO BE ENRICHED — not held by Companies House,legitimate interests (LIA required before contact),Companies House public API,2026-07-12T04:34:52+00:00
ALEX BURGES PLUMBING & HEATING LTD,09021488,B_COMPLIANCE_DROWNED,micro filer (micro-entity),ltd,corporate subscriber,2014-05-01,micro-entity,"accounts category, NOT turnover",43220,"Hamilton Lodge, Colyford Road, Seaton",EX12 2SN,https://find-and-update.company-information.service.gov.uk/company/09021488,,TO BE ENRICHED — not held by Companies House,legitimate interests (LIA required before contact),Companies House public API,2026-07-12T04:34:53+00:00
NORTHGATE RENEWABLE HEATING SOLUTIONS LTD,09790411,B_COMPLIANCE_DROWNED,micro filer (micro-entity),ltd,corporate subscriber,2015-09-23,micro-entity,"accounts category, NOT turnover",43220,"73 Northgate, Guisborough, Cleveland",TS14 6JP,https://find-and-update.company-information.service.gov.uk/company/09790411,,TO BE ENRICHED — not held by Companies House,legitimate interests (LIA required before contact),Companies House public API,2026-07-12T04:34:53+00:00
G ROBERTS HEATING & PLUMBING LIMITED,SC399373,B_COMPLIANCE_DROWNED,micro filer (micro-entity),ltd,corporate subscriber,2011-05-12,micro-entity,"accounts category, NOT turnover",43220,"Fairness, Comrie, Crieff, Perth And Kinross",PH6 2JA,https://find-and-update.company-information.service.gov.uk/company/SC399373,,TO BE ENRICHED — not held by Companies House,legitimate interests (LIA required before contact),Companies House public API,2026-07-12T04:34:54+00:00
JJ INTERIOR CONTRACTS LTD,13899325,B_COMPLIANCE_DROWNED,micro filer (micro-entity),ltd,corporate subscriber,2022-02-07,micro-entity,"accounts category, NOT turnover",43290,"4 Grocott Close, Penkridge, Stafford",ST19 5SN,https://find-and-update.company-information.service.gov.uk/company/13899325,,TO BE ENRICHED — not held by Companies House,legitimate interests (LIA required before contact),Companies House public API,2026-07-12T04:34:55+00:00
CCS ELECTRICAL COMPANY LTD,10671428,B_COMPLIANCE_DROWNED,micro filer (micro-entity),ltd,corporate subscriber,2017-03-15,micro-entity,"accounts category, NOT turnover",43210,"33 Hail Mary Drive, Woodhouse Mill, Sheffield, South Yorkshire",S13 9XW,https://find-and-update.company-information.service.gov.uk/company/10671428,,TO BE ENRICHED — not held by Companies House,legitimate interests (LIA required before contact),Companies House public API,2026-07-12T04:34:56+00:00
GALES ELECTRICAL SERVICES LTD,14382037,B_COMPLIANCE_DROWNED,micro filer (micro-entity),ltd,corporate subscriber,2022-09-28,micro-entity,"accounts category, NOT turnover",43210,"310-312 Charminster Road, Bournemouth, Dorset",BH8 9RT,https://find-and-update.company-information.service.gov.uk/company/14382037,,TO BE ENRICHED — not held by Companies House,legitimate interests (LIA required before contact),Companies House public API,2026-07-12T04:34:58+00:00
LCW ELECTRICIANS LTD,14635815,B_COMPLIANCE_DROWNED,"young (2023), total-exemption-full filer",ltd,corporate subscriber,2023-02-02,total-exemption-full,"accounts category, NOT turnover",43210,"65 Telford Road, London",SE9 3RE,https://find-and-update.company-information.service.gov.uk/company/14635815,,TO BE ENRICHED — not held by Companies House,legitimate interests (LIA required before contact),Companies House public API,2026-07-12T04:34:59+00:00
EGR SERVICES (ESSEX) LIMITED,08458266,B_COMPLIANCE_DROWNED,micro filer (micro-entity),ltd,corporate subscriber,2013-03-22,micro-entity,"accounts category, NOT turnover",43220,"13/17 High Beech Road, Loughton, Essex",IG10 4BN,https://find-and-update.company-information.service.gov.uk/company/08458266,,TO BE ENRICHED — not held by Companies House,legitimate interests (LIA required before contact),Companies House public API,2026-07-12T04:35:00+00:00
BGS MAINTAIN LIMITED,13400705,B_COMPLIANCE_DROWNED,micro filer (micro-entity),ltd,corporate subscriber,2021-05-16,micro-entity,"accounts category, NOT turnover",43290,"Cuckstool House 3a High Street, Sutton-On-Trent, Newark, Nottinghamshire",NG23 6QA,https://find-and-update.company-information.service.gov.uk/company/13400705,,TO BE ENRICHED — not held by Companies House,legitimate interests (LIA required before contact),Companies House public API,2026-07-12T04:35:00+00:00
C MAIN ELECTRICAL SERVICES LTD,SC639314,B_COMPLIANCE_DROWNED,micro filer (micro-entity),ltd,corporate subscriber,2019-08-20,micro-entity,"accounts category, NOT turnover",43210; 61200,"Flat 0/2 10 Gryffe St, Glasgow",G44 4BD,https://find-and-update.company-information.service.gov.uk/company/SC639314,,TO BE ENRICHED — not held by Companies House,legitimate interests (LIA required before contact),Companies House public API,2026-07-12T04:35:01+00:00
KENNY EVANS ELECTRICAL LTD,10771023,B_COMPLIANCE_DROWNED,micro filer (micro-entity),ltd,corporate subscriber,2017-05-15,micro-entity,"accounts category, NOT turnover",43210,"O-I Building, First Floor, The West Wing, Edinburgh Way, Harlow, Essex",CM20 2DB,https://find-and-update.company-information.service.gov.uk/company/10771023,,TO BE ENRICHED — not held by Companies House,legitimate interests (LIA required before contact),Companies House public API,2026-07-12T04:35:02+00:00
NIGHTINGALE GARDEN & HOME LTD,11617403,B_COMPLIANCE_DROWNED,micro filer (micro-entity),ltd,corporate subscriber,2018-10-11,micro-entity,"accounts category, NOT turnover",43290; 43320; 81300,"Flat 1 29 Deronda Road, London",SE24 9BQ,https://find-and-update.company-information.service.gov.uk/company/11617403,,TO BE ENRICHED — not held by Companies House,legitimate interests (LIA required before contact),Companies House public API,2026-07-12T04:35:02+00:00
N & T'S QUALITY CONSERVATORIES LIMITED,06237544,B_COMPLIANCE_DROWNED,micro filer (micro-entity),ltd,corporate subscriber,2007-05-04,micro-entity,"accounts category, NOT turnover",43290,"11 Evans Avenue, Sutton-In-Ashfield, Nottinghamshire",NG17 2GF,https://find-and-update.company-information.service.gov.uk/company/06237544,,TO BE ENRICHED — not held by Companies House,legitimate interests (LIA required before contact),Companies House public API,2026-07-12T04:35:03+00:00
T & J CONTRACTING LTD,09497781,B_COMPLIANCE_DROWNED,micro filer (micro-entity),ltd,corporate subscriber,2015-03-19,micro-entity,"accounts category, NOT turnover",43290,"Hawkstone House, Valley Road, Hebden Bridge, West Yorkshire",HX7 7BL,https://find-and-update.company-information.service.gov.uk/company/09497781,,TO BE ENRICHED — not held by Companies House,legitimate interests (LIA required before contact),Companies House public API,2026-07-12T04:35:04+00:00
GL ELECTRICAL CONTRACTORS LIMITED,SC484334,B_COMPLIANCE_DROWNED,micro filer (micro-entity),ltd,corporate subscriber,2014-08-14,micro-entity,"accounts category, NOT turnover",43210,"Pavilion 2 Finnieston Business Park, Minerva Way, Glasgow",G3 8AU,https://find-and-update.company-information.service.gov.uk/company/SC484334,,TO BE ENRICHED — not held by Companies House,legitimate interests (LIA required before contact),Companies House public API,2026-07-12T04:35:05+00:00
SNK BUILDING SOLUTIONS LTD,14163381,B_COMPLIANCE_DROWNED,"young (2022), total-exemption-full filer",ltd,corporate subscriber,2022-06-09,total-exemption-full,"accounts category, NOT turnover",43220; 43320; 43330; 43341,"92 Oxlow Lane, Dagenham",RM9 5XD,https://find-and-update.company-information.service.gov.uk/company/14163381,,TO BE ENRICHED — not held by Companies House,legitimate interests (LIA required before contact),Companies House public API,2026-07-12T04:35:06+00:00
EARTHRISE ENERGY LIMITED,14876955,B_COMPLIANCE_DROWNED,micro filer (micro-entity),ltd,corporate subscriber,2023-05-17,micro-entity,"accounts category, NOT turnover",42220; 43210; 43290,"5 Brayford Square, London",E1 0SG,https://find-and-update.company-information.service.gov.uk/company/14876955,,TO BE ENRICHED — not held by Companies House,legitimate interests (LIA required before contact),Companies House public API,2026-07-12T04:35:08+00:00
J & J HOMES LTD,04534075,B_COMPLIANCE_DROWNED,micro filer (micro-entity),ltd,corporate subscriber,2002-09-12,micro-entity,"accounts category, NOT turnover",41100; 43210; 68209; 68320,"48 - 52 Penny Lane Mossley Hill, Liverpool, Merseyside",L18 1DG,https://find-and-update.company-information.service.gov.uk/company/04534075,,TO BE ENRICHED — not held by Companies House,legitimate interests (LIA required before contact),Companies House public API,2026-07-12T04:35:09+00:00
EFFICIENT ENERGY (NEWCASTLE) LTD,12409095,B_COMPLIANCE_DROWNED,micro filer (micro-entity),ltd,corporate subscriber,2020-01-17,micro-entity,"accounts category, NOT turnover",43210,"1-3 Portland Place, Marylebone, London",W1B 1PN,https://find-and-update.company-information.service.gov.uk/company/12409095,,TO BE ENRICHED — not held by Companies House,legitimate interests (LIA required before contact),Companies House public API,2026-07-12T04:35:09+00:00
OPTIMUS INSTALLATIONS LIMITED,09216096,B_COMPLIANCE_DROWNED,micro filer (micro-entity),ltd,corporate subscriber,2014-09-12,micro-entity,"accounts category, NOT turnover",43290,"Unit 16, Anderstaff Industrial Estate, Hawkins Lane, Burton-On-Trent, Staffordshire",DE14 1QH,https://find-and-update.company-information.service.gov.uk/company/09216096,,TO BE ENRICHED — not held by Companies House,legitimate interests (LIA required before contact),Companies House public API,2026-07-12T04:35:10+00:00
POWERMANN LTD,15723081,B_COMPLIANCE_DROWNED,"young (2024), total-exemption-full filer",ltd,corporate subscriber,2024-05-15,total-exemption-full,"accounts category, NOT turnover",43210,"18 Ormonde Road, Poole",BH13 6DF,https://find-and-update.company-information.service.gov.uk/company/15723081,,TO BE ENRICHED — not held by Companies House,legitimate interests (LIA required before contact),Companies House public API,2026-07-12T04:35:11+00:00
NRG SUSSEX LTD,11022419,B_COMPLIANCE_DROWNED,micro filer (micro-entity),ltd,corporate subscriber,2017-10-19,micro-entity,"accounts category, NOT turnover",43210,"36a Goring Road, Goring By Sea, Worthing, West Sussex",BN12 4AD,https://find-and-update.company-information.service.gov.uk/company/11022419,,TO BE ENRICHED — not held by Companies House,legitimate interests (LIA required before contact),Companies House public API,2026-07-12T04:35:11+00:00
IJL ELECTRICAL SERVICES LIMITED,14077494,B_COMPLIANCE_DROWNED,"young (2022), unaudited-abridged filer",ltd,corporate subscriber,2022-04-29,unaudited-abridged,"accounts category, NOT turnover",43210,"1 The Grove, Shelf, Halifax",HX3 7PD,https://find-and-update.company-information.service.gov.uk/company/14077494,,TO BE ENRICHED — not held by Companies House,legitimate interests (LIA required before contact),Companies House public API,2026-07-12T04:35:14+00:00
BARR HOLDINGS LTD,14269626,B_COMPLIANCE_DROWNED,"young (2022), total-exemption-full filer",ltd,corporate subscriber,2022-08-02,total-exemption-full,"accounts category, NOT turnover",43290,"3 Brickfields Business Park Old Stowmarket Road, Woolpit, Bury St Edmunds",IP30 9QS,https://find-and-update.company-information.service.gov.uk/company/14269626,,TO BE ENRICHED — not held by Companies House,legitimate interests (LIA required before contact),Companies House public API,2026-07-12T04:35:14+00:00
K. SUNG LIMITED,09030900,B_COMPLIANCE_DROWNED,micro filer (micro-entity),ltd,corporate subscriber,2014-05-08,micro-entity,"accounts category, NOT turnover",33200; 43210; 71121,"47 Heathfield Road, Penenden Heath, Maidstone, Kent",ME14 2AD,https://find-and-update.company-information.service.gov.uk/company/09030900,,TO BE ENRICHED — not held by Companies House,legitimate interests (LIA required before contact),Companies House public API,2026-07-12T04:35:16+00:00
BROOKS ELECTRICAL ENGINEERING SERVICES LTD,03575411,B_COMPLIANCE_DROWNED,micro filer (micro-entity),ltd,corporate subscriber,1998-06-04,micro-entity,"accounts category, NOT turnover",43210,"Green Doors, Horton Road, Staines, Middlesex",TW19 6BD,https://find-and-update.company-information.service.gov.uk/company/03575411,,TO BE ENRICHED — not held by Companies House,legitimate interests (LIA required before contact),Companies House public API,2026-07-12T04:35:18+00:00
SP SUPPLIES LTD,14092250,B_COMPLIANCE_DROWNED,micro filer (micro-entity),ltd,corporate subscriber,2022-05-07,micro-entity,"accounts category, NOT turnover",43220,"51 Archers Ride, Welwyn Garden City",AL7 4PR,https://find-and-update.company-information.service.gov.uk/company/14092250,,TO BE ENRICHED — not held by Companies House,legitimate interests (LIA required before contact),Companies House public API,2026-07-12T04:35:19+00:00
MDCORRICK PLUMBING & HEATING LTD,07237550,B_COMPLIANCE_DROWNED,micro filer (micro-entity),ltd,corporate subscriber,2010-04-28,micro-entity,"accounts category, NOT turnover",43220,"Mayfield, 14 Sunnybank, Marlow, Bucks",SL7 3BL,https://find-and-update.company-information.service.gov.uk/company/07237550,,TO BE ENRICHED — not held by Companies House,legitimate interests (LIA required before contact),Companies House public API,2026-07-12T04:35:20+00:00
BICS(NW) LTD,14308177,B_COMPLIANCE_DROWNED,micro filer (micro-entity),ltd,corporate subscriber,2022-08-19,micro-entity,"accounts category, NOT turnover",43210,"37 Birch Avenue, Rochdale",OL12 9QH,https://find-and-update.company-information.service.gov.uk/company/14308177,,TO BE ENRICHED — not held by Companies House,legitimate interests (LIA required before contact),Companies House public API,2026-07-12T04:35:20+00:00
UNIELECTRIC SERVICES LTD,09185588,B_COMPLIANCE_DROWNED,micro filer (micro-entity),ltd,corporate subscriber,2014-08-21,micro-entity,"accounts category, NOT turnover",43210,"12 Sandfield Road Sandfield Road, Thornton Heath",CR7 8AU,https://find-and-update.company-information.service.gov.uk/company/09185588,,TO BE ENRICHED — not held by Companies House,legitimate interests (LIA required before contact),Companies House public API,2026-07-12T04:35:21+00:00
NORTH DEVON ELECTRICAL SERVICES LTD,13567706,B_COMPLIANCE_DROWNED,micro filer (micro-entity),ltd,corporate subscriber,2021-08-16,micro-entity,"accounts category, NOT turnover",43210,"Stonehaven West Kentisbury Farm, Kentisbury, Barnstaple, Devon",EX31 4NQ,https://find-and-update.company-information.service.gov.uk/company/13567706,,TO BE ENRICHED — not held by Companies House,legitimate interests (LIA required before contact),Companies House public API,2026-07-12T04:35:22+00:00
K DYSON ELECTRICAL LTD.,09004276,B_COMPLIANCE_DROWNED,micro filer (micro-entity),ltd,corporate subscriber,2014-04-22,micro-entity,"accounts category, NOT turnover",43210,"30 Carr Lane, Castleford",WF10 4PL,https://find-and-update.company-information.service.gov.uk/company/09004276,,TO BE ENRICHED — not held by Companies House,legitimate interests (LIA required before contact),Companies House public API,2026-07-12T04:35:23+00:00
PLUGS OF ELECTRICS LTD,15723248,B_COMPLIANCE_DROWNED,micro filer (micro-entity),ltd,corporate subscriber,2024-05-15,micro-entity,"accounts category, NOT turnover",43210,"214 Leven Road, London",E14 0GQ,https://find-and-update.company-information.service.gov.uk/company/15723248,,TO BE ENRICHED — not held by Companies House,legitimate interests (LIA required before contact),Companies House public API,2026-07-12T04:35:25+00:00
STAFFORDSHIRE ARTIFICIAL GRASS LIMITED,12423728,B_COMPLIANCE_DROWNED,micro filer (micro-entity),ltd,corporate subscriber,2020-01-24,micro-entity,"accounts category, NOT turnover",43290,"712 Leek Road Leek Road, Stoke-On-Trent",ST1 3NQ,https://find-and-update.company-information.service.gov.uk/company/12423728,,TO BE ENRICHED — not held by Companies House,legitimate interests (LIA required before contact),Companies House public API,2026-07-12T04:35:25+00:00
NIO SPARK LTD,13942672,B_COMPLIANCE_DROWNED,"young (2022), unaudited-abridged filer",ltd,corporate subscriber,2022-02-27,unaudited-abridged,"accounts category, NOT turnover",43290,"56 Cantle Avenue, Downs Barn, Milton Keynes",MK14 7QS,https://find-and-update.company-information.service.gov.uk/company/13942672,,TO BE ENRICHED — not held by Companies House,legitimate interests (LIA required before contact),Companies House public API,2026-07-12T04:35:27+00:00
B A CABLING LTD,13937338,B_COMPLIANCE_DROWNED,"young (2022), total-exemption-full filer",ltd,corporate subscriber,2022-02-24,total-exemption-full,"accounts category, NOT turnover",43210,"Swiss House, Beckingham Street, Tolleshunt Major, Essex",CM9 8LZ,https://find-and-update.company-information.service.gov.uk/company/13937338,,TO BE ENRICHED — not held by Companies House,legitimate interests (LIA required before contact),Companies House public API,2026-07-12T04:35:28+00:00
HANROW CONTRACTORS LIMITED,14807214,B_COMPLIANCE_DROWNED,micro filer (micro-entity),ltd,corporate subscriber,2023-04-17,micro-entity,"accounts category, NOT turnover",43290,"4-5 Hyde Park Place, London",W2 2LH,https://find-and-update.company-information.service.gov.uk/company/14807214,,TO BE ENRICHED — not held by Companies House,legitimate interests (LIA required before contact),Companies House public API,2026-07-12T04:35:29+00:00
WIN A BUILDER UK LIMITED,14029911,B_COMPLIANCE_DROWNED,micro filer (micro-entity),ltd,corporate subscriber,2022-04-06,micro-entity,"accounts category, NOT turnover",41100; 43210; 43220; 96090,"101 North Mersey Business Park, Woodward Road, Liverpool",L33 7UY,https://find-and-update.company-information.service.gov.uk/company/14029911,,TO BE ENRICHED — not held by Companies House,legitimate interests (LIA required before contact),Companies House public API,2026-07-12T04:35:30+00:00
VINES PROPERTY SERVICES LTD,11913766,B_COMPLIANCE_DROWNED,micro filer (micro-entity),ltd,corporate subscriber,2019-03-29,micro-entity,"accounts category, NOT turnover",43220,"67 Conifer Walk, Stevenage, Hertfordshire",SG2 7QS,https://find-and-update.company-information.service.gov.uk/company/11913766,,TO BE ENRICHED — not held by Companies House,legitimate interests (LIA required before contact),Companies House public API,2026-07-12T04:35:31+00:00
HOMEDOC LIMITED,11176407,B_COMPLIANCE_DROWNED,micro filer (micro-entity),ltd,corporate subscriber,2018-01-30,micro-entity,"accounts category, NOT turnover",43220,"Office 3, 4th Floor 81-83 Humberstone Gate, Humberstone House, Leicester",LE1 1WB,https://find-and-update.company-information.service.gov.uk/company/11176407,,TO BE ENRICHED — not held by Companies House,legitimate interests (LIA required before contact),Companies House public API,2026-07-12T04:35:32+00:00
SAM SAUNDERS LIMITED,14072910,B_COMPLIANCE_DROWNED,"young (2022), total-exemption-full filer",ltd,corporate subscriber,2022-04-27,total-exemption-full,"accounts category, NOT turnover",43210,"Ivory Tower, Well Hill, Orpington",BR6 7PR,https://find-and-update.company-information.service.gov.uk/company/14072910,,TO BE ENRICHED — not held by Companies House,legitimate interests (LIA required before contact),Companies House public API,2026-07-12T04:35:34+00:00
HURRELL SOLUTIONS LTD,12091044,B_COMPLIANCE_DROWNED,micro filer (micro-entity),ltd,corporate subscriber,2019-07-08,micro-entity,"accounts category, NOT turnover",33140; 41202; 43210; 43220,"9 Canford Court, Aylesbury",HP21 7NZ,https://find-and-update.company-information.service.gov.uk/company/12091044,,TO BE ENRICHED — not held by Companies House,legitimate interests (LIA required before contact),Companies House public API,2026-07-12T04:35:34+00:00
ALMA ELECTRICAL LTD,14846836,B_COMPLIANCE_DROWNED,"young (2023), total-exemption-full filer",ltd,corporate subscriber,2023-05-04,total-exemption-full,"accounts category, NOT turnover",43210,"3 Ethelbert Road, Orpington",BR5 3JN,https://find-and-update.company-information.service.gov.uk/company/14846836,,TO BE ENRICHED — not held by Companies House,legitimate interests (LIA required before contact),Companies House public API,2026-07-12T04:35:35+00:00
NART ELECTRICAL LTD,14652387,B_COMPLIANCE_DROWNED,"young (2023), total-exemption-full filer",ltd,corporate subscriber,2023-02-09,total-exemption-full,"accounts category, NOT turnover",43210,"266a Pickhurst Lane, West Wickham",BR4 0HR,https://find-and-update.company-information.service.gov.uk/company/14652387,,TO BE ENRICHED — not held by Companies House,legitimate interests (LIA required before contact),Companies House public API,2026-07-12T04:35:36+00:00
ECLIPSE SHUTTERS LTD,14833766,B_COMPLIANCE_DROWNED,micro filer (micro-entity),ltd,corporate subscriber,2023-04-28,micro-entity,"accounts category, NOT turnover",43290,"281a Ewell Road, Surbiton",KT6 7AB,https://find-and-update.company-information.service.gov.uk/company/14833766,,TO BE ENRICHED — not held by Companies House,legitimate interests (LIA required before contact),Companies House public API,2026-07-12T04:35:36+00:00
IPH (2016) LIMITED,13056677,B_COMPLIANCE_DROWNED,micro filer (micro-entity),ltd,corporate subscriber,2020-12-02,micro-entity,"accounts category, NOT turnover",43220,"8 Milligans Chase, Galleywood, Chelmsford",CM2 8QD,https://find-and-update.company-information.service.gov.uk/company/13056677,,TO BE ENRICHED — not held by Companies House,legitimate interests (LIA required before contact),Companies House public API,2026-07-12T04:35:37+00:00
ALL YOUR GAS PLUMBING & ELECTRIC NEEDS LTD,14553748,B_COMPLIANCE_DROWNED,micro filer (micro-entity),ltd,corporate subscriber,2022-12-21,micro-entity,"accounts category, NOT turnover",43210; 43220,"Flat 15 Raglan Court, Mountbatten Road, Eastleigh",SO50 4RR,https://find-and-update.company-information.service.gov.uk/company/14553748,,TO BE ENRICHED — not held by Companies House,legitimate interests (LIA required before contact),Companies House public API,2026-07-12T04:35:38+00:00
AM ELECTRICAL GROUP LTD,14297363,B_COMPLIANCE_DROWNED,"young (2022), total-exemption-full filer",ltd,corporate subscriber,2022-08-15,total-exemption-full,"accounts category, NOT turnover",43210,"18 Crown Hill, Rayleigh, Essex",SS6 7HG,https://find-and-update.company-information.service.gov.uk/company/14297363,,TO BE ENRICHED — not held by Companies House,legitimate interests (LIA required before contact),Companies House public API,2026-07-12T04:35:39+00:00
KLM HEATING LTD,09184787,B_COMPLIANCE_DROWNED,micro filer (micro-entity),ltd,corporate subscriber,2014-08-21,micro-entity,"accounts category, NOT turnover",43220,"16 Martins Way, Orton Waterville, Peterborough",PE2 5DY,https://find-and-update.company-information.service.gov.uk/company/09184787,,TO BE ENRICHED — not held by Companies House,legitimate interests (LIA required before contact),Companies House public API,2026-07-12T04:35:40+00:00
SOBIE SPARK LTD,SC810529,B_COMPLIANCE_DROWNED,micro filer (micro-entity),ltd,corporate subscriber,2024-05-14,micro-entity,"accounts category, NOT turnover",43210,"30 Braeside, Keith",AB55 5AT,https://find-and-update.company-information.service.gov.uk/company/SC810529,,TO BE ENRICHED — not held by Companies House,legitimate interests (LIA required before contact),Companies House public API,2026-07-12T04:35:40+00:00
PLUMB SAFE DORSET LTD,11176768,B_COMPLIANCE_DROWNED,micro filer (micro-entity),ltd,corporate subscriber,2018-01-30,micro-entity,"accounts category, NOT turnover",43220,"4 Thornley Road, Bournemouth, Dorset",BH10 6DZ,https://find-and-update.company-information.service.gov.uk/company/11176768,,TO BE ENRICHED — not held by Companies House,legitimate interests (LIA required before contact),Companies House public API,2026-07-12T04:35:42+00:00
HOBKIRK ELECTRICAL LIMITED,12009755,B_COMPLIANCE_DROWNED,micro filer (micro-entity),ltd,corporate subscriber,2019-05-21,micro-entity,"accounts category, NOT turnover",43210,"13 Westwick Road, Sheffield, South Yorkshire",S8 7BS,https://find-and-update.company-information.service.gov.uk/company/12009755,,TO BE ENRICHED — not held by Companies House,legitimate interests (LIA required before contact),Companies House public API,2026-07-12T04:35:43+00:00
NORRIS WHITE SERVICES LTD,12279359,B_COMPLIANCE_DROWNED,micro filer (micro-entity),ltd,corporate subscriber,2019-10-24,micro-entity,"accounts category, NOT turnover",43210,"C/O Accountants For Good Minuteman House, 8 Langley Road, Watford",WD17 4PT,https://find-and-update.company-information.service.gov.uk/company/12279359,,TO BE ENRICHED — not held by Companies House,legitimate interests (LIA required before contact),Companies House public API,2026-07-12T04:35:43+00:00
CUTTS ELECTRICAL LTD,08009670,B_COMPLIANCE_DROWNED,micro filer (micro-entity),ltd,corporate subscriber,2012-03-28,micro-entity,"accounts category, NOT turnover",43210,"77a Kings Road, Fleet, Hampshire",GU51 3AR,https://find-and-update.company-information.service.gov.uk/company/08009670,,TO BE ENRICHED — not held by Companies House,legitimate interests (LIA required before contact),Companies House public API,2026-07-12T04:35:44+00:00
JJP GAS AND HEATING SERVICES LIMITED,13513515,B_COMPLIANCE_DROWNED,micro filer (micro-entity),ltd,corporate subscriber,2021-07-15,micro-entity,"accounts category, NOT turnover",43220,"27 Beechwood Avenue, Woodley, Reading",RG5 3DE,https://find-and-update.company-information.service.gov.uk/company/13513515,,TO BE ENRICHED — not held by Companies House,legitimate interests (LIA required before contact),Companies House public API,2026-07-12T04:35:45+00:00
WOODWARD MECHANICAL LTD,SC730281,B_COMPLIANCE_DROWNED,"young (2022), total-exemption-full filer",ltd,corporate subscriber,2022-04-22,total-exemption-full,"accounts category, NOT turnover",43220,"14 Windmill Road, Hamilton",ML3 6LU,https://find-and-update.company-information.service.gov.uk/company/SC730281,,TO BE ENRICHED — not held by Companies House,legitimate interests (LIA required before contact),Companies House public API,2026-07-12T04:35:47+00:00
REGNLL DRY LINNING LTD,14283359,B_COMPLIANCE_DROWNED,micro filer (micro-entity),ltd,corporate subscriber,2022-08-08,micro-entity,"accounts category, NOT turnover",41202; 43290,"14 All Saints Close, Bristol",BS30 9XQ,https://find-and-update.company-information.service.gov.uk/company/14283359,,TO BE ENRICHED — not held by Companies House,legitimate interests (LIA required before contact),Companies House public API,2026-07-12T04:35:47+00:00
MODULAR BUILDINGS AND CABINS LIMITED,14284014,B_COMPLIANCE_DROWNED,micro filer (micro-entity),ltd,corporate subscriber,2022-08-08,micro-entity,"accounts category, NOT turnover",43290,"1 The Rise, Pateley Place, York",YO26 4LA,https://find-and-update.company-information.service.gov.uk/company/14284014,,TO BE ENRICHED — not held by Companies House,legitimate interests (LIA required before contact),Companies House public API,2026-07-12T04:35:48+00:00
WARMING HOMES LIMITED,14281581,B_COMPLIANCE_DROWNED,micro filer (micro-entity),ltd,corporate subscriber,2022-08-08,micro-entity,"accounts category, NOT turnover",43220,"18 Hembury Avenue, Manchester",M19 1FH,https://find-and-update.company-information.service.gov.uk/company/14281581,,TO BE ENRICHED — not held by Companies House,legitimate interests (LIA required before contact),Companies House public API,2026-07-12T04:35:49+00:00
MACLEC LIMITED,09328513,B_COMPLIANCE_DROWNED,micro filer (micro-entity),ltd,corporate subscriber,2014-11-26,micro-entity,"accounts category, NOT turnover",43210,"21 Cheapside, Liverpool",L2 2DY,https://find-and-update.company-information.service.gov.uk/company/09328513,,TO BE ENRICHED — not held by Companies House,legitimate interests (LIA required before contact),Companies House public API,2026-07-12T04:35:52+00:00
CJC PLUMBING LIMITED,10772803,B_COMPLIANCE_DROWNED,micro filer (micro-entity),ltd,corporate subscriber,2017-05-16,micro-entity,"accounts category, NOT turnover",43220,"17 Victoria Road East, Thornton Cleveleys, Lancashire",FY5 5HT,https://find-and-update.company-information.service.gov.uk/company/10772803,,TO BE ENRICHED — not held by Companies House,legitimate interests (LIA required before contact),Companies House public API,2026-07-12T04:35:52+00:00
M.B.F.M. LIMITED,06418131,B_COMPLIANCE_DROWNED,micro filer (micro-entity),ltd,corporate subscriber,2007-11-05,micro-entity,"accounts category, NOT turnover",43290,"Units 11 & 12 Upminster Trading Park, Warley Street, Upminster",RM14 3PJ,https://find-and-update.company-information.service.gov.uk/company/06418131,,TO BE ENRICHED — not held by Companies House,legitimate interests (LIA required before contact),Companies House public API,2026-07-12T04:35:55+00:00
TS PLUMBING & HEATING CONTRACTORS LTD,11402399,B_COMPLIANCE_DROWNED,micro filer (micro-entity),ltd,corporate subscriber,2018-06-07,micro-entity,"accounts category, NOT turnover",43220,"My Trusted Accountant Limited Unit 6, Balfour Court, Leyland, Preston, Lancashire",PR25 2TF,https://find-and-update.company-information.service.gov.uk/company/11402399,,TO BE ENRICHED — not held by Companies House,legitimate interests (LIA required before contact),Companies House public API,2026-07-12T04:35:56+00:00
HARRISON CONSTRUCTION GROUP LTD,14127900,B_COMPLIANCE_DROWNED,"young (2022), total-exemption-full filer",ltd,corporate subscriber,2022-05-24,total-exemption-full,"accounts category, NOT turnover",41202; 43290,"28 Alexandra Terrace, Exmouth, Devon",EX8 1BD,https://find-and-update.company-information.service.gov.uk/company/14127900,,TO BE ENRICHED — not held by Companies House,legitimate interests (LIA required before contact),Companies House public API,2026-07-12T04:35:56+00:00
NORTH POINT ELECTRICAL LTD,11373426,B_COMPLIANCE_DROWNED,micro filer (micro-entity),ltd,corporate subscriber,2018-05-21,micro-entity,"accounts category, NOT turnover",43210,"26 Willow Way, Begbroke, Oxford, Oxfordshire",OX5 1SD,https://find-and-update.company-information.service.gov.uk/company/11373426,,TO BE ENRICHED — not held by Companies House,legitimate interests (LIA required before contact),Companies House public API,2026-07-12T04:35:57+00:00
AMP ELECTRICAL SERVICES LIMITED,06895527,B_COMPLIANCE_DROWNED,micro filer (micro-entity),ltd,corporate subscriber,2009-05-05,micro-entity,"accounts category, NOT turnover",43210,"591 London Road, Cheam, Sutton, Surrey",SM3 9AG,https://find-and-update.company-information.service.gov.uk/company/06895527,,TO BE ENRICHED — not held by Companies House,legitimate interests (LIA required before contact),Companies House public API,2026-07-12T04:35:58+00:00
DM WELDING SERVICES LIMITED,10893640,B_COMPLIANCE_DROWNED,micro filer (micro-entity),ltd,corporate subscriber,2017-08-01,micro-entity,"accounts category, NOT turnover",43290,"Unit M228 Trident Business Centre, 89 Bickersteth Road, London",SW17 9SH,https://find-and-update.company-information.service.gov.uk/company/10893640,,TO BE ENRICHED — not held by Companies House,legitimate interests (LIA required before contact),Companies House public API,2026-07-12T04:35:59+00:00
MCB ELECTRICAL LIMITED,SC447025,B_COMPLIANCE_DROWNED,micro filer (micro-entity),ltd,corporate subscriber,2013-04-08,micro-entity,"accounts category, NOT turnover",43210,"152a High Street, Irvine, Ayrshire",KA12 8AN,https://find-and-update.company-information.service.gov.uk/company/SC447025,,TO BE ENRICHED — not held by Companies House,legitimate interests (LIA required before contact),Companies House public API,2026-07-12T04:36:01+00:00
LSC ELECTRICAL LIMITED,05420786,B_COMPLIANCE_DROWNED,micro filer (micro-entity),ltd,corporate subscriber,2005-04-11,micro-entity,"accounts category, NOT turnover",43210,"12 West Links Tollgate, Chandler's Ford, Eastleigh",SO53 3TG,https://find-and-update.company-information.service.gov.uk/company/05420786,,TO BE ENRICHED — not held by Companies House,legitimate interests (LIA required before contact),Companies House public API,2026-07-12T04:36:02+00:00
ALPHA ELECTRICAL CONTRACTOR LTD,08367533,B_COMPLIANCE_DROWNED,micro filer (micro-entity),ltd,corporate subscriber,2013-01-21,micro-entity,"accounts category, NOT turnover",43210,"17 Whitworth Place, Whitton, Hounslow",TW4 5ER,https://find-and-update.company-information.service.gov.uk/company/08367533,,TO BE ENRICHED — not held by Companies House,legitimate interests (LIA required before contact),Companies House public API,2026-07-12T04:36:03+00:00
S E MANSFIELD ELECTRICAL SERVICES LTD.,08164200,B_COMPLIANCE_DROWNED,micro filer (micro-entity),ltd,corporate subscriber,2012-08-01,micro-entity,"accounts category, NOT turnover",43210,"26 High Street, Haslemere, Surrey",GU27 2HW,https://find-and-update.company-information.service.gov.uk/company/08164200,,TO BE ENRICHED — not held by Companies House,legitimate interests (LIA required before contact),Companies House public API,2026-07-12T04:36:08+00:00
MITCHELL’S LIFTING LIMITED,14149504,B_COMPLIANCE_DROWNED,"young (2022), total-exemption-full filer",ltd,corporate subscriber,2022-06-06,total-exemption-full,"accounts category, NOT turnover",43290,"21 Carradale Close, Eaglescliffe, Stockton-On-Tees",TS16 9HF,https://find-and-update.company-information.service.gov.uk/company/14149504,,TO BE ENRICHED — not held by Companies House,legitimate interests (LIA required before contact),Companies House public API,2026-07-12T04:36:09+00:00
JP JACOBS INTERNATIONAL ENGINEERING UK LTD,13604650,B_COMPLIANCE_DROWNED,"young (2021), total-exemption-full filer",ltd,corporate subscriber,2021-09-06,total-exemption-full,"accounts category, NOT turnover",41100; 42220; 43220; 43999,"128 City Road, London",EC1V 2NX,https://find-and-update.company-information.service.gov.uk/company/13604650,,TO BE ENRICHED — not held by Companies House,legitimate interests (LIA required before contact),Companies House public API,2026-07-12T04:36:09+00:00
REDE GROUP LTD,12786769,B_COMPLIANCE_DROWNED,micro filer (micro-entity),ltd,corporate subscriber,2020-08-02,micro-entity,"accounts category, NOT turnover",43220,"37 High Street, Chatham, Kent",ME4 4EN,https://find-and-update.company-information.service.gov.uk/company/12786769,,TO BE ENRICHED — not held by Companies House,legitimate interests (LIA required before contact),Companies House public API,2026-07-12T04:36:11+00:00
J PLAN OFFICE CONTRACTS LIMITED,07914554,B_COMPLIANCE_DROWNED,micro filer (micro-entity),ltd,corporate subscriber,2012-01-18,micro-entity,"accounts category, NOT turnover",43290,"Styles House, Wood Street, Waddeson, Buckinghamshire",HP18 0NN,https://find-and-update.company-information.service.gov.uk/company/07914554,,TO BE ENRICHED — not held by Companies House,legitimate interests (LIA required before contact),Companies House public API,2026-07-12T04:36:12+00:00
SJ GAS AND HEATING SOLUTIONS LTD,14136389,B_COMPLIANCE_DROWNED,micro filer (micro-entity),ltd,corporate subscriber,2022-05-27,micro-entity,"accounts category, NOT turnover",43220,"100 Trinity Road, Birmingham",B6 6NH,https://find-and-update.company-information.service.gov.uk/company/14136389,,TO BE ENRICHED — not held by Companies House,legitimate interests (LIA required before contact),Companies House public API,2026-07-12T04:36:13+00:00
JD ELECTRICAL SOLUTIONS LIMITED,04782767,B_COMPLIANCE_DROWNED,micro filer (micro-entity),ltd,corporate subscriber,2003-05-30,micro-entity,"accounts category, NOT turnover",43210,"78 Marrowbrook Lane, Farnborough, Hampshire",GU14 0AA,https://find-and-update.company-information.service.gov.uk/company/04782767,,TO BE ENRICHED — not held by Companies House,legitimate interests (LIA required before contact),Companies House public API,2026-07-12T04:36:14+00:00
CAM JOINERY LIMITED,04449701,B_COMPLIANCE_DROWNED,micro filer (micro-entity),ltd,corporate subscriber,2002-05-29,micro-entity,"accounts category, NOT turnover",41202; 43210; 43320,"31 Wilmslow Road, Cheadle, Cheshire",SK8 1DR,https://find-and-update.company-information.service.gov.uk/company/04449701,,TO BE ENRICHED — not held by Companies House,legitimate interests (LIA required before contact),Companies House public API,2026-07-12T04:36:16+00:00
ASHR LTD,04511431,B_COMPLIANCE_DROWNED,micro filer (micro-entity),ltd,corporate subscriber,2002-08-14,micro-entity,"accounts category, NOT turnover",43220,"2 Clover Drive, Thrapston, Kettering, Northamptonshire",NN14 4RN,https://find-and-update.company-information.service.gov.uk/company/04511431,,TO BE ENRICHED — not held by Companies House,legitimate interests (LIA required before contact),Companies House public API,2026-07-12T04:36:17+00:00
CAF ATKINSRÉALIS DIGITAL SIGNALLING LIMITED,15733136,B_COMPLIANCE_DROWNED,"young (2024), unaudited-abridged filer",ltd,corporate subscriber,2024-05-21,unaudited-abridged,"accounts category, NOT turnover",43290,"Coventry Techno Centre, Puma Way, Coventry",CV1 2TT,https://find-and-update.company-information.service.gov.uk/company/15733136,,TO BE ENRICHED — not held by Companies House,legitimate interests (LIA required before contact),Companies House public API,2026-07-12T04:36:18+00:00
FEHU-KAUNAN LTD,14339516,B_COMPLIANCE_DROWNED,micro filer (micro-entity),ltd,corporate subscriber,2022-09-06,micro-entity,"accounts category, NOT turnover",43220; 46900; 49410; 53202,"76 Crown Street, Smethwick",B66 4SP,https://find-and-update.company-information.service.gov.uk/company/14339516,,TO BE ENRICHED — not held by Companies House,legitimate interests (LIA required before contact),Companies House public API,2026-07-12T04:36:20+00:00
NATIONWIDE RETROFIT LTD,09102971,B_COMPLIANCE_DROWNED,micro filer (micro-entity),ltd,corporate subscriber,2014-06-25,micro-entity,"accounts category, NOT turnover",43220; 43290; 43999,"28 Sophia House Cathedral Road, Cardiff",CF11 9LJ,https://find-and-update.company-information.service.gov.uk/company/09102971,,TO BE ENRICHED — not held by Companies House,legitimate interests (LIA required before contact),Companies House public API,2026-07-12T04:36:20+00:00
THERMAL ANGELL LTD,10921684,B_COMPLIANCE_DROWNED,micro filer (micro-entity),ltd,corporate subscriber,2017-08-18,micro-entity,"accounts category, NOT turnover",43290,"30 Aylesbury Drive, Houghton Regis, Dunstable",LU5 6FX,https://find-and-update.company-information.service.gov.uk/company/10921684,,TO BE ENRICHED — not held by Companies House,legitimate interests (LIA required before contact),Companies House public API,2026-07-12T04:36:22+00:00
JAC INSTALLATIONS LTD,11368459,B_COMPLIANCE_DROWNED,micro filer (micro-entity),ltd,corporate subscriber,2018-05-17,micro-entity,"accounts category, NOT turnover",43210,"9 Woodstock Road, Gateshead",NE9 7TS,https://find-and-update.company-information.service.gov.uk/company/11368459,,TO BE ENRICHED — not held by Companies House,legitimate interests (LIA required before contact),Companies House public API,2026-07-12T04:36:24+00:00
FRANCIS HOMES SUSSEX LTD,14049257,B_COMPLIANCE_DROWNED,"young (2022), total-exemption-full filer",ltd,corporate subscriber,2022-04-14,total-exemption-full,"accounts category, NOT turnover",43220,"325a Goring Road, Goring-By-Sea, Worthing",BN12 4NX,https://find-and-update.company-information.service.gov.uk/company/14049257,,TO BE ENRICHED — not held by Companies House,legitimate interests (LIA required before contact),Companies House public API,2026-07-12T04:36:25+00:00
K1 ELECTRICAL SERVICES LTD,08924084,B_COMPLIANCE_DROWNED,micro filer (micro-entity),ltd,corporate subscriber,2014-03-05,micro-entity,"accounts category, NOT turnover",43210,"24 Pendragon Road, Bromley",BR1 5JY,https://find-and-update.company-information.service.gov.uk/company/08924084,,TO BE ENRICHED — not held by Companies House,legitimate interests (LIA required before contact),Companies House public API,2026-07-12T04:36:26+00:00
MALCOLM FAULDER GAS SERVICES LIMITED,14322845,B_COMPLIANCE_DROWNED,micro filer (micro-entity),ltd,corporate subscriber,2022-08-30,micro-entity,"accounts category, NOT turnover",43220,"13 North Lane, Navenby, Lincoln",LN5 0EH,https://find-and-update.company-information.service.gov.uk/company/14322845,,TO BE ENRICHED — not held by Companies House,legitimate interests (LIA required before contact),Companies House public API,2026-07-12T04:36:27+00:00
BAILEY SPARKS LTD,12222813,B_COMPLIANCE_DROWNED,micro filer (micro-entity),ltd,corporate subscriber,2019-09-23,micro-entity,"accounts category, NOT turnover",43210; 43999,"18 Royce Close, Dunstable",LU6 2NT,https://find-and-update.company-information.service.gov.uk/company/12222813,,TO BE ENRICHED — not held by Companies House,legitimate interests (LIA required before contact),Companies House public API,2026-07-12T04:36:27+00:00
ALMEIDA PLUMBING LTD,11855049,B_COMPLIANCE_DROWNED,micro filer (micro-entity),ltd,corporate subscriber,2019-03-01,micro-entity,"accounts category, NOT turnover",43220,"38 Downs Road, Slough",SL3 7DF,https://find-and-update.company-information.service.gov.uk/company/11855049,,TO BE ENRICHED — not held by Companies House,legitimate interests (LIA required before contact),Companies House public API,2026-07-12T04:36:29+00:00
WAVE CONSTRUCTION LTD,11855079,B_COMPLIANCE_DROWNED,micro filer (micro-entity),ltd,corporate subscriber,2019-03-01,micro-entity,"accounts category, NOT turnover",41201; 41202; 43290,"6 Hall Lane, Harlington, Hayes",UB3 5LB,https://find-and-update.company-information.service.gov.uk/company/11855079,,TO BE ENRICHED — not held by Companies House,legitimate interests (LIA required before contact),Companies House public API,2026-07-12T04:36:29+00:00
TOWN CENTRE HOUSING (SCOTLAND) LTD,SC561195,B_COMPLIANCE_DROWNED,micro filer (micro-entity),ltd,corporate subscriber,2017-03-22,micro-entity,"accounts category, NOT turnover",43290,"7 Blackthorn Grove, Kirkintilloch, Glasgow",G66 4DA,https://find-and-update.company-information.service.gov.uk/company/SC561195,,TO BE ENRICHED — not held by Companies House,legitimate interests (LIA required before contact),Companies House public API,2026-07-12T04:36:30+00:00
GAS LINK (MIDLANDS) LTD,10116425,B_COMPLIANCE_DROWNED,micro filer (micro-entity),ltd,corporate subscriber,2016-04-11,micro-entity,"accounts category, NOT turnover",43220,"12 Ashdown Close, Loughborough, Leicestershire",LE11 4TQ,https://find-and-update.company-information.service.gov.uk/company/10116425,,TO BE ENRICHED — not held by Companies House,legitimate interests (LIA required before contact),Companies House public API,2026-07-12T04:36:31+00:00
CIRRUS ELECTRICAL LIMITED,11965431,B_COMPLIANCE_DROWNED,micro filer (micro-entity),ltd,corporate subscriber,2019-04-26,micro-entity,"accounts category, NOT turnover",43210,"45 Crescent Road, Stonehouse",GL10 2AR,https://find-and-update.company-information.service.gov.uk/company/11965431,,TO BE ENRICHED — not held by Companies House,legitimate interests (LIA required before contact),Companies House public API,2026-07-12T04:36:33+00:00
EDSP SOLUTIONS LIMITED,14365436,B_COMPLIANCE_DROWNED,"young (2022), total-exemption-full filer",ltd,corporate subscriber,2022-09-20,total-exemption-full,"accounts category, NOT turnover",43210,"3 Gadwall Road, Houghton Le Spring",DH4 5NL,https://find-and-update.company-information.service.gov.uk/company/14365436,,TO BE ENRICHED — not held by Companies House,legitimate interests (LIA required before contact),Companies House public API,2026-07-12T04:36:34+00:00
PHS (NI) LIMITED,NI614750,B_COMPLIANCE_DROWNED,micro filer (micro-entity),ltd,corporate subscriber,2012-10-02,micro-entity,"accounts category, NOT turnover",43220,"37 Annaghmakeown Road, Dungannon, County Tyrone",BT70 3DQ,https://find-and-update.company-information.service.gov.uk/company/NI614750,,TO BE ENRICHED — not held by Companies House,legitimate interests (LIA required before contact),Companies House public API,2026-07-12T04:36:35+00:00
R W P SOLUTIONS (MIDLANDS) LIMITED,09195391,B_COMPLIANCE_DROWNED,micro filer (micro-entity),ltd,corporate subscriber,2014-08-29,micro-entity,"accounts category, NOT turnover",43210,"Suite 3 Watling Chambers, 214 Watling Street, Bridgtown, Cannock",WS11 0DB,https://find-and-update.company-information.service.gov.uk/company/09195391,,TO BE ENRICHED — not held by Companies House,legitimate interests (LIA required before contact),Companies House public API,2026-07-12T04:36:36+00:00
MCB ELECTRICAL CONTRACTORS LTD,14449930,B_COMPLIANCE_DROWNED,"young (2022), total-exemption-full filer",ltd,corporate subscriber,2022-10-28,total-exemption-full,"accounts category, NOT turnover",43210,"Unit 12 Common Road, Low Moor, Bradford",BD12 0NB,https://find-and-update.company-information.service.gov.uk/company/14449930,,TO BE ENRICHED — not held by Companies House,legitimate interests (LIA required before contact),Companies House public API,2026-07-12T04:36:37+00:00
T. J. E ELECTRICAL SERVICES LIMITED,09187996,B_COMPLIANCE_DROWNED,micro filer (micro-entity),ltd,corporate subscriber,2014-08-28,micro-entity,"accounts category, NOT turnover",43210,"Suite 3 Watling Chambers, 214 Watling Street, Bridgtown,, Cannock",WS11 0DB,https://find-and-update.company-information.service.gov.uk/company/09187996,,TO BE ENRICHED — not held by Companies House,legitimate interests (LIA required before contact),Companies House public API,2026-07-12T04:36:38+00:00
ELECTRICAL MANAGEMENT LTD,11379119,B_COMPLIANCE_DROWNED,micro filer (micro-entity),ltd,corporate subscriber,2018-05-23,micro-entity,"accounts category, NOT turnover",43210,"16a Revenge Road, Chatham",ME5 8UD,https://find-and-update.company-information.service.gov.uk/company/11379119,,TO BE ENRICHED — not held by Companies House,legitimate interests (LIA required before contact),Companies House public API,2026-07-12T04:36:38+00:00
LIU LIU SHUN LTD,13586392,B_COMPLIANCE_DROWNED,micro filer (micro-entity),ltd,corporate subscriber,2021-08-25,micro-entity,"accounts category, NOT turnover",41202; 43290; 43390,"75 Southview Crescent, Sheffield",S7 1DG,https://find-and-update.company-information.service.gov.uk/company/13586392,,TO BE ENRICHED — not held by Companies House,legitimate interests (LIA required before contact),Companies House public API,2026-07-12T04:36:40+00:00
DAVE GRIFFITHS PIPE FITTING LTD,08171513,B_COMPLIANCE_DROWNED,micro filer (micro-entity),ltd,corporate subscriber,2012-08-08,micro-entity,"accounts category, NOT turnover",43220,"89 Broad Street, Bromsgrove, Worcestershire",B61 8LN,https://find-and-update.company-information.service.gov.uk/company/08171513,,TO BE ENRICHED — not held by Companies House,legitimate interests (LIA required before contact),Companies House public API,2026-07-12T04:36:41+00:00
SOLEC GENERATION LTD,14879126,B_COMPLIANCE_DROWNED,micro filer (micro-entity),ltd,corporate subscriber,2023-05-18,micro-entity,"accounts category, NOT turnover",43210,"31 The Willows, Dudley",DY2 9HB,https://find-and-update.company-information.service.gov.uk/company/14879126,,TO BE ENRICHED — not held by Companies House,legitimate interests (LIA required before contact),Companies House public API,2026-07-12T04:36:45+00:00
JDL PLUMBING & HEATING LTD,09278573,B_COMPLIANCE_DROWNED,micro filer (micro-entity),ltd,corporate subscriber,2014-10-24,micro-entity,"accounts category, NOT turnover",43220,"5a Pickford Street, Huddersfield",HD3 4LQ,https://find-and-update.company-information.service.gov.uk/company/09278573,,TO BE ENRICHED — not held by Companies House,legitimate interests (LIA required before contact),Companies House public API,2026-07-12T04:36:47+00:00
VITA GROUP (NW) LTD,12166693,B_COMPLIANCE_DROWNED,micro filer (micro-entity),ltd,corporate subscriber,2019-08-21,micro-entity,"accounts category, NOT turnover",43210,"Crown House, 4 High Street, Tyldesley, Manchester",M29 8AL,https://find-and-update.company-information.service.gov.uk/company/12166693,,TO BE ENRICHED — not held by Companies House,legitimate interests (LIA required before contact),Companies House public API,2026-07-12T04:36:47+00:00
S PHILLIPS PLUMBING AND HEATING LTD,10781268,B_COMPLIANCE_DROWNED,micro filer (micro-entity),ltd,corporate subscriber,2017-05-20,micro-entity,"accounts category, NOT turnover",43220,"29 Cuckfield Crescent, Worthing",BN13 2ED,https://find-and-update.company-information.service.gov.uk/company/10781268,,TO BE ENRICHED — not held by Companies House,legitimate interests (LIA required before contact),Companies House public API,2026-07-12T04:36:49+00:00
RIVERS ELECTRICAL LIMITED,06260569,B_COMPLIANCE_DROWNED,micro filer (micro-entity),ltd,corporate subscriber,2007-05-29,micro-entity,"accounts category, NOT turnover",43210,"15 Fir Street, Burnley",BB10 4AL,https://find-and-update.company-information.service.gov.uk/company/06260569,,TO BE ENRICHED — not held by Companies House,legitimate interests (LIA required before contact),Companies House public API,2026-07-12T04:36:49+00:00
EDUCATION DATA SERVICES (UK) LIMITED,06125873,B_COMPLIANCE_DROWNED,micro filer (micro-entity),ltd,corporate subscriber,2007-02-23,micro-entity,"accounts category, NOT turnover",43210,"46 Devonshire Road, London",SE23 3SR,https://find-and-update.company-information.service.gov.uk/company/06125873,,TO BE ENRICHED — not held by Companies House,legitimate interests (LIA required before contact),Companies House public API,2026-07-12T04:36:50+00:00
GOS HEATING SERVICES LIMITED,11537685,B_COMPLIANCE_DROWNED,micro filer (micro-entity),ltd,corporate subscriber,2018-08-25,micro-entity,"accounts category, NOT turnover",43220,"Unit C1 The Maltings, Station Road, Sawbridgeworth, Hertfordshire",CM21 9JX,https://find-and-update.company-information.service.gov.uk/company/11537685,,TO BE ENRICHED — not held by Companies House,legitimate interests (LIA required before contact),Companies House public API,2026-07-12T04:36:51+00:00
GHOST FIRE & SECURITY LTD,13423737,B_COMPLIANCE_DROWNED,micro filer (micro-entity),ltd,corporate subscriber,2021-05-27,micro-entity,"accounts category, NOT turnover",43210,"52 Woodcroft Avenue, Rossendale",BB4 8NF,https://find-and-update.company-information.service.gov.uk/company/13423737,,TO BE ENRICHED — not held by Companies House,legitimate interests (LIA required before contact),Companies House public API,2026-07-12T04:36:52+00:00
H2O AND GAS LIMITED,09720049,B_COMPLIANCE_DROWNED,micro filer (micro-entity),ltd,corporate subscriber,2015-08-06,micro-entity,"accounts category, NOT turnover",43220,"Millennium House, London Road, East Grinstead, West Sussex",RH19 1QE,https://find-and-update.company-information.service.gov.uk/company/09720049,,TO BE ENRICHED — not held by Companies House,legitimate interests (LIA required before contact),Companies House public API,2026-07-12T04:36:53+00:00
STOKE ASH LTD,12179284,B_COMPLIANCE_DROWNED,micro filer (micro-entity),ltd,corporate subscriber,2019-08-29,micro-entity,"accounts category, NOT turnover",41202; 43290,"14 Chalfont Close, Leigh-On-Sea, Essex",SS9 4NF,https://find-and-update.company-information.service.gov.uk/company/12179284,,TO BE ENRICHED — not held by Companies House,legitimate interests (LIA required before contact),Companies House public API,2026-07-12T04:36:53+00:00
VG HOME IMPROVEMENTS LTD,14568139,B_COMPLIANCE_DROWNED,micro filer (micro-entity),ltd,corporate subscriber,2023-01-03,micro-entity,"accounts category, NOT turnover",43220; 43330; 43341; 43390,"6 Gammon Close, Hemel Hempstead",HP3 8EB,https://find-and-update.company-information.service.gov.uk/company/14568139,,TO BE ENRICHED — not held by Companies House,legitimate interests (LIA required before contact),Companies House public API,2026-07-12T04:36:54+00:00
DANTECH MEDIA LIMITED,10793251,B_COMPLIANCE_DROWNED,micro filer (micro-entity),ltd,corporate subscriber,2017-05-30,micro-entity,"accounts category, NOT turnover",43210,"10 Mossfield Drive, Biddulph, Stoke-On-Trent",ST8 6UL,https://find-and-update.company-information.service.gov.uk/company/10793251,,TO BE ENRICHED — not held by Companies House,legitimate interests (LIA required before contact),Companies House public API,2026-07-12T04:36:55+00:00
H-MARC SAFETY SOLUTIONS LTD,12822174,B_COMPLIANCE_DROWNED,micro filer (micro-entity),ltd,corporate subscriber,2020-08-18,micro-entity,"accounts category, NOT turnover",43210; 61100; 61200; 80200,"128 City Road, London",EC1V 2NX,https://find-and-update.company-information.service.gov.uk/company/12822174,,TO BE ENRICHED — not held by Companies House,legitimate interests (LIA required before contact),Companies House public API,2026-07-12T04:36:55+00:00
DWM CONSTRUCTION LTD,13318094,B_COMPLIANCE_DROWNED,micro filer (micro-entity),ltd,corporate subscriber,2021-04-07,micro-entity,"accounts category, NOT turnover",43220; 43330; 43910; 43999,"27 Findon Road, London",N9 7QB,https://find-and-update.company-information.service.gov.uk/company/13318094,,TO BE ENRICHED — not held by Companies House,legitimate interests (LIA required before contact),Companies House public API,2026-07-12T04:36:56+00:00
PASCO BUILDINGS SERVICES LIMITED,13371698,B_COMPLIANCE_DROWNED,micro filer (micro-entity),ltd,corporate subscriber,2021-05-03,micro-entity,"accounts category, NOT turnover",43290,"7 Framfield Road, Mitcham",CR4 2AU,https://find-and-update.company-information.service.gov.uk/company/13371698,,TO BE ENRICHED — not held by Companies House,legitimate interests (LIA required before contact),Companies House public API,2026-07-12T04:36:57+00:00
CAMS INSTALLATIONS LTD,10750890,B_COMPLIANCE_DROWNED,micro filer (micro-entity),ltd,corporate subscriber,2017-05-03,micro-entity,"accounts category, NOT turnover",43210,"32 Kingfisher Drive Greenhithe, Dartford, Kent",DA9 9RS,https://find-and-update.company-information.service.gov.uk/company/10750890,,TO BE ENRICHED — not held by Companies House,legitimate interests (LIA required before contact),Companies House public API,2026-07-12T04:36:58+00:00
ATLAS SERVICES SOLUTIONS (SCOTLAND) LTD,SC704009,B_COMPLIANCE_DROWNED,"young (2021), total-exemption-full filer",ltd,corporate subscriber,2021-07-13,total-exemption-full,"accounts category, NOT turnover",43220,"3 Dava Street, Glasgow",G51 2JA,https://find-and-update.company-information.service.gov.uk/company/SC704009,,TO BE ENRICHED — not held by Companies House,legitimate interests (LIA required before contact),Companies House public API,2026-07-12T04:36:58+00:00
EDWARDS POWER LIMITED,14082725,B_COMPLIANCE_DROWNED,micro filer (micro-entity),ltd,corporate subscriber,2022-05-03,micro-entity,"accounts category, NOT turnover",43210; 70229,"152 Sheerstock Haddenham, Aylesbury, Buckinghamshire",HP17 8EX,https://find-and-update.company-information.service.gov.uk/company/14082725,,TO BE ENRICHED — not held by Companies House,legitimate interests (LIA required before contact),Companies House public API,2026-07-12T04:36:59+00:00
HEIGHT-EX NORTH WEST LIMITED,10751785,B_COMPLIANCE_DROWNED,micro filer (micro-entity),ltd,corporate subscriber,2017-05-03,micro-entity,"accounts category, NOT turnover",43210,"17 Victoria Road East, Thornton Cleveleys, Lancashire",FY5 5HT,https://find-and-update.company-information.service.gov.uk/company/10751785,,TO BE ENRICHED — not held by Companies House,legitimate interests (LIA required before contact),Companies House public API,2026-07-12T04:37:00+00:00
P & P PLUMBING AND HEATING INSTALLATIONS LIMITED,11962983,B_COMPLIANCE_DROWNED,micro filer (micro-entity),ltd,corporate subscriber,2019-04-25,micro-entity,"accounts category, NOT turnover",43220,"145 Grimsby Road, Cleethorpes",DN35 7DG,https://find-and-update.company-information.service.gov.uk/company/11962983,,TO BE ENRICHED — not held by Companies House,legitimate interests (LIA required before contact),Companies House public API,2026-07-12T04:37:01+00:00
GO WITH THE FLOW PLUMBING AND HEATING LTD,07090461,B_COMPLIANCE_DROWNED,micro filer (micro-entity),ltd,corporate subscriber,2009-11-30,micro-entity,"accounts category, NOT turnover",43220,"40c Longrdge Road, Earls Court, London",SW5 9SJ,https://find-and-update.company-information.service.gov.uk/company/07090461,,TO BE ENRICHED — not held by Companies House,legitimate interests (LIA required before contact),Companies House public API,2026-07-12T04:37:02+00:00
LEON CARPENTRY LIMITED,10751232,B_COMPLIANCE_DROWNED,micro filer (micro-entity),ltd,corporate subscriber,2017-05-03,micro-entity,"accounts category, NOT turnover",43290; 43320; 43390,"92 New Road, London",E4 9SY,https://find-and-update.company-information.service.gov.uk/company/10751232,,TO BE ENRICHED — not held by Companies House,legitimate interests (LIA required before contact),Companies House public API,2026-07-12T04:37:02+00:00
AJM PLUMBING & HEATING NI LIMITED,NI668324,B_COMPLIANCE_DROWNED,micro filer (micro-entity),ltd,corporate subscriber,2020-03-09,micro-entity,"accounts category, NOT turnover",43220,"Aisling House, 50 Stranmillis Embankment, Belfast",BT9 5FL,https://find-and-update.company-information.service.gov.uk/company/NI668324,,TO BE ENRICHED — not held by Companies House,legitimate interests (LIA required before contact),Companies House public API,2026-07-12T04:37:03+00:00
USE SOLAR LTD,14326883,B_COMPLIANCE_DROWNED,micro filer (micro-entity),ltd,corporate subscriber,2022-08-31,micro-entity,"accounts category, NOT turnover",43290,"24 Unit 24 Britannia Way, Park Royal Metro Centre, London",NW10 7PA,https://find-and-update.company-information.service.gov.uk/company/14326883,,TO BE ENRICHED — not held by Companies House,legitimate interests (LIA required before contact),Companies House public API,2026-07-12T04:37:05+00:00
C K SERVICES (HORNCASTLE) LIMITED,05229434,B_COMPLIANCE_DROWNED,micro filer (micro-entity),ltd,corporate subscriber,2004-09-13,micro-entity,"accounts category, NOT turnover",43220,"10 Park Road, Horncastle",LN9 5EF,https://find-and-update.company-information.service.gov.uk/company/05229434,,TO BE ENRICHED — not held by Companies House,legitimate interests (LIA required before contact),Companies House public API,2026-07-12T04:37:07+00:00
ICAN PROJECT SOLUTIONS LTD,05472261,B_COMPLIANCE_DROWNED,micro filer (micro-entity),ltd,corporate subscriber,2005-06-06,micro-entity,"accounts category, NOT turnover",43210,"7 Bankside, The Watermark, Gateshead",NE11 9SY,https://find-and-update.company-information.service.gov.uk/company/05472261,,TO BE ENRICHED — not held by Companies House,legitimate interests (LIA required before contact),Companies House public API,2026-07-12T04:37:10+00:00
J SUTCLIFFE (BOLTON) LTD,12452293,B_COMPLIANCE_DROWNED,micro filer (micro-entity),ltd,corporate subscriber,2020-02-10,micro-entity,"accounts category, NOT turnover",43220,"35 Denstone Crescent, Bolton",BL2 5DE,https://find-and-update.company-information.service.gov.uk/company/12452293,,TO BE ENRICHED — not held by Companies House,legitimate interests (LIA required before contact),Companies House public API,2026-07-12T04:37:11+00:00
HAYK CORPORATION LTD,11545901,B_COMPLIANCE_DROWNED,micro filer (micro-entity),ltd,corporate subscriber,2018-08-31,micro-entity,"accounts category, NOT turnover",33140; 33200; 43210,"627 Field End Road, Ruislip",HA4 0RF,https://find-and-update.company-information.service.gov.uk/company/11545901,,TO BE ENRICHED — not held by Companies House,legitimate interests (LIA required before contact),Companies House public API,2026-07-12T04:37:11+00:00
SHINNIE ELECTRICAL LIMITED,SC544212,B_COMPLIANCE_DROWNED,micro filer (micro-entity),ltd,corporate subscriber,2016-08-31,micro-entity,"accounts category, NOT turnover",43210,"9 Fassiefern Avenue, Bridge Of Don, Aberdeen",AB23 8BZ,https://find-and-update.company-information.service.gov.uk/company/SC544212,,TO BE ENRICHED — not held by Companies House,legitimate interests (LIA required before contact),Companies House public API,2026-07-12T04:37:13+00:00
S. C. ELECTRICAL (NORTH WEST) LIMITED,10178707,B_COMPLIANCE_DROWNED,micro filer (micro-entity),ltd,corporate subscriber,2016-05-13,micro-entity,"accounts category, NOT turnover",43210,"Toy Farm Washington Lane, Euxton, Chorley",PR7 6DE,https://find-and-update.company-information.service.gov.uk/company/10178707,,TO BE ENRICHED — not held by Companies House,legitimate interests (LIA required before contact),Companies House public API,2026-07-12T04:37:14+00:00
LBC NEW HOMES LTD,12020127,B_COMPLIANCE_DROWNED,micro filer (micro-entity),ltd,corporate subscriber,2019-05-28,micro-entity,"accounts category, NOT turnover",43210,"59 Chantry Ave, Kempston, Beds",MK42 7QX,https://find-and-update.company-information.service.gov.uk/company/12020127,,TO BE ENRICHED — not held by Companies House,legitimate interests (LIA required before contact),Companies House public API,2026-07-12T04:37:16+00:00
ABBEY SOLAR RENEWABLES LIMITED,08543143,B_COMPLIANCE_DROWNED,micro filer (micro-entity),ltd,corporate subscriber,2013-05-24,micro-entity,"accounts category, NOT turnover",35110; 43220,"Church Court, Stourbridge Road, Halesowen, West Midlands",B63 3TT,https://find-and-update.company-information.service.gov.uk/company/08543143,,TO BE ENRICHED — not held by Companies House,legitimate interests (LIA required before contact),Companies House public API,2026-07-12T04:37:17+00:00
EBS ELECTRICAL LIMITED,04478289,B_COMPLIANCE_DROWNED,micro filer (micro-entity),ltd,corporate subscriber,2002-07-05,micro-entity,"accounts category, NOT turnover",43210,"8 Holly Walk, Silsoe, Bedford",MK45 4EB,https://find-and-update.company-information.service.gov.uk/company/04478289,,TO BE ENRICHED — not held by Companies House,legitimate interests (LIA required before contact),Companies House public API,2026-07-12T04:37:18+00:00
BLAYMIRES PLUMBING & HEATING LIMITED,11549828,B_COMPLIANCE_DROWNED,micro filer (micro-entity),ltd,corporate subscriber,2018-09-03,micro-entity,"accounts category, NOT turnover",43220,"Office 010 Upper Wortley Business Centre, 127 Upper Wortley Road, Leeds",LS12 4JG,https://find-and-update.company-information.service.gov.uk/company/11549828,,TO BE ENRICHED — not held by Companies House,legitimate interests (LIA required before contact),Companies House public API,2026-07-12T04:37:19+00:00
HOME DESIGN ELECTRICAL LTD,13258810,B_COMPLIANCE_DROWNED,micro filer (micro-entity),ltd,corporate subscriber,2021-03-11,micro-entity,"accounts category, NOT turnover",43210,"466 Hammondstreet Road, Cheshunt, Waltham Cross",EN7 6PQ,https://find-and-update.company-information.service.gov.uk/company/13258810,,TO BE ENRICHED — not held by Companies House,legitimate interests (LIA required before contact),Companies House public API,2026-07-12T04:37:20+00:00
AC KITCHENS & BATHROOMS LTD,09626308,B_COMPLIANCE_DROWNED,micro filer (micro-entity),ltd,corporate subscriber,2015-06-05,micro-entity,"accounts category, NOT turnover",43290,"Suite 3, Falcon Court Business Centre, College Road, Maidstone",ME15 6TF,https://find-and-update.company-information.service.gov.uk/company/09626308,,TO BE ENRICHED — not held by Companies House,legitimate interests (LIA required before contact),Companies House public API,2026-07-12T04:37:21+00:00
STUART YOUNG HEATING SERVICES LIMITED,12004530,B_COMPLIANCE_DROWNED,micro filer (micro-entity),ltd,corporate subscriber,2019-05-20,micro-entity,"accounts category, NOT turnover",43220,"Suite 1 Telford House, Warwick Road, Carlisle",CA1 2BT,https://find-and-update.company-information.service.gov.uk/company/12004530,,TO BE ENRICHED — not held by Companies House,legitimate interests (LIA required before contact),Companies House public API,2026-07-12T04:37:22+00:00
SC ECO GROUP LTD,09748522,B_COMPLIANCE_DROWNED,micro filer (micro-entity),ltd,corporate subscriber,2015-08-25,micro-entity,"accounts category, NOT turnover",43220,"73 Broad Lane South, Wednesfield, Wolverhampton",WV11 3RX,https://find-and-update.company-information.service.gov.uk/company/09748522,,TO BE ENRICHED — not held by Companies House,legitimate interests (LIA required before contact),Companies House public API,2026-07-12T04:37:23+00:00
I A MORELAND LIMITED,05797096,B_COMPLIANCE_DROWNED,micro filer (micro-entity),ltd,corporate subscriber,2006-04-26,micro-entity,"accounts category, NOT turnover",43220,"1 Heather Lane, Packington, Ashby-De-La-Zouch, Leicestershire",LE65 1WF,https://find-and-update.company-information.service.gov.uk/company/05797096,,TO BE ENRICHED — not held by Companies House,legitimate interests (LIA required before contact),Companies House public API,2026-07-12T04:37:24+00:00
M-LEX LONDON LIMITED,13996142,B_COMPLIANCE_DROWNED,micro filer (micro-entity),ltd,corporate subscriber,2022-03-22,micro-entity,"accounts category, NOT turnover",43210,"188 Mitcham Road, London",SW17 9NJ,https://find-and-update.company-information.service.gov.uk/company/13996142,,TO BE ENRICHED — not held by Companies House,legitimate interests (LIA required before contact),Companies House public API,2026-07-12T04:37:24+00:00
SPEEDY PLUMBING LTD,13831363,B_COMPLIANCE_DROWNED,micro filer (micro-entity),ltd,corporate subscriber,2022-01-06,micro-entity,"accounts category, NOT turnover",43220,"24 Swanland Grove, Hull",HU6 8NY,https://find-and-update.company-information.service.gov.uk/company/13831363,,TO BE ENRICHED — not held by Companies House,legitimate interests (LIA required before contact),Companies House public API,2026-07-12T04:37:25+00:00
GJK PLUMBING & HEATING LTD,NI697696,B_COMPLIANCE_DROWNED,"young (2023), total-exemption-full filer",ltd,corporate subscriber,2023-05-26,total-exemption-full,"accounts category, NOT turnover",43220,"86 Aughnagurgan Road, Newtownhamilton, Newry",BT35 0DY,https://find-and-update.company-information.service.gov.uk/company/NI697696,,TO BE ENRICHED — not held by Companies House,legitimate interests (LIA required before contact),Companies House public API,2026-07-12T04:37:26+00:00
ANGMERING ELECTRICAL SERVICES LTD,11746865,B_COMPLIANCE_DROWNED,micro filer (micro-entity),ltd,corporate subscriber,2019-01-02,micro-entity,"accounts category, NOT turnover",43210,"158 Littlehampton Road, Ferring, Worthing",BN12 6PH,https://find-and-update.company-information.service.gov.uk/company/11746865,,TO BE ENRICHED — not held by Companies House,legitimate interests (LIA required before contact),Companies House public API,2026-07-12T04:37:29+00:00
PT NETWORKS LTD,SC531319,B_COMPLIANCE_DROWNED,micro filer (micro-entity),ltd,corporate subscriber,2016-03-31,micro-entity,"accounts category, NOT turnover",43210,"3 Prospect Place, Westhill, Aberdeenshire",AB32 6SY,https://find-and-update.company-information.service.gov.uk/company/SC531319,,TO BE ENRICHED — not held by Companies House,legitimate interests (LIA required before contact),Companies House public API,2026-07-12T04:37:31+00:00
J & M ELECTRICAL WEST LONDON LTD,08646108,B_COMPLIANCE_DROWNED,micro filer (micro-entity),ltd,corporate subscriber,2013-08-12,micro-entity,"accounts category, NOT turnover",43210,"30 Ruffle Close, West Drayton",UB7 9BP,https://find-and-update.company-information.service.gov.uk/company/08646108,,TO BE ENRICHED — not held by Companies House,legitimate interests (LIA required before contact),Companies House public API,2026-07-12T04:37:32+00:00
MJL PLUMBING AND BATHROOMS LTD,14855020,B_COMPLIANCE_DROWNED,micro filer (micro-entity),ltd,corporate subscriber,2023-05-09,micro-entity,"accounts category, NOT turnover",43220,"62 Penybont Road, Pencoed, Bridgend, Mid Glamorgan",CF35 5RA,https://find-and-update.company-information.service.gov.uk/company/14855020,,TO BE ENRICHED — not held by Companies House,legitimate interests (LIA required before contact),Companies House public API,2026-07-12T04:37:33+00:00
NEW WAVE PLUMBING & HEATING SERVICES LTD,12177959,B_COMPLIANCE_DROWNED,micro filer (micro-entity),ltd,corporate subscriber,2019-08-28,micro-entity,"accounts category, NOT turnover",43220,"65 Sorrell Square, Clipstone Village, Nottinghamshire",NG21 9GX,https://find-and-update.company-information.service.gov.uk/company/12177959,,TO BE ENRICHED — not held by Companies House,legitimate interests (LIA required before contact),Companies House public API,2026-07-12T04:37:35+00:00
T.O. SKILLETER LIMITED,07641307,B_COMPLIANCE_DROWNED,micro filer (micro-entity),ltd,corporate subscriber,2011-05-20,micro-entity,"accounts category, NOT turnover",43220,"Wychwood, 123 Busbridge Lane, Godalming",GU7 1QJ,https://find-and-update.company-information.service.gov.uk/company/07641307,,TO BE ENRICHED — not held by Companies House,legitimate interests (LIA required before contact),Companies House public API,2026-07-12T04:37:37+00:00
OAKTREE MAINTENANCE & DESIGN LIMITED,10921454,B_COMPLIANCE_DROWNED,micro filer (micro-entity),ltd,corporate subscriber,2017-08-17,micro-entity,"accounts category, NOT turnover",43290,"6 Chatsworth Avenue, Warton, Preston",PR4 1BQ,https://find-and-update.company-information.service.gov.uk/company/10921454,,TO BE ENRICHED — not held by Companies House,legitimate interests (LIA required before contact),Companies House public API,2026-07-12T04:37:39+00:00
MITCHELL PLUMBING & HEATING SERVICES LTD,11871075,B_COMPLIANCE_DROWNED,micro filer (micro-entity),ltd,corporate subscriber,2019-03-08,micro-entity,"accounts category, NOT turnover",43220,"5 Philip Road, Staines-Upon-Thames",TW18 1PW,https://find-and-update.company-information.service.gov.uk/company/11871075,,TO BE ENRICHED — not held by Companies House,legitimate interests (LIA required before contact),Companies House public API,2026-07-12T04:37:41+00:00
RFG ELEC SERVICES LIMITED,14356152,B_COMPLIANCE_DROWNED,micro filer (micro-entity),ltd,corporate subscriber,2022-09-14,micro-entity,"accounts category, NOT turnover",43210,"168 Lee Lane Horwich, Bolton, Greater Manchester",BL6 7AF,https://find-and-update.company-information.service.gov.uk/company/14356152,,TO BE ENRICHED — not held by Companies House,legitimate interests (LIA required before contact),Companies House public API,2026-07-12T04:37:43+00:00
J. BOLAS & SON LIMITED,01170852,B_COMPLIANCE_DROWNED,micro filer (micro-entity),ltd,corporate subscriber,1974-05-20,micro-entity,"accounts category, NOT turnover",43220,"84-90 Market Street, Hednesford, Cannock",WS12 1AG,https://find-and-update.company-information.service.gov.uk/company/01170852,,TO BE ENRICHED — not held by Companies House,legitimate interests (LIA required before contact),Companies House public API,2026-07-12T04:37:44+00:00
CROFT BANK DEVELOPMENTS LIMITED,07098527,B_COMPLIANCE_DROWNED,micro filer (micro-entity),ltd,corporate subscriber,2009-12-08,micro-entity,"accounts category, NOT turnover",43290,"Plantation House Lynn Road, Littleport, Ely, Cambridgeshire",CB7 4TD,https://find-and-update.company-information.service.gov.uk/company/07098527,,TO BE ENRICHED — not held by Companies House,legitimate interests (LIA required before contact),Companies House public API,2026-07-12T04:37:44+00:00
DTC ELECTRICS LIMITED,10925113,B_COMPLIANCE_DROWNED,micro filer (micro-entity),ltd,corporate subscriber,2017-08-21,micro-entity,"accounts category, NOT turnover",43210,"123 South Park Crescent, London",SE6 1JL,https://find-and-update.company-information.service.gov.uk/company/10925113,,TO BE ENRICHED — not held by Companies House,legitimate interests (LIA required before contact),Companies House public API,2026-07-12T04:37:45+00:00
ENERGY PERFORMANCE INITIATIVES LTD,15748695,B_COMPLIANCE_DROWNED,micro filer (micro-entity),ltd,corporate subscriber,2024-05-29,micro-entity,"accounts category, NOT turnover",43290,"18 Ravenshurst Avenue, London",NW4 4EE,https://find-and-update.company-information.service.gov.uk/company/15748695,,TO BE ENRICHED — not held by Companies House,legitimate interests (LIA required before contact),Companies House public API,2026-07-12T04:37:46+00:00
GRITIRON LTD,15748813,B_COMPLIANCE_DROWNED,micro filer (micro-entity),ltd,corporate subscriber,2024-05-29,micro-entity,"accounts category, NOT turnover",43290; 70229,"18 Langley Hill, Calcot, Reading, Berkshire",RG31 4QU,https://find-and-update.company-information.service.gov.uk/company/15748813,,TO BE ENRICHED — not held by Companies House,legitimate interests (LIA required before contact),Companies House public API,2026-07-12T04:37:47+00:00
RAYLEIGH SERVICES LTD,14340140,B_COMPLIANCE_DROWNED,micro filer (micro-entity),ltd,corporate subscriber,2022-09-06,micro-entity,"accounts category, NOT turnover",43210,"Unit 7a Radford Crescent, Radford Crescent, Billericay, Essex",CM12 0DU,https://find-and-update.company-information.service.gov.uk/company/14340140,,TO BE ENRICHED — not held by Companies House,legitimate interests (LIA required before contact),Companies House public API,2026-07-12T04:37:50+00:00
J AND R PLUMBING & HEATING LIMITED,06918591,B_COMPLIANCE_DROWNED,micro filer (micro-entity),ltd,corporate subscriber,2009-05-29,micro-entity,"accounts category, NOT turnover",43220,"112 Urmston Lane, Stretford, Manchester",M32 9BQ,https://find-and-update.company-information.service.gov.uk/company/06918591,,TO BE ENRICHED — not held by Companies House,legitimate interests (LIA required before contact),Companies House public API,2026-07-12T04:37:51+00:00
INGERLITE ELECTRICAL & PROPERTY SERVICES LIMITED,11864632,B_COMPLIANCE_DROWNED,micro filer (micro-entity),ltd,corporate subscriber,2019-03-06,micro-entity,"accounts category, NOT turnover",43210,"Tickton Lodge, 8 Bellevue Road, Clevedon, North Somerset",BS21 7NR,https://find-and-update.company-information.service.gov.uk/company/11864632,,TO BE ENRICHED — not held by Companies House,legitimate interests (LIA required before contact),Companies House public API,2026-07-12T04:37:52+00:00
A BOOTH PLUMBING LTD,10352156,B_COMPLIANCE_DROWNED,micro filer (micro-entity),ltd,corporate subscriber,2016-08-31,micro-entity,"accounts category, NOT turnover",43220; 98000,"Tremayne, London Road, Retford",DN22 7HZ,https://find-and-update.company-information.service.gov.uk/company/10352156,,TO BE ENRICHED — not held by Companies House,legitimate interests (LIA required before contact),Companies House public API,2026-07-12T04:37:53+00:00
RICHARD YARDY (2002) LIMITED,04505601,B_COMPLIANCE_DROWNED,micro filer (micro-entity),ltd,corporate subscriber,2002-08-07,micro-entity,"accounts category, NOT turnover",43210,"55 March Road, Wimblington, March, Cambridgeshire",PE15 0RW,https://find-and-update.company-information.service.gov.uk/company/04505601,,TO BE ENRICHED — not held by Companies House,legitimate interests (LIA required before contact),Companies House public API,2026-07-12T04:37:53+00:00
BIG BEN PLUMBING LTD,13797894,B_COMPLIANCE_DROWNED,micro filer (micro-entity),ltd,corporate subscriber,2021-12-13,micro-entity,"accounts category, NOT turnover",43220,"76e Chaplin Road, Wembley",HA0 4UL,https://find-and-update.company-information.service.gov.uk/company/13797894,,TO BE ENRICHED — not held by Companies House,legitimate interests (LIA required before contact),Companies House public API,2026-07-12T04:37:54+00:00
TUONO TECH SERVICES LTD,14322771,B_COMPLIANCE_DROWNED,"young (2022), total-exemption-full filer",ltd,corporate subscriber,2022-08-30,total-exemption-full,"accounts category, NOT turnover",43210; 43390; 71129,"C/O Connect Accounting Llp Rear Of Raydean House, 15 Western Parade, Herts, England",EN5 1AH,https://find-and-update.company-information.service.gov.uk/company/14322771,,TO BE ENRICHED — not held by Companies House,legitimate interests (LIA required before contact),Companies House public API,2026-07-12T04:37:55+00:00
DECO MECHANICAL LTD,09721300,B_COMPLIANCE_DROWNED,micro filer (micro-entity),ltd,corporate subscriber,2015-08-06,micro-entity,"accounts category, NOT turnover",43220,"160 Eureka Park Upper Pemberton, Kennington, Ashford",TN25 4AZ,https://find-and-update.company-information.service.gov.uk/company/09721300,,TO BE ENRICHED — not held by Companies House,legitimate interests (LIA required before contact),Companies House public API,2026-07-12T04:37:56+00:00
SF ELECTRICS LIMITED,NI647228,B_COMPLIANCE_DROWNED,micro filer (micro-entity),ltd,corporate subscriber,2017-08-02,micro-entity,"accounts category, NOT turnover",43210,"38a Low Rd, Ayallogue, Newry, Down",BT35 8RH,https://find-and-update.company-information.service.gov.uk/company/NI647228,,TO BE ENRICHED — not held by Companies House,legitimate interests (LIA required before contact),Companies House public API,2026-07-12T04:37:57+00:00
NOTTING HILL ELECTRICAL SERVICES LIMITED,12011087,B_COMPLIANCE_DROWNED,micro filer (micro-entity),ltd,corporate subscriber,2019-05-22,micro-entity,"accounts category, NOT turnover",43210,"77 St. Anns Road, London",W11 4SH,https://find-and-update.company-information.service.gov.uk/company/12011087,,TO BE ENRICHED — not held by Companies House,legitimate interests (LIA required before contact),Companies House public API,2026-07-12T04:37:58+00:00
WOLLATON ELECTRICAL LTD,13552515,B_COMPLIANCE_DROWNED,micro filer (micro-entity),ltd,corporate subscriber,2021-08-06,micro-entity,"accounts category, NOT turnover",43210,"6 Beverley Close, Nottingham",NG8 2JH,https://find-and-update.company-information.service.gov.uk/company/13552515,,TO BE ENRICHED — not held by Companies House,legitimate interests (LIA required before contact),Companies House public API,2026-07-12T04:38:02+00:00
APEX HEAT LTD,12830629,B_COMPLIANCE_DROWNED,micro filer (micro-entity),ltd,corporate subscriber,2020-08-21,micro-entity,"accounts category, NOT turnover",43220,"6 Poplar Close, Burstwick, Hull",HU12 9HZ,https://find-and-update.company-information.service.gov.uk/company/12830629,,TO BE ENRICHED — not held by Companies House,legitimate interests (LIA required before contact),Companies House public API,2026-07-12T04:38:03+00:00
JASMAN ELECTRICS LTD,13582816,B_COMPLIANCE_DROWNED,"young (2021), total-exemption-full filer",ltd,corporate subscriber,2021-08-24,total-exemption-full,"accounts category, NOT turnover",33140; 43210,"6 The Riding, Leicester",LE4 1DW,https://find-and-update.company-information.service.gov.uk/company/13582816,,TO BE ENRICHED — not held by Companies House,legitimate interests (LIA required before contact),Companies House public API,2026-07-12T04:38:04+00:00
MPT HEATING & PLUMBING LTD,14116039,B_COMPLIANCE_DROWNED,micro filer (micro-entity),ltd,corporate subscriber,2022-05-18,micro-entity,"accounts category, NOT turnover",43220,"22 Sunbury Road, Cheam, Sutton",SM3 9AR,https://find-and-update.company-information.service.gov.uk/company/14116039,,TO BE ENRICHED — not held by Companies House,legitimate interests (LIA required before contact),Companies House public API,2026-07-12T04:38:04+00:00
L W UFH HEATING LIMITED,11517036,B_COMPLIANCE_DROWNED,micro filer (micro-entity),ltd,corporate subscriber,2018-08-14,micro-entity,"accounts category, NOT turnover",43220,"Fairways Cliff Walk, Pendine, Carmarthen",SA33 4PA,https://find-and-update.company-information.service.gov.uk/company/11517036,,TO BE ENRICHED — not held by Companies House,legitimate interests (LIA required before contact),Companies House public API,2026-07-12T04:38:05+00:00
COMPLETE PARTITIONS LIMITED,SC574397,B_COMPLIANCE_DROWNED,micro filer (micro-entity),ltd,corporate subscriber,2017-08-22,micro-entity,"accounts category, NOT turnover",43290,"C/O Grimley And Company, 172 Kelvinhaugh Street, Glasgow",G3 8PR,https://find-and-update.company-information.service.gov.uk/company/SC574397,,TO BE ENRICHED — not held by Companies House,legitimate interests (LIA required before contact),Companies House public API,2026-07-12T04:38:06+00:00
THORNDEAN PROJECTS LTD,11162832,B_COMPLIANCE_DROWNED,micro filer (micro-entity),ltd,corporate subscriber,2018-01-22,micro-entity,"accounts category, NOT turnover",43210,"Great Thorndean Farm Gables Slough Green Lane, Warninglid, Haywards Heath",RH17 5SL,https://find-and-update.company-information.service.gov.uk/company/11162832,,TO BE ENRICHED — not held by Companies House,legitimate interests (LIA required before contact),Companies House public API,2026-07-12T04:38:06+00:00
M & S MOORE LIMITED,05524444,B_COMPLIANCE_DROWNED,micro filer (micro-entity),ltd,corporate subscriber,2005-08-01,micro-entity,"accounts category, NOT turnover",43220,"Copperfield Chapel Lane, Broughton, Brigg, North Lincolnshire",DN20 0HP,https://find-and-update.company-information.service.gov.uk/company/05524444,,TO BE ENRICHED — not held by Companies House,legitimate interests (LIA required before contact),Companies House public API,2026-07-12T04:38:08+00:00
DAVIS PLUMBING GROUP LIMITED,14293405,B_COMPLIANCE_DROWNED,"young (2022), total-exemption-full filer",ltd,corporate subscriber,2022-08-12,total-exemption-full,"accounts category, NOT turnover",43220,"Worthy House, 14 Winchester Road, Basingstoke, Hampshire",RG21 8UQ,https://find-and-update.company-information.service.gov.uk/company/14293405,,TO BE ENRICHED — not held by Companies House,legitimate interests (LIA required before contact),Companies House public API,2026-07-12T04:38:09+00:00
HAARP BUILDING LTD,14367101,B_COMPLIANCE_DROWNED,micro filer (micro-entity),ltd,corporate subscriber,2022-09-21,micro-entity,"accounts category, NOT turnover",43290,"205 Keedonwood Road, Bromley",BR1 4QW,https://find-and-update.company-information.service.gov.uk/company/14367101,,TO BE ENRICHED — not held by Companies House,legitimate interests (LIA required before contact),Companies House public API,2026-07-12T04:38:10+00:00
DCL DOORS AND WINDOWS LTD,13466933,B_COMPLIANCE_DROWNED,micro filer (micro-entity),ltd,corporate subscriber,2021-06-21,micro-entity,"accounts category, NOT turnover",43290,"7 Badger Road, Thornbury, Bristol",BS35 1AB,https://find-and-update.company-information.service.gov.uk/company/13466933,,TO BE ENRICHED — not held by Companies House,legitimate interests (LIA required before contact),Companies House public API,2026-07-12T04:38:11+00:00
LOGOS CONTROLS LTD,13574474,B_COMPLIANCE_DROWNED,micro filer (micro-entity),ltd,corporate subscriber,2021-08-19,micro-entity,"accounts category, NOT turnover",43210; 63990,"33 Harecastle Way, Sandbach",CW11 3DQ,https://find-and-update.company-information.service.gov.uk/company/13574474,,TO BE ENRICHED — not held by Companies House,legitimate interests (LIA required before contact),Companies House public API,2026-07-12T04:38:11+00:00
MV ELECTRICS LTD,13590816,B_COMPLIANCE_DROWNED,"young (2021), unaudited-abridged filer",ltd,corporate subscriber,2021-08-27,unaudited-abridged,"accounts category, NOT turnover",43210,"28 Berryfield Park, Melksham",SN12 6EE,https://find-and-update.company-information.service.gov.uk/company/13590816,,TO BE ENRICHED — not held by Companies House,legitimate interests (LIA required before contact),Companies House public API,2026-07-12T04:38:12+00:00
T.BARRETT ALL TRADE CONTRACTORS LIMITED,10921140,B_COMPLIANCE_DROWNED,micro filer (micro-entity),ltd,corporate subscriber,2017-08-17,micro-entity,"accounts category, NOT turnover",43220; 43290,"21 Shibden Head Lane, Queensbury, Bradford",BD13 2NH,https://find-and-update.company-information.service.gov.uk/company/10921140,,TO BE ENRICHED — not held by Companies House,legitimate interests (LIA required before contact),Companies House public API,2026-07-12T04:38:13+00:00
PLUMB AND TILE LIMITED,10343822,B_COMPLIANCE_DROWNED,micro filer (micro-entity),ltd,corporate subscriber,2016-08-24,micro-entity,"accounts category, NOT turnover",43220; 43330,"27 West Belvedere, Danbury, Chelmsford",CM3 4RF,https://find-and-update.company-information.service.gov.uk/company/10343822,,TO BE ENRICHED — not held by Companies House,legitimate interests (LIA required before contact),Companies House public API,2026-07-12T04:38:13+00:00
INSIDE RENOVATIONS LTD,SC629427,B_COMPLIANCE_DROWNED,micro filer (micro-entity),ltd,corporate subscriber,2019-05-03,micro-entity,"accounts category, NOT turnover",43220; 43310; 43320; 43390,"15 Hillwood Rise, Ratho Station, Newbridge",EH28 8QB,https://find-and-update.company-information.service.gov.uk/company/SC629427,,TO BE ENRICHED — not held by Companies House,legitimate interests (LIA required before contact),Companies House public API,2026-07-12T04:38:14+00:00
CARROLL ELECTRICAL CONTRACTORS LTD,14014243,B_COMPLIANCE_DROWNED,"young (2022), total-exemption-full filer",ltd,corporate subscriber,2022-03-30,total-exemption-full,"accounts category, NOT turnover",43210,"4 Robin Close, Abbeydale, Gloucester",GL4 4UY,https://find-and-update.company-information.service.gov.uk/company/14014243,,TO BE ENRICHED — not held by Companies House,legitimate interests (LIA required before contact),Companies House public API,2026-07-12T04:38:15+00:00
BUILDING MAINTENANCE AND ELECTRICAL LTD,14081082,B_COMPLIANCE_DROWNED,micro filer (micro-entity),ltd,corporate subscriber,2022-05-03,micro-entity,"accounts category, NOT turnover",43210,"Chestnut Field House, Chestnut Field, Rugby",CV21 2PD,https://find-and-update.company-information.service.gov.uk/company/14081082,,TO BE ENRICHED — not held by Companies House,legitimate interests (LIA required before contact),Companies House public API,2026-07-12T04:38:15+00:00
MILSON SERVICES LIMITED,11979553,B_COMPLIANCE_DROWNED,micro filer (micro-entity),ltd,corporate subscriber,2019-05-03,micro-entity,"accounts category, NOT turnover",43220,"29 Malvern Avenue, Grimsby",DN33 1EQ,https://find-and-update.company-information.service.gov.uk/company/11979553,,TO BE ENRICHED — not held by Companies House,legitimate interests (LIA required before contact),Companies House public API,2026-07-12T04:38:16+00:00
MAPH LIMITED,10753060,B_COMPLIANCE_DROWNED,micro filer (micro-entity),ltd,corporate subscriber,2017-05-03,micro-entity,"accounts category, NOT turnover",43220,"35 Church Road, Moseley, Birmingham, West Midlands",B13 9ED,https://find-and-update.company-information.service.gov.uk/company/10753060,,TO BE ENRICHED — not held by Companies House,legitimate interests (LIA required before contact),Companies House public API,2026-07-12T04:38:17+00:00
ROSEBURN LTD,SC740511,B_COMPLIANCE_DROWNED,micro filer (micro-entity),ltd,corporate subscriber,2022-08-06,micro-entity,"accounts category, NOT turnover",43290,"6 Hopepark Drive, Glasgow",G68 9FH,https://find-and-update.company-information.service.gov.uk/company/SC740511,,TO BE ENRICHED — not held by Companies House,legitimate interests (LIA required before contact),Companies House public API,2026-07-12T04:38:19+00:00
CHS GLASGOW LTD,SC591538,B_COMPLIANCE_DROWNED,micro filer (micro-entity),ltd,corporate subscriber,2018-03-15,micro-entity,"accounts category, NOT turnover",43220,"Caledonia House, 89 Seaward Street, Glasgow",G41 1HJ,https://find-and-update.company-information.service.gov.uk/company/SC591538,,TO BE ENRICHED — not held by Companies House,legitimate interests (LIA required before contact),Companies House public API,2026-07-12T04:38:20+00:00
RETROFIT CONSULTANCY LIMITED,13277125,B_COMPLIANCE_DROWNED,micro filer (micro-entity),ltd,corporate subscriber,2021-03-19,micro-entity,"accounts category, NOT turnover",43290,"5 Wheelwright Close, Leeds",LS12 4UP,https://find-and-update.company-information.service.gov.uk/company/13277125,,TO BE ENRICHED — not held by Companies House,legitimate interests (LIA required before contact),Companies House public API,2026-07-12T04:38:22+00:00
LSB FENCING LTD,10171077,B_COMPLIANCE_DROWNED,micro filer (micro-entity),ltd,corporate subscriber,2016-05-09,micro-entity,"accounts category, NOT turnover",43290,"The Old Dairy Lodge Lees Farm, Lodge Lees, Denton Nr Canterbury, Kent",CT4 6NS,https://find-and-update.company-information.service.gov.uk/company/10171077,,TO BE ENRICHED — not held by Companies House,legitimate interests (LIA required before contact),Companies House public API,2026-07-12T04:38:23+00:00
RD ELECTRICAL & MAINTENANCE SERVICES LTD,14887260,B_COMPLIANCE_DROWNED,micro filer (micro-entity),ltd,corporate subscriber,2023-05-23,micro-entity,"accounts category, NOT turnover",33140; 43210; 95210,"Croft Barn, Coniston Cold, Skipton",BD23 4EA,https://find-and-update.company-information.service.gov.uk/company/14887260,,TO BE ENRICHED — not held by Companies House,legitimate interests (LIA required before contact),Companies House public API,2026-07-12T04:38:26+00:00
HODGSONCOM LIMITED,09514688,B_COMPLIANCE_DROWNED,micro filer (micro-entity),ltd,corporate subscriber,2015-03-27,micro-entity,"accounts category, NOT turnover",43220,"45 Rose Green Road, Bognor Regis, West Sussex",PO21 3ES,https://find-and-update.company-information.service.gov.uk/company/09514688,,TO BE ENRICHED — not held by Companies House,legitimate interests (LIA required before contact),Companies House public API,2026-07-12T04:38:27+00:00
AFH ELECTRICAL LIMITED,12610272,B_COMPLIANCE_DROWNED,micro filer (micro-entity),ltd,corporate subscriber,2020-05-19,micro-entity,"accounts category, NOT turnover",43210,"Natwest Chambers, 143-146 High Street, Cradley Heath",B64 5HJ,https://find-and-update.company-information.service.gov.uk/company/12610272,,TO BE ENRICHED — not held by Companies House,legitimate interests (LIA required before contact),Companies House public API,2026-07-12T04:38:28+00:00
KDT PROPERTY SERVICES LTD,09598865,B_COMPLIANCE_DROWNED,micro filer (micro-entity),ltd,corporate subscriber,2015-05-19,micro-entity,"accounts category, NOT turnover",43220; 43290,"22 Binswood Avenue, Newcastle Upon Tyne",NE5 3PN,https://find-and-update.company-information.service.gov.uk/company/09598865,,TO BE ENRICHED — not held by Companies House,legitimate interests (LIA required before contact),Companies House public API,2026-07-12T04:38:29+00:00
BERKS & HANTS PROPERTY MAINTENANCE LTD,14381699,B_COMPLIANCE_DROWNED,micro filer (micro-entity),ltd,corporate subscriber,2022-09-28,micro-entity,"accounts category, NOT turnover",43120; 43290; 43910; 81300,"23a The Precinct, London Road, Waterlooville, Hampshire",PO7 7DT,https://find-and-update.company-information.service.gov.uk/company/14381699,,TO BE ENRICHED — not held by Companies House,legitimate interests (LIA required before contact),Companies House public API,2026-07-12T04:38:29+00:00
IM MCCLUSKEY LTD,NI046205,B_COMPLIANCE_DROWNED,micro filer (micro-entity),ltd,corporate subscriber,2003-04-14,micro-entity,"accounts category, NOT turnover",43220,"Lisnagleer, Carland, Dungannon",BT70 3LN,https://find-and-update.company-information.service.gov.uk/company/NI046205,,TO BE ENRICHED — not held by Companies House,legitimate interests (LIA required before contact),Companies House public API,2026-07-12T04:38:30+00:00
CCM MECHANICAL SOLUTIONS LIMITED,14887995,B_COMPLIANCE_DROWNED,micro filer (micro-entity),ltd,corporate subscriber,2023-05-23,micro-entity,"accounts category, NOT turnover",43210,"17 Victoria Road East, Thornton Cleveleys, Lancashire",FY5 5HT,https://find-and-update.company-information.service.gov.uk/company/14887995,,TO BE ENRICHED — not held by Companies House,legitimate interests (LIA required before contact),Companies House public API,2026-07-12T04:38:33+00:00
DESIGN BY CLARKSTON INTERIORS LTD,SC709732,B_COMPLIANCE_DROWNED,"young (2021), total-exemption-full filer",ltd,corporate subscriber,2021-09-17,total-exemption-full,"accounts category, NOT turnover",43290; 43320; 43390,"4 Newton Place, C/O Hawthorn Tax, Glasgow",G3 7PR,https://find-and-update.company-information.service.gov.uk/company/SC709732,,TO BE ENRICHED — not held by Companies House,legitimate interests (LIA required before contact),Companies House public API,2026-07-12T04:38:33+00:00
PRIME ELECTRICAL ENERGY LTD,11881677,B_COMPLIANCE_DROWNED,micro filer (micro-entity),ltd,corporate subscriber,2019-03-14,micro-entity,"accounts category, NOT turnover",43210,"10 Kenilworth Drive, Aylesbury",HP19 9QE,https://find-and-update.company-information.service.gov.uk/company/11881677,,TO BE ENRICHED — not held by Companies House,legitimate interests (LIA required before contact),Companies House public API,2026-07-12T04:38:35+00:00
M. LEVERIDGE PROPERTY SERVICES LIMITED,14868213,B_COMPLIANCE_DROWNED,"young (2023), total-exemption-full filer",ltd,corporate subscriber,2023-05-15,total-exemption-full,"accounts category, NOT turnover",43220; 43390,"Unit 3 Lees Hall Farm, Lees Hall Road, Thornhill Lees, West Yorkshrie",WF12 9EQ,https://find-and-update.company-information.service.gov.uk/company/14868213,,TO BE ENRICHED — not held by Companies House,legitimate interests (LIA required before contact),Companies House public API,2026-07-12T04:38:35+00:00
AMPLE ELECTRICAL SERVICES LIMITED,13983290,B_COMPLIANCE_DROWNED,"young (2022), total-exemption-full filer",ltd,corporate subscriber,2022-03-17,total-exemption-full,"accounts category, NOT turnover",43210,"3 Aldridge Close, Chelmsford",CM2 6QG,https://find-and-update.company-information.service.gov.uk/company/13983290,,TO BE ENRICHED — not held by Companies House,legitimate interests (LIA required before contact),Companies House public API,2026-07-12T04:38:36+00:00
S.L.H.C. ELECTRICAL LTD,09224291,B_COMPLIANCE_DROWNED,micro filer (micro-entity),ltd,corporate subscriber,2014-09-18,micro-entity,"accounts category, NOT turnover",43210,"44 Broadleas Road, Devizes, Wiltshire",SN10 5DQ,https://find-and-update.company-information.service.gov.uk/company/09224291,,TO BE ENRICHED — not held by Companies House,legitimate interests (LIA required before contact),Companies House public API,2026-07-12T04:38:37+00:00
REPUFIT WINDOWS AND DOORS LTD,SC782675,B_COMPLIANCE_DROWNED,micro filer (micro-entity),ltd,corporate subscriber,2023-09-15,micro-entity,"accounts category, NOT turnover",43290,"37 Wedderburn Street, Dunfermline, Fife",KY11 4PL,https://find-and-update.company-information.service.gov.uk/company/SC782675,,TO BE ENRICHED — not held by Companies House,legitimate interests (LIA required before contact),Companies House public API,2026-07-12T04:38:38+00:00
S. HARRISON PLUMBING LIMITED,10830590,B_COMPLIANCE_DROWNED,micro filer (micro-entity),ltd,corporate subscriber,2017-06-22,micro-entity,"accounts category, NOT turnover",43220,"The Old Granary Comby Heugh Farm, Wark, Hexham, Northumberland",NE48 3PD,https://find-and-update.company-information.service.gov.uk/company/10830590,,TO BE ENRICHED — not held by Companies House,legitimate interests (LIA required before contact),Companies House public API,2026-07-12T04:38:39+00:00
BROMLEY PLUMBERS LIMITED,10708023,B_COMPLIANCE_DROWNED,micro filer (micro-entity),ltd,corporate subscriber,2017-04-04,micro-entity,"accounts category, NOT turnover",43220,"C/O Azets River House, 1 Maidstone Road, Sidcup, Kent",DA14 5RH,https://find-and-update.company-information.service.gov.uk/company/10708023,,TO BE ENRICHED — not held by Companies House,legitimate interests (LIA required before contact),Companies House public API,2026-07-12T04:38:40+00:00
HA ENTERPRISES LONDON LTD,11191903,B_COMPLIANCE_DROWNED,micro filer (micro-entity),ltd,corporate subscriber,2018-02-07,micro-entity,"accounts category, NOT turnover",43220; 43290; 43999,"90 Shrewsbury Road, London",E7 8AL,https://find-and-update.company-information.service.gov.uk/company/11191903,,TO BE ENRICHED — not held by Companies House,legitimate interests (LIA required before contact),Companies House public API,2026-07-12T04:38:43+00:00
M1 INTERIOR SYSTEMS LTD,11976769,B_COMPLIANCE_DROWNED,micro filer (micro-entity),ltd,corporate subscriber,2019-05-02,micro-entity,"accounts category, NOT turnover",43290,"10 Cliff Parade, Wakefield",WF1 2TA,https://find-and-update.company-information.service.gov.uk/company/11976769,,TO BE ENRICHED — not held by Companies House,legitimate interests (LIA required before contact),Companies House public API,2026-07-12T04:38:44+00:00
COLDPOINT LIMITED,04768942,B_COMPLIANCE_DROWNED,micro filer (micro-entity),ltd,corporate subscriber,2003-05-18,micro-entity,"accounts category, NOT turnover",33120; 33140; 43220,"Clay Shaw Butler, Chartered Acountants, 24 Lammas Street Carmarthen, Carmarthenshire",SA31 3AL,https://find-and-update.company-information.service.gov.uk/company/04768942,,TO BE ENRICHED — not held by Companies House,legitimate interests (LIA required before contact),Companies House public API,2026-07-12T04:38:44+00:00
DR HEATING SERVICES LIMITED,10866290,B_COMPLIANCE_DROWNED,micro filer (micro-entity),ltd,corporate subscriber,2017-07-14,micro-entity,"accounts category, NOT turnover",43220,"24e Norwich Street, Dereham, Norfolk",NR19 1BX,https://find-and-update.company-information.service.gov.uk/company/10866290,,TO BE ENRICHED — not held by Companies House,legitimate interests (LIA required before contact),Companies House public API,2026-07-12T04:38:45+00:00
S F FENCING LIMITED,13563555,B_COMPLIANCE_DROWNED,micro filer (micro-entity),ltd,corporate subscriber,2021-08-12,micro-entity,"accounts category, NOT turnover",43290,"Beaumont Accountancy 1st Floor Enterprise House, 202-206 Linthorpe Road, Middlesbrough, Cleveland",TS1 3QW,https://find-and-update.company-information.service.gov.uk/company/13563555,,TO BE ENRICHED — not held by Companies House,legitimate interests (LIA required before contact),Companies House public API,2026-07-12T04:38:46+00:00
ELITE PLUMBING & JOINERY LIMITED,SC723302,B_COMPLIANCE_DROWNED,"young (2022), total-exemption-full filer",ltd,corporate subscriber,2022-02-16,total-exemption-full,"accounts category, NOT turnover",43220; 43320,"62 Woodlea Gardens, Bonnybridge",FK4 1DF,https://find-and-update.company-information.service.gov.uk/company/SC723302,,TO BE ENRICHED — not held by Companies House,legitimate interests (LIA required before contact),Companies House public API,2026-07-12T04:38:46+00:00
SGR PLUMBING & HEATING LIMITED,12180959,B_COMPLIANCE_DROWNED,micro filer (micro-entity),ltd,corporate subscriber,2019-08-30,micro-entity,"accounts category, NOT turnover",43220,"31a King Street, Stanford-Le-Hope",SS17 0HJ,https://find-and-update.company-information.service.gov.uk/company/12180959,,TO BE ENRICHED — not held by Companies House,legitimate interests (LIA required before contact),Companies House public API,2026-07-12T04:38:47+00:00
MIKE FREER PLUMBING & HEATING SERVICES LTD,06911556,B_COMPLIANCE_DROWNED,micro filer (micro-entity),ltd,corporate subscriber,2009-05-20,micro-entity,"accounts category, NOT turnover",43220,"107 Cleethorpe Road, Grimsby, North East Lincolnshire",DN31 3ER,https://find-and-update.company-information.service.gov.uk/company/06911556,,TO BE ENRICHED — not held by Companies House,legitimate interests (LIA required before contact),Companies House public API,2026-07-12T04:38:50+00:00
CMC ELECTRICAL SERVICES LIMITED,SC568307,B_COMPLIANCE_DROWNED,micro filer (micro-entity),ltd,corporate subscriber,2017-06-08,micro-entity,"accounts category, NOT turnover",43210,"107 Allander Road, Bearsden, Glasgow",G61 1LY,https://find-and-update.company-information.service.gov.uk/company/SC568307,,TO BE ENRICHED — not held by Companies House,legitimate interests (LIA required before contact),Companies House public API,2026-07-12T04:38:52+00:00
RNR BESPOKE SPACES LTD,14321284,B_COMPLIANCE_DROWNED,micro filer (micro-entity),ltd,corporate subscriber,2022-08-27,micro-entity,"accounts category, NOT turnover",43290; 43999,"7 Ashton Close, Middlewich, Cheshire",CW10 0SF,https://find-and-update.company-information.service.gov.uk/company/14321284,,TO BE ENRICHED — not held by Companies House,legitimate interests (LIA required before contact),Companies House public API,2026-07-12T04:38:55+00:00
BLACKROCK ELECTRICAL ENGINEERS LTD,15737233,B_COMPLIANCE_DROWNED,"young (2024), total-exemption-full filer",ltd,corporate subscriber,2024-05-23,total-exemption-full,"accounts category, NOT turnover",43210,"133 Gosport Road, London",E17 7LX,https://find-and-update.company-information.service.gov.uk/company/15737233,,TO BE ENRICHED — not held by Companies House,legitimate interests (LIA required before contact),Companies House public API,2026-07-12T04:38:57+00:00
DRS GAS SERVICES LIMITED,10796120,B_COMPLIANCE_DROWNED,micro filer (micro-entity),ltd,corporate subscriber,2017-05-31,micro-entity,"accounts category, NOT turnover",43220,"10 Western Road, Romford, Essex",RM1 3JT,https://find-and-update.company-information.service.gov.uk/company/10796120,,TO BE ENRICHED — not held by Companies House,legitimate interests (LIA required before contact),Companies House public API,2026-07-12T04:38:57+00:00
S G ELECTRICAL(SUFFOLK) LTD,08064529,B_COMPLIANCE_DROWNED,micro filer (micro-entity),ltd,corporate subscriber,2012-05-10,micro-entity,"accounts category, NOT turnover",43210,"5 Hopton Rise, Haverhill",CB9 7FS,https://find-and-update.company-information.service.gov.uk/company/08064529,,TO BE ENRICHED — not held by Companies House,legitimate interests (LIA required before contact),Companies House public API,2026-07-12T04:38:58+00:00
S G BUILD LTD,10338432,B_COMPLIANCE_DROWNED,micro filer (micro-entity),ltd,corporate subscriber,2016-08-19,micro-entity,"accounts category, NOT turnover",43290,"25 Green Lane, Crawley",RH10 8JX,https://find-and-update.company-information.service.gov.uk/company/10338432,,TO BE ENRICHED — not held by Companies House,legitimate interests (LIA required before contact),Companies House public API,2026-07-12T04:38:59+00:00
KELGAS LIMITED,06350282,B_COMPLIANCE_DROWNED,micro filer (micro-entity),ltd,corporate subscriber,2007-08-22,micro-entity,"accounts category, NOT turnover",43220,"2 Hill Top Green, Tingley, Wakefield, West Yorkshire",WF3 1HS,https://find-and-update.company-information.service.gov.uk/company/06350282,,TO BE ENRICHED — not held by Companies House,legitimate interests (LIA required before contact),Companies House public API,2026-07-12T04:38:59+00:00
KESSY STEEL STRUCTURES LIMITED,05133668,B_COMPLIANCE_DROWNED,micro filer (micro-entity),ltd,corporate subscriber,2004-05-20,micro-entity,"accounts category, NOT turnover",41202; 43210,"59 Court Way, London",NW9 6JG,https://find-and-update.company-information.service.gov.uk/company/05133668,,TO BE ENRICHED — not held by Companies House,legitimate interests (LIA required before contact),Companies House public API,2026-07-12T04:39:00+00:00
FIX FIRST HEATING LTD,12810115,B_COMPLIANCE_DROWNED,micro filer (micro-entity),ltd,corporate subscriber,2020-08-13,micro-entity,"accounts category, NOT turnover",43220,"7 Princes Street, Peterborough",PE1 2QP,https://find-and-update.company-information.service.gov.uk/company/12810115,,TO BE ENRICHED — not held by Companies House,legitimate interests (LIA required before contact),Companies House public API,2026-07-12T04:39:03+00:00
P&K CONTRACTING LIMITED,13887950,B_COMPLIANCE_DROWNED,micro filer (micro-entity),ltd,corporate subscriber,2022-02-02,micro-entity,"accounts category, NOT turnover",41100; 41202; 43210; 43220,"1 Waxwing Court, Scunthorpe",DN16 3GY,https://find-and-update.company-information.service.gov.uk/company/13887950,,TO BE ENRICHED — not held by Companies House,legitimate interests (LIA required before contact),Companies House public API,2026-07-12T04:39:06+00:00
PAUL MOSEY PLUMBING & HEATING LIMITED,06591246,B_COMPLIANCE_DROWNED,micro filer (micro-entity),ltd,corporate subscriber,2008-05-13,micro-entity,"accounts category, NOT turnover",43220,"2 Low Score Crag, Grasmere, Ambleside, Cumbria",LA22 9QB,https://find-and-update.company-information.service.gov.uk/company/06591246,,TO BE ENRICHED — not held by Companies House,legitimate interests (LIA required before contact),Companies House public API,2026-07-12T04:39:06+00:00
OJ GAS AND HEATING LTD,14601423,B_COMPLIANCE_DROWNED,"young (2023), total-exemption-full filer",ltd,corporate subscriber,2023-01-18,total-exemption-full,"accounts category, NOT turnover",43220,"2 Greenacres Close, Orpington, Kent",BR6 7TS,https://find-and-update.company-information.service.gov.uk/company/14601423,,TO BE ENRICHED — not held by Companies House,legitimate interests (LIA required before contact),Companies House public API,2026-07-12T04:39:08+00:00
POSITIVE FACILITIES MAINTENANCE LTD,04623720,B_COMPLIANCE_DROWNED,micro filer (micro-entity),ltd,corporate subscriber,2002-12-23,micro-entity,"accounts category, NOT turnover",43210,"Unit 17 Mapledean Works, Maldon Road, Latchingdon, Essex",CM3 6LG,https://find-and-update.company-information.service.gov.uk/company/04623720,,TO BE ENRICHED — not held by Companies House,legitimate interests (LIA required before contact),Companies House public API,2026-07-12T04:39:09+00:00
RK GAS INSTALLATIONS LTD,NI044613,B_COMPLIANCE_DROWNED,micro filer (micro-entity),ltd,corporate subscriber,2002-11-06,micro-entity,"accounts category, NOT turnover",43220,"219 Glenshane Road, Londonderry",BT47 3EW,https://find-and-update.company-information.service.gov.uk/company/NI044613,,TO BE ENRICHED — not held by Companies House,legitimate interests (LIA required before contact),Companies House public API,2026-07-12T04:39:10+00:00
OWENS HEATING & PLUMBING LIMITED,11907484,B_COMPLIANCE_DROWNED,micro filer (micro-entity),ltd,corporate subscriber,2019-03-27,micro-entity,"accounts category, NOT turnover",43220,"40 Wansford Close, Billingham",TS23 3LB,https://find-and-update.company-information.service.gov.uk/company/11907484,,TO BE ENRICHED — not held by Companies House,legitimate interests (LIA required before contact),Companies House public API,2026-07-12T04:39:11+00:00
ISORENOVATE LIMITED,15737857,B_COMPLIANCE_DROWNED,micro filer (micro-entity),ltd,corporate subscriber,2024-05-23,micro-entity,"accounts category, NOT turnover",43210; 43290,"Suite I Business Development Centre, Stafford Park 4, Telford, Shropshire",TF3 3BA,https://find-and-update.company-information.service.gov.uk/company/15737857,,TO BE ENRICHED — not held by Companies House,legitimate interests (LIA required before contact),Companies House public API,2026-07-12T04:39:11+00:00
CEDIX DESIGN LIMITED,12822492,B_COMPLIANCE_DROWNED,micro filer (micro-entity),ltd,corporate subscriber,2020-08-18,micro-entity,"accounts category, NOT turnover",43290,"17 Pleydell Close, Coventry, West Midlands",CV3 3EF,https://find-and-update.company-information.service.gov.uk/company/12822492,,TO BE ENRICHED — not held by Companies House,legitimate interests (LIA required before contact),Companies House public API,2026-07-12T04:39:12+00:00
BASELINE ELECTRICAL CONTRACTING LIMITED,10787589,B_COMPLIANCE_DROWNED,micro filer (micro-entity),ltd,corporate subscriber,2017-05-24,micro-entity,"accounts category, NOT turnover",43210,"36 Malmesbury Road, Cheadle Hulme, Cheadle",SK8 7QH,https://find-and-update.company-information.service.gov.uk/company/10787589,,TO BE ENRICHED — not held by Companies House,legitimate interests (LIA required before contact),Companies House public API,2026-07-12T04:39:13+00:00
MORGAN ELLIS ELECTRICAL LIMITED,12008675,B_COMPLIANCE_DROWNED,micro filer (micro-entity),ltd,corporate subscriber,2019-05-21,micro-entity,"accounts category, NOT turnover",43210,"7 Gresham Mews, 5 Reynolds Road, Chiswick, London",W4 5AZ,https://find-and-update.company-information.service.gov.uk/company/12008675,,TO BE ENRICHED — not held by Companies House,legitimate interests (LIA required before contact),Companies House public API,2026-07-12T04:39:13+00:00
RG ELECTRICAL INSTALLATION AND TESTING LTD,13566599,B_COMPLIANCE_DROWNED,micro filer (micro-entity),ltd,corporate subscriber,2021-08-15,micro-entity,"accounts category, NOT turnover",43210; 43290; 43330,"29 Lan Coed, Winch Wen, Swansea",SA1 7LJ,https://find-and-update.company-information.service.gov.uk/company/13566599,,TO BE ENRICHED — not held by Companies House,legitimate interests (LIA required before contact),Companies House public API,2026-07-12T04:39:14+00:00
ELECTRICALL SERVICES LTD,10075971,B_COMPLIANCE_DROWNED,micro filer (micro-entity),ltd,corporate subscriber,2016-03-21,micro-entity,"accounts category, NOT turnover",43210,"Unit 6 Blackthorn Way Five Mile Business Park, Washingborough, Lincoln",LN4 1BF,https://find-and-update.company-information.service.gov.uk/company/10075971,,TO BE ENRICHED — not held by Companies House,legitimate interests (LIA required before contact),Companies House public API,2026-07-12T04:39:17+00:00
CAMPBELL ELECTRICAL LTD,NI697047,B_COMPLIANCE_DROWNED,micro filer (micro-entity),ltd,corporate subscriber,2023-05-10,micro-entity,"accounts category, NOT turnover",43210,"47 Ballydermot Road, Bellaghy, Co. L'Derry",BT45 8LF,https://find-and-update.company-information.service.gov.uk/company/NI697047,,TO BE ENRICHED — not held by Companies House,legitimate interests (LIA required before contact),Companies House public API,2026-07-12T04:39:18+00:00
YANSH CONSTRUCTION LTD,15750961,B_COMPLIANCE_DROWNED,micro filer (micro-entity),ltd,corporate subscriber,2024-05-30,micro-entity,"accounts category, NOT turnover",43290,"35a Sussex Crescent, Northolt, Middx",UB5 4DP,https://find-and-update.company-information.service.gov.uk/company/15750961,,TO BE ENRICHED — not held by Companies House,legitimate interests (LIA required before contact),Companies House public API,2026-07-12T04:39:19+00:00
MECHURION LIMITED,05350642,B_COMPLIANCE_DROWNED,micro filer (micro-entity),ltd,corporate subscriber,2005-02-02,micro-entity,"accounts category, NOT turnover",43210,"46 Abernant Road, Aberdare, Rhondda Cynon Taff",CF44 0PY,https://find-and-update.company-information.service.gov.uk/company/05350642,,TO BE ENRICHED — not held by Companies House,legitimate interests (LIA required before contact),Companies House public API,2026-07-12T04:39:19+00:00
JACK TAYLOR GAS SERVICES LTD,14330676,B_COMPLIANCE_DROWNED,micro filer (micro-entity),ltd,corporate subscriber,2022-09-01,micro-entity,"accounts category, NOT turnover",43220,"85 Chew Valley Road, Greenfield, Oldham",OL3 7JJ,https://find-and-update.company-information.service.gov.uk/company/14330676,,TO BE ENRICHED — not held by Companies House,legitimate interests (LIA required before contact),Companies House public API,2026-07-12T04:39:20+00:00
YESS ECO SOLUTIONS LTD,15750975,B_COMPLIANCE_DROWNED,micro filer (micro-entity),ltd,corporate subscriber,2024-05-30,micro-entity,"accounts category, NOT turnover",43290; 96090,"414 Barking Road, London",E13 8HJ,https://find-and-update.company-information.service.gov.uk/company/15750975,,TO BE ENRICHED — not held by Companies House,legitimate interests (LIA required before contact),Companies House public API,2026-07-12T04:39:21+00:00
DMC ELECTRICAL CONTRACTING LTD,13848671,B_COMPLIANCE_DROWNED,micro filer (micro-entity),ltd,corporate subscriber,2022-01-14,micro-entity,"accounts category, NOT turnover",43210,"Flat 3, No.30 Crabton Close Road, Bournemouth",BH5 1HN,https://find-and-update.company-information.service.gov.uk/company/13848671,,TO BE ENRICHED — not held by Companies House,legitimate interests (LIA required before contact),Companies House public API,2026-07-12T04:39:22+00:00
SIGMAA ELECTRICAL LTD,11515131,B_COMPLIANCE_DROWNED,micro filer (micro-entity),ltd,corporate subscriber,2018-08-13,micro-entity,"accounts category, NOT turnover",43210,"28 Armada Way, Flat 7, Dockyard House, London",E6 7AE,https://find-and-update.company-information.service.gov.uk/company/11515131,,TO BE ENRICHED — not held by Companies House,legitimate interests (LIA required before contact),Companies House public API,2026-07-12T04:39:23+00:00
INTEGRITY INSTALLATION SERVICES LIMITED,SC734297,B_COMPLIANCE_DROWNED,micro filer (micro-entity),ltd,corporate subscriber,2022-06-01,micro-entity,"accounts category, NOT turnover",43290,"Caledonia House, 89 Seaward Street, Glasgow",G41 1HJ,https://find-and-update.company-information.service.gov.uk/company/SC734297,,TO BE ENRICHED — not held by Companies House,legitimate interests (LIA required before contact),Companies House public API,2026-07-12T04:39:24+00:00
ROHAN ELECTRICAL & MECHANICAL LIMITED,12633601,B_COMPLIANCE_DROWNED,micro filer (micro-entity),ltd,corporate subscriber,2020-05-29,micro-entity,"accounts category, NOT turnover",43210,"Unit 1 18 Stafford Street, Leeds",LS10 1NL,https://find-and-update.company-information.service.gov.uk/company/12633601,,TO BE ENRICHED — not held by Companies House,legitimate interests (LIA required before contact),Companies House public API,2026-07-12T04:39:26+00:00
TUDA ELECTRICAL LTD,13514698,B_COMPLIANCE_DROWNED,"young (2021), total-exemption-full filer",ltd,corporate subscriber,2021-07-16,total-exemption-full,"accounts category, NOT turnover",43290,"16b Hadley Road, Barnet",EN5 5HH,https://find-and-update.company-information.service.gov.uk/company/13514698,,TO BE ENRICHED — not held by Companies House,legitimate interests (LIA required before contact),Companies House public API,2026-07-12T04:39:27+00:00
CALDWELL PLUMBING & HEATING LTD,NI653245,B_COMPLIANCE_DROWNED,micro filer (micro-entity),ltd,corporate subscriber,2018-05-23,micro-entity,"accounts category, NOT turnover",43220,"2 Market Place, Carrickfergus, Co.Antrim, Antrim, Carrickfergus",BT38 7AW,https://find-and-update.company-information.service.gov.uk/company/NI653245,,TO BE ENRICHED — not held by Companies House,legitimate interests (LIA required before contact),Companies House public API,2026-07-12T04:39:27+00:00
U-DESIGNSERVICES LTD,08637364,B_COMPLIANCE_DROWNED,micro filer (micro-entity),ltd,corporate subscriber,2013-08-05,micro-entity,"accounts category, NOT turnover",41100; 43290; 43320,"124-128 City Road, London",EC1V 2NX,https://find-and-update.company-information.service.gov.uk/company/08637364,,TO BE ENRICHED — not held by Companies House,legitimate interests (LIA required before contact),Companies House public API,2026-07-12T04:39:28+00:00
RALLY ELECTRICAL SERVICES LTD,11517413,B_COMPLIANCE_DROWNED,micro filer (micro-entity),ltd,corporate subscriber,2018-08-14,micro-entity,"accounts category, NOT turnover",43210,"377 Woodway Lane, Coventry",CV2 2AH,https://find-and-update.company-information.service.gov.uk/company/11517413,,TO BE ENRICHED — not held by Companies House,legitimate interests (LIA required before contact),Companies House public API,2026-07-12T04:39:29+00:00
BETA ELECTRICAL ENGINEERING LIMITED,11485809,B_COMPLIANCE_DROWNED,micro filer (micro-entity),ltd,corporate subscriber,2018-07-26,micro-entity,"accounts category, NOT turnover",43210,"33 Raydons Road, Dagenham",RM9 5JP,https://find-and-update.company-information.service.gov.uk/company/11485809,,TO BE ENRICHED — not held by Companies House,legitimate interests (LIA required before contact),Companies House public API,2026-07-12T04:39:30+00:00
CAW ELECTRICAL SERVICES LTD,15751065,B_COMPLIANCE_DROWNED,"young (2024), total-exemption-full filer",ltd,corporate subscriber,2024-05-30,total-exemption-full,"accounts category, NOT turnover",43210,"22 Cravenwood Road, Manchester",M8 5AE,https://find-and-update.company-information.service.gov.uk/company/15751065,,TO BE ENRICHED — not held by Companies House,legitimate interests (LIA required before contact),Companies House public API,2026-07-12T04:39:33+00:00
MMS ELECTRICAL LTD,12791866,B_COMPLIANCE_DROWNED,micro filer (micro-entity),ltd,corporate subscriber,2020-08-04,micro-entity,"accounts category, NOT turnover",43210,"20-22 Wenlock Road, London",N1 7GU,https://find-and-update.company-information.service.gov.uk/company/12791866,,TO BE ENRICHED — not held by Companies House,legitimate interests (LIA required before contact),Companies House public API,2026-07-12T04:39:33+00:00
GLAMAIG RAIL LIMITED,SC384253,B_COMPLIANCE_DROWNED,micro filer (micro-entity),ltd,corporate subscriber,2010-08-25,micro-entity,"accounts category, NOT turnover",43210; 71122,"21 Neptune Way, Mossend, Bellshill, Lanarkshire",ML4 1JL,https://find-and-update.company-information.service.gov.uk/company/SC384253,,TO BE ENRICHED — not held by Companies House,legitimate interests (LIA required before contact),Companies House public API,2026-07-12T04:39:34+00:00
VINCENT ELECTRICAL SERVICES LIMITED,13410575,B_COMPLIANCE_DROWNED,micro filer (micro-entity),ltd,corporate subscriber,2021-05-20,micro-entity,"accounts category, NOT turnover",43210,"42 Diana Way, Caister-On-Sea, Great Yarmouth",NR30 5TP,https://find-and-update.company-information.service.gov.uk/company/13410575,,TO BE ENRICHED — not held by Companies House,legitimate interests (LIA required before contact),Companies House public API,2026-07-12T04:39:35+00:00
LONDON & ESSEX ELECTRICAL CONTRACTORS LIMITED,03615130,B_COMPLIANCE_DROWNED,micro filer (micro-entity),ltd,corporate subscriber,1998-08-13,micro-entity,"accounts category, NOT turnover",43210,"46 Victoria Road, Worthing, Sussex",BN11 1XE,https://find-and-update.company-information.service.gov.uk/company/03615130,,TO BE ENRICHED — not held by Companies House,legitimate interests (LIA required before contact),Companies House public API,2026-07-12T04:39:36+00:00
OSPREY HEATING SERVICES LIMITED,08897282,B_COMPLIANCE_DROWNED,micro filer (micro-entity),ltd,corporate subscriber,2014-02-17,micro-entity,"accounts category, NOT turnover",43220,"3 Whitfield Avenue, Paddington, Warrington, Cheshire",WA1 3NF,https://find-and-update.company-information.service.gov.uk/company/08897282,,TO BE ENRICHED — not held by Companies House,legitimate interests (LIA required before contact),Companies House public API,2026-07-12T04:39:37+00:00
THERMO-FLOW SERVICES LIMITED,09753324,B_COMPLIANCE_DROWNED,micro filer (micro-entity),ltd,corporate subscriber,2015-08-28,micro-entity,"accounts category, NOT turnover",43220,"Unit J Great North Road, Little Paxton, St. Neots, Cambs",PE19 6EN,https://find-and-update.company-information.service.gov.uk/company/09753324,,TO BE ENRICHED — not held by Companies House,legitimate interests (LIA required before contact),Companies House public API,2026-07-12T04:39:38+00:00
NICK BALDWIN BUILDING & PLUMBING LIMITED,03808662,B_COMPLIANCE_DROWNED,micro filer (micro-entity),ltd,corporate subscriber,1999-07-16,micro-entity,"accounts category, NOT turnover",43220; 43390,"3 Station Road, Lydney, Gloucestershire",GL15 5EW,https://find-and-update.company-information.service.gov.uk/company/03808662,,TO BE ENRICHED — not held by Companies House,legitimate interests (LIA required before contact),Companies House public API,2026-07-12T04:39:39+00:00
MU2 ELECTRICAL LIMITED,08171663,B_COMPLIANCE_DROWNED,micro filer (micro-entity),ltd,corporate subscriber,2012-08-08,micro-entity,"accounts category, NOT turnover",43210,"11 Illingworth Avenue, Halifax, West Yorkshire",HX2 9RT,https://find-and-update.company-information.service.gov.uk/company/08171663,,TO BE ENRICHED — not held by Companies House,legitimate interests (LIA required before contact),Companies House public API,2026-07-12T04:39:40+00:00
GAVINSOUND LIMITED,01717755,B_COMPLIANCE_DROWNED,micro filer (micro-entity),ltd,corporate subscriber,1983-04-25,micro-entity,"accounts category, NOT turnover",43290; 43390,"7 St John Street, Mansfield, Nottinghamshire",NG18 1QH,https://find-and-update.company-information.service.gov.uk/company/01717755,,TO BE ENRICHED — not held by Companies House,legitimate interests (LIA required before contact),Companies House public API,2026-07-12T04:39:41+00:00
AR INCORPORATED CONTRACTORS LIMITED,12844831,B_COMPLIANCE_DROWNED,micro filer (micro-entity),ltd,corporate subscriber,2020-08-28,micro-entity,"accounts category, NOT turnover",43210,"55 Briardene Avenue, Bedworth, Warwickshire",CV12 8RW,https://find-and-update.company-information.service.gov.uk/company/12844831,,TO BE ENRICHED — not held by Companies House,legitimate interests (LIA required before contact),Companies House public API,2026-07-12T04:39:42+00:00
NEXT GENERATION CONSTRUCTION LTD,12166747,B_COMPLIANCE_DROWNED,micro filer (micro-entity),ltd,corporate subscriber,2019-08-21,micro-entity,"accounts category, NOT turnover",43290,"Unit 2, 20 Woodland Avenue, Slough",SL1 3BU,https://find-and-update.company-information.service.gov.uk/company/12166747,,TO BE ENRICHED — not held by Companies House,legitimate interests (LIA required before contact),Companies House public API,2026-07-12T04:39:43+00:00
ECO PLUMBING & HEATING GROUP LTD,13561460,B_COMPLIANCE_DROWNED,micro filer (micro-entity),ltd,corporate subscriber,2021-08-11,micro-entity,"accounts category, NOT turnover",43220; 71129,"23 Bradley Street, Tipton",DY4 7TA,https://find-and-update.company-information.service.gov.uk/company/13561460,,TO BE ENRICHED — not held by Companies House,legitimate interests (LIA required before contact),Companies House public API,2026-07-12T04:39:44+00:00
CLJ DRYLINING LTD,14806517,B_COMPLIANCE_DROWNED,micro filer (micro-entity),ltd,corporate subscriber,2023-04-16,micro-entity,"accounts category, NOT turnover",43290,"3 Gelli Road, Ynysybwl, Pontypridd",CF37 3HP,https://find-and-update.company-information.service.gov.uk/company/14806517,,TO BE ENRICHED — not held by Companies House,legitimate interests (LIA required before contact),Companies House public API,2026-07-12T04:39:45+00:00
TFR FM LTD,12019190,B_COMPLIANCE_DROWNED,micro filer (micro-entity),ltd,corporate subscriber,2019-05-28,micro-entity,"accounts category, NOT turnover",33190; 43220; 43290,"7 Neale Court, Beechfield Road, Corsham",SN13 9YL,https://find-and-update.company-information.service.gov.uk/company/12019190,,TO BE ENRICHED — not held by Companies House,legitimate interests (LIA required before contact),Companies House public API,2026-07-12T04:39:46+00:00
MY WELLNESS ENGINEERING LTD,12172597,B_COMPLIANCE_DROWNED,micro filer (micro-entity),ltd,corporate subscriber,2019-08-23,micro-entity,"accounts category, NOT turnover",36000; 43220; 43330; 49410,"4 Emerald Close, Bilston, West Midlands",WV14 6HQ,https://find-and-update.company-information.service.gov.uk/company/12172597,,TO BE ENRICHED — not held by Companies House,legitimate interests (LIA required before contact),Companies House public API,2026-07-12T04:39:46+00:00
EDWARDS ELECTRICAL SOUTH COAST LIMITED,11237669,B_COMPLIANCE_DROWNED,micro filer (micro-entity),ltd,corporate subscriber,2018-03-06,micro-entity,"accounts category, NOT turnover",43210,"7 Rotterdam Drive, Christchurch",BH23 1HB,https://find-and-update.company-information.service.gov.uk/company/11237669,,TO BE ENRICHED — not held by Companies House,legitimate interests (LIA required before contact),Companies House public API,2026-07-12T04:39:49+00:00
CBI ELECTRICAL LTD,SC663133,B_COMPLIANCE_DROWNED,micro filer (micro-entity),ltd,corporate subscriber,2020-06-05,micro-entity,"accounts category, NOT turnover",43210,"Dalveen, Windyknowe Road, Galashiels",TD1 1RF,https://find-and-update.company-information.service.gov.uk/company/SC663133,,TO BE ENRICHED — not held by Companies House,legitimate interests (LIA required before contact),Companies House public API,2026-07-12T04:39:51+00:00
SH2 LIMITED,10426291,B_COMPLIANCE_DROWNED,micro filer (micro-entity),ltd,corporate subscriber,2016-10-13,micro-entity,"accounts category, NOT turnover",43220,"42 Wall Road, Gwinear, Hayle",TR27 5HA,https://find-and-update.company-information.service.gov.uk/company/10426291,,TO BE ENRICHED — not held by Companies House,legitimate interests (LIA required before contact),Companies House public API,2026-07-12T04:39:53+00:00
EVERYTRADE NUNEATON LIMITED,09817307,B_COMPLIANCE_DROWNED,micro filer (micro-entity),ltd,corporate subscriber,2015-10-09,micro-entity,"accounts category, NOT turnover",43210; 43220; 43310; 43390,"116 Sherbourne Avenue 116 Sherbourne Ave, Nuneaton",CV10 9JL,https://find-and-update.company-information.service.gov.uk/company/09817307,,TO BE ENRICHED — not held by Companies House,legitimate interests (LIA required before contact),Companies House public API,2026-07-12T04:39:53+00:00
HAMMERSMITH ELECTRICAL SERVICES LTD,12502898,B_COMPLIANCE_DROWNED,micro filer (micro-entity),ltd,corporate subscriber,2020-03-06,micro-entity,"accounts category, NOT turnover",43210,"Thomas Harris 1929 Shop Merton Abbey Mills, 18 Watermill Way, London",SW19 2RD,https://find-and-update.company-information.service.gov.uk/company/12502898,,TO BE ENRICHED — not held by Companies House,legitimate interests (LIA required before contact),Companies House public API,2026-07-12T04:39:54+00:00
HEALTHBANK BUILDING SERVICES LIMITED,11030891,B_COMPLIANCE_DROWNED,micro filer (micro-entity),ltd,corporate subscriber,2017-10-25,micro-entity,"accounts category, NOT turnover",43290,"42 C/O Tax Advisors & Accountants Ltd, High Street, Bilston",WV14 0EP,https://find-and-update.company-information.service.gov.uk/company/11030891,,TO BE ENRICHED — not held by Companies House,legitimate interests (LIA required before contact),Companies House public API,2026-07-12T04:39:58+00:00
JET POWER & LIGHT COMMERCIAL LTD,14733526,B_COMPLIANCE_DROWNED,"young (2023), total-exemption-full filer",ltd,corporate subscriber,2023-03-16,total-exemption-full,"accounts category, NOT turnover",43210,"Horley Green House Horley Green Road, Claremount, Halifax, West Yorkshire",HX3 6AS,https://find-and-update.company-information.service.gov.uk/company/14733526,,TO BE ENRICHED — not held by Companies House,legitimate interests (LIA required before contact),Companies House public API,2026-07-12T04:39:58+00:00
ROMAN PLUMBING & HEATING SERVICES LTD,09384153,B_COMPLIANCE_DROWNED,micro filer (micro-entity),ltd,corporate subscriber,2015-01-12,micro-entity,"accounts category, NOT turnover",43220,"Gpg House Walker Avenue, Wolverton Mill, Milton Keynes",MK12 5TW,https://find-and-update.company-information.service.gov.uk/company/09384153,,TO BE ENRICHED — not held by Companies House,legitimate interests (LIA required before contact),Companies House public API,2026-07-12T04:40:00+00:00
FASCIAS 2 TRADE LIMITED,11808955,B_COMPLIANCE_DROWNED,micro filer (micro-entity),ltd,corporate subscriber,2019-02-06,micro-entity,"accounts category, NOT turnover",43290; 71129,"Unit 29 Waterloo Industrial Estate, Derbyshire Street, Bolton, Manchester",BL1 2TN,https://find-and-update.company-information.service.gov.uk/company/11808955,,TO BE ENRICHED — not held by Companies House,legitimate interests (LIA required before contact),Companies House public API,2026-07-12T04:40:00+00:00
ABBOTTS HEATING AND PLUMBING LTD,14931780,B_COMPLIANCE_DROWNED,micro filer (micro-entity),ltd,corporate subscriber,2023-06-13,micro-entity,"accounts category, NOT turnover",43220,"2 Forster Avenue, Sherburn Village, Durham",DH6 1EP,https://find-and-update.company-information.service.gov.uk/company/14931780,,TO BE ENRICHED — not held by Companies House,legitimate interests (LIA required before contact),Companies House public API,2026-07-12T04:40:02+00:00
CRESTVIEW TS LTD,15760990,B_COMPLIANCE_DROWNED,micro filer (micro-entity),ltd,corporate subscriber,2024-06-04,micro-entity,"accounts category, NOT turnover",43210; 43220,"163 Herne Hill, London",SE24 9LR,https://find-and-update.company-information.service.gov.uk/company/15760990,,TO BE ENRICHED — not held by Companies House,legitimate interests (LIA required before contact),Companies House public API,2026-07-12T04:40:04+00:00
SP LUNN ELECTRICAL LTD,08948179,B_COMPLIANCE_DROWNED,micro filer (micro-entity),ltd,corporate subscriber,2014-03-19,micro-entity,"accounts category, NOT turnover",43210,"Three Ways The Street, Coney Weston, Bury St Edmunds, Suffolk",IP31 1HG,https://find-and-update.company-information.service.gov.uk/company/08948179,,TO BE ENRICHED — not held by Companies House,legitimate interests (LIA required before contact),Companies House public API,2026-07-12T04:40:05+00:00
"J, LEWIS & GREGG LTD",NI697525,B_COMPLIANCE_DROWNED,"young (2023), total-exemption-full filer",ltd,corporate subscriber,2023-05-23,total-exemption-full,"accounts category, NOT turnover",43290,"101 Highfield Road, Magherafelt",BT45 5BP,https://find-and-update.company-information.service.gov.uk/company/NI697525,,TO BE ENRICHED — not held by Companies House,legitimate interests (LIA required before contact),Companies House public API,2026-07-12T04:40:06+00:00
LOWE PLUMBING & HEATING SERVICES LIMITED,11986535,B_COMPLIANCE_DROWNED,micro filer (micro-entity),ltd,corporate subscriber,2019-05-09,micro-entity,"accounts category, NOT turnover",43220,"Forget Me Not Stothards Lane, Goxhill, Barrow-Upon-Humber, Sth Humberside",DN19 7JL,https://find-and-update.company-information.service.gov.uk/company/11986535,,TO BE ENRICHED — not held by Companies House,legitimate interests (LIA required before contact),Companies House public API,2026-07-12T04:40:07+00:00
LAW AND LAW CONSTRUCTION AND JOINERY LTD,SC731870,B_COMPLIANCE_DROWNED,micro filer (micro-entity),ltd,corporate subscriber,2022-05-09,micro-entity,"accounts category, NOT turnover",43290; 43320,"25 Overhaven, Limekilns, Dunfermline",KY11 3JH,https://find-and-update.company-information.service.gov.uk/company/SC731870,,TO BE ENRICHED — not held by Companies House,legitimate interests (LIA required before contact),Companies House public API,2026-07-12T04:40:07+00:00
QUALITY ELECTRICAL (BRISTOL) LIMITED,05831765,B_COMPLIANCE_DROWNED,micro filer (micro-entity),ltd,corporate subscriber,2006-05-30,micro-entity,"accounts category, NOT turnover",43210,"788 Fishponds Road, Fishponds, Bristol",BS16 3TE,https://find-and-update.company-information.service.gov.uk/company/05831765,,TO BE ENRICHED — not held by Companies House,legitimate interests (LIA required before contact),Companies House public API,2026-07-12T04:40:10+00:00
TRACEY MILLS CONSULTING LIMITED,14908744,B_COMPLIANCE_DROWNED,"young (2023), total-exemption-full filer",ltd,corporate subscriber,2023-06-01,total-exemption-full,"accounts category, NOT turnover",43290; 70229,"25 Wilton Crescent, London",SW19 3QY,https://find-and-update.company-information.service.gov.uk/company/14908744,,TO BE ENRICHED — not held by Companies House,legitimate interests (LIA required before contact),Companies House public API,2026-07-12T04:40:12+00:00
MULTI HEAT SOLUTIONS LTD,12215018,B_COMPLIANCE_DROWNED,micro filer (micro-entity),private-limited-guarant-nsc,corporate subscriber,2019-09-19,micro-entity,"accounts category, NOT turnover",43220,"7 Maes Becca, Llannon, Llanelli",SA14 6AX,https://find-and-update.company-information.service.gov.uk/company/12215018,,TO BE ENRICHED — not held by Companies House,legitimate interests (LIA required before contact),Companies House public API,2026-07-12T04:40:13+00:00
ANDOVER GAS ENGINEERS LTD,09555760,B_COMPLIANCE_DROWNED,micro filer (micro-entity),ltd,corporate subscriber,2015-04-22,micro-entity,"accounts category, NOT turnover",43220,"Oaktree Accountants Ltd, Bridge Street, Andover",SP10 1BW,https://find-and-update.company-information.service.gov.uk/company/09555760,,TO BE ENRICHED — not held by Companies House,legitimate interests (LIA required before contact),Companies House public API,2026-07-12T04:40:15+00:00
PITT BUILD LTD,15761052,B_COMPLIANCE_DROWNED,micro filer (micro-entity),ltd,corporate subscriber,2024-06-04,micro-entity,"accounts category, NOT turnover",43290; 43999,"2 Farm Cottages, Brent Pelham, Buntingford, Hertfordshire",SG9 0AP,https://find-and-update.company-information.service.gov.uk/company/15761052,,TO BE ENRICHED — not held by Companies House,legitimate interests (LIA required before contact),Companies House public API,2026-07-12T04:40:15+00:00
SIMMONS ELECTRICAL SERVICES LTD,12794042,B_COMPLIANCE_DROWNED,micro filer (micro-entity),ltd,corporate subscriber,2020-08-05,micro-entity,"accounts category, NOT turnover",43210,"115 Maiden Lane, Dartford, Kent",DA1 4NE,https://find-and-update.company-information.service.gov.uk/company/12794042,,TO BE ENRICHED — not held by Companies House,legitimate interests (LIA required before contact),Companies House public API,2026-07-12T04:40:16+00:00
HK ELECTRICS LIMITED,09612795,B_COMPLIANCE_DROWNED,micro filer (micro-entity),ltd,corporate subscriber,2015-05-28,micro-entity,"accounts category, NOT turnover",43210,"Acklam Hall Hall Drive, Acklam, Middlesbrough",TS5 7DY,https://find-and-update.company-information.service.gov.uk/company/09612795,,TO BE ENRICHED — not held by Companies House,legitimate interests (LIA required before contact),Companies House public API,2026-07-12T04:40:17+00:00
ACC MIDLANDS PLUMBING LTD,14786091,B_COMPLIANCE_DROWNED,micro filer (micro-entity),ltd,corporate subscriber,2023-04-06,micro-entity,"accounts category, NOT turnover",43220,"86-90 Paul Street, London, England",EC2A 4NE,https://find-and-update.company-information.service.gov.uk/company/14786091,,TO BE ENRICHED — not held by Companies House,legitimate interests (LIA required before contact),Companies House public API,2026-07-12T04:40:17+00:00
SHABEER PLUMBING LTD,15761584,B_COMPLIANCE_DROWNED,micro filer (micro-entity),ltd,corporate subscriber,2024-06-05,micro-entity,"accounts category, NOT turnover",43220,"72 Basildon Avenue, Ilford",IG5 0QQ,https://find-and-update.company-information.service.gov.uk/company/15761584,,TO BE ENRICHED — not held by Companies House,legitimate interests (LIA required before contact),Companies House public API,2026-07-12T04:40:19+00:00
RFP CONSTRUCTION LTD,11533025,B_COMPLIANCE_DROWNED,micro filer (micro-entity),ltd,corporate subscriber,2018-08-23,micro-entity,"accounts category, NOT turnover",41201; 42220; 43210; 43390,"30 Tranlands Brigg, Heelands, Milton Keynes",MK13 7NZ,https://find-and-update.company-information.service.gov.uk/company/11533025,,TO BE ENRICHED — not held by Companies House,legitimate interests (LIA required before contact),Companies House public API,2026-07-12T04:40:20+00:00
L AND L FIRE PROTECTION LTD,14857885,B_COMPLIANCE_DROWNED,"young (2023), unaudited-abridged filer",ltd,corporate subscriber,2023-05-09,unaudited-abridged,"accounts category, NOT turnover",43290,"11 Geneva Avenue, Gillingham",ME8 6EJ,https://find-and-update.company-information.service.gov.uk/company/14857885,,TO BE ENRICHED — not held by Companies House,legitimate interests (LIA required before contact),Companies House public API,2026-07-12T04:40:22+00:00
DIVERSE HOME SERVICES LTD,14855500,B_COMPLIANCE_DROWNED,micro filer (micro-entity),ltd,corporate subscriber,2023-05-09,micro-entity,"accounts category, NOT turnover",43220,"20-22 Wenlock Road, London",N1 7GU,https://find-and-update.company-information.service.gov.uk/company/14855500,,TO BE ENRICHED — not held by Companies House,legitimate interests (LIA required before contact),Companies House public API,2026-07-12T04:40:22+00:00
SAFER GAS CONTRACTORS LIMITED,10353101,B_COMPLIANCE_DROWNED,micro filer (micro-entity),ltd,corporate subscriber,2016-08-31,micro-entity,"accounts category, NOT turnover",43220,"168 D Ladbroke Grove, London",W10 5NA,https://find-and-update.company-information.service.gov.uk/company/10353101,,TO BE ENRICHED — not held by Companies House,legitimate interests (LIA required before contact),Companies House public API,2026-07-12T04:40:25+00:00
RIM'TAS HANDYMAN LTD,13416702,B_COMPLIANCE_DROWNED,micro filer (micro-entity),ltd,corporate subscriber,2021-05-24,micro-entity,"accounts category, NOT turnover",43220; 43310; 43341,"11 Cherry Gardens, Liverpool",L32 7SE,https://find-and-update.company-information.service.gov.uk/company/13416702,,TO BE ENRICHED — not held by Companies House,legitimate interests (LIA required before contact),Companies House public API,2026-07-12T04:40:26+00:00
AJ PLUMBING & BUILDING LTD,14125188,B_COMPLIANCE_DROWNED,micro filer (micro-entity),ltd,corporate subscriber,2022-05-23,micro-entity,"accounts category, NOT turnover",43220,"52 Victoria Road, Fallings Park, Wolverhampton",WV10 0NG,https://find-and-update.company-information.service.gov.uk/company/14125188,,TO BE ENRICHED — not held by Companies House,legitimate interests (LIA required before contact),Companies House public API,2026-07-12T04:40:27+00:00
MAAN HEATING & PLUMBING LTD,09965310,B_COMPLIANCE_DROWNED,micro filer (micro-entity),ltd,corporate subscriber,2016-01-22,micro-entity,"accounts category, NOT turnover",43220,"C/O J&S Associates Ved Court, Alexandra Road, Hounslow",TW3 1LS,https://find-and-update.company-information.service.gov.uk/company/09965310,,TO BE ENRICHED — not held by Companies House,legitimate interests (LIA required before contact),Companies House public API,2026-07-12T04:40:28+00:00
HEATING MATTERS LTD,12322652,B_COMPLIANCE_DROWNED,micro filer (micro-entity),ltd,corporate subscriber,2019-11-19,micro-entity,"accounts category, NOT turnover",43220,"C/O Grit Financials Limited Dartford Business Park, Victoria Road, Dartford, Kent",DA1 5FS,https://find-and-update.company-information.service.gov.uk/company/12322652,,TO BE ENRICHED — not held by Companies House,legitimate interests (LIA required before contact),Companies House public API,2026-07-12T04:40:29+00:00
J G WRIGHT THERMAL SERVICES LTD,13747434,B_COMPLIANCE_DROWNED,"young (2021), unaudited-abridged filer",ltd,corporate subscriber,2021-11-16,unaudited-abridged,"accounts category, NOT turnover",43290,"Lodge Park Lodge Lane, Langham, Colchester, Essex",CO4 5NE,https://find-and-update.company-information.service.gov.uk/company/13747434,,TO BE ENRICHED — not held by Companies House,legitimate interests (LIA required before contact),Companies House public API,2026-07-12T04:40:30+00:00
MSGS HEATING LTD,SC772970,B_COMPLIANCE_DROWNED,micro filer (micro-entity),ltd,corporate subscriber,2023-06-17,micro-entity,"accounts category, NOT turnover",43220,"139 Waverley Drive, Glenrothes",KY6 2LZ,https://find-and-update.company-information.service.gov.uk/company/SC772970,,TO BE ENRICHED — not held by Companies House,legitimate interests (LIA required before contact),Companies House public API,2026-07-12T04:40:31+00:00
MJ HACKETT ELECTRICAL LTD,15761199,B_COMPLIANCE_DROWNED,micro filer (micro-entity),ltd,corporate subscriber,2024-06-04,micro-entity,"accounts category, NOT turnover",43210,"71-75 Shelton Street, Covent Garden, London",WC2H 9JQ,https://find-and-update.company-information.service.gov.uk/company/15761199,,TO BE ENRICHED — not held by Companies House,legitimate interests (LIA required before contact),Companies House public API,2026-07-12T04:40:31+00:00
RAW ELECTRICAL ENGINEERING SOLUTIONS LIMITED,11196647,B_COMPLIANCE_DROWNED,micro filer (micro-entity),ltd,corporate subscriber,2018-02-09,micro-entity,"accounts category, NOT turnover",43210,"7 Crud Yr Awel, Heolgerrig, Merthyr Tydfil, Mid Glamorgan",CF48 1SA,https://find-and-update.company-information.service.gov.uk/company/11196647,,TO BE ENRICHED — not held by Companies House,legitimate interests (LIA required before contact),Companies House public API,2026-07-12T04:40:34+00:00
PLAY CENTRE REFURBS LIMITED,11843997,B_COMPLIANCE_DROWNED,micro filer (micro-entity),ltd,corporate subscriber,2019-02-25,micro-entity,"accounts category, NOT turnover",43290,"Unit 26 Cinder Bank, Dudley",DY2 9AP,https://find-and-update.company-information.service.gov.uk/company/11843997,,TO BE ENRICHED — not held by Companies House,legitimate interests (LIA required before contact),Companies House public API,2026-07-12T04:40:35+00:00
SOLARIZON LIMITED,14094566,B_COMPLIANCE_DROWNED,"young (2022), unaudited-abridged filer",ltd,corporate subscriber,2022-05-09,unaudited-abridged,"accounts category, NOT turnover",43290,"25 Garden Close, Poulton-Le-Fylde, Lancashire",FY6 7WG,https://find-and-update.company-information.service.gov.uk/company/14094566,,TO BE ENRICHED — not held by Companies House,legitimate interests (LIA required before contact),Companies House public API,2026-07-12T04:40:35+00:00
CLERVIL PLUMBING LTD,11065446,B_COMPLIANCE_DROWNED,micro filer (micro-entity),ltd,corporate subscriber,2017-11-15,micro-entity,"accounts category, NOT turnover",43220,"391e Durnsford Road, London",SW19 8EE,https://find-and-update.company-information.service.gov.uk/company/11065446,,TO BE ENRICHED — not held by Companies House,legitimate interests (LIA required before contact),Companies House public API,2026-07-12T04:40:36+00:00
PRO AC POWER LTD,14741958,B_COMPLIANCE_DROWNED,micro filer (micro-entity),ltd,corporate subscriber,2023-03-20,micro-entity,"accounts category, NOT turnover",43210; 43290,"8 Garrison Close, Hounslow, Middlesex",TW4 5EZ,https://find-and-update.company-information.service.gov.uk/company/14741958,,TO BE ENRICHED — not held by Companies House,legitimate interests (LIA required before contact),Companies House public API,2026-07-12T04:40:37+00:00
PROHEAT BOILERS LIMITED,14746943,B_COMPLIANCE_DROWNED,micro filer (micro-entity),ltd,corporate subscriber,2023-03-21,micro-entity,"accounts category, NOT turnover",43220,"Unit K2 113 K2 House Heathfield Way, Kings Heath Industrial Estate, Northampton",NN5 7QP,https://find-and-update.company-information.service.gov.uk/company/14746943,,TO BE ENRICHED — not held by Companies House,legitimate interests (LIA required before contact),Companies House public API,2026-07-12T04:40:37+00:00
MRD CONSTRUCTION LTD,08524083,B_COMPLIANCE_DROWNED,micro filer (micro-entity),ltd,corporate subscriber,2013-05-10,micro-entity,"accounts category, NOT turnover",43290,"63-66 Hatton Garden, 5th Floor, Suite 23, London",EC1N 8LE,https://find-and-update.company-information.service.gov.uk/company/08524083,,TO BE ENRICHED — not held by Companies House,legitimate interests (LIA required before contact),Companies House public API,2026-07-12T04:40:38+00:00
FRONTLINE PLUMBING&HEATING LTD,14227358,B_COMPLIANCE_DROWNED,micro filer (micro-entity),ltd,corporate subscriber,2022-07-12,micro-entity,"accounts category, NOT turnover",43220,"45 Long Lane, Chadderton, Oldham",OL9 8AZ,https://find-and-update.company-information.service.gov.uk/company/14227358,,TO BE ENRICHED — not held by Companies House,legitimate interests (LIA required before contact),Companies House public API,2026-07-12T04:40:39+00:00
A & K AIR CONDITIONING LTD,03380234,B_COMPLIANCE_DROWNED,micro filer (micro-entity),ltd,corporate subscriber,1997-06-03,micro-entity,"accounts category, NOT turnover",43220,"Brook House, The Street, Barton Mills, Suffolk",IP28 6AA,https://find-and-update.company-information.service.gov.uk/company/03380234,,TO BE ENRICHED — not held by Companies House,legitimate interests (LIA required before contact),Companies House public API,2026-07-12T04:40:39+00:00
ALGETI LIMITED,11644924,B_COMPLIANCE_DROWNED,micro filer (micro-entity),ltd,corporate subscriber,2018-10-26,micro-entity,"accounts category, NOT turnover",41202; 43220,"11 Eleanor Road, London",N11 2QS,https://find-and-update.company-information.service.gov.uk/company/11644924,,TO BE ENRICHED — not held by Companies House,legitimate interests (LIA required before contact),Companies House public API,2026-07-12T04:40:42+00:00
MULTIPLEX SHOPFITTERS LIMITED,12742594,B_COMPLIANCE_DROWNED,micro filer (micro-entity),ltd,corporate subscriber,2020-07-14,micro-entity,"accounts category, NOT turnover",43290; 43342; 43390,"9 Warwick Crescent, Hayes, Middlesex",UB4 8RE,https://find-and-update.company-information.service.gov.uk/company/12742594,,TO BE ENRICHED — not held by Companies House,legitimate interests (LIA required before contact),Companies House public API,2026-07-12T04:40:42+00:00
T J BRICKLAND CONSTRUCTION LIMITED,14353579,B_COMPLIANCE_DROWNED,"young (2022), total-exemption-full filer",ltd,corporate subscriber,2022-09-13,total-exemption-full,"accounts category, NOT turnover",43290,"33 Whitchurch Road, Chester",CH3 5QA,https://find-and-update.company-information.service.gov.uk/company/14353579,,TO BE ENRICHED — not held by Companies House,legitimate interests (LIA required before contact),Companies House public API,2026-07-12T04:40:43+00:00
GLOWPLUS HOME SERVICES LTD,12641807,B_COMPLIANCE_DROWNED,micro filer (micro-entity),ltd,corporate subscriber,2020-06-03,micro-entity,"accounts category, NOT turnover",43220,"The Glow Group Leafbridge Business Park Unit F3 Freya Court, Castings Way, Lincoln, Lincolnshire",LN6 9WG,https://find-and-update.company-information.service.gov.uk/company/12641807,,TO BE ENRICHED — not held by Companies House,legitimate interests (LIA required before contact),Companies House public API,2026-07-12T04:40:44+00:00
PLANET POWER ELECTRICAL LIMITED,14567904,B_COMPLIANCE_DROWNED,micro filer (micro-entity),ltd,corporate subscriber,2023-01-03,micro-entity,"accounts category, NOT turnover",43210,"6 Lorton Close, Burnley",BB12 8UW,https://find-and-update.company-information.service.gov.uk/company/14567904,,TO BE ENRICHED — not held by Companies House,legitimate interests (LIA required before contact),Companies House public API,2026-07-12T04:40:46+00:00
JPF ELEC LTD,12014561,B_COMPLIANCE_DROWNED,micro filer (micro-entity),ltd,corporate subscriber,2019-05-23,micro-entity,"accounts category, NOT turnover",43210,"25 Queens Drive, Barnsley",S75 2QQ,https://find-and-update.company-information.service.gov.uk/company/12014561,,TO BE ENRICHED — not held by Companies House,legitimate interests (LIA required before contact),Companies House public API,2026-07-12T04:40:46+00:00
SABZZ PLUMBING & HEATING LTD,14778060,B_COMPLIANCE_DROWNED,"young (2023), total-exemption-full filer",ltd,corporate subscriber,2023-04-03,total-exemption-full,"accounts category, NOT turnover",43220,"24 Mersey Road North, Failsworth, Manchester",M35 9FF,https://find-and-update.company-information.service.gov.uk/company/14778060,,TO BE ENRICHED — not held by Companies House,legitimate interests (LIA required before contact),Companies House public API,2026-07-12T04:40:47+00:00
BLUE WIRE MECHANICAL & ELECTRICAL LTD,08921154,B_COMPLIANCE_DROWNED,micro filer (micro-entity),ltd,corporate subscriber,2014-03-04,micro-entity,"accounts category, NOT turnover",43210,"Unit 3 Wortley Moor Lane, Leeds",LS12 4JD,https://find-and-update.company-information.service.gov.uk/company/08921154,,TO BE ENRICHED — not held by Companies House,legitimate interests (LIA required before contact),Companies House public API,2026-07-12T04:40:48+00:00
RIDGEWELL ELECTRICAL SERVICES LTD,12234433,B_COMPLIANCE_DROWNED,micro filer (micro-entity),ltd,corporate subscriber,2019-09-30,micro-entity,"accounts category, NOT turnover",43210,"11 Ridgewell Grove, Hornchurch",RM12 5AG,https://find-and-update.company-information.service.gov.uk/company/12234433,,TO BE ENRICHED — not held by Companies House,legitimate interests (LIA required before contact),Companies House public API,2026-07-12T04:40:49+00:00
J.L. CLARK & SON LIMITED,05135608,B_COMPLIANCE_DROWNED,micro filer (micro-entity),ltd,corporate subscriber,2004-05-24,micro-entity,"accounts category, NOT turnover",43210,"Unit 16 Alliance Close, Attleborough Fields Industrial, Estate Nuneaton, Warwickshire",CV11 6SD,https://find-and-update.company-information.service.gov.uk/company/05135608,,TO BE ENRICHED — not held by Companies House,legitimate interests (LIA required before contact),Companies House public API,2026-07-12T04:40:50+00:00
G & G MAINTENANCE AND ELECTRICAL SERVICES LTD,12001950,B_COMPLIANCE_DROWNED,micro filer (micro-entity),ltd,corporate subscriber,2019-05-17,micro-entity,"accounts category, NOT turnover",33140; 41201; 43210; 47990,"500 White Hart Lane, London",N17 7NA,https://find-and-update.company-information.service.gov.uk/company/12001950,,TO BE ENRICHED — not held by Companies House,legitimate interests (LIA required before contact),Companies House public API,2026-07-12T04:40:51+00:00
S J DUBAS LIMITED,04005625,B_COMPLIANCE_DROWNED,micro filer (micro-entity),ltd,corporate subscriber,2000-06-01,micro-entity,"accounts category, NOT turnover",43210,"15 The Square, Beaminster, Dorset",DT8 3AU,https://find-and-update.company-information.service.gov.uk/company/04005625,,TO BE ENRICHED — not held by Companies House,legitimate interests (LIA required before contact),Companies House public API,2026-07-12T04:40:53+00:00
PJ ELECTRICAL MIDLANDS LTD,09780839,B_COMPLIANCE_DROWNED,micro filer (micro-entity),ltd,corporate subscriber,2015-09-16,micro-entity,"accounts category, NOT turnover",43210,"80 Norton Hill Drive, Coventry",CV2 3AY,https://find-and-update.company-information.service.gov.uk/company/09780839,,TO BE ENRICHED — not held by Companies House,legitimate interests (LIA required before contact),Companies House public API,2026-07-12T04:40:55+00:00
ONE CALL AIR CONDITIONING LIMITED,05902177,B_COMPLIANCE_DROWNED,micro filer (micro-entity),ltd,corporate subscriber,2006-08-10,micro-entity,"accounts category, NOT turnover",43220,"16 Longlands Drive, Houghton Le Spring, Tyne & Wear",DH5 8LR,https://find-and-update.company-information.service.gov.uk/company/05902177,,TO BE ENRICHED — not held by Companies House,legitimate interests (LIA required before contact),Companies House public API,2026-07-12T04:40:55+00:00
MULTIFORM CONSULTING LIMITED,08088641,B_COMPLIANCE_DROWNED,micro filer (micro-entity),ltd,corporate subscriber,2012-05-30,micro-entity,"accounts category, NOT turnover",43210; 70229,"168a Palmerston Road, Bowes Park, London",N22 8RB,https://find-and-update.company-information.service.gov.uk/company/08088641,,TO BE ENRICHED — not held by Companies House,legitimate interests (LIA required before contact),Companies House public API,2026-07-12T04:40:57+00:00
HEYWORTH BUILDERS LTD,05684715,B_COMPLIANCE_DROWNED,micro filer (micro-entity),ltd,corporate subscriber,2006-01-23,micro-entity,"accounts category, NOT turnover",43220,"67 Airthrie Road, Ilford, Essex",IG3 9QT,https://find-and-update.company-information.service.gov.uk/company/05684715,,TO BE ENRICHED — not held by Companies House,legitimate interests (LIA required before contact),Companies House public API,2026-07-12T04:40:58+00:00
Y&H ELECTRICAL LTD,11434692,B_COMPLIANCE_DROWNED,micro filer (micro-entity),ltd,corporate subscriber,2018-06-26,micro-entity,"accounts category, NOT turnover",43210,"172 Ellesmere Road, Bolton",BL3 3JN,https://find-and-update.company-information.service.gov.uk/company/11434692,,TO BE ENRICHED — not held by Companies House,legitimate interests (LIA required before contact),Companies House public API,2026-07-12T04:40:59+00:00
RLA ELECTRICAL SERVICES LIMITED,10422782,B_COMPLIANCE_DROWNED,micro filer (micro-entity),ltd,corporate subscriber,2016-10-12,micro-entity,"accounts category, NOT turnover",43210,"9 Parkland Avenue, Blaydon-On-Tyne",NE21 6NA,https://find-and-update.company-information.service.gov.uk/company/10422782,,TO BE ENRICHED — not held by Companies House,legitimate interests (LIA required before contact),Companies House public API,2026-07-12T04:40:59+00:00
PIRNAR LTD,11077344,B_COMPLIANCE_DROWNED,micro filer (micro-entity),ltd,corporate subscriber,2017-11-22,micro-entity,"accounts category, NOT turnover",43290; 47789,"Unit 30 Leigh Commerce Park, Meadowcroft Way, Leigh",WN7 3XZ,https://find-and-update.company-information.service.gov.uk/company/11077344,,TO BE ENRICHED — not held by Companies House,legitimate interests (LIA required before contact),Companies House public API,2026-07-12T04:41:01+00:00
CPR CONTROLS LTD,13121341,B_COMPLIANCE_DROWNED,micro filer (micro-entity),ltd,corporate subscriber,2021-01-08,micro-entity,"accounts category, NOT turnover",43210,"Chart House, 2 Effingham Road, Reigate, Surrey",RH2 7JN,https://find-and-update.company-information.service.gov.uk/company/13121341,,TO BE ENRICHED — not held by Companies House,legitimate interests (LIA required before contact),Companies House public API,2026-07-12T04:41:02+00:00
TRUSTMARK ELECTRICAL LTD,14226314,B_COMPLIANCE_DROWNED,micro filer (micro-entity),ltd,corporate subscriber,2022-07-11,micro-entity,"accounts category, NOT turnover",43210,"8 Ridgley Road, Coventry",CV4 9JX,https://find-and-update.company-information.service.gov.uk/company/14226314,,TO BE ENRICHED — not held by Companies House,legitimate interests (LIA required before contact),Companies House public API,2026-07-12T04:41:04+00:00
DWR ELECTRICAL LIMITED,SC425422,B_COMPLIANCE_DROWNED,micro filer (micro-entity),ltd,corporate subscriber,2012-06-01,micro-entity,"accounts category, NOT turnover",43210,"1 Simonsburn Road, Loreny Industrial Estate, Kilmarnock, Ayrshire",KA1 5LA,https://find-and-update.company-information.service.gov.uk/company/SC425422,,TO BE ENRICHED — not held by Companies House,legitimate interests (LIA required before contact),Companies House public API,2026-07-12T04:41:05+00:00
RESOLVE HEATING & PLUMBING SERVICES LTD,15035340,B_COMPLIANCE_DROWNED,micro filer (micro-entity),ltd,corporate subscriber,2023-07-28,micro-entity,"accounts category, NOT turnover",43220,"35 The Driveway, Canvey Island",SS8 0AB,https://find-and-update.company-information.service.gov.uk/company/15035340,,TO BE ENRICHED — not held by Companies House,legitimate interests (LIA required before contact),Companies House public API,2026-07-12T04:41:06+00:00
CDM MAINTENANCE AND CONSTRUCTION LIMITED,03421083,B_COMPLIANCE_DROWNED,micro filer (micro-entity),ltd,corporate subscriber,1997-08-18,micro-entity,"accounts category, NOT turnover",43290,"Thames House, Roman Square, Sittingbourne, Kent",ME10 4BJ,https://find-and-update.company-information.service.gov.uk/company/03421083,,TO BE ENRICHED — not held by Companies House,legitimate interests (LIA required before contact),Companies House public API,2026-07-12T04:41:08+00:00
"GARETH LANE PLUMBING, HEATING AND GAS SERVICES LIMITED",09932611,B_COMPLIANCE_DROWNED,micro filer (micro-entity),ltd,corporate subscriber,2015-12-30,micro-entity,"accounts category, NOT turnover",43220,"16 Bryn Terrace, Ystrad, Pentre, Mid Glamorgan",CF41 7RX,https://find-and-update.company-information.service.gov.uk/company/09932611,,TO BE ENRICHED — not held by Companies House,legitimate interests (LIA required before contact),Companies House public API,2026-07-12T04:41:10+00:00
J BARSBY ELECTRICAL LTD,06610387,B_COMPLIANCE_DROWNED,micro filer (micro-entity),ltd,corporate subscriber,2008-06-04,micro-entity,"accounts category, NOT turnover",43210,"42-44 Nottingham Road, Mansfield, Nottinghamshire",NG18 1BL,https://find-and-update.company-information.service.gov.uk/company/06610387,,TO BE ENRICHED — not held by Companies House,legitimate interests (LIA required before contact),Companies House public API,2026-07-12T04:41:12+00:00
GG PLUMBERS LTD,SC743730,B_COMPLIANCE_DROWNED,micro filer (micro-entity),ltd,corporate subscriber,2022-09-07,micro-entity,"accounts category, NOT turnover",43220,"Torridon House, Torridon Lane, Rosyth, Fife",KY11 2EU,https://find-and-update.company-information.service.gov.uk/company/SC743730,,TO BE ENRICHED — not held by Companies House,legitimate interests (LIA required before contact),Companies House public API,2026-07-12T04:41:12+00:00
SMH PLUMBING LIMITED,09348791,B_COMPLIANCE_DROWNED,micro filer (micro-entity),ltd,corporate subscriber,2014-12-10,micro-entity,"accounts category, NOT turnover",43220; 47190,"Groveland Farm Shop Thorpe Market Road, Roughton, Norwich",NR11 8TB,https://find-and-update.company-information.service.gov.uk/company/09348791,,TO BE ENRICHED — not held by Companies House,legitimate interests (LIA required before contact),Companies House public API,2026-07-12T04:41:13+00:00
LIGHTFANTASIA LIMITED,14614991,B_COMPLIANCE_DROWNED,"young (2023), total-exemption-full filer",ltd,corporate subscriber,2023-01-24,total-exemption-full,"accounts category, NOT turnover",43210; 47540,"41 Cranborne Road, Barking",IG11 7XD,https://find-and-update.company-information.service.gov.uk/company/14614991,,TO BE ENRICHED — not held by Companies House,legitimate interests (LIA required before contact),Companies House public API,2026-07-12T04:41:14+00:00
BARNET ELECTRICAL SERVICES LTD,11368761,B_COMPLIANCE_DROWNED,micro filer (micro-entity),ltd,corporate subscriber,2018-05-17,micro-entity,"accounts category, NOT turnover",43210,"Unit 1.04, The Light Box, Power Road, London",W4 5PY,https://find-and-update.company-information.service.gov.uk/company/11368761,,TO BE ENRICHED — not held by Companies House,legitimate interests (LIA required before contact),Companies House public API,2026-07-12T04:41:15+00:00
PEARLEX GROUP LTD,12565382,B_COMPLIANCE_DROWNED,micro filer (micro-entity),ltd,corporate subscriber,2020-04-21,micro-entity,"accounts category, NOT turnover",43290; 63120; 70229,"Level One Base Camp, 49 Jamaica Street, Liverpool",L1 0AH,https://find-and-update.company-information.service.gov.uk/company/12565382,,TO BE ENRICHED — not held by Companies House,legitimate interests (LIA required before contact),Companies House public API,2026-07-12T04:41:16+00:00
J&J ELECTRICAL LTD,10214625,B_COMPLIANCE_DROWNED,micro filer (micro-entity),ltd,corporate subscriber,2016-06-03,micro-entity,"accounts category, NOT turnover",43210,"47 Wordsworth Avenue, Wolverhampton",WV4 6SY,https://find-and-update.company-information.service.gov.uk/company/10214625,,TO BE ENRICHED — not held by Companies House,legitimate interests (LIA required before contact),Companies House public API,2026-07-12T04:41:17+00:00
DIAMOND HOME MODERNISATIONS LIMITED,14230401,B_COMPLIANCE_DROWNED,micro filer (micro-entity),ltd,corporate subscriber,2022-07-12,micro-entity,"accounts category, NOT turnover",43290,"21 Humberstone Road, Coventry",CV6 1BG,https://find-and-update.company-information.service.gov.uk/company/14230401,,TO BE ENRICHED — not held by Companies House,legitimate interests (LIA required before contact),Companies House public API,2026-07-12T04:41:18+00:00
ELEVATE ELECTRICAL SERVICES LIMITED,13998934,B_COMPLIANCE_DROWNED,micro filer (micro-entity),ltd,corporate subscriber,2022-03-23,micro-entity,"accounts category, NOT turnover",43210,"11 Parkwood Drive, Rossendale, Lancashire",BB4 6RP,https://find-and-update.company-information.service.gov.uk/company/13998934,,TO BE ENRICHED — not held by Companies House,legitimate interests (LIA required before contact),Companies House public API,2026-07-12T04:41:20+00:00
LJM ELECTRICAL SERVICES LIMITED,11854689,B_COMPLIANCE_DROWNED,micro filer (micro-entity),ltd,corporate subscriber,2019-03-01,micro-entity,"accounts category, NOT turnover",43210,"1 Beeches Avenue, Worthing",BN14 9JE,https://find-and-update.company-information.service.gov.uk/company/11854689,,TO BE ENRICHED — not held by Companies House,legitimate interests (LIA required before contact),Companies House public API,2026-07-12T04:41:20+00:00
PRO D BUILDERS LTD,14186102,B_COMPLIANCE_DROWNED,"young (2022), unaudited-abridged filer",ltd,corporate subscriber,2022-06-21,unaudited-abridged,"accounts category, NOT turnover",43290,"Unit 116 116 Ballards Lane, London",N3 2DN,https://find-and-update.company-information.service.gov.uk/company/14186102,,TO BE ENRICHED — not held by Companies House,legitimate interests (LIA required before contact),Companies House public API,2026-07-12T04:41:22+00:00
STAR SERVICES & SOLUTIONS LTD,05848289,B_COMPLIANCE_DROWNED,micro filer (micro-entity),ltd,corporate subscriber,2006-06-15,micro-entity,"accounts category, NOT turnover",43220,"430 Legacy Centre, Hanworth Trading Estate Hampton Road West, Feltham, Middlesex",TW13 6DH,https://find-and-update.company-information.service.gov.uk/company/05848289,,TO BE ENRICHED — not held by Companies House,legitimate interests (LIA required before contact),Companies House public API,2026-07-12T04:41:22+00:00
MARK STRINGER BUILDING LIMITED,04112173,B_COMPLIANCE_DROWNED,micro filer (micro-entity),ltd,corporate subscriber,2000-11-22,micro-entity,"accounts category, NOT turnover",43210; 43320; 43390,"6 Southlands Avenue, Whitby, North Yorkshire",YO21 3DY,https://find-and-update.company-information.service.gov.uk/company/04112173,,TO BE ENRICHED — not held by Companies House,legitimate interests (LIA required before contact),Companies House public API,2026-07-12T04:41:23+00:00
A B ELECTRICAL & REFRIGERATION LIMITED,05145652,B_COMPLIANCE_DROWNED,micro filer (micro-entity),ltd,corporate subscriber,2004-06-04,micro-entity,"accounts category, NOT turnover",43220,"37 Heaton Street, Gainsborough, Lincolnshire",DN21 2EA,https://find-and-update.company-information.service.gov.uk/company/05145652,,TO BE ENRICHED — not held by Companies House,legitimate interests (LIA required before contact),Companies House public API,2026-07-12T04:41:24+00:00
EVERYDAY BRICKWORK LTD,15760328,B_COMPLIANCE_DROWNED,"young (2024), total-exemption-full filer",ltd,corporate subscriber,2024-06-04,total-exemption-full,"accounts category, NOT turnover",41202; 43290,"17 Seacroft Close, Liverpool",L14 8XL,https://find-and-update.company-information.service.gov.uk/company/15760328,,TO BE ENRICHED — not held by Companies House,legitimate interests (LIA required before contact),Companies House public API,2026-07-12T04:41:26+00:00
MT&FAMILY LTD,10945472,B_COMPLIANCE_DROWNED,micro filer (micro-entity),ltd,corporate subscriber,2017-09-04,micro-entity,"accounts category, NOT turnover",43290,"211 Ley Street, Ilford",IG1 4BL,https://find-and-update.company-information.service.gov.uk/company/10945472,,TO BE ENRICHED — not held by Companies House,legitimate interests (LIA required before contact),Companies House public API,2026-07-12T04:41:27+00:00
SPARX ELECTRICAL LIMITED,15760827,B_COMPLIANCE_DROWNED,micro filer (micro-entity),ltd,corporate subscriber,2024-06-04,micro-entity,"accounts category, NOT turnover",43210,"2 Corona Road, Langdon Hills, Basildon",SS16 6HH,https://find-and-update.company-information.service.gov.uk/company/15760827,,TO BE ENRICHED — not held by Companies House,legitimate interests (LIA required before contact),Companies House public API,2026-07-12T04:41:29+00:00
K-ELECTRICS (MIDLANDS) LTD,12748555,B_COMPLIANCE_DROWNED,micro filer (micro-entity),ltd,corporate subscriber,2020-07-16,micro-entity,"accounts category, NOT turnover",43210; 43290; 64929,"5 Upper Lichfield Street, Willenhall, West Midlands",WV13 1PB,https://find-and-update.company-information.service.gov.uk/company/12748555,,TO BE ENRICHED — not held by Companies House,legitimate interests (LIA required before contact),Companies House public API,2026-07-12T04:41:31+00:00
CLEAR CHOICE PLUMBING LTD,14345506,B_COMPLIANCE_DROWNED,micro filer (micro-entity),ltd,corporate subscriber,2022-09-08,micro-entity,"accounts category, NOT turnover",43220,"Colonial House, Swinemoor Lane, Beverley",HU17 0LS,https://find-and-update.company-information.service.gov.uk/company/14345506,,TO BE ENRICHED — not held by Companies House,legitimate interests (LIA required before contact),Companies House public API,2026-07-12T04:41:31+00:00
ANGLIAN ELECTRICAL SERVICES LIMITED,09731552,B_COMPLIANCE_DROWNED,micro filer (micro-entity),ltd,corporate subscriber,2015-08-13,micro-entity,"accounts category, NOT turnover",43210,"12 Station Court, Station Approach, Wickford, Essex",SS11 7AT,https://find-and-update.company-information.service.gov.uk/company/09731552,,TO BE ENRICHED — not held by Companies House,legitimate interests (LIA required before contact),Companies House public API,2026-07-12T04:41:33+00:00
NICHOLAS ALEXANDER LIMITED,05201045,B_COMPLIANCE_DROWNED,micro filer (micro-entity),ltd,corporate subscriber,2004-08-09,micro-entity,"accounts category, NOT turnover",43290,"Right Barn, Tonge Corner Farm, Kent",ME9 9BA,https://find-and-update.company-information.service.gov.uk/company/05201045,,TO BE ENRICHED — not held by Companies House,legitimate interests (LIA required before contact),Companies House public API,2026-07-12T04:41:35+00:00
M + E ENGINEERS LIMITED,03622848,B_COMPLIANCE_DROWNED,micro filer (micro-entity),ltd,corporate subscriber,1998-08-27,micro-entity,"accounts category, NOT turnover",33200; 43210; 71122; 71200,"166 School Lane, Wouldham, Rochester, Kent",ME1 3TS,https://find-and-update.company-information.service.gov.uk/company/03622848,,TO BE ENRICHED — not held by Companies House,legitimate interests (LIA required before contact),Companies House public API,2026-07-12T04:41:36+00:00
A J FOUWEATHER HEATING & PLUMBING LTD,04614986,B_COMPLIANCE_DROWNED,micro filer (micro-entity),ltd,corporate subscriber,2002-12-11,micro-entity,"accounts category, NOT turnover",43220; 43390,"Kula, Christchurch, Newport, South Wales",NP18 1JJ,https://find-and-update.company-information.service.gov.uk/company/04614986,,TO BE ENRICHED — not held by Companies House,legitimate interests (LIA required before contact),Companies House public API,2026-07-12T04:41:38+00:00
TRENT STEEL STOCKHOLDERS LTD,15753755,B_COMPLIANCE_DROWNED,micro filer (micro-entity),ltd,corporate subscriber,2024-06-01,micro-entity,"accounts category, NOT turnover",43290,"6 Marsh Parade, Newcastle",ST5 1DU,https://find-and-update.company-information.service.gov.uk/company/15753755,,TO BE ENRICHED — not held by Companies House,legitimate interests (LIA required before contact),Companies House public API,2026-07-12T04:41:39+00:00
WINCROFT PROPERTIES LTD,13433835,B_COMPLIANCE_DROWNED,micro filer (micro-entity),ltd,corporate subscriber,2021-06-02,micro-entity,"accounts category, NOT turnover",41100; 43290; 68310; 81100,"124 City Road City Road, London",EC1V 2NX,https://find-and-update.company-information.service.gov.uk/company/13433835,,TO BE ENRICHED — not held by Companies House,legitimate interests (LIA required before contact),Companies House public API,2026-07-12T04:41:39+00:00
AMPUP ELECTRICAL SOLUTIONS LTD,15754686,B_COMPLIANCE_DROWNED,"young (2024), total-exemption-full filer",ltd,corporate subscriber,2024-06-01,total-exemption-full,"accounts category, NOT turnover",43210,"9 Highstones Gardens, Hope Street, Glossop",SK13 7TP,https://find-and-update.company-information.service.gov.uk/company/15754686,,TO BE ENRICHED — not held by Companies House,legitimate interests (LIA required before contact),Companies House public API,2026-07-12T04:41:40+00:00
DRIFTWOOD HOME IMPROVEMENTS LTD,15754973,B_COMPLIANCE_DROWNED,"young (2024), total-exemption-full filer",ltd,corporate subscriber,2024-06-01,total-exemption-full,"accounts category, NOT turnover",43290; 43390,"28 Alexandra Terrace, Exmouth, Devon",EX8 1BD,https://find-and-update.company-information.service.gov.uk/company/15754973,,TO BE ENRICHED — not held by Companies House,legitimate interests (LIA required before contact),Companies House public API,2026-07-12T04:41:41+00:00
VINNY B4 DRYLINING LTD,14038689,B_COMPLIANCE_DROWNED,micro filer (micro-entity),ltd,corporate subscriber,2022-04-11,micro-entity,"accounts category, NOT turnover",41201; 41202; 43290,"29 Amber Court 29 Amber Court, Colbourne Street, Swindon",SN1 2HB,https://find-and-update.company-information.service.gov.uk/company/14038689,,TO BE ENRICHED — not held by Companies House,legitimate interests (LIA required before contact),Companies House public API,2026-07-12T04:41:42+00:00
FARLEY GAS SOLUTIONS LIMITED,12020176,B_COMPLIANCE_DROWNED,micro filer (micro-entity),ltd,corporate subscriber,2019-05-28,micro-entity,"accounts category, NOT turnover",43220,"22 Coombs Road, Worcester",WR3 7JG,https://find-and-update.company-information.service.gov.uk/company/12020176,,TO BE ENRICHED — not held by Companies House,legitimate interests (LIA required before contact),Companies House public API,2026-07-12T04:41:42+00:00
MCCARTHY INTERIORS LIMITED,12588023,B_COMPLIANCE_DROWNED,micro filer (micro-entity),ltd,corporate subscriber,2020-05-06,micro-entity,"accounts category, NOT turnover",43220; 43320; 43330; 43341,"Flat 3 - Guild House, 4a Briton Street, Southampton",SO14 3EY,https://find-and-update.company-information.service.gov.uk/company/12588023,,TO BE ENRICHED — not held by Companies House,legitimate interests (LIA required before contact),Companies House public API,2026-07-12T04:41:43+00:00
ENO’S ELECTRICS LTD,14235731,B_COMPLIANCE_DROWNED,micro filer (micro-entity),ltd,corporate subscriber,2022-07-14,micro-entity,"accounts category, NOT turnover",43210,"Flat 2 Malcolm Court, Ashbourne Road, London",W5 3DW,https://find-and-update.company-information.service.gov.uk/company/14235731,,TO BE ENRICHED — not held by Companies House,legitimate interests (LIA required before contact),Companies House public API,2026-07-12T04:41:48+00:00
MEDIA CONTROL ENVIRONMENTAL LIMITED,14929783,B_COMPLIANCE_DROWNED,"young (2023), total-exemption-full filer",ltd,corporate subscriber,2023-06-12,total-exemption-full,"accounts category, NOT turnover",43220,"Heritage House, 34b North Cray Road, Bexley, Kent",DA5 3LZ,https://find-and-update.company-information.service.gov.uk/company/14929783,,TO BE ENRICHED — not held by Companies House,legitimate interests (LIA required before contact),Companies House public API,2026-07-12T04:41:49+00:00
JEY PLUMBING & HEATING LTD,15758032,B_COMPLIANCE_DROWNED,"young (2024), total-exemption-full filer",ltd,corporate subscriber,2024-06-03,total-exemption-full,"accounts category, NOT turnover",41202; 43220,"Meadowbank House, Junction Road, Sheffield",S13 7RQ,https://find-and-update.company-information.service.gov.uk/company/15758032,,TO BE ENRICHED — not held by Companies House,legitimate interests (LIA required before contact),Companies House public API,2026-07-12T04:41:50+00:00
A1 ENERGY SERVICES LTD,13391790,B_COMPLIANCE_DROWNED,micro filer (micro-entity),ltd,corporate subscriber,2021-05-12,micro-entity,"accounts category, NOT turnover",43220,"152 Station Road, Stechford, Birmingham",B33 8BT,https://find-and-update.company-information.service.gov.uk/company/13391790,,TO BE ENRICHED — not held by Companies House,legitimate interests (LIA required before contact),Companies House public API,2026-07-12T04:41:53+00:00
GREEN SOURCE HEATING LIMITED,13037687,B_COMPLIANCE_DROWNED,micro filer (micro-entity),ltd,corporate subscriber,2020-11-23,micro-entity,"accounts category, NOT turnover",43220,"The Oasthouse, Fiskerton Road, Southwell, Nottingham",NG25 0TP,https://find-and-update.company-information.service.gov.uk/company/13037687,,TO BE ENRICHED — not held by Companies House,legitimate interests (LIA required before contact),Companies House public API,2026-07-12T04:41:54+00:00
WATERS WORKS LIMITED,09574102,B_COMPLIANCE_DROWNED,micro filer (micro-entity),ltd,corporate subscriber,2015-05-05,micro-entity,"accounts category, NOT turnover",43220,"46 Greenwood Road, Thames Ditton, Surrey",KT7 0DY,https://find-and-update.company-information.service.gov.uk/company/09574102,,TO BE ENRICHED — not held by Companies House,legitimate interests (LIA required before contact),Companies House public API,2026-07-12T04:41:55+00:00
CARTER-JONES LIMITED,15755430,B_COMPLIANCE_DROWNED,"young (2024), total-exemption-full filer",ltd,corporate subscriber,2024-06-02,total-exemption-full,"accounts category, NOT turnover",43290,"Martland Mill Mart Lane, Burscough, Ormskirk",L40 0SD,https://find-and-update.company-information.service.gov.uk/company/15755430,,TO BE ENRICHED — not held by Companies House,legitimate interests (LIA required before contact),Companies House public API,2026-07-12T04:41:56+00:00
HJS ELECTRICS LTD,14156635,B_COMPLIANCE_DROWNED,micro filer (micro-entity),ltd,corporate subscriber,2022-06-07,micro-entity,"accounts category, NOT turnover",43210,"8 Anston Drive, South Elmsall, Pontefract",WF9 2NN,https://find-and-update.company-information.service.gov.uk/company/14156635,,TO BE ENRICHED — not held by Companies House,legitimate interests (LIA required before contact),Companies House public API,2026-07-12T04:41:57+00:00
DUDLEY PLUMBING & HEATING LTD,14782318,B_COMPLIANCE_DROWNED,micro filer (micro-entity),ltd,corporate subscriber,2023-04-05,micro-entity,"accounts category, NOT turnover",43220,"44 Magdalene Road, Owlsmoor, Sandhurst",GU47 0UT,https://find-and-update.company-information.service.gov.uk/company/14782318,,TO BE ENRICHED — not held by Companies House,legitimate interests (LIA required before contact),Companies House public API,2026-07-12T04:41:58+00:00
CORFIELD BROTHERS LIMITED,08573670,B_COMPLIANCE_DROWNED,micro filer (micro-entity),ltd,corporate subscriber,2013-06-18,micro-entity,"accounts category, NOT turnover",43220,"10 Park Plaza Battlefield Enterprise Park, Shrewsbury, Shropshire",SY1 3AF,https://find-and-update.company-information.service.gov.uk/company/08573670,,TO BE ENRICHED — not held by Companies House,legitimate interests (LIA required before contact),Companies House public API,2026-07-12T04:41:59+00:00
PW BUILDING AND CARPENTRY LTD,13465663,B_COMPLIANCE_DROWNED,micro filer (micro-entity),ltd,corporate subscriber,2021-06-18,micro-entity,"accounts category, NOT turnover",43110; 43290; 43390; 43910,"84 84 Hodshrove Road, Brighton, Brighton, East Sussex",BN2 4RS,https://find-and-update.company-information.service.gov.uk/company/13465663,,TO BE ENRICHED — not held by Companies House,legitimate interests (LIA required before contact),Companies House public API,2026-07-12T04:42:00+00:00
JWD PLUMBING & HEATING (NORFOLK) LTD,13781981,B_COMPLIANCE_DROWNED,"young (2021), total-exemption-full filer",ltd,corporate subscriber,2021-12-03,total-exemption-full,"accounts category, NOT turnover",43220,"1 Chopyngs Dole Close, Norwich",NR7 8RD,https://find-and-update.company-information.service.gov.uk/company/13781981,,TO BE ENRICHED — not held by Companies House,legitimate interests (LIA required before contact),Companies House public API,2026-07-12T04:42:01+00:00
PSO INSTALLATIONS LTD,06265667,B_COMPLIANCE_DROWNED,micro filer (micro-entity),ltd,corporate subscriber,2007-06-01,micro-entity,"accounts category, NOT turnover",43290,"381 Tamworth Road, Amington, Tamworth",B77 4AE,https://find-and-update.company-information.service.gov.uk/company/06265667,,TO BE ENRICHED — not held by Companies House,legitimate interests (LIA required before contact),Companies House public API,2026-07-12T04:42:02+00:00
RJM HEATING PLUMBING & GAS SERVICES LIMITED,06611032,B_COMPLIANCE_DROWNED,micro filer (micro-entity),ltd,corporate subscriber,2008-06-04,micro-entity,"accounts category, NOT turnover",43220,"85 Farneworth Road, Mickleover, Derby",DE3 0ET,https://find-and-update.company-information.service.gov.uk/company/06611032,,TO BE ENRICHED — not held by Companies House,legitimate interests (LIA required before contact),Companies House public API,2026-07-12T04:42:03+00:00
ADAM BEBBINGTON HEATING & PLUMBING LTD,14437458,B_COMPLIANCE_DROWNED,micro filer (micro-entity),ltd,corporate subscriber,2022-10-24,micro-entity,"accounts category, NOT turnover",43220,"35 Elmwood Avenue, Hoole, Chester",CH2 3RH,https://find-and-update.company-information.service.gov.uk/company/14437458,,TO BE ENRICHED — not held by Companies House,legitimate interests (LIA required before contact),Companies House public API,2026-07-12T04:42:04+00:00
ENERGY ENGINEERING SERVICES LTD,10555327,B_COMPLIANCE_DROWNED,micro filer (micro-entity),ltd,corporate subscriber,2017-01-10,micro-entity,"accounts category, NOT turnover",43220; 96090,"Units 1-2 Tunnel Terrace Boat Horse Road, Tunstall, Stoke On Trent",ST6 4QA,https://find-and-update.company-information.service.gov.uk/company/10555327,,TO BE ENRICHED — not held by Companies House,legitimate interests (LIA required before contact),Companies House public API,2026-07-12T04:42:05+00:00
MARSH PLUMBERS LTD,15569890,B_COMPLIANCE_DROWNED,micro filer (micro-entity),ltd,corporate subscriber,2024-03-16,micro-entity,"accounts category, NOT turnover",43220; 43320; 43999; 46740,"Flat-2 1 Artillery Place, London",SE18 4AB,https://find-and-update.company-information.service.gov.uk/company/15569890,,TO BE ENRICHED — not held by Companies House,legitimate interests (LIA required before contact),Companies House public API,2026-07-12T04:42:09+00:00
LAZIMI ELECTRICAL SERVICES LIMITED,13432236,B_COMPLIANCE_DROWNED,micro filer (micro-entity),ltd,corporate subscriber,2021-06-01,micro-entity,"accounts category, NOT turnover",43210,"99 Bounds Green Road, London",N22 8DF,https://find-and-update.company-information.service.gov.uk/company/13432236,,TO BE ENRICHED — not held by Companies House,legitimate interests (LIA required before contact),Companies House public API,2026-07-12T04:42:09+00:00
ACAM ELECTRICAL LTD,05846159,B_COMPLIANCE_DROWNED,micro filer (micro-entity),ltd,corporate subscriber,2006-06-14,micro-entity,"accounts category, NOT turnover",43210,"42 Owen Close, London",SE28 8AL,https://find-and-update.company-information.service.gov.uk/company/05846159,,TO BE ENRICHED — not held by Companies House,legitimate interests (LIA required before contact),Companies House public API,2026-07-12T04:42:11+00:00
G J MARTIN GAS AND HEATING SERVICES LTD,10756459,B_COMPLIANCE_DROWNED,micro filer (micro-entity),ltd,corporate subscriber,2017-05-05,micro-entity,"accounts category, NOT turnover",43220,"15 The Grange, Cubbington, Leamington Spa, Warwickshire",CV32 7LE,https://find-and-update.company-information.service.gov.uk/company/10756459,,TO BE ENRICHED — not held by Companies House,legitimate interests (LIA required before contact),Companies House public API,2026-07-12T04:42:12+00:00
ZARA SERVICES LIMITED,09841939,B_COMPLIANCE_DROWNED,micro filer (micro-entity),ltd,corporate subscriber,2015-10-26,micro-entity,"accounts category, NOT turnover",41100; 43220; 46499; 80100,"Rowan House Delamare Road, Cheshunt, Waltham Cross",EN8 9SP,https://find-and-update.company-information.service.gov.uk/company/09841939,,TO BE ENRICHED — not held by Companies House,legitimate interests (LIA required before contact),Companies House public API,2026-07-12T04:42:14+00:00
ZAT SERVICES LTD,10193840,B_COMPLIANCE_DROWNED,micro filer (micro-entity),ltd,corporate subscriber,2016-05-23,micro-entity,"accounts category, NOT turnover",43290,"1 Ditchling Close, Luton",LU2 8JR,https://find-and-update.company-information.service.gov.uk/company/10193840,,TO BE ENRICHED — not held by Companies House,legitimate interests (LIA required before contact),Companies House public API,2026-07-12T04:42:16+00:00
THERM-FIX LTD,12906725,B_COMPLIANCE_DROWNED,micro filer (micro-entity),ltd,corporate subscriber,2020-09-25,micro-entity,"accounts category, NOT turnover",43220,"Flat 33 45 Provost Street, London",N1 7NW,https://find-and-update.company-information.service.gov.uk/company/12906725,,TO BE ENRICHED — not held by Companies House,legitimate interests (LIA required before contact),Companies House public API,2026-07-12T04:42:17+00:00
P & G S (YORKSHIRE) LIMITED,15756828,B_COMPLIANCE_DROWNED,micro filer (micro-entity),ltd,corporate subscriber,2024-06-03,micro-entity,"accounts category, NOT turnover",43220,"The Counting House Tower Buildings, Wade House Road, Halifax, West Yorkshire",HX3 7PB,https://find-and-update.company-information.service.gov.uk/company/15756828,,TO BE ENRICHED — not held by Companies House,legitimate interests (LIA required before contact),Companies House public API,2026-07-12T04:42:18+00:00
ALTENERGY LIMITED,13434756,B_COMPLIANCE_DROWNED,micro filer (micro-entity),ltd,corporate subscriber,2021-06-02,micro-entity,"accounts category, NOT turnover",43210,"3 Marco Polo House, Cook Way, Taunton, Somerset",TA2 6BJ,https://find-and-update.company-information.service.gov.uk/company/13434756,,TO BE ENRICHED — not held by Companies House,legitimate interests (LIA required before contact),Companies House public API,2026-07-12T04:42:18+00:00
WEST HERTS ELECTRICAL LTD,12350407,B_COMPLIANCE_DROWNED,micro filer (micro-entity),ltd,corporate subscriber,2019-12-05,micro-entity,"accounts category, NOT turnover",43210,"1 Litchurch Lane, Derby",DE24 8AA,https://find-and-update.company-information.service.gov.uk/company/12350407,,TO BE ENRICHED — not held by Companies House,legitimate interests (LIA required before contact),Companies House public API,2026-07-12T04:42:20+00:00
GREEN DEAL REPORT LIMITED,08676205,B_COMPLIANCE_DROWNED,micro filer (micro-entity),ltd,corporate subscriber,2013-09-04,micro-entity,"accounts category, NOT turnover",41202; 43220; 62012; 62020,"Oakridge House Wellington Road, High Wycombe Buckinghamshire, High Wycombe, Buckinghamshire",HP12 3PR,https://find-and-update.company-information.service.gov.uk/company/08676205,,TO BE ENRICHED — not held by Companies House,legitimate interests (LIA required before contact),Companies House public API,2026-07-12T04:42:21+00:00
PROFESSIONAL FLOORING CONTRACTORS LTD.,12644687,B_COMPLIANCE_DROWNED,micro filer (micro-entity),ltd,corporate subscriber,2020-06-04,micro-entity,"accounts category, NOT turnover",43290,"384a Gedling Road, Arnold, Nottingham",NG5 6PD,https://find-and-update.company-information.service.gov.uk/company/12644687,,TO BE ENRICHED — not held by Companies House,legitimate interests (LIA required before contact),Companies House public API,2026-07-12T04:42:22+00:00
BB PLUMBING AND SERVICES LIMITED,09480209,B_COMPLIANCE_DROWNED,micro filer (micro-entity),ltd,corporate subscriber,2015-03-10,micro-entity,"accounts category, NOT turnover",43220,"6 Sparrow Farm Drive, Feltham",TW14 0EA,https://find-and-update.company-information.service.gov.uk/company/09480209,,TO BE ENRICHED — not held by Companies House,legitimate interests (LIA required before contact),Companies House public API,2026-07-12T04:42:23+00:00
PWI SOLUTIONS LTD,10566277,B_COMPLIANCE_DROWNED,micro filer (micro-entity),ltd,corporate subscriber,2017-01-16,micro-entity,"accounts category, NOT turnover",43290,"10 Ryecroft Way Glusburn, Keighley",BD20 8PT,https://find-and-update.company-information.service.gov.uk/company/10566277,,TO BE ENRICHED — not held by Companies House,legitimate interests (LIA required before contact),Companies House public API,2026-07-12T04:42:23+00:00
WADSLEY PLUMBING & HEATING LIMITED,09231395,B_COMPLIANCE_DROWNED,micro filer (micro-entity),ltd,corporate subscriber,2014-09-23,micro-entity,"accounts category, NOT turnover",43220,"38 Studfield Hill, Sheffield",S6 4SJ,https://find-and-update.company-information.service.gov.uk/company/09231395,,TO BE ENRICHED — not held by Companies House,legitimate interests (LIA required before contact),Companies House public API,2026-07-12T04:42:25+00:00
RMSG MEP SERVICE UK LTD,12993570,B_COMPLIANCE_DROWNED,micro filer (micro-entity),ltd,corporate subscriber,2020-11-03,micro-entity,"accounts category, NOT turnover",33140; 41202; 42220; 43220,"91 Anson Road, West Bromwich",B70 0NF,https://find-and-update.company-information.service.gov.uk/company/12993570,,TO BE ENRICHED — not held by Companies House,legitimate interests (LIA required before contact),Companies House public API,2026-07-12T04:42:27+00:00
SMARTPLUMB LIMITED,04748293,B_COMPLIANCE_DROWNED,micro filer (micro-entity),ltd,corporate subscriber,2003-04-29,micro-entity,"accounts category, NOT turnover",43220,"95 New Road, Haslingfield, Cambridge, Cambridgeshire",CB3 7LP,https://find-and-update.company-information.service.gov.uk/company/04748293,,TO BE ENRICHED — not held by Companies House,legitimate interests (LIA required before contact),Companies House public API,2026-07-12T04:42:28+00:00
G S JONES ELECTRICAL LIMITED,09068515,B_COMPLIANCE_DROWNED,micro filer (micro-entity),ltd,corporate subscriber,2014-06-03,micro-entity,"accounts category, NOT turnover",43210,"6 Winterstoke Close, Bedminster, Bristol",BS3 2NG,https://find-and-update.company-information.service.gov.uk/company/09068515,,TO BE ENRICHED — not held by Companies House,legitimate interests (LIA required before contact),Companies House public API,2026-07-12T04:42:29+00:00
JF HEATING AND PLUMBING LTD,10394971,B_COMPLIANCE_DROWNED,micro filer (micro-entity),ltd,corporate subscriber,2016-09-26,micro-entity,"accounts category, NOT turnover",43220,"15 The Drive, Grantham",NG31 7PR,https://find-and-update.company-information.service.gov.uk/company/10394971,,TO BE ENRICHED — not held by Companies House,legitimate interests (LIA required before contact),Companies House public API,2026-07-12T04:42:30+00:00
DREAMY TRADES LTD,SC770541,B_COMPLIANCE_DROWNED,micro filer (micro-entity),ltd,corporate subscriber,2023-05-24,micro-entity,"accounts category, NOT turnover",43210,"22 Armstrong Road, Helensburgh",G84 7UE,https://find-and-update.company-information.service.gov.uk/company/SC770541,,TO BE ENRICHED — not held by Companies House,legitimate interests (LIA required before contact),Companies House public API,2026-07-12T04:42:31+00:00
NY BUILDERS LTD,09053306,B_COMPLIANCE_DROWNED,micro filer (micro-entity),ltd,corporate subscriber,2014-05-22,micro-entity,"accounts category, NOT turnover",43210,"150 Glastonbury Road, Morden, Surrey",SM4 6PQ,https://find-and-update.company-information.service.gov.uk/company/09053306,,TO BE ENRICHED — not held by Companies House,legitimate interests (LIA required before contact),Companies House public API,2026-07-12T04:42:32+00:00
Z&M COMPOSITE LTD,15476097,B_COMPLIANCE_DROWNED,micro filer (micro-entity),ltd,corporate subscriber,2024-02-09,micro-entity,"accounts category, NOT turnover",23140; 43290,"10 Huntland Close, Rainham",RM13 9JB,https://find-and-update.company-information.service.gov.uk/company/15476097,,TO BE ENRICHED — not held by Companies House,legitimate interests (LIA required before contact),Companies House public API,2026-07-12T04:42:33+00:00
SPARKS PROPERTY SERVICES LIMITED,07285169,B_COMPLIANCE_DROWNED,micro filer (micro-entity),ltd,corporate subscriber,2010-06-15,micro-entity,"accounts category, NOT turnover",43210; 43290,"66 Conference Avenue, Portishead, Bristol",BS20 7LF,https://find-and-update.company-information.service.gov.uk/company/07285169,,TO BE ENRICHED — not held by Companies House,legitimate interests (LIA required before contact),Companies House public API,2026-07-12T04:42:34+00:00
OLIVER LEE PLUMBING AND HEATING LIMITED,14852366,B_COMPLIANCE_DROWNED,"young (2023), total-exemption-full filer",ltd,corporate subscriber,2023-05-08,total-exemption-full,"accounts category, NOT turnover",43220,"Manufactory House, Bell Lane, Hertford, Hertfordshire",SG14 1BP,https://find-and-update.company-information.service.gov.uk/company/14852366,,TO BE ENRICHED — not held by Companies House,legitimate interests (LIA required before contact),Companies House public API,2026-07-12T04:42:35+00:00
LNAS SERVICES LTD,13438884,B_COMPLIANCE_DROWNED,micro filer (micro-entity),ltd,corporate subscriber,2021-06-04,micro-entity,"accounts category, NOT turnover",43290,"20 Brynawel Road, Ystradgynlais, Swansea",SA9 1JT,https://find-and-update.company-information.service.gov.uk/company/13438884,,TO BE ENRICHED — not held by Companies House,legitimate interests (LIA required before contact),Companies House public API,2026-07-12T04:42:38+00:00
MH BUILDING SERVICE LIMITED,09037345,B_COMPLIANCE_DROWNED,micro filer (micro-entity),ltd,corporate subscriber,2014-05-13,micro-entity,"accounts category, NOT turnover",43290,"Cosmopolitan House, Old Fore Street, Sidmouth, Devon",EX10 8LS,https://find-and-update.company-information.service.gov.uk/company/09037345,,TO BE ENRICHED — not held by Companies House,legitimate interests (LIA required before contact),Companies House public API,2026-07-12T04:42:39+00:00
SAFE CONTRACTING LTD,SC744478,B_COMPLIANCE_DROWNED,micro filer (micro-entity),ltd,corporate subscriber,2022-09-14,micro-entity,"accounts category, NOT turnover",43210,"26 Holm Dell Avenue, Inverness",IV2 4GW,https://find-and-update.company-information.service.gov.uk/company/SC744478,,TO BE ENRICHED — not held by Companies House,legitimate interests (LIA required before contact),Companies House public API,2026-07-12T04:42:41+00:00
SGD FIRE PROTECTION LIMITED,14107338,B_COMPLIANCE_DROWNED,"young (2022), total-exemption-full filer",ltd,corporate subscriber,2022-05-14,total-exemption-full,"accounts category, NOT turnover",43290,"Ellis Ashton Street, Huyton, Liverpool, Merseyside",L36 6BJ,https://find-and-update.company-information.service.gov.uk/company/14107338,,TO BE ENRICHED — not held by Companies House,legitimate interests (LIA required before contact),Companies House public API,2026-07-12T04:42:42+00:00
CAPITAL POWER & DATA LIMITED,06118413,B_COMPLIANCE_DROWNED,micro filer (micro-entity),ltd,corporate subscriber,2007-02-20,micro-entity,"accounts category, NOT turnover",43210,"57a Broadway, Leigh On Sea, Essex",SS9 1PE,https://find-and-update.company-information.service.gov.uk/company/06118413,,TO BE ENRICHED — not held by Companies House,legitimate interests (LIA required before contact),Companies House public API,2026-07-12T04:42:43+00:00
MTS PROPERTY SERVICES LTD,09221313,B_COMPLIANCE_DROWNED,micro filer (micro-entity),ltd,corporate subscriber,2014-09-16,micro-entity,"accounts category, NOT turnover",43290; 43320; 43390; 43999,"22 Cavell Street, London",E1 2HP,https://find-and-update.company-information.service.gov.uk/company/09221313,,TO BE ENRICHED — not held by Companies House,legitimate interests (LIA required before contact),Companies House public API,2026-07-12T04:42:44+00:00
TSF ELECTRICAL (DEARNE VALLEY) LTD,15633133,B_COMPLIANCE_DROWNED,"young (2024), total-exemption-full filer",ltd,corporate subscriber,2024-04-10,total-exemption-full,"accounts category, NOT turnover",43210,"1 Manor Road, Harlington, Doncaster",DN5 7JD,https://find-and-update.company-information.service.gov.uk/company/15633133,,TO BE ENRICHED — not held by Companies House,legitimate interests (LIA required before contact),Companies House public API,2026-07-12T04:42:45+00:00
MR NO LEAKS LTD,15754206,B_COMPLIANCE_DROWNED,micro filer (micro-entity),ltd,corporate subscriber,2024-06-01,micro-entity,"accounts category, NOT turnover",43220; 43390,"1288b High Road, London",N20 9HJ,https://find-and-update.company-information.service.gov.uk/company/15754206,,TO BE ENRICHED — not held by Companies House,legitimate interests (LIA required before contact),Companies House public API,2026-07-12T04:42:48+00:00
N1 ELECTRICAL LTD,12613849,B_COMPLIANCE_DROWNED,micro filer (micro-entity),ltd,corporate subscriber,2020-05-20,micro-entity,"accounts category, NOT turnover",43210,"20-22 Wenlock Road, London",N1 7GU,https://find-and-update.company-information.service.gov.uk/company/12613849,,TO BE ENRICHED — not held by Companies House,legitimate interests (LIA required before contact),Companies House public API,2026-07-12T04:42:50+00:00
S. COWLE ELECTRICAL LIMITED,01204553,B_COMPLIANCE_DROWNED,micro filer (micro-entity),ltd,corporate subscriber,1975-03-21,micro-entity,"accounts category, NOT turnover",43210,"3 Semer Court Crockatt Road, Hadleigh, Ipswich, Suffolk",IP7 6RN,https://find-and-update.company-information.service.gov.uk/company/01204553,,TO BE ENRICHED — not held by Companies House,legitimate interests (LIA required before contact),Companies House public API,2026-07-12T04:42:50+00:00
PULSE ELECTRIC (LONDON) LIMITED,13412359,B_COMPLIANCE_DROWNED,micro filer (micro-entity),ltd,corporate subscriber,2021-05-20,micro-entity,"accounts category, NOT turnover",33140; 43210,"2a Finance House, Maygrove Road, Kilburn, London",NW6 2EB,https://find-and-update.company-information.service.gov.uk/company/13412359,,TO BE ENRICHED — not held by Companies House,legitimate interests (LIA required before contact),Companies House public API,2026-07-12T04:42:51+00:00
PREMIER HEATING SERVICES EPSOM LTD,14771736,B_COMPLIANCE_DROWNED,micro filer (micro-entity),ltd,corporate subscriber,2023-03-31,micro-entity,"accounts category, NOT turnover",43220,"59 Hazon Way, Epsom, Surrey",KT19 8HG,https://find-and-update.company-information.service.gov.uk/company/14771736,,TO BE ENRICHED — not held by Companies House,legitimate interests (LIA required before contact),Companies House public API,2026-07-12T04:42:52+00:00
PYRAMIDS CONSTRUCTION LIMITED,07203468,B_COMPLIANCE_DROWNED,micro filer (micro-entity),ltd,corporate subscriber,2010-03-25,micro-entity,"accounts category, NOT turnover",43290,"Britannia House Glenthorne Road, Hammersmith, London",W6 0LH,https://find-and-update.company-information.service.gov.uk/company/07203468,,TO BE ENRICHED — not held by Companies House,legitimate interests (LIA required before contact),Companies House public API,2026-07-12T04:42:53+00:00
UBER PLUMBING AND HEATING LIMITED,08546861,B_COMPLIANCE_DROWNED,micro filer (micro-entity),ltd,corporate subscriber,2013-05-28,micro-entity,"accounts category, NOT turnover",43220,"6 Capel Close, Warmley, Bristol",BS15 4LS,https://find-and-update.company-information.service.gov.uk/company/08546861,,TO BE ENRICHED — not held by Companies House,legitimate interests (LIA required before contact),Companies House public API,2026-07-12T04:42:54+00:00
CALHAME HEATING SERVICES LTD,SC351228,B_COMPLIANCE_DROWNED,micro filer (micro-entity),ltd,corporate subscriber,2008-11-13,micro-entity,"accounts category, NOT turnover",43220,"1 Spiersbridge Way, Spiersbridge Business Park, Thornliebank, Glasgow",G46 8NG,https://find-and-update.company-information.service.gov.uk/company/SC351228,,TO BE ENRICHED — not held by Companies House,legitimate interests (LIA required before contact),Companies House public API,2026-07-12T04:42:55+00:00
E11 GARDEN FENCING & LANDSCAPING LTD,14183578,B_COMPLIANCE_DROWNED,micro filer (micro-entity),ltd,corporate subscriber,2022-06-20,micro-entity,"accounts category, NOT turnover",41202; 43290,"94 Poppleton Road, London",E11 1LT,https://find-and-update.company-information.service.gov.uk/company/14183578,,TO BE ENRICHED — not held by Companies House,legitimate interests (LIA required before contact),Companies House public API,2026-07-12T04:42:56+00:00
CHECKED ELECTRIC LTD,12044913,B_COMPLIANCE_DROWNED,micro filer (micro-entity),ltd,corporate subscriber,2019-06-11,micro-entity,"accounts category, NOT turnover",43210,"409 Selsdon Road, South Croydon",CR2 7AD,https://find-and-update.company-information.service.gov.uk/company/12044913,,TO BE ENRICHED — not held by Companies House,legitimate interests (LIA required before contact),Companies House public API,2026-07-12T04:42:59+00:00
ALTERNA RENEWABLES LTD,15412353,B_COMPLIANCE_DROWNED,"young (2024), total-exemption-full filer",ltd,corporate subscriber,2024-01-15,total-exemption-full,"accounts category, NOT turnover",43210,"205 Outgang Lane, Dinnington, Sheffield",S25 3QY,https://find-and-update.company-information.service.gov.uk/company/15412353,,TO BE ENRICHED — not held by Companies House,legitimate interests (LIA required before contact),Companies House public API,2026-07-12T04:43:02+00:00
PRO VOLT ELECTRICAL SERVICES LIMITED,13999113,B_COMPLIANCE_DROWNED,micro filer (micro-entity),ltd,corporate subscriber,2022-03-23,micro-entity,"accounts category, NOT turnover",43210,"30 Highfields, Thornton, Coalville",LE67 1AD,https://find-and-update.company-information.service.gov.uk/company/13999113,,TO BE ENRICHED — not held by Companies House,legitimate interests (LIA required before contact),Companies House public API,2026-07-12T04:43:03+00:00
HANDS ON MAINTENANCE LIMITED,09605166,B_COMPLIANCE_DROWNED,micro filer (micro-entity),ltd,corporate subscriber,2015-05-22,micro-entity,"accounts category, NOT turnover",43220; 43290; 43330; 43390,"76a Edgware Way, Edgware",HA8 8JS,https://find-and-update.company-information.service.gov.uk/company/09605166,,TO BE ENRICHED — not held by Companies House,legitimate interests (LIA required before contact),Companies House public API,2026-07-12T04:43:03+00:00
HAPPY GAS LTD,09616905,B_COMPLIANCE_DROWNED,micro filer (micro-entity),ltd,corporate subscriber,2015-06-01,micro-entity,"accounts category, NOT turnover",43220,"11 Market Place, Wooler, Northumberland",NE71 6LQ,https://find-and-update.company-information.service.gov.uk/company/09616905,,TO BE ENRICHED — not held by Companies House,legitimate interests (LIA required before contact),Companies House public API,2026-07-12T04:43:04+00:00
TOTAL REFURBS LTD,14335276,B_COMPLIANCE_DROWNED,micro filer (micro-entity),ltd,corporate subscriber,2022-09-05,micro-entity,"accounts category, NOT turnover",43290,"1 Dukes Passage, Brighton, East Sussex",BN1 1BS,https://find-and-update.company-information.service.gov.uk/company/14335276,,TO BE ENRICHED — not held by Companies House,legitimate interests (LIA required before contact),Companies House public API,2026-07-12T04:43:06+00:00
P W PHG LTD,09737834,B_COMPLIANCE_DROWNED,micro filer (micro-entity),ltd,corporate subscriber,2015-08-18,micro-entity,"accounts category, NOT turnover",43220,"25-29 Sandy Way Yeadon, Leeds",LS19 7EW,https://find-and-update.company-information.service.gov.uk/company/09737834,,TO BE ENRICHED — not held by Companies House,legitimate interests (LIA required before contact),Companies House public API,2026-07-12T04:43:07+00:00
AIR - TECH (YORKSHIRE) LIMITED,07247089,B_COMPLIANCE_DROWNED,micro filer (micro-entity),ltd,corporate subscriber,2010-05-07,micro-entity,"accounts category, NOT turnover",43220,"44 Kirkgate, Ripon, North Yorkshire",HG4 1PB,https://find-and-update.company-information.service.gov.uk/company/07247089,,TO BE ENRICHED — not held by Companies House,legitimate interests (LIA required before contact),Companies House public API,2026-07-12T04:43:08+00:00
SB ELECTRICS LIMITED,NI046424,B_COMPLIANCE_DROWNED,micro filer (micro-entity),ltd,corporate subscriber,2003-05-07,micro-entity,"accounts category, NOT turnover",43210,"15 Tullybrannigan Road, Newcastle, County Down",BT33 0HR,https://find-and-update.company-information.service.gov.uk/company/NI046424,,TO BE ENRICHED — not held by Companies House,legitimate interests (LIA required before contact),Companies House public API,2026-07-12T04:43:08+00:00
T J SANDERS ELECTRICAL LTD,15758990,B_COMPLIANCE_DROWNED,micro filer (micro-entity),ltd,corporate subscriber,2024-06-04,micro-entity,"accounts category, NOT turnover",43210,"80 Waterside Drive, Chichester, West Sussex",PO19 8RN,https://find-and-update.company-information.service.gov.uk/company/15758990,,TO BE ENRICHED — not held by Companies House,legitimate interests (LIA required before contact),Companies House public API,2026-07-12T04:43:09+00:00
DATASERVIS LTD,14751753,B_COMPLIANCE_DROWNED,"young (2023), unaudited-abridged filer",ltd,corporate subscriber,2023-03-23,unaudited-abridged,"accounts category, NOT turnover",42220; 43210,"127a High Street, Hornchurch",RM11 1TX,https://find-and-update.company-information.service.gov.uk/company/14751753,,TO BE ENRICHED — not held by Companies House,legitimate interests (LIA required before contact),Companies House public API,2026-07-12T04:43:10+00:00
MCLANE SPECIALIST INSTALLATION SERVICES LIMITED,03781589,B_COMPLIANCE_DROWNED,micro filer (micro-entity),ltd,corporate subscriber,1999-06-02,micro-entity,"accounts category, NOT turnover",43210,"24 Pinehill Road, Crowthorne, Berkshire",RG45 7JD,https://find-and-update.company-information.service.gov.uk/company/03781589,,TO BE ENRICHED — not held by Companies House,legitimate interests (LIA required before contact),Companies House public API,2026-07-12T04:43:12+00:00
PAC MARKETING LIMITED,SC742803,B_COMPLIANCE_DROWNED,"young (2022), unaudited-abridged filer",ltd,corporate subscriber,2022-08-30,unaudited-abridged,"accounts category, NOT turnover",43210,"57 Laxton Drive, Kirkintilloch, Glasgow",G66 5LX,https://find-and-update.company-information.service.gov.uk/company/SC742803,,TO BE ENRICHED — not held by Companies House,legitimate interests (LIA required before contact),Companies House public API,2026-07-12T04:43:13+00:00
IA SOLUTIONS LIMITED,14511284,B_COMPLIANCE_DROWNED,micro filer (micro-entity),ltd,corporate subscriber,2022-11-28,micro-entity,"accounts category, NOT turnover",43210,"21 Towbury Close, Redditch",B98 7YZ,https://find-and-update.company-information.service.gov.uk/company/14511284,,TO BE ENRICHED — not held by Companies House,legitimate interests (LIA required before contact),Companies House public API,2026-07-12T04:43:17+00:00
PENSBY PLUMBING & PLASTERING LIMITED,14108652,B_COMPLIANCE_DROWNED,"young (2022), total-exemption-full filer",ltd,corporate subscriber,2022-05-16,total-exemption-full,"accounts category, NOT turnover",43290; 43310,"395-397 Woodchurch Road, Birkenhead",CH42 8PF,https://find-and-update.company-information.service.gov.uk/company/14108652,,TO BE ENRICHED — not held by Companies House,legitimate interests (LIA required before contact),Companies House public API,2026-07-12T04:43:17+00:00
QUEST PLUMBING AND HEATING LIMITED,14892826,B_COMPLIANCE_DROWNED,"young (2023), total-exemption-full filer",ltd,corporate subscriber,2023-05-24,total-exemption-full,"accounts category, NOT turnover",43220,"14 Furtherwick Road, Canvey Island, Essex",SS8 7AE,https://find-and-update.company-information.service.gov.uk/company/14892826,,TO BE ENRICHED — not held by Companies House,legitimate interests (LIA required before contact),Companies House public API,2026-07-12T04:43:18+00:00
A C SHARP HEATING LTD,SC769199,B_COMPLIANCE_DROWNED,micro filer (micro-entity),ltd,corporate subscriber,2023-05-12,micro-entity,"accounts category, NOT turnover",43220,"4 Angus Drive, Monifieth, Dundee",DD5 4UA,https://find-and-update.company-information.service.gov.uk/company/SC769199,,TO BE ENRICHED — not held by Companies House,legitimate interests (LIA required before contact),Companies House public API,2026-07-12T04:43:20+00:00
CHARGE INSTALLATIONS LTD,14889836,B_COMPLIANCE_DROWNED,"young (2023), unaudited-abridged filer",ltd,corporate subscriber,2023-05-23,unaudited-abridged,"accounts category, NOT turnover",43210; 43910,"54-56 Ormskirk Street, St. Helens",WA10 2TF,https://find-and-update.company-information.service.gov.uk/company/14889836,,TO BE ENRICHED — not held by Companies House,legitimate interests (LIA required before contact),Companies House public API,2026-07-12T04:43:21+00:00
JULIDESIGN ARCHITECTURE SERVICES LTD,13430283,B_COMPLIANCE_DROWNED,micro filer (micro-entity),ltd,corporate subscriber,2021-06-01,micro-entity,"accounts category, NOT turnover",43220; 43999; 71111; 74100,"Unit Da2 Sutherland House,, 43 Sutherland Road, London",E17 6BU,https://find-and-update.company-information.service.gov.uk/company/13430283,,TO BE ENRICHED — not held by Companies House,legitimate interests (LIA required before contact),Companies House public API,2026-07-12T04:43:21+00:00
NORTHALL CORPORATION LTD.,09763769,B_COMPLIANCE_DROWNED,micro filer (micro-entity),ltd,corporate subscriber,2015-09-05,micro-entity,"accounts category, NOT turnover",43290; 51102; 74902; 74909,"27 Sandon Road, Nuneaton",CV11 5AX,https://find-and-update.company-information.service.gov.uk/company/09763769,,TO BE ENRICHED — not held by Companies House,legitimate interests (LIA required before contact),Companies House public API,2026-07-12T04:43:23+00:00
NLC ELECTRICAL LTD,15744029,B_COMPLIANCE_DROWNED,micro filer (micro-entity),ltd,corporate subscriber,2024-05-26,micro-entity,"accounts category, NOT turnover",43210; 43290,"23a The Precinct, London Road, Waterlooville, Hampshire",PO7 7DT,https://find-and-update.company-information.service.gov.uk/company/15744029,,TO BE ENRICHED — not held by Companies House,legitimate interests (LIA required before contact),Companies House public API,2026-07-12T04:43:24+00:00
MEC SOLUTIONS LONDON LTD,13408945,B_COMPLIANCE_DROWNED,micro filer (micro-entity),ltd,corporate subscriber,2021-05-19,micro-entity,"accounts category, NOT turnover",43210,"Flat 1 158 Frant Road, Thornton Heath",CR7 7JW,https://find-and-update.company-information.service.gov.uk/company/13408945,,TO BE ENRICHED — not held by Companies House,legitimate interests (LIA required before contact),Companies House public API,2026-07-12T04:43:25+00:00
RO LITTLE CONSTRUCTOR LTD,12617533,B_COMPLIANCE_DROWNED,micro filer (micro-entity),ltd,corporate subscriber,2020-05-21,micro-entity,"accounts category, NOT turnover",41201; 41202; 43290,"58b Elstow Road, Bedford, Bedfordshire",MK42 9LP,https://find-and-update.company-information.service.gov.uk/company/12617533,,TO BE ENRICHED — not held by Companies House,legitimate interests (LIA required before contact),Companies House public API,2026-07-12T04:43:26+00:00
A WHITE BATHROOM COMPANY LIMITED,04769402,B_COMPLIANCE_DROWNED,micro filer (micro-entity),ltd,corporate subscriber,2003-05-19,micro-entity,"accounts category, NOT turnover",43220,"The Old School House, The Green, Leafield, Oxfordshire",OX29 9NP,https://find-and-update.company-information.service.gov.uk/company/04769402,,TO BE ENRICHED — not held by Companies House,legitimate interests (LIA required before contact),Companies House public API,2026-07-12T04:43:27+00:00
SUMMER AIR LTD,14037925,B_COMPLIANCE_DROWNED,"young (2022), total-exemption-full filer",ltd,corporate subscriber,2022-04-11,total-exemption-full,"accounts category, NOT turnover",35300; 43220,"Unit 2 White Park, Elstree Hill South, Borehamwood",WD6 3BL,https://find-and-update.company-information.service.gov.uk/company/14037925,,TO BE ENRICHED — not held by Companies House,legitimate interests (LIA required before contact),Companies House public API,2026-07-12T04:43:28+00:00
BRODEN LTD,SC723423,B_COMPLIANCE_DROWNED,"young (2022), total-exemption-full filer",ltd,corporate subscriber,2022-02-16,total-exemption-full,"accounts category, NOT turnover",41201; 41202; 43210,"Unit A & J Arran House, Arran Road, Perth",PH1 3DZ,https://find-and-update.company-information.service.gov.uk/company/SC723423,,TO BE ENRICHED — not held by Companies House,legitimate interests (LIA required before contact),Companies House public API,2026-07-12T04:43:30+00:00
RD INSTALLATIONS LTD,12975633,B_COMPLIANCE_DROWNED,micro filer (micro-entity),ltd,corporate subscriber,2020-10-26,micro-entity,"accounts category, NOT turnover",43290,"11 Merlin Crescent, Edgware",HA8 6JL,https://find-and-update.company-information.service.gov.uk/company/12975633,,TO BE ENRICHED — not held by Companies House,legitimate interests (LIA required before contact),Companies House public API,2026-07-12T04:43:31+00:00
PIPES R RUSS LTD,06259836,B_COMPLIANCE_DROWNED,micro filer (micro-entity),ltd,corporate subscriber,2007-05-25,micro-entity,"accounts category, NOT turnover",43290,"10 Crompton Avenue, Sprotbrough, Doncaster, South Yorkshire",DN5 8EE,https://find-and-update.company-information.service.gov.uk/company/06259836,,TO BE ENRICHED — not held by Companies House,legitimate interests (LIA required before contact),Companies House public API,2026-07-12T04:43:33+00:00
NELSON PLUMBING & HEATING LTD,13649684,B_COMPLIANCE_DROWNED,"young (2021), total-exemption-full filer",ltd,corporate subscriber,2021-09-29,total-exemption-full,"accounts category, NOT turnover",43220,"Flat 62 Block B, Sillavan Way, Salford, Manchester",M3 6GB,https://find-and-update.company-information.service.gov.uk/company/13649684,,TO BE ENRICHED — not held by Companies House,legitimate interests (LIA required before contact),Companies House public API,2026-07-12T04:43:33+00:00
HENLEY ECO ENERGY SERVICES LIMITED,15758603,B_COMPLIANCE_DROWNED,micro filer (micro-entity),ltd,corporate subscriber,2024-06-03,micro-entity,"accounts category, NOT turnover",43220,"25 Crisp Road, Henley-On-Thames",RG9 2EN,https://find-and-update.company-information.service.gov.uk/company/15758603,,TO BE ENRICHED — not held by Companies House,legitimate interests (LIA required before contact),Companies House public API,2026-07-12T04:43:34+00:00
WATER WORKS PLUMBING AND HEATING LTD,SC812507,B_COMPLIANCE_DROWNED,micro filer (micro-entity),ltd,corporate subscriber,2024-06-03,micro-entity,"accounts category, NOT turnover",43220,"18 Loirston Road, Cove Bay, Aberdeen",AB12 3NS,https://find-and-update.company-information.service.gov.uk/company/SC812507,,TO BE ENRICHED — not held by Companies House,legitimate interests (LIA required before contact),Companies House public API,2026-07-12T04:43:37+00:00
CSP ELECTRICAL CONTRACTORS LTD,14913591,B_COMPLIANCE_DROWNED,micro filer (micro-entity),ltd,corporate subscriber,2023-06-05,micro-entity,"accounts category, NOT turnover",43210,"43 Isabel Gate, Cheshunt, Waltham Cross",EN8 0XL,https://find-and-update.company-information.service.gov.uk/company/14913591,,TO BE ENRICHED — not held by Companies House,legitimate interests (LIA required before contact),Companies House public API,2026-07-12T04:43:37+00:00
AES MECHANICAL LTD,11143413,B_COMPLIANCE_DROWNED,micro filer (micro-entity),ltd,corporate subscriber,2018-01-10,micro-entity,"accounts category, NOT turnover",43220,"3a Harrogate Road, Rawdon, Leeds",LS19 6HW,https://find-and-update.company-information.service.gov.uk/company/11143413,,TO BE ENRICHED — not held by Companies House,legitimate interests (LIA required before contact),Companies House public API,2026-07-12T04:43:38+00:00
CRAIG MOORE PLUMBING & HEATING LTD,11350629,B_COMPLIANCE_DROWNED,micro filer (micro-entity),ltd,corporate subscriber,2018-05-08,micro-entity,"accounts category, NOT turnover",43220,"16 The Strand, Redcar",TS10 2QG,https://find-and-update.company-information.service.gov.uk/company/11350629,,TO BE ENRICHED — not held by Companies House,legitimate interests (LIA required before contact),Companies House public API,2026-07-12T04:43:40+00:00
EXPERT TRADE SERVICES LIMITED,09028302,B_COMPLIANCE_DROWNED,micro filer (micro-entity),ltd,corporate subscriber,2014-05-07,micro-entity,"accounts category, NOT turnover",43210,"Unit 22  Newcastle Enterprise Centre High Street, Knutton, Newcastle, Staffordshire",ST5 6BX,https://find-and-update.company-information.service.gov.uk/company/09028302,,TO BE ENRICHED — not held by Companies House,legitimate interests (LIA required before contact),Companies House public API,2026-07-12T04:43:41+00:00
IMPERIUM ELECTRICAL IRELAND LTD,NI652837,B_COMPLIANCE_DROWNED,micro filer (micro-entity),ltd,corporate subscriber,2018-05-08,micro-entity,"accounts category, NOT turnover",43210,"89 Dellwood, Eglinton",BT47 3XF,https://find-and-update.company-information.service.gov.uk/company/NI652837,,TO BE ENRICHED — not held by Companies House,legitimate interests (LIA required before contact),Companies House public API,2026-07-12T04:43:42+00:00
MAER AUTOMATION LIMITED,14888469,B_COMPLIANCE_DROWNED,micro filer (micro-entity),ltd,corporate subscriber,2023-05-23,micro-entity,"accounts category, NOT turnover",43210,"23 Tamarisk, Benfleet",SS7 5PW,https://find-and-update.company-information.service.gov.uk/company/14888469,,TO BE ENRICHED — not held by Companies House,legitimate interests (LIA required before contact),Companies House public API,2026-07-12T04:43:45+00:00
GLO ELECTRICAL SOLUTIONS LIMITED,11987449,B_COMPLIANCE_DROWNED,micro filer (micro-entity),ltd,corporate subscriber,2019-05-09,micro-entity,"accounts category, NOT turnover",43210,"8 Tadman Close, Beverley",HU17 9GW,https://find-and-update.company-information.service.gov.uk/company/11987449,,TO BE ENRICHED — not held by Companies House,legitimate interests (LIA required before contact),Companies House public API,2026-07-12T04:43:46+00:00
R. YATES & CO LTD.,03615465,B_COMPLIANCE_DROWNED,micro filer (micro-entity),ltd,corporate subscriber,1998-08-14,micro-entity,"accounts category, NOT turnover",43210,"41 Cardiff Street, Wolverhampton, West Midlands",WV3 0EZ,https://find-and-update.company-information.service.gov.uk/company/03615465,,TO BE ENRICHED — not held by Companies House,legitimate interests (LIA required before contact),Companies House public API,2026-07-12T04:43:50+00:00
DR SMART HOMES LTD,14150473,B_COMPLIANCE_DROWNED,"young (2022), total-exemption-full filer",ltd,corporate subscriber,2022-06-06,total-exemption-full,"accounts category, NOT turnover",43210,"26a South Farm Road, Worthing, West Sussex",BN14 7AE,https://find-and-update.company-information.service.gov.uk/company/14150473,,TO BE ENRICHED — not held by Companies House,legitimate interests (LIA required before contact),Companies House public API,2026-07-12T04:43:51+00:00
ALL SPARKS ELECTRICAL SERVICES LTD,08844045,B_COMPLIANCE_DROWNED,micro filer (micro-entity),ltd,corporate subscriber,2014-01-14,micro-entity,"accounts category, NOT turnover",43210,"29 Gray Avenue, Sherburn Village, Durham",DH6 1JE,https://find-and-update.company-information.service.gov.uk/company/08844045,,TO BE ENRICHED — not held by Companies House,legitimate interests (LIA required before contact),Companies House public API,2026-07-12T04:43:52+00:00
AUREOLA LTD,15755308,B_COMPLIANCE_DROWNED,"young (2024), total-exemption-full filer",ltd,corporate subscriber,2024-06-02,total-exemption-full,"accounts category, NOT turnover",16230; 43220; 70229; 78300,"17 Green Lanes, London",N16 9BS,https://find-and-update.company-information.service.gov.uk/company/15755308,,TO BE ENRICHED — not held by Companies House,legitimate interests (LIA required before contact),Companies House public API,2026-07-12T04:43:52+00:00
SVELLA INFRASTRUCTURE SOLUTIONS LIMITED,13898063,B_COMPLIANCE_DROWNED,"young (2022), total-exemption-full filer",ltd,corporate subscriber,2022-02-07,total-exemption-full,"accounts category, NOT turnover",43290,"Fifteen Montgomery Way, Rosehill Industrial Estate, Carlisle",CA1 2RW,https://find-and-update.company-information.service.gov.uk/company/13898063,,TO BE ENRICHED — not held by Companies House,legitimate interests (LIA required before contact),Companies House public API,2026-07-12T04:43:53+00:00
HASAJ CONSTRUCTION LTD,15756357,B_COMPLIANCE_DROWNED,"young (2024), unaudited-abridged filer",ltd,corporate subscriber,2024-06-02,unaudited-abridged,"accounts category, NOT turnover",43220; 43310; 43320; 43341,"Flat 1 47 Victoria Road, London",NW4 2RP,https://find-and-update.company-information.service.gov.uk/company/15756357,,TO BE ENRICHED — not held by Companies House,legitimate interests (LIA required before contact),Companies House public API,2026-07-12T04:43:54+00:00
SGOTT LTD,11618997,B_COMPLIANCE_DROWNED,micro filer (micro-entity),ltd,corporate subscriber,2018-10-12,micro-entity,"accounts category, NOT turnover",43290,"11 Elms Close Elms Close, Hornchurch",RM11 1GN,https://find-and-update.company-information.service.gov.uk/company/11618997,,TO BE ENRICHED — not held by Companies House,legitimate interests (LIA required before contact),Companies House public API,2026-07-12T04:43:56+00:00
M GAS (N.I.) LIMITED,NI663150,B_COMPLIANCE_DROWNED,micro filer (micro-entity),ltd,corporate subscriber,2019-07-22,micro-entity,"accounts category, NOT turnover",43220,"8 Silverwood Leaves, Lurgan, Craigavon",BT66 6LB,https://find-and-update.company-information.service.gov.uk/company/NI663150,,TO BE ENRICHED — not held by Companies House,legitimate interests (LIA required before contact),Companies House public API,2026-07-12T04:43:57+00:00
RCG CUSTOM BUILD LIMITED,10971319,B_COMPLIANCE_DROWNED,micro filer (micro-entity),ltd,corporate subscriber,2017-09-19,micro-entity,"accounts category, NOT turnover",43120; 43290; 43330; 43390,"2 Birchfield Close, Coulsdon",CR5 2SJ,https://find-and-update.company-information.service.gov.uk/company/10971319,,TO BE ENRICHED — not held by Companies House,legitimate interests (LIA required before contact),Companies House public API,2026-07-12T04:43:59+00:00
ACE PHG LTD,13643201,B_COMPLIANCE_DROWNED,micro filer (micro-entity),ltd,corporate subscriber,2021-09-25,micro-entity,"accounts category, NOT turnover",43220,"41 Eversley Crescent, Ruislip",HA4 6DE,https://find-and-update.company-information.service.gov.uk/company/13643201,,TO BE ENRICHED — not held by Companies House,legitimate interests (LIA required before contact),Companies House public API,2026-07-12T04:43:59+00:00
PBE ELECTRICAL LIMITED,08484668,B_COMPLIANCE_DROWNED,micro filer (micro-entity),ltd,corporate subscriber,2013-04-11,micro-entity,"accounts category, NOT turnover",43210,"4/6 Church Road, Burgess Hill",RH15 9AE,https://find-and-update.company-information.service.gov.uk/company/08484668,,TO BE ENRICHED — not held by Companies House,legitimate interests (LIA required before contact),Companies House public API,2026-07-12T04:44:01+00:00
GB ELECTRICAL INSTALLATIONS LTD,07077520,B_COMPLIANCE_DROWNED,micro filer (micro-entity),ltd,corporate subscriber,2009-11-16,micro-entity,"accounts category, NOT turnover",43210,"24 Hillside, Portslade, Brighton",BN41 2DG,https://find-and-update.company-information.service.gov.uk/company/07077520,,TO BE ENRICHED — not held by Companies House,legitimate interests (LIA required before contact),Companies House public API,2026-07-12T04:44:03+00:00
LIAM NEILL ELECTRICAL LTD,10792680,B_COMPLIANCE_DROWNED,micro filer (micro-entity),ltd,corporate subscriber,2017-05-26,micro-entity,"accounts category, NOT turnover",43210,"19 Orchard Grove, Ditton, Aylesford",ME20 6BY,https://find-and-update.company-information.service.gov.uk/company/10792680,,TO BE ENRICHED — not held by Companies House,legitimate interests (LIA required before contact),Companies House public API,2026-07-12T04:44:04+00:00
HEAT TECH (NW) LTD,10190984,B_COMPLIANCE_DROWNED,micro filer (micro-entity),ltd,corporate subscriber,2016-05-20,micro-entity,"accounts category, NOT turnover",43220,"693 Windmill Lane Denton, Manchester",M34 2ET,https://find-and-update.company-information.service.gov.uk/company/10190984,,TO BE ENRICHED — not held by Companies House,legitimate interests (LIA required before contact),Companies House public API,2026-07-12T04:44:06+00:00
SMC ELECTRICAL DIVISION LTD,12167699,B_COMPLIANCE_DROWNED,micro filer (micro-entity),ltd,corporate subscriber,2019-08-21,micro-entity,"accounts category, NOT turnover",43210,"29 Tomlinson Way, Sherburn In Elmet, Leeds",LS25 6EQ,https://find-and-update.company-information.service.gov.uk/company/12167699,,TO BE ENRICHED — not held by Companies House,legitimate interests (LIA required before contact),Companies House public API,2026-07-12T04:44:06+00:00
MRE SERVICES LTD,13588784,B_COMPLIANCE_DROWNED,"young (2021), total-exemption-full filer",ltd,corporate subscriber,2021-08-26,total-exemption-full,"accounts category, NOT turnover",43210,"12 Povey Little Chartered Accountants, Hatherley Road, Sidcup",DA14 4BG,https://find-and-update.company-information.service.gov.uk/company/13588784,,TO BE ENRICHED — not held by Companies House,legitimate interests (LIA required before contact),Companies House public API,2026-07-12T04:44:07+00:00
BLAKE PROPERTY MAINTENANCE LTD,14330517,B_COMPLIANCE_DROWNED,micro filer (micro-entity),ltd,corporate subscriber,2022-09-01,micro-entity,"accounts category, NOT turnover",43290; 43320; 43330; 43390,"A P B Accountants, 1-5, Market Square, Ilfracombe, Devon",EX34 9AU,https://find-and-update.company-information.service.gov.uk/company/14330517,,TO BE ENRICHED — not held by Companies House,legitimate interests (LIA required before contact),Companies House public API,2026-07-12T04:44:08+00:00
RICHINGS ELECTRICS LTD,10164893,B_COMPLIANCE_DROWNED,micro filer (micro-entity),ltd,corporate subscriber,2016-05-05,micro-entity,"accounts category, NOT turnover",43210,"12 The Old Flour Mill, Queen Street, Emsworth, Hampshire",PO10 7BT,https://find-and-update.company-information.service.gov.uk/company/10164893,,TO BE ENRICHED — not held by Companies House,legitimate interests (LIA required before contact),Companies House public API,2026-07-12T04:44:09+00:00
GLASS PARTITIONS IRELAND LTD,NI696921,B_COMPLIANCE_DROWNED,micro filer (micro-entity),ltd,corporate subscriber,2023-05-05,micro-entity,"accounts category, NOT turnover",43290,"8 Bowens Meadow, Lurgan, Craigavon",BT66 7UT,https://find-and-update.company-information.service.gov.uk/company/NI696921,,TO BE ENRICHED — not held by Companies House,legitimate interests (LIA required before contact),Companies House public API,2026-07-12T04:44:10+00:00
EL ELECTRICAL SERVICES LTD,10755578,B_COMPLIANCE_DROWNED,micro filer (micro-entity),ltd,corporate subscriber,2017-05-05,micro-entity,"accounts category, NOT turnover",43210,"11 Southey Mews, London",E16 1TN,https://find-and-update.company-information.service.gov.uk/company/10755578,,TO BE ENRICHED — not held by Companies House,legitimate interests (LIA required before contact),Companies House public API,2026-07-12T04:44:12+00:00
M W S ELECTRICAL (NW) LTD,09516297,B_COMPLIANCE_DROWNED,micro filer (micro-entity),ltd,corporate subscriber,2015-03-28,micro-entity,"accounts category, NOT turnover",43210,"555 Smithdown Road, Liverpool, Merseyside",L15 5AF,https://find-and-update.company-information.service.gov.uk/company/09516297,,TO BE ENRICHED — not held by Companies House,legitimate interests (LIA required before contact),Companies House public API,2026-07-12T04:44:12+00:00
CONSTRUCTION RENOVATION & OUTDOOR ROOMS LTD,12985188,B_COMPLIANCE_DROWNED,micro filer (micro-entity),ltd,corporate subscriber,2020-10-30,micro-entity,"accounts category, NOT turnover",43290,"55 Woodlands Way, Tarporley",CW6 0TP,https://find-and-update.company-information.service.gov.uk/company/12985188,,TO BE ENRICHED — not held by Companies House,legitimate interests (LIA required before contact),Companies House public API,2026-07-12T04:44:14+00:00
J S PLUMBING AND HEATING INSTALLATIONS LIMITED,07269533,B_COMPLIANCE_DROWNED,micro filer (micro-entity),ltd,corporate subscriber,2010-06-01,micro-entity,"accounts category, NOT turnover",43220,"13 Greenwood Close, Thames Ditton",KT7 0BG,https://find-and-update.company-information.service.gov.uk/company/07269533,,TO BE ENRICHED — not held by Companies House,legitimate interests (LIA required before contact),Companies House public API,2026-07-12T04:44:15+00:00
DGD ELECTRICAL SERVICES LTD,07209201,B_COMPLIANCE_DROWNED,micro filer (micro-entity),ltd,corporate subscriber,2010-03-31,micro-entity,"accounts category, NOT turnover",43210,"Small Trees, 1 Furzedown Road, Sutton, Surrey",SM2 5QE,https://find-and-update.company-information.service.gov.uk/company/07209201,,TO BE ENRICHED — not held by Companies House,legitimate interests (LIA required before contact),Companies House public API,2026-07-12T04:44:17+00:00
SMART CONSTRUCTION RO LTD,15755591,B_COMPLIANCE_DROWNED,"young (2024), total-exemption-full filer",ltd,corporate subscriber,2024-06-02,total-exemption-full,"accounts category, NOT turnover",43290,"Office 1 Engine House, Marshall's Yard, Gainsborough",DN21 2NA,https://find-and-update.company-information.service.gov.uk/company/15755591,,TO BE ENRICHED — not held by Companies House,legitimate interests (LIA required before contact),Companies House public API,2026-07-12T04:44:18+00:00
MIDLANDS ECO INSTALLERS LTD,15756429,B_COMPLIANCE_DROWNED,micro filer (micro-entity),ltd,corporate subscriber,2024-06-02,micro-entity,"accounts category, NOT turnover",33140; 43210; 43290,"200 Slade Road, Birmingham",B23 7RJ,https://find-and-update.company-information.service.gov.uk/company/15756429,,TO BE ENRICHED — not held by Companies House,legitimate interests (LIA required before contact),Companies House public API,2026-07-12T04:44:19+00:00
SC ELECTRICAL SPECIALISTS LTD,SC477007,B_COMPLIANCE_DROWNED,micro filer (micro-entity),ltd,corporate subscriber,2014-05-07,micro-entity,"accounts category, NOT turnover",43210,"3 Craighead Avenue, Portlethen, Aberdeen",AB12 4TP,https://find-and-update.company-information.service.gov.uk/company/SC477007,,TO BE ENRICHED — not held by Companies House,legitimate interests (LIA required before contact),Companies House public API,2026-07-12T04:44:20+00:00
CETEC SYSTEMS LIMITED,07364687,B_COMPLIANCE_DROWNED,micro filer (micro-entity),ltd,corporate subscriber,2010-09-03,micro-entity,"accounts category, NOT turnover",43210; 43290,"Paramount House, 2 Concorde Drive, Clevedon, North Somerset",BS21 6UH,https://find-and-update.company-information.service.gov.uk/company/07364687,,TO BE ENRICHED — not held by Companies House,legitimate interests (LIA required before contact),Companies House public API,2026-07-12T04:44:21+00:00
SPS PLUMBING & HEATING (SW) LIMITED,08010163,B_COMPLIANCE_DROWNED,micro filer (micro-entity),ltd,corporate subscriber,2012-03-28,micro-entity,"accounts category, NOT turnover",43220,"29 Bath Road, Peasedown St. John, Bath",BA2 8DJ,https://find-and-update.company-information.service.gov.uk/company/08010163,,TO BE ENRICHED — not held by Companies House,legitimate interests (LIA required before contact),Companies House public API,2026-07-12T04:44:23+00:00
ICKENHAM HEATING LIMITED,11042300,B_COMPLIANCE_DROWNED,micro filer (micro-entity),ltd,corporate subscriber,2017-11-01,micro-entity,"accounts category, NOT turnover",43220,"78 Breakspear Road South, Ickenham, Uxbridge, Middlesex",UB10 8HE,https://find-and-update.company-information.service.gov.uk/company/11042300,,TO BE ENRICHED — not held by Companies House,legitimate interests (LIA required before contact),Companies House public API,2026-07-12T04:44:24+00:00
SS TESTING HULL LTD,14366389,B_COMPLIANCE_DROWNED,"young (2022), unaudited-abridged filer",ltd,corporate subscriber,2022-09-20,unaudited-abridged,"accounts category, NOT turnover",43210,"37 Apollo Walk, Hull",HU8 0TU,https://find-and-update.company-information.service.gov.uk/company/14366389,,TO BE ENRICHED — not held by Companies House,legitimate interests (LIA required before contact),Companies House public API,2026-07-12T04:44:24+00:00
BRADGATE ELECTRICAL DESIGN & SERVICES LIMITED,14765100,B_COMPLIANCE_DROWNED,micro filer (micro-entity),ltd,corporate subscriber,2023-03-28,micro-entity,"accounts category, NOT turnover",43210,"15 Hanyards Lane, Cuffley, Hertfordshire",EN6 4AT,https://find-and-update.company-information.service.gov.uk/company/14765100,,TO BE ENRICHED — not held by Companies House,legitimate interests (LIA required before contact),Companies House public API,2026-07-12T04:44:25+00:00
T.R. BOURNE & SON LIMITED,04760387,B_COMPLIANCE_DROWNED,micro filer (micro-entity),ltd,corporate subscriber,2003-05-12,micro-entity,"accounts category, NOT turnover",43220,"152 Halesowen Road, Old Hill, Cradley Heath, West Midlands",B64 5LP,https://find-and-update.company-information.service.gov.uk/company/04760387,,TO BE ENRICHED — not held by Companies House,legitimate interests (LIA required before contact),Companies House public API,2026-07-12T04:44:26+00:00
D CLIXBY E & I TECHNICAL LIMITED,10326153,B_COMPLIANCE_DROWNED,micro filer (micro-entity),ltd,corporate subscriber,2016-08-11,micro-entity,"accounts category, NOT turnover",43210,"25 Cormorant Drive, Grimsby, South Humberside",DN37 9PA,https://find-and-update.company-information.service.gov.uk/company/10326153,,TO BE ENRICHED — not held by Companies House,legitimate interests (LIA required before contact),Companies House public API,2026-07-12T04:44:27+00:00
OVOMS LTD,13585272,B_COMPLIANCE_DROWNED,"young (2021), total-exemption-full filer",ltd,corporate subscriber,2021-08-25,total-exemption-full,"accounts category, NOT turnover",43290,"17 Hanover Square, London",W1S 1BN,https://find-and-update.company-information.service.gov.uk/company/13585272,,TO BE ENRICHED — not held by Companies House,legitimate interests (LIA required before contact),Companies House public API,2026-07-12T04:44:28+00:00
AB GAS & PROPERTY SERVICE LTD,12837527,B_COMPLIANCE_DROWNED,micro filer (micro-entity),private-limited-guarant-nsc,corporate subscriber,2020-08-26,micro-entity,"accounts category, NOT turnover",43220; 43290,"Flat 11 Soho House, Soho Close, Smethwick",B66 2SR,https://find-and-update.company-information.service.gov.uk/company/12837527,,TO BE ENRICHED — not held by Companies House,legitimate interests (LIA required before contact),Companies House public API,2026-07-12T04:44:29+00:00
RPRZ LIMITED,12164296,B_COMPLIANCE_DROWNED,micro filer (micro-entity),ltd,corporate subscriber,2019-08-19,micro-entity,"accounts category, NOT turnover",43220,"82 Harrowdene Road, Wembley, Middlesex",HA0 2JF,https://find-and-update.company-information.service.gov.uk/company/12164296,,TO BE ENRICHED — not held by Companies House,legitimate interests (LIA required before contact),Companies House public API,2026-07-12T04:44:30+00:00
DOME ELECTRICAL SERVICES LIMITED,12824280,B_COMPLIANCE_DROWNED,micro filer (micro-entity),ltd,corporate subscriber,2020-08-19,micro-entity,"accounts category, NOT turnover",43210,"53 Watsons Hill, Sittingbourne",ME10 2JR,https://find-and-update.company-information.service.gov.uk/company/12824280,,TO BE ENRICHED — not held by Companies House,legitimate interests (LIA required before contact),Companies House public API,2026-07-12T04:44:30+00:00
MANCHESTER CEILINGS & PARTITIONS LTD,14089336,B_COMPLIANCE_DROWNED,micro filer (micro-entity),ltd,corporate subscriber,2022-05-05,micro-entity,"accounts category, NOT turnover",43290,"106-108 Reddish Lane, Manchester",M18 7JL,https://find-and-update.company-information.service.gov.uk/company/14089336,,TO BE ENRICHED — not held by Companies House,legitimate interests (LIA required before contact),Companies House public API,2026-07-12T04:44:31+00:00
AIRE GAS AND WATER LTD,15755184,B_COMPLIANCE_DROWNED,micro filer (micro-entity),ltd,corporate subscriber,2024-06-01,micro-entity,"accounts category, NOT turnover",43220,"114 Church Lane, Meanwood, Leeds",LS6 4NR,https://find-and-update.company-information.service.gov.uk/company/15755184,,TO BE ENRICHED — not held by Companies House,legitimate interests (LIA required before contact),Companies House public API,2026-07-12T04:44:33+00:00
BDJ PROJECTS LIMITED,13432885,B_COMPLIANCE_DROWNED,micro filer (micro-entity),ltd,corporate subscriber,2021-06-01,micro-entity,"accounts category, NOT turnover",43210; 80100,"63 Bernwell Road, London",E4 6HX,https://find-and-update.company-information.service.gov.uk/company/13432885,,TO BE ENRICHED — not held by Companies House,legitimate interests (LIA required before contact),Companies House public API,2026-07-12T04:44:36+00:00
SGI INSTALLERS LTD,08165126,B_COMPLIANCE_DROWNED,micro filer (micro-entity),ltd,corporate subscriber,2012-08-02,micro-entity,"accounts category, NOT turnover",43290,"164 Chartridge Lane, Chesham, Buckinghamshire",HP5 2SE,https://find-and-update.company-information.service.gov.uk/company/08165126,,TO BE ENRICHED — not held by Companies House,legitimate interests (LIA required before contact),Companies House public API,2026-07-12T04:44:37+00:00
DR10 CONSULTING MECHANICAL LTD,12037360,B_COMPLIANCE_DROWNED,micro filer (micro-entity),ltd,corporate subscriber,2019-06-06,micro-entity,"accounts category, NOT turnover",43220; 43999,"77 Mollison Way, Edgware, London",HA8 5QU,https://find-and-update.company-information.service.gov.uk/company/12037360,,TO BE ENRICHED — not held by Companies House,legitimate interests (LIA required before contact),Companies House public API,2026-07-12T04:44:39+00:00
FCS CONCEPTS LIMITED,13853996,B_COMPLIANCE_DROWNED,"young (2022), total-exemption-full filer",ltd,corporate subscriber,2022-01-17,total-exemption-full,"accounts category, NOT turnover",43210; 43290,"65 Hillsboro Road, Bognor Regis",PO21 2DY,https://find-and-update.company-information.service.gov.uk/company/13853996,,TO BE ENRICHED — not held by Companies House,legitimate interests (LIA required before contact),Companies House public API,2026-07-12T04:44:39+00:00
ANTHONY SELF LIMITED,09054195,B_COMPLIANCE_DROWNED,micro filer (micro-entity),ltd,corporate subscriber,2014-05-23,micro-entity,"accounts category, NOT turnover",43210,"10 Charteris Road, London",N4 3AB,https://find-and-update.company-information.service.gov.uk/company/09054195,,TO BE ENRICHED — not held by Companies House,legitimate interests (LIA required before contact),Companies House public API,2026-07-12T04:44:40+00:00
MPH BOILERS LIMITED,11335447,B_COMPLIANCE_DROWNED,micro filer (micro-entity),ltd,corporate subscriber,2018-04-28,micro-entity,"accounts category, NOT turnover",43220,"1007 London Road, Leigh-On-Sea",SS9 3JY,https://find-and-update.company-information.service.gov.uk/company/11335447,,TO BE ENRICHED — not held by Companies House,legitimate interests (LIA required before contact),Companies House public API,2026-07-12T04:44:41+00:00
G R PLUMBING & HEATING (NE) LIMITED,13997339,B_COMPLIANCE_DROWNED,"young (2022), total-exemption-full filer",ltd,corporate subscriber,2022-03-23,total-exemption-full,"accounts category, NOT turnover",43220,"21 Chesterfield Drive, Marton-In-Cleveland, Middlesbrough",TS8 9ZE,https://find-and-update.company-information.service.gov.uk/company/13997339,,TO BE ENRICHED — not held by Companies House,legitimate interests (LIA required before contact),Companies House public API,2026-07-12T04:44:41+00:00
KNOWLES ACCESS LIMITED,14446757,B_COMPLIANCE_DROWNED,micro filer (micro-entity),ltd,corporate subscriber,2022-10-27,micro-entity,"accounts category, NOT turnover",43290,"4 Exeter Road, North Shields",NE29 8QN,https://find-and-update.company-information.service.gov.uk/company/14446757,,TO BE ENRICHED — not held by Companies House,legitimate interests (LIA required before contact),Companies House public API,2026-07-12T04:44:42+00:00
OHM SMART LTD,12052177,B_COMPLIANCE_DROWNED,micro filer (micro-entity),ltd,corporate subscriber,2019-06-14,micro-entity,"accounts category, NOT turnover",43210,"10 Wensley Drive, Accrington",BB5 6SB,https://find-and-update.company-information.service.gov.uk/company/12052177,,TO BE ENRICHED — not held by Companies House,legitimate interests (LIA required before contact),Companies House public API,2026-07-12T04:44:43+00:00
AMPERE ELECTRICAL SERVICES LIMITED,11722065,B_COMPLIANCE_DROWNED,micro filer (micro-entity),ltd,corporate subscriber,2018-12-11,micro-entity,"accounts category, NOT turnover",43210,"66 Walton Way Shaw, Newbury, Berkshire",RG14 2LJ,https://find-and-update.company-information.service.gov.uk/company/11722065,,TO BE ENRICHED — not held by Companies House,legitimate interests (LIA required before contact),Companies House public API,2026-07-12T04:44:44+00:00
M L SIMPSON LTD,09196058,B_COMPLIANCE_DROWNED,micro filer (micro-entity),ltd,corporate subscriber,2014-08-30,micro-entity,"accounts category, NOT turnover",43220,"1 West Parklands Drive, North Ferriby",HU14 3EX,https://find-and-update.company-information.service.gov.uk/company/09196058,,TO BE ENRICHED — not held by Companies House,legitimate interests (LIA required before contact),Companies House public API,2026-07-12T04:44:46+00:00
SA SPARKS LTD,13594249,B_COMPLIANCE_DROWNED,micro filer (micro-entity),ltd,corporate subscriber,2021-08-31,micro-entity,"accounts category, NOT turnover",43210,"50 Carmichael Close, Ruislip",HA4 6LQ,https://find-and-update.company-information.service.gov.uk/company/13594249,,TO BE ENRICHED — not held by Companies House,legitimate interests (LIA required before contact),Companies House public API,2026-07-12T04:44:46+00:00
JAMES GIBBONS PLUMBING & HEATING LIMITED,12135824,B_COMPLIANCE_DROWNED,micro filer (micro-entity),ltd,corporate subscriber,2019-08-02,micro-entity,"accounts category, NOT turnover",43220,"47 Yarrow Road, Grimsby",DN34 4LA,https://find-and-update.company-information.service.gov.uk/company/12135824,,TO BE ENRICHED — not held by Companies House,legitimate interests (LIA required before contact),Companies House public API,2026-07-12T04:44:48+00:00
SLOWIN LTD,10565330,B_COMPLIANCE_DROWNED,micro filer (micro-entity),ltd,corporate subscriber,2017-01-16,micro-entity,"accounts category, NOT turnover",43290; 46190; 62020; 82990,"20-22 Wenlock Road, London",N1 7GU,https://find-and-update.company-information.service.gov.uk/company/10565330,,TO BE ENRICHED — not held by Companies House,legitimate interests (LIA required before contact),Companies House public API,2026-07-12T04:44:48+00:00
SUSSEX STYLE LIMITED,12709610,B_COMPLIANCE_DROWNED,micro filer (micro-entity),ltd,corporate subscriber,2020-07-01,micro-entity,"accounts category, NOT turnover",43290; 43999; 74100,"102 Millbrook Gardens, Dewsbury",WF13 4SF,https://find-and-update.company-information.service.gov.uk/company/12709610,,TO BE ENRICHED — not held by Companies House,legitimate interests (LIA required before contact),Companies House public API,2026-07-12T04:44:49+00:00
AIRBORNE BATHROOM SERVICES LTD,15754638,B_COMPLIANCE_DROWNED,micro filer (micro-entity),ltd,corporate subscriber,2024-06-01,micro-entity,"accounts category, NOT turnover",43220,"17 Luddington Drive, Skelmersdale",WN8 6HF,https://find-and-update.company-information.service.gov.uk/company/15754638,,TO BE ENRICHED — not held by Companies House,legitimate interests (LIA required before contact),Companies House public API,2026-07-12T04:44:50+00:00
G.M.J PLUMBING&HEATING LTD,SC812339,B_COMPLIANCE_DROWNED,"young (2024), total-exemption-full filer",ltd,corporate subscriber,2024-06-01,total-exemption-full,"accounts category, NOT turnover",43220,"21 Grove Street, Musselburgh",EH21 7JX,https://find-and-update.company-information.service.gov.uk/company/SC812339,,TO BE ENRICHED — not held by Companies House,legitimate interests (LIA required before contact),Companies House public API,2026-07-12T04:44:51+00:00
J & F WILSON PLUMBING & HEATING LIMITED,06948477,B_COMPLIANCE_DROWNED,micro filer (micro-entity),ltd,corporate subscriber,2009-06-30,micro-entity,"accounts category, NOT turnover",43220,"17 Old Trough Way, Harrogate, North Yorkshire",HG1 3DE,https://find-and-update.company-information.service.gov.uk/company/06948477,,TO BE ENRICHED — not held by Companies House,legitimate interests (LIA required before contact),Companies House public API,2026-07-12T04:44:52+00:00
BEST QUALITY PLUMBING LTD,15755113,B_COMPLIANCE_DROWNED,micro filer (micro-entity),ltd,corporate subscriber,2024-06-01,micro-entity,"accounts category, NOT turnover",43220,"65 St. Awdrys Road, Barking",IG11 7QB,https://find-and-update.company-information.service.gov.uk/company/15755113,,TO BE ENRICHED — not held by Companies House,legitimate interests (LIA required before contact),Companies House public API,2026-07-12T04:44:52+00:00
DDK ELECTRICAL SERVICES LTD,10573633,B_COMPLIANCE_DROWNED,micro filer (micro-entity),ltd,corporate subscriber,2017-01-19,micro-entity,"accounts category, NOT turnover",43210,"14 Balsam Close, Manchester",M13 9UL,https://find-and-update.company-information.service.gov.uk/company/10573633,,TO BE ENRICHED — not held by Companies House,legitimate interests (LIA required before contact),Companies House public API,2026-07-12T04:44:54+00:00
SHIRE PAVING LTD,12353228,B_COMPLIANCE_DROWNED,micro filer (micro-entity),ltd,corporate subscriber,2019-12-06,micro-entity,"accounts category, NOT turnover",43290,"6 Agincourt Street, Monmouth",NP25 3DZ,https://find-and-update.company-information.service.gov.uk/company/12353228,,TO BE ENRICHED — not held by Companies House,legitimate interests (LIA required before contact),Companies House public API,2026-07-12T04:44:54+00:00
GIGO ELECTRICAL LTD,13038519,B_COMPLIANCE_DROWNED,micro filer (micro-entity),ltd,corporate subscriber,2020-11-23,micro-entity,"accounts category, NOT turnover",43210,"3 Conway, Worcester",WR4 9AJ,https://find-and-update.company-information.service.gov.uk/company/13038519,,TO BE ENRICHED — not held by Companies House,legitimate interests (LIA required before contact),Companies House public API,2026-07-12T04:44:55+00:00
J.C LIGHTING & ENTERTAINMENT LTD,14911243,B_COMPLIANCE_DROWNED,micro filer (micro-entity),ltd,corporate subscriber,2023-06-02,micro-entity,"accounts category, NOT turnover",33130; 43210; 60200; 77291,"1 Bull Lane, Bristol",BS5 8AB,https://find-and-update.company-information.service.gov.uk/company/14911243,,TO BE ENRICHED — not held by Companies House,legitimate interests (LIA required before contact),Companies House public API,2026-07-12T04:44:56+00:00
WESTON PLUMBING & HEATING LIMITED,07257877,B_COMPLIANCE_DROWNED,micro filer (micro-entity),ltd,corporate subscriber,2010-05-18,micro-entity,"accounts category, NOT turnover",43220,"The Guild House Greenhill Road, Sandford, Winscombe",BS25 5PH,https://find-and-update.company-information.service.gov.uk/company/07257877,,TO BE ENRICHED — not held by Companies House,legitimate interests (LIA required before contact),Companies House public API,2026-07-12T04:44:57+00:00
WMG ELECTRICAL (SW) LIMITED,14881998,B_COMPLIANCE_DROWNED,"young (2023), total-exemption-full filer",ltd,corporate subscriber,2023-05-19,total-exemption-full,"accounts category, NOT turnover",43210,"7 Pail Park, Knowle, Braunton",EX33 2LP,https://find-and-update.company-information.service.gov.uk/company/14881998,,TO BE ENRICHED — not held by Companies House,legitimate interests (LIA required before contact),Companies House public API,2026-07-12T04:44:57+00:00
G N H ELECTRICAL SERVICES LTD,06676007,B_COMPLIANCE_DROWNED,micro filer (micro-entity),ltd,corporate subscriber,2008-08-19,micro-entity,"accounts category, NOT turnover",43210,"13 Hollands Drive, Burton Latimer, Northamptonshire",NN15 5YJ,https://find-and-update.company-information.service.gov.uk/company/06676007,,TO BE ENRICHED — not held by Companies House,legitimate interests (LIA required before contact),Companies House public API,2026-07-12T04:44:58+00:00
CW HEATING SERVICES LTD,09634639,B_COMPLIANCE_DROWNED,micro filer (micro-entity),ltd,corporate subscriber,2015-06-11,micro-entity,"accounts category, NOT turnover",43220,"14 Badgers Wood, Stanley, County Durham",DH9 0HR,https://find-and-update.company-information.service.gov.uk/company/09634639,,TO BE ENRICHED — not held by Companies House,legitimate interests (LIA required before contact),Companies House public API,2026-07-12T04:44:59+00:00
HIGHLAND AND GRAMPIAN HEATING SERVICES LTD,SC662848,B_COMPLIANCE_DROWNED,micro filer (micro-entity),ltd,corporate subscriber,2020-06-02,micro-entity,"accounts category, NOT turnover",43220,"Bonny View House, Daviot, Inverness",IV2 5XL,https://find-and-update.company-information.service.gov.uk/company/SC662848,,TO BE ENRICHED — not held by Companies House,legitimate interests (LIA required before contact),Companies House public API,2026-07-12T04:45:00+00:00
SM CABLE JOINTING LIMITED,SC812477,B_COMPLIANCE_DROWNED,"young (2024), unaudited-abridged filer",ltd,corporate subscriber,2024-06-03,unaudited-abridged,"accounts category, NOT turnover",43210,"6 Miller Road, Ayr",KA7 2AY,https://find-and-update.company-information.service.gov.uk/company/SC812477,,TO BE ENRICHED — not held by Companies House,legitimate interests (LIA required before contact),Companies House public API,2026-07-12T04:45:01+00:00
M.P. HEATING SOLUTIONS LTD,13464487,B_COMPLIANCE_DROWNED,micro filer (micro-entity),ltd,corporate subscriber,2021-06-18,micro-entity,"accounts category, NOT turnover",43220; 82990,"Suite 205, Balfour House 741 High Road, London",N12 0BP,https://find-and-update.company-information.service.gov.uk/company/13464487,,TO BE ENRICHED — not held by Companies House,legitimate interests (LIA required before contact),Companies House public API,2026-07-12T04:45:01+00:00
JMS PRO HEATING AND PLUMBING LTD,11884124,B_COMPLIANCE_DROWNED,micro filer (micro-entity),ltd,corporate subscriber,2019-03-15,micro-entity,"accounts category, NOT turnover",43220,"39 Lactans Edge, Leighton Buzzard",LU7 9SY,https://find-and-update.company-information.service.gov.uk/company/11884124,,TO BE ENRICHED — not held by Companies House,legitimate interests (LIA required before contact),Companies House public API,2026-07-12T04:45:03+00:00
IMPERIUM ELECTRICAL LTD,14877143,B_COMPLIANCE_DROWNED,micro filer (micro-entity),ltd,corporate subscriber,2023-05-17,micro-entity,"accounts category, NOT turnover",43210,"59 Sovereign Place, Hatfield",AL9 5ET,https://find-and-update.company-information.service.gov.uk/company/14877143,,TO BE ENRICHED — not held by Companies House,legitimate interests (LIA required before contact),Companies House public API,2026-07-12T04:45:06+00:00
STAR RISE CONSTRUCTION LTD,14247793,B_COMPLIANCE_DROWNED,micro filer (micro-entity),ltd,corporate subscriber,2022-07-21,micro-entity,"accounts category, NOT turnover",41100; 43220; 43390; 81229,"115 Brimsdown Avenue, Enfield",EN3 5EP,https://find-and-update.company-information.service.gov.uk/company/14247793,,TO BE ENRICHED — not held by Companies House,legitimate interests (LIA required before contact),Companies House public API,2026-07-12T04:45:07+00:00
EBM PROPERTY SERVICES LTD,10740165,B_COMPLIANCE_DROWNED,micro filer (micro-entity),ltd,corporate subscriber,2017-04-25,micro-entity,"accounts category, NOT turnover",41100; 41202; 43290; 43390,"31 The Gallop, Sutton, Surrey",SM2 5RY,https://find-and-update.company-information.service.gov.uk/company/10740165,,TO BE ENRICHED — not held by Companies House,legitimate interests (LIA required before contact),Companies House public API,2026-07-12T04:45:08+00:00
RKM FACILITIES LTD,15756194,B_COMPLIANCE_DROWNED,micro filer (micro-entity),ltd,corporate subscriber,2024-06-02,micro-entity,"accounts category, NOT turnover",41100; 43220,"24 The Tanyard, Bassingbourn, Royston, Herts",SG8 5NH,https://find-and-update.company-information.service.gov.uk/company/15756194,,TO BE ENRICHED — not held by Companies House,legitimate interests (LIA required before contact),Companies House public API,2026-07-12T04:45:10+00:00
CINEMATIC ELECTRICAL LTD,15756536,B_COMPLIANCE_DROWNED,"young (2024), total-exemption-full filer",ltd,corporate subscriber,2024-06-02,total-exemption-full,"accounts category, NOT turnover",43210,"The Waters Edge Ockham Road South, East Horsley, Leatherhead",KT24 6RZ,https://find-and-update.company-information.service.gov.uk/company/15756536,,TO BE ENRICHED — not held by Companies House,legitimate interests (LIA required before contact),Companies House public API,2026-07-12T04:45:10+00:00
JAMES DEAN PLUMBING SOLUTIONS LTD,12259666,B_COMPLIANCE_DROWNED,micro filer (micro-entity),ltd,corporate subscriber,2019-10-14,micro-entity,"accounts category, NOT turnover",43220,"141 Sandringham Road, Cleethorpes",DN35 9BP,https://find-and-update.company-information.service.gov.uk/company/12259666,,TO BE ENRICHED — not held by Companies House,legitimate interests (LIA required before contact),Companies House public API,2026-07-12T04:45:13+00:00
MURRAYLECTRICS LTD,06259923,B_COMPLIANCE_DROWNED,micro filer (micro-entity),ltd,corporate subscriber,2007-05-25,micro-entity,"accounts category, NOT turnover",27900; 43210,"5 Manor Lane, Old Basing, Basingstoke, Hampshire",RG24 7DG,https://find-and-update.company-information.service.gov.uk/company/06259923,,TO BE ENRICHED — not held by Companies House,legitimate interests (LIA required before contact),Companies House public API,2026-07-12T04:45:13+00:00
ARCTIC AIR (MECHANICAL) LIMITED,09689577,B_COMPLIANCE_DROWNED,micro filer (micro-entity),ltd,corporate subscriber,2015-07-16,micro-entity,"accounts category, NOT turnover",43220,"Unit 6, Wheatley Business Centre Old London Road, Wheatley, Oxford",OX33 1XW,https://find-and-update.company-information.service.gov.uk/company/09689577,,TO BE ENRICHED — not held by Companies House,legitimate interests (LIA required before contact),Companies House public API,2026-07-12T04:45:14+00:00
SCOTTS PLUMBING & HEATING (YORKSHIRE) LTD,15194239,B_COMPLIANCE_DROWNED,micro filer (micro-entity),ltd,corporate subscriber,2023-10-06,micro-entity,"accounts category, NOT turnover",43220,"26 Barnsley Road, Wath-Upon-Dearne, Rotherham",S63 6QB,https://find-and-update.company-information.service.gov.uk/company/15194239,,TO BE ENRICHED — not held by Companies House,legitimate interests (LIA required before contact),Companies House public API,2026-07-12T04:45:15+00:00
PHOENIX HEATING & RENEWABLES LTD,14661416,B_COMPLIANCE_DROWNED,"young (2023), unaudited-abridged filer",ltd,corporate subscriber,2023-02-14,unaudited-abridged,"accounts category, NOT turnover",43220,"4 King Square, Bridgwater",TA6 3YF,https://find-and-update.company-information.service.gov.uk/company/14661416,,TO BE ENRICHED — not held by Companies House,legitimate interests (LIA required before contact),Companies House public API,2026-07-12T04:45:15+00:00
WARM HEATING AND PLUMBING LTD,14830307,B_COMPLIANCE_DROWNED,micro filer (micro-entity),ltd,corporate subscriber,2023-04-26,micro-entity,"accounts category, NOT turnover",43220,"220 St. Pauls Road, Peterborough",PE1 3RN,https://find-and-update.company-information.service.gov.uk/company/14830307,,TO BE ENRICHED — not held by Companies House,legitimate interests (LIA required before contact),Companies House public API,2026-07-12T04:45:19+00:00
SANDU CONTRACTORS LTD,14472053,B_COMPLIANCE_DROWNED,"young (2022), total-exemption-full filer",ltd,corporate subscriber,2022-11-09,total-exemption-full,"accounts category, NOT turnover",43290,"9 Mascoll Path, Slough, Berkshire",SL2 2HL,https://find-and-update.company-information.service.gov.uk/company/14472053,,TO BE ENRICHED — not held by Companies House,legitimate interests (LIA required before contact),Companies House public API,2026-07-12T04:45:19+00:00
SIMCOX CONSTRUCTION & CONVERSIONS LTD,13438797,B_COMPLIANCE_DROWNED,micro filer (micro-entity),ltd,corporate subscriber,2021-06-04,micro-entity,"accounts category, NOT turnover",43290,"90 Howdles Lane, Brownhills, Walsall",WS8 7PJ,https://find-and-update.company-information.service.gov.uk/company/13438797,,TO BE ENRICHED — not held by Companies House,legitimate interests (LIA required before contact),Companies House public API,2026-07-12T04:45:23+00:00
CSG HEATING AND PLUMBING LTD,13427953,B_COMPLIANCE_DROWNED,micro filer (micro-entity),ltd,corporate subscriber,2021-05-28,micro-entity,"accounts category, NOT turnover",43220,"17 Dudley Road, Swinton, Manchester",M27 6DG,https://find-and-update.company-information.service.gov.uk/company/13427953,,TO BE ENRICHED — not held by Companies House,legitimate interests (LIA required before contact),Companies House public API,2026-07-12T04:45:24+00:00
PRO-DOORS (NORTHERN) LIMITED,07654392,B_COMPLIANCE_DROWNED,micro filer (micro-entity),ltd,corporate subscriber,2011-06-01,micro-entity,"accounts category, NOT turnover",43290; 95220,"Carlton House, Grammar School Street, Bradford, West Yorkshire",BD1 4NS,https://find-and-update.company-information.service.gov.uk/company/07654392,,TO BE ENRICHED — not held by Companies House,legitimate interests (LIA required before contact),Companies House public API,2026-07-12T04:45:24+00:00
S & S ELECTRICAL (YORKSHIRE) LTD,10182041,B_COMPLIANCE_DROWNED,micro filer (micro-entity),ltd,corporate subscriber,2016-05-16,micro-entity,"accounts category, NOT turnover",43210,"31a Snipe Park Road, Bircotes, Doncaster, South Yorkshire",DN11 8DH,https://find-and-update.company-information.service.gov.uk/company/10182041,,TO BE ENRICHED — not held by Companies House,legitimate interests (LIA required before contact),Companies House public API,2026-07-12T04:45:25+00:00
MLT ELECTRICAL LIMITED,14199669,B_COMPLIANCE_DROWNED,micro filer (micro-entity),ltd,corporate subscriber,2022-06-28,micro-entity,"accounts category, NOT turnover",43210,"10 Western Road, Romford, Essex",RM1 3JT,https://find-and-update.company-information.service.gov.uk/company/14199669,,TO BE ENRICHED — not held by Companies House,legitimate interests (LIA required before contact),Companies House public API,2026-07-12T04:45:26+00:00
DTA ELECTRICAL MECHANICAL LIMITED,14145971,B_COMPLIANCE_DROWNED,micro filer (micro-entity),ltd,corporate subscriber,2022-06-01,micro-entity,"accounts category, NOT turnover",43210; 43220,"71-75 Shelton Street, Covent Garden, London",WC2H 9JQ,https://find-and-update.company-information.service.gov.uk/company/14145971,,TO BE ENRICHED — not held by Companies House,legitimate interests (LIA required before contact),Companies House public API,2026-07-12T04:45:26+00:00
DJH WINDOWS AND DOORS LTD,14896777,B_COMPLIANCE_DROWNED,"young (2023), total-exemption-full filer",ltd,corporate subscriber,2023-05-26,total-exemption-full,"accounts category, NOT turnover",43290,"9 Howey Lane, Congleton",CW12 4AE,https://find-and-update.company-information.service.gov.uk/company/14896777,,TO BE ENRICHED — not held by Companies House,legitimate interests (LIA required before contact),Companies House public API,2026-07-12T04:45:27+00:00
N HAMILTON PLUMBING LIMITED,14343024,B_COMPLIANCE_DROWNED,micro filer (micro-entity),ltd,corporate subscriber,2022-09-07,micro-entity,"accounts category, NOT turnover",43220,"103a High Street, Lees, Oldham",OL4 4LY,https://find-and-update.company-information.service.gov.uk/company/14343024,,TO BE ENRICHED — not held by Companies House,legitimate interests (LIA required before contact),Companies House public API,2026-07-12T04:45:29+00:00
AMAZON GARAGE DOORS LIMITED,13353936,B_COMPLIANCE_DROWNED,micro filer (micro-entity),ltd,corporate subscriber,2021-04-23,micro-entity,"accounts category, NOT turnover",43210,"21 C/O Fischer Crowne, 21 Cheapside, Liverpool, Merseyside",L2 2DY,https://find-and-update.company-information.service.gov.uk/company/13353936,,TO BE ENRICHED — not held by Companies House,legitimate interests (LIA required before contact),Companies House public API,2026-07-12T04:45:30+00:00
RAGLESS ELECTRICAL SERVICES LIMITED,13955856,B_COMPLIANCE_DROWNED,"young (2022), total-exemption-full filer",ltd,corporate subscriber,2022-03-04,total-exemption-full,"accounts category, NOT turnover",43210,"55 Annandale Avenue, Bognor Regis, West Sussex",PO21 2ET,https://find-and-update.company-information.service.gov.uk/company/13955856,,TO BE ENRICHED — not held by Companies House,legitimate interests (LIA required before contact),Companies House public API,2026-07-12T04:45:30+00:00
YOUNGS HEATING & PLUMBING SERVICES LIMITED,13797882,B_COMPLIANCE_DROWNED,micro filer (micro-entity),ltd,corporate subscriber,2021-12-13,micro-entity,"accounts category, NOT turnover",43220,"175 Wokingham Road, Reading",RG6 1LT,https://find-and-update.company-information.service.gov.uk/company/13797882,,TO BE ENRICHED — not held by Companies House,legitimate interests (LIA required before contact),Companies House public API,2026-07-12T04:45:31+00:00
MEADOWSON LIMITED,01340066,B_COMPLIANCE_DROWNED,micro filer (micro-entity),ltd,corporate subscriber,1977-11-22,micro-entity,"accounts category, NOT turnover",43290,"2 Eflat Cottages, Hailey Lane, Hailey, Hertford, Hertfordshire",SG13 7NY,https://find-and-update.company-information.service.gov.uk/company/01340066,,TO BE ENRICHED — not held by Companies House,legitimate interests (LIA required before contact),Companies House public API,2026-07-12T04:45:32+00:00
FARSIM INSTALLATIONS LTD,14123072,B_COMPLIANCE_DROWNED,micro filer (micro-entity),ltd,corporate subscriber,2022-05-23,micro-entity,"accounts category, NOT turnover",43290,"128 City Road, London",EC1V 2NX,https://find-and-update.company-information.service.gov.uk/company/14123072,,TO BE ENRICHED — not held by Companies House,legitimate interests (LIA required before contact),Companies House public API,2026-07-12T04:45:33+00:00
GARNER ELECTRICAL SERVICES LTD,13194241,B_COMPLIANCE_DROWNED,micro filer (micro-entity),ltd,corporate subscriber,2021-02-10,micro-entity,"accounts category, NOT turnover",43210,"62 Norwich Street, Dereham, Norfolk",NR19 1AD,https://find-and-update.company-information.service.gov.uk/company/13194241,,TO BE ENRICHED — not held by Companies House,legitimate interests (LIA required before contact),Companies House public API,2026-07-12T04:45:35+00:00
CONSTRUCTION STRUCTURAL SERVICES MANAGEMENT LIMITED,10769066,B_COMPLIANCE_DROWNED,micro filer (micro-entity),ltd,corporate subscriber,2017-05-13,micro-entity,"accounts category, NOT turnover",41100; 43290; 43999,"128 City Road, London",EC1V 2NX,https://find-and-update.company-information.service.gov.uk/company/10769066,,TO BE ENRICHED — not held by Companies House,legitimate interests (LIA required before contact),Companies House public API,2026-07-12T04:45:36+00:00
CELTIC PRECAST LTD,13139027,B_COMPLIANCE_DROWNED,micro filer (micro-entity),ltd,corporate subscriber,2021-01-18,micro-entity,"accounts category, NOT turnover",43290,"39 Cardiff Road, Llandaff, Cardiff",CF5 2DP,https://find-and-update.company-information.service.gov.uk/company/13139027,,TO BE ENRICHED — not held by Companies House,legitimate interests (LIA required before contact),Companies House public API,2026-07-12T04:45:38+00:00
S P ELECTRICAL (SW) LIMITED,09156071,B_COMPLIANCE_DROWNED,micro filer (micro-entity),ltd,corporate subscriber,2014-07-31,micro-entity,"accounts category, NOT turnover",43210,"69 Savoy Road, Brislington, Bristol",BS4 3SZ,https://find-and-update.company-information.service.gov.uk/company/09156071,,TO BE ENRICHED — not held by Companies House,legitimate interests (LIA required before contact),Companies House public API,2026-07-12T04:45:39+00:00
HALL ELECTRICAL LTD,15078573,B_COMPLIANCE_DROWNED,micro filer (micro-entity),ltd,corporate subscriber,2023-08-17,micro-entity,"accounts category, NOT turnover",43210,"3 Y Gors, Holyhead",LL65 1PE,https://find-and-update.company-information.service.gov.uk/company/15078573,,TO BE ENRICHED — not held by Companies House,legitimate interests (LIA required before contact),Companies House public API,2026-07-12T04:45:40+00:00
THAMEVALLEY HEATING LTD,14098920,B_COMPLIANCE_DROWNED,"young (2022), total-exemption-full filer",ltd,corporate subscriber,2022-05-10,total-exemption-full,"accounts category, NOT turnover",43220,"Apollo Centre, Desborough Road, High Wycombe",HP11 2QW,https://find-and-update.company-information.service.gov.uk/company/14098920,,TO BE ENRICHED — not held by Companies House,legitimate interests (LIA required before contact),Companies House public API,2026-07-12T04:45:40+00:00
BUSTER INTERIORS LIMITED,13384825,B_COMPLIANCE_DROWNED,micro filer (micro-entity),ltd,corporate subscriber,2021-05-10,micro-entity,"accounts category, NOT turnover",43290,"161 Forest Road, London",E17 6HE,https://find-and-update.company-information.service.gov.uk/company/13384825,,TO BE ENRICHED — not held by Companies House,legitimate interests (LIA required before contact),Companies House public API,2026-07-12T04:45:41+00:00
HENDERSON ELECTRICAL SCOTLAND LTD,SC698123,B_COMPLIANCE_DROWNED,micro filer (micro-entity),ltd,corporate subscriber,2021-05-10,micro-entity,"accounts category, NOT turnover",43210,"The Retreat, Clarendon Drive, Dundee",DD2 1JU,https://find-and-update.company-information.service.gov.uk/company/SC698123,,TO BE ENRICHED — not held by Companies House,legitimate interests (LIA required before contact),Companies House public API,2026-07-12T04:45:42+00:00
WELL JOB BUILDER LIMITED,13892538,B_COMPLIANCE_DROWNED,micro filer (micro-entity),ltd,corporate subscriber,2022-02-03,micro-entity,"accounts category, NOT turnover",43220; 43320; 43330; 43341,"5 Kelvin Street, Manchester",M4 1ET,https://find-and-update.company-information.service.gov.uk/company/13892538,,TO BE ENRICHED — not held by Companies House,legitimate interests (LIA required before contact),Companies House public API,2026-07-12T04:45:43+00:00
JDL GAS & PLUMBING SERVICES LTD,13703781,B_COMPLIANCE_DROWNED,micro filer (micro-entity),ltd,corporate subscriber,2021-10-26,micro-entity,"accounts category, NOT turnover",43220,"Dobson House Dobson House, Regent Centre, Newcastle Upon Tyne",NE3 3PF,https://find-and-update.company-information.service.gov.uk/company/13703781,,TO BE ENRICHED — not held by Companies House,legitimate interests (LIA required before contact),Companies House public API,2026-07-12T04:45:43+00:00
MJ SECURITY (BRIGHOUSE) LIMITED,14535290,B_COMPLIANCE_DROWNED,"young (2022), total-exemption-full filer",ltd,corporate subscriber,2022-12-12,total-exemption-full,"accounts category, NOT turnover",43210,"31 Sugden Close, Brighouse, West Yorkshire",HD6 3EQ,https://find-and-update.company-information.service.gov.uk/company/14535290,,TO BE ENRICHED — not held by Companies House,legitimate interests (LIA required before contact),Companies House public API,2026-07-12T04:45:45+00:00
JONA24 PLUMBING & DRAINAGE LIMITED,09096197,B_COMPLIANCE_DROWNED,micro filer (micro-entity),ltd,corporate subscriber,2014-06-20,micro-entity,"accounts category, NOT turnover",43220,"4a Roman Road, East Ham, London",E6 3RX,https://find-and-update.company-information.service.gov.uk/company/09096197,,TO BE ENRICHED — not held by Companies House,legitimate interests (LIA required before contact),Companies House public API,2026-07-12T04:45:45+00:00
D & A COLLING ELECTRICAL SERVICES LTD,11393164,B_COMPLIANCE_DROWNED,micro filer (micro-entity),ltd,corporate subscriber,2018-06-01,micro-entity,"accounts category, NOT turnover",43210,"Low Nook Cottage Thringarth, Middleton-In-Teesdale, Barnard Castle, County Durham",DL12 0NU,https://find-and-update.company-information.service.gov.uk/company/11393164,,TO BE ENRICHED — not held by Companies House,legitimate interests (LIA required before contact),Companies House public API,2026-07-12T04:45:47+00:00
ELECTRICAL EXPERTS LIMITED,12530071,B_COMPLIANCE_DROWNED,micro filer (micro-entity),ltd,corporate subscriber,2020-03-23,micro-entity,"accounts category, NOT turnover",43210,"87 Grayswood Avenue, Coventry",CV5 8HL,https://find-and-update.company-information.service.gov.uk/company/12530071,,TO BE ENRICHED — not held by Companies House,legitimate interests (LIA required before contact),Companies House public API,2026-07-12T04:45:47+00:00
PURELYPOWERED LTD,13653413,B_COMPLIANCE_DROWNED,"young (2021), total-exemption-full filer",ltd,corporate subscriber,2021-09-30,total-exemption-full,"accounts category, NOT turnover",43210,"414-416 Blackpool Road, Ashton-On-Ribble, Preston",PR2 2DX,https://find-and-update.company-information.service.gov.uk/company/13653413,,TO BE ENRICHED — not held by Companies House,legitimate interests (LIA required before contact),Companies House public API,2026-07-12T04:45:48+00:00
GLOBAL VENTILATION LTD,SC523043,B_COMPLIANCE_DROWNED,micro filer (micro-entity),ltd,corporate subscriber,2015-12-22,micro-entity,"accounts category, NOT turnover",43220,"5 Atholl Crescent, Edinburgh",EH3 8EJ,https://find-and-update.company-information.service.gov.uk/company/SC523043,,TO BE ENRICHED — not held by Companies House,legitimate interests (LIA required before contact),Companies House public API,2026-07-12T04:45:49+00:00
BARNETT INDUSTRIAL SERVICES LTD,14866419,B_COMPLIANCE_DROWNED,micro filer (micro-entity),ltd,corporate subscriber,2023-05-12,micro-entity,"accounts category, NOT turnover",43290,"4 Pevensey Close, Stockton-On-Tees, Durham",TS17 0NW,https://find-and-update.company-information.service.gov.uk/company/14866419,,TO BE ENRICHED — not held by Companies House,legitimate interests (LIA required before contact),Companies House public API,2026-07-12T04:45:51+00:00
PEARMAIN ELECTRICAL LIMITED,04767274,B_COMPLIANCE_DROWNED,micro filer (micro-entity),ltd,corporate subscriber,2003-05-16,micro-entity,"accounts category, NOT turnover",43210,"28 Manor Way, North Fambridge, Essex",CM3 6YD,https://find-and-update.company-information.service.gov.uk/company/04767274,,TO BE ENRICHED — not held by Companies House,legitimate interests (LIA required before contact),Companies House public API,2026-07-12T04:45:52+00:00
ALEX FLOWER ELECTRICAL LTD,15764857,B_COMPLIANCE_DROWNED,"young (2024), total-exemption-full filer",ltd,corporate subscriber,2024-06-06,total-exemption-full,"accounts category, NOT turnover",43210,"37 Meadway Avenue, Nailsea, Bristol, Avon",BS48 2DU,https://find-and-update.company-information.service.gov.uk/company/15764857,,TO BE ENRICHED — not held by Companies House,legitimate interests (LIA required before contact),Companies House public API,2026-07-12T04:45:53+00:00
4A ENGINEERING AND TECHNOLOGY LIMITED,10789665,B_COMPLIANCE_DROWNED,micro filer (micro-entity),ltd,corporate subscriber,2017-05-25,micro-entity,"accounts category, NOT turnover",43210; 43999; 71122; 71129,"Unit 3b Berol House, 25 Ashley Road, Tottenham Hale, London",N17 9LJ,https://find-and-update.company-information.service.gov.uk/company/10789665,,TO BE ENRICHED — not held by Companies House,legitimate interests (LIA required before contact),Companies House public API,2026-07-12T04:45:54+00:00
RVCS DEVELOPMENTS LTD,SC618294,B_COMPLIANCE_DROWNED,micro filer (micro-entity),ltd,corporate subscriber,2019-01-15,micro-entity,"accounts category, NOT turnover",43210; 43390; 62090; 68209,"73 Charleston Road North, Aberdeen",AB12 3SZ,https://find-and-update.company-information.service.gov.uk/company/SC618294,,TO BE ENRICHED — not held by Companies House,legitimate interests (LIA required before contact),Companies House public API,2026-07-12T04:45:54+00:00
DOUGLAS D.B.S. LIMITED,03943847,B_COMPLIANCE_DROWNED,micro filer (micro-entity),ltd,corporate subscriber,2000-03-09,micro-entity,"accounts category, NOT turnover",43210,"22 Wilson Wood Street, Batley, West Yorkshire",WF17 7LE,https://find-and-update.company-information.service.gov.uk/company/03943847,,TO BE ENRICHED — not held by Companies House,legitimate interests (LIA required before contact),Companies House public API,2026-07-12T04:45:55+00:00
R WAINE ELECTRICAL LIMITED,12269336,B_COMPLIANCE_DROWNED,micro filer (micro-entity),ltd,corporate subscriber,2019-10-18,micro-entity,"accounts category, NOT turnover",43210,"10 Conway Road, Eccleston, Chorley",PR7 5SW,https://find-and-update.company-information.service.gov.uk/company/12269336,,TO BE ENRICHED — not held by Companies House,legitimate interests (LIA required before contact),Companies House public API,2026-07-12T04:45:56+00:00
A ALLEN ELECTRICAL LTD,08405734,B_COMPLIANCE_DROWNED,micro filer (micro-entity),ltd,corporate subscriber,2013-02-15,micro-entity,"accounts category, NOT turnover",43210,"Hawkridge Fore Street, Tatworth, Chard",TA20 2SW,https://find-and-update.company-information.service.gov.uk/company/08405734,,TO BE ENRICHED — not held by Companies House,legitimate interests (LIA required before contact),Companies House public API,2026-07-12T04:45:57+00:00
DALTON HEATING SERVICES LTD,14449441,B_COMPLIANCE_DROWNED,"young (2022), total-exemption-full filer",ltd,corporate subscriber,2022-10-28,total-exemption-full,"accounts category, NOT turnover",43220,"3 Stoke Damerel Business Centre, 5 Church Street, Plymouth, Devon",PL3 4DT,https://find-and-update.company-information.service.gov.uk/company/14449441,,TO BE ENRICHED — not held by Companies House,legitimate interests (LIA required before contact),Companies House public API,2026-07-12T04:45:59+00:00
GILDEN TEST & INSPECTION LIMITED,05832754,B_COMPLIANCE_DROWNED,micro filer (micro-entity),ltd,corporate subscriber,2006-05-31,micro-entity,"accounts category, NOT turnover",43210,"24d Dartford Road, Sevenoaks",TN13 3TQ,https://find-and-update.company-information.service.gov.uk/company/05832754,,TO BE ENRICHED — not held by Companies House,legitimate interests (LIA required before contact),Companies House public API,2026-07-12T04:46:01+00:00
RLMTS CONTROLS LTD,14390852,B_COMPLIANCE_DROWNED,micro filer (micro-entity),ltd,corporate subscriber,2022-10-01,micro-entity,"accounts category, NOT turnover",33140; 43210; 71121,"11 Park Square, Newport",NP20 4EL,https://find-and-update.company-information.service.gov.uk/company/14390852,,TO BE ENRICHED — not held by Companies House,legitimate interests (LIA required before contact),Companies House public API,2026-07-12T04:46:03+00:00
SPARKLIFE LTD,07155193,B_COMPLIANCE_DROWNED,micro filer (micro-entity),ltd,corporate subscriber,2010-02-11,micro-entity,"accounts category, NOT turnover",43210,"C/O Savvy Accountancy, Kenward House, High Street, Hartley Wintney, Hampshire",RG27 8NY,https://find-and-update.company-information.service.gov.uk/company/07155193,,TO BE ENRICHED — not held by Companies House,legitimate interests (LIA required before contact),Companies House public API,2026-07-12T04:46:05+00:00
B&J GRAND DESIGN LTD,08812275,B_COMPLIANCE_DROWNED,micro filer (micro-entity),ltd,corporate subscriber,2013-12-12,micro-entity,"accounts category, NOT turnover",43290,"57a Broadway, Leigh-On-Sea, Essex",SS9 1PE,https://find-and-update.company-information.service.gov.uk/company/08812275,,TO BE ENRICHED — not held by Companies House,legitimate interests (LIA required before contact),Companies House public API,2026-07-12T04:46:06+00:00
MJ ELECTRICAL LTD,14179969,B_COMPLIANCE_DROWNED,micro filer (micro-entity),ltd,corporate subscriber,2022-06-17,micro-entity,"accounts category, NOT turnover",43210,"Office 010 Upper Wortley Business Centre, 127 Upper Wortley Road, Leeds",LS12 4JG,https://find-and-update.company-information.service.gov.uk/company/14179969,,TO BE ENRICHED — not held by Companies House,legitimate interests (LIA required before contact),Companies House public API,2026-07-12T04:46:06+00:00
EVOLUTION ELECTRICAL YORK LTD,12876655,B_COMPLIANCE_DROWNED,micro filer (micro-entity),ltd,corporate subscriber,2020-09-13,micro-entity,"accounts category, NOT turnover",43210,"Concept Business Centre, Unit 15 Kettlestring Lane, York",YO30 4XF,https://find-and-update.company-information.service.gov.uk/company/12876655,,TO BE ENRICHED — not held by Companies House,legitimate interests (LIA required before contact),Companies House public API,2026-07-12T04:46:08+00:00
VIKING FLOORING LTD,SC733478,B_COMPLIANCE_DROWNED,micro filer (micro-entity),ltd,corporate subscriber,2022-05-24,micro-entity,"accounts category, NOT turnover",43290; 43330,"13 Meek Place, Cambuslang, Glasgow",G72 8LN,https://find-and-update.company-information.service.gov.uk/company/SC733478,,TO BE ENRICHED — not held by Companies House,legitimate interests (LIA required before contact),Companies House public API,2026-07-12T04:46:12+00:00
S2K INDUSTRIAL SERVICES LIMITED,13010960,B_COMPLIANCE_DROWNED,micro filer (micro-entity),ltd,corporate subscriber,2020-11-11,micro-entity,"accounts category, NOT turnover",33110; 33120; 43210,"Unit 1 Highgrounds Way, Rhodesia, Worksop, Nottinghamshire",S80 3AF,https://find-and-update.company-information.service.gov.uk/company/13010960,,TO BE ENRICHED — not held by Companies House,legitimate interests (LIA required before contact),Companies House public API,2026-07-12T04:46:12+00:00
PROFLAME LIMITED,06877528,B_COMPLIANCE_DROWNED,micro filer (micro-entity),ltd,corporate subscriber,2009-04-15,micro-entity,"accounts category, NOT turnover",43220,"15 Ediva Road, Meopham, Kent",DA13 0NA,https://find-and-update.company-information.service.gov.uk/company/06877528,,TO BE ENRICHED — not held by Companies House,legitimate interests (LIA required before contact),Companies House public API,2026-07-12T04:46:15+00:00
ENVIRO CLEAN AIR CONDITIONING LTD,11437765,B_COMPLIANCE_DROWNED,micro filer (micro-entity),ltd,corporate subscriber,2018-06-28,micro-entity,"accounts category, NOT turnover",43220,"7 Swan Court Forder Way, Cygnet Park, Hampton, Peterborough",PE7 8GX,https://find-and-update.company-information.service.gov.uk/company/11437765,,TO BE ENRICHED — not held by Companies House,legitimate interests (LIA required before contact),Companies House public API,2026-07-12T04:46:16+00:00
KMC BUILDERS & FIRE CONTRACTORS LTD,13798664,B_COMPLIANCE_DROWNED,micro filer (micro-entity),ltd,corporate subscriber,2021-12-13,micro-entity,"accounts category, NOT turnover",43210; 43390,"7b Travershes Close, Exmouth, Devon",EX8 3LH,https://find-and-update.company-information.service.gov.uk/company/13798664,,TO BE ENRICHED — not held by Companies House,legitimate interests (LIA required before contact),Companies House public API,2026-07-12T04:46:19+00:00
MARTYN CAREY GAS MAINTENANCE LTD,14458632,B_COMPLIANCE_DROWNED,"young (2022), total-exemption-full filer",ltd,corporate subscriber,2022-11-02,total-exemption-full,"accounts category, NOT turnover",43220,"7 Heol Y Bont, Rhiwbina, Cardiff",CF14 6AJ,https://find-and-update.company-information.service.gov.uk/company/14458632,,TO BE ENRICHED — not held by Companies House,legitimate interests (LIA required before contact),Companies House public API,2026-07-12T04:46:20+00:00
PINNACLE PLUMBING & HEATING SERVICES LTD,14899926,B_COMPLIANCE_DROWNED,micro filer (micro-entity),ltd,corporate subscriber,2023-05-29,micro-entity,"accounts category, NOT turnover",43290,"Office Suite 2 Fort Bridgewood, Maidstone Road, Rochester, Kent",ME1 3DQ,https://find-and-update.company-information.service.gov.uk/company/14899926,,TO BE ENRICHED — not held by Companies House,legitimate interests (LIA required before contact),Companies House public API,2026-07-12T04:46:21+00:00
PH RENEWABLES LIMITED,14340069,B_COMPLIANCE_DROWNED,micro filer (micro-entity),ltd,corporate subscriber,2022-09-06,micro-entity,"accounts category, NOT turnover",43210,"220 Westella Road Westella, East Yorkshire",HU10 7RS,https://find-and-update.company-information.service.gov.uk/company/14340069,,TO BE ENRICHED — not held by Companies House,legitimate interests (LIA required before contact),Companies House public API,2026-07-12T04:46:21+00:00
GRAFTER SERVICES LIMITED,15765229,B_COMPLIANCE_DROWNED,"young (2024), total-exemption-full filer",ltd,corporate subscriber,2024-06-06,total-exemption-full,"accounts category, NOT turnover",16230; 43210; 43220; 81210,"Unit 1 Lodge Yard Business Centre, Kingswood, Aylesbury",HP18 0QJ,https://find-and-update.company-information.service.gov.uk/company/15765229,,TO BE ENRICHED — not held by Companies House,legitimate interests (LIA required before contact),Companies House public API,2026-07-12T04:46:24+00:00
MRH RENDERS LTD,14340602,B_COMPLIANCE_DROWNED,micro filer (micro-entity),ltd,corporate subscriber,2022-09-06,micro-entity,"accounts category, NOT turnover",43290; 43310; 43330,"23 Denise Drive, Harborne, Birmingham, West Midlands",B17 0BN,https://find-and-update.company-information.service.gov.uk/company/14340602,,TO BE ENRICHED — not held by Companies House,legitimate interests (LIA required before contact),Companies House public API,2026-07-12T04:46:25+00:00
UK GAS SAFETY LIMITED,11190074,B_COMPLIANCE_DROWNED,micro filer (micro-entity),ltd,corporate subscriber,2018-02-06,micro-entity,"accounts category, NOT turnover",43220,"First Floor, Woburn Court 2 Railton Road, Woburn Road Industrial Estate, Kempston, Bedfordshire",MK42 7PN,https://find-and-update.company-information.service.gov.uk/company/11190074,,TO BE ENRICHED — not held by Companies House,legitimate interests (LIA required before contact),Companies House public API,2026-07-12T04:46:26+00:00
DMD LIGHTING LIMITED,11401901,B_COMPLIANCE_DROWNED,micro filer (micro-entity),ltd,corporate subscriber,2018-06-07,micro-entity,"accounts category, NOT turnover",43210,"71 Kirkley Drive, Ponteland, Newcastle Upon Tyne",NE20 9QW,https://find-and-update.company-information.service.gov.uk/company/11401901,,TO BE ENRICHED — not held by Companies House,legitimate interests (LIA required before contact),Companies House public API,2026-07-12T04:46:28+00:00
OIL-LINE HEATING SERVICES LIMITED,08375587,B_COMPLIANCE_DROWNED,micro filer (micro-entity),ltd,corporate subscriber,2013-01-25,micro-entity,"accounts category, NOT turnover",43220,"8 Nab View, Silsden, Keighley, West Yorkshire",BD20 9PU,https://find-and-update.company-information.service.gov.uk/company/08375587,,TO BE ENRICHED — not held by Companies House,legitimate interests (LIA required before contact),Companies House public API,2026-07-12T04:46:29+00:00
GLOUCESTERSHIRE ELECTRICAL SERVICES LTD,11383264,B_COMPLIANCE_DROWNED,micro filer (micro-entity),ltd,corporate subscriber,2018-05-25,micro-entity,"accounts category, NOT turnover",43210,"6 Woodrush  Road, Walton Cardiff, Tewkesbury",GL20 7SF,https://find-and-update.company-information.service.gov.uk/company/11383264,,TO BE ENRICHED — not held by Companies House,legitimate interests (LIA required before contact),Companies House public API,2026-07-12T04:46:30+00:00
PREMIER PIPE SOLUTIONS LTD,SC770482,B_COMPLIANCE_DROWNED,"young (2023), total-exemption-full filer",ltd,corporate subscriber,2023-05-24,total-exemption-full,"accounts category, NOT turnover",43290,"4d Auchingramont Road, Hamilton",ML3 6JT,https://find-and-update.company-information.service.gov.uk/company/SC770482,,TO BE ENRICHED — not held by Companies House,legitimate interests (LIA required before contact),Companies House public API,2026-07-12T04:46:30+00:00
TOTAL REWIRE NW LTD,12032310,B_COMPLIANCE_DROWNED,micro filer (micro-entity),ltd,corporate subscriber,2019-06-04,micro-entity,"accounts category, NOT turnover",43210,"18 Linden Grove, Chorley, Lancashire",PR6 7BN,https://find-and-update.company-information.service.gov.uk/company/12032310,,TO BE ENRICHED — not held by Companies House,legitimate interests (LIA required before contact),Companies House public API,2026-07-12T04:46:31+00:00
EKKO INSTAL LTD,11844186,B_COMPLIANCE_DROWNED,micro filer (micro-entity),ltd,corporate subscriber,2019-02-25,micro-entity,"accounts category, NOT turnover",43210,"6 Liverpool Avenue, Doncaster",DN2 4EX,https://find-and-update.company-information.service.gov.uk/company/11844186,,TO BE ENRICHED — not held by Companies House,legitimate interests (LIA required before contact),Companies House public API,2026-07-12T04:46:33+00:00
PHOENIX HEATING LIMITED,06054794,B_COMPLIANCE_DROWNED,micro filer (micro-entity),ltd,corporate subscriber,2007-01-16,micro-entity,"accounts category, NOT turnover",43220,"68 Elms Road, Harrow",HA3 6BS,https://find-and-update.company-information.service.gov.uk/company/06054794,,TO BE ENRICHED — not held by Companies House,legitimate interests (LIA required before contact),Companies House public API,2026-07-12T04:46:33+00:00
STERRY ELECTRICAL SOLUTIONS LTD,15764719,B_COMPLIANCE_DROWNED,"young (2024), total-exemption-full filer",ltd,corporate subscriber,2024-06-06,total-exemption-full,"accounts category, NOT turnover",43210,"51 Collard Avenue, Loughton, Essex",IG10 2ER,https://find-and-update.company-information.service.gov.uk/company/15764719,,TO BE ENRICHED — not held by Companies House,legitimate interests (LIA required before contact),Companies House public API,2026-07-12T04:46:36+00:00
OXFORD MAINTENANCE SERVICES LTD,13513251,B_COMPLIANCE_DROWNED,"young (2021), total-exemption-full filer",ltd,corporate subscriber,2021-07-15,total-exemption-full,"accounts category, NOT turnover",43290,"G8 Lynch Lane Offices, 79 Lynch Lane, Weymouth, Dorset",DT4 9DN,https://find-and-update.company-information.service.gov.uk/company/13513251,,TO BE ENRICHED — not held by Companies House,legitimate interests (LIA required before contact),Companies House public API,2026-07-12T04:46:38+00:00
AFTERGLOW ELECTRICAL LIMITED,13941176,B_COMPLIANCE_DROWNED,"young (2022), total-exemption-full filer",ltd,corporate subscriber,2022-02-25,total-exemption-full,"accounts category, NOT turnover",43210,"29a Crown Street, Brentwood, Essex",CM14 4BA,https://find-and-update.company-information.service.gov.uk/company/13941176,,TO BE ENRICHED — not held by Companies House,legitimate interests (LIA required before contact),Companies House public API,2026-07-12T04:46:39+00:00
BRAYLAND ELECTRICAL LTD,13327540,B_COMPLIANCE_DROWNED,micro filer (micro-entity),ltd,corporate subscriber,2021-04-12,micro-entity,"accounts category, NOT turnover",43210,"2 Invicta Park, Sandpit Road, Dartford",DA1 5BU,https://find-and-update.company-information.service.gov.uk/company/13327540,,TO BE ENRICHED — not held by Companies House,legitimate interests (LIA required before contact),Companies House public API,2026-07-12T04:46:40+00:00
EIC SERVICES LIMITED,08357498,B_COMPLIANCE_DROWNED,micro filer (micro-entity),ltd,corporate subscriber,2013-01-11,micro-entity,"accounts category, NOT turnover",43210,"2 Cromwell Road, Barton-Le-Clay, Bedford, Bedfordshire",MK45 4PU,https://find-and-update.company-information.service.gov.uk/company/08357498,,TO BE ENRICHED — not held by Companies House,legitimate interests (LIA required before contact),Companies House public API,2026-07-12T04:46:42+00:00
COSMIC INTEGRATED LTD,12544754,B_COMPLIANCE_DROWNED,micro filer (micro-entity),ltd,corporate subscriber,2020-04-02,micro-entity,"accounts category, NOT turnover",43210; 80200,"97 Rosemary Gardens, Blackwater, Camberley",GU17 0NJ,https://find-and-update.company-information.service.gov.uk/company/12544754,,TO BE ENRICHED — not held by Companies House,legitimate interests (LIA required before contact),Companies House public API,2026-07-12T04:46:43+00:00
TOTAL FASCADES UK LIMITED,14000656,B_COMPLIANCE_DROWNED,"young (2022), unaudited-abridged filer",ltd,corporate subscriber,2022-03-24,unaudited-abridged,"accounts category, NOT turnover",43290,"32 Grove Road, Millbrook, Stalybridge",SK15 3BE,https://find-and-update.company-information.service.gov.uk/company/14000656,,TO BE ENRICHED — not held by Companies House,legitimate interests (LIA required before contact),Companies House public API,2026-07-12T04:46:46+00:00
JPO PROPERTY SERVICES LTD,14035237,B_COMPLIANCE_DROWNED,micro filer (micro-entity),ltd,corporate subscriber,2022-04-08,micro-entity,"accounts category, NOT turnover",41202; 43210,"The Long Lodge, 265-269 Kingston Road, London",SW19 3NW,https://find-and-update.company-information.service.gov.uk/company/14035237,,TO BE ENRICHED — not held by Companies House,legitimate interests (LIA required before contact),Companies House public API,2026-07-12T04:46:47+00:00
SRM SERVICES (NI) LIMITED,NI064188,B_COMPLIANCE_DROWNED,micro filer (micro-entity),ltd,corporate subscriber,2007-04-19,micro-entity,"accounts category, NOT turnover",43220,"Suite 4, Commercial Mews, 93-97 Main Street, Larne",BT40 1HJ,https://find-and-update.company-information.service.gov.uk/company/NI064188,,TO BE ENRICHED — not held by Companies House,legitimate interests (LIA required before contact),Companies House public API,2026-07-12T04:46:48+00:00
QUINLIVAN PLUMBING & PROPERTY SERVICES LTD,14755788,B_COMPLIANCE_DROWNED,micro filer (micro-entity),ltd,corporate subscriber,2023-03-24,micro-entity,"accounts category, NOT turnover",43220,"Spindrift Picknage Road, Barley, Royston, Hertfordshire",SG8 8HS,https://find-and-update.company-information.service.gov.uk/company/14755788,,TO BE ENRICHED — not held by Companies House,legitimate interests (LIA required before contact),Companies House public API,2026-07-12T04:46:49+00:00
DJR RIGGING AND LIFTING LIMITED,14104235,B_COMPLIANCE_DROWNED,micro filer (micro-entity),ltd,corporate subscriber,2022-05-12,micro-entity,"accounts category, NOT turnover",43290,"18 Bower Street, Sunderland",SR6 8JA,https://find-and-update.company-information.service.gov.uk/company/14104235,,TO BE ENRICHED — not held by Companies House,legitimate interests (LIA required before contact),Companies House public API,2026-07-12T04:46:49+00:00
JG PIPE SOLUTIONS LTD,11259267,B_COMPLIANCE_DROWNED,micro filer (micro-entity),ltd,corporate subscriber,2018-03-16,micro-entity,"accounts category, NOT turnover",43220,"38 Ennerdale Close, Stukeley Meadows, Huntingdon, Cambridgeshire",PE29 6UU,https://find-and-update.company-information.service.gov.uk/company/11259267,,TO BE ENRICHED — not held by Companies House,legitimate interests (LIA required before contact),Companies House public API,2026-07-12T04:46:52+00:00
GC STRUCTURES LTD,SC757684,B_COMPLIANCE_DROWNED,micro filer (micro-entity),ltd,corporate subscriber,2023-02-04,micro-entity,"accounts category, NOT turnover",41201; 41202; 43290,"23 Bentalla Crescent, Aros, Isle Of Mull",PA72 6JH,https://find-and-update.company-information.service.gov.uk/company/SC757684,,TO BE ENRICHED — not held by Companies House,legitimate interests (LIA required before contact),Companies House public API,2026-07-12T04:46:53+00:00
EXCLUSIVE FACILITY SERVICES LTD,08583383,B_COMPLIANCE_DROWNED,micro filer (micro-entity),ltd,corporate subscriber,2013-06-25,micro-entity,"accounts category, NOT turnover",43220,"160 Bath Road, Thatcham",RG18 3HJ,https://find-and-update.company-information.service.gov.uk/company/08583383,,TO BE ENRICHED — not held by Companies House,legitimate interests (LIA required before contact),Companies House public API,2026-07-12T04:46:57+00:00
DUAL CLIMATE LIMITED,13705901,B_COMPLIANCE_DROWNED,micro filer (micro-entity),ltd,corporate subscriber,2021-10-27,micro-entity,"accounts category, NOT turnover",43220,"Shepherd Accountants Limited 20 Lintot Square Fairbank Road, Southwater, Horsham, West Sussex",RH13 9LA,https://find-and-update.company-information.service.gov.uk/company/13705901,,TO BE ENRICHED — not held by Companies House,legitimate interests (LIA required before contact),Companies House public API,2026-07-12T04:46:58+00:00
PMC HEATING AND PLUMBING LTD,10787385,B_COMPLIANCE_DROWNED,micro filer (micro-entity),ltd,corporate subscriber,2017-05-24,micro-entity,"accounts category, NOT turnover",43220,"First Floor, 27 Kneesworth Street, Royston, Hertfordshire",SG8 5AB,https://find-and-update.company-information.service.gov.uk/company/10787385,,TO BE ENRICHED — not held by Companies House,legitimate interests (LIA required before contact),Companies House public API,2026-07-12T04:46:59+00:00
XLEC SERVICES LTD,14296894,B_COMPLIANCE_DROWNED,"young (2022), total-exemption-full filer",ltd,corporate subscriber,2022-08-15,total-exemption-full,"accounts category, NOT turnover",43210,"14 West Green, Sealand, Deeside",CH5 2SD,https://find-and-update.company-information.service.gov.uk/company/14296894,,TO BE ENRICHED — not held by Companies House,legitimate interests (LIA required before contact),Companies House public API,2026-07-12T04:47:00+00:00
NEIL STEVENS LIMITED,08630884,B_COMPLIANCE_DROWNED,micro filer (micro-entity),ltd,corporate subscriber,2013-07-30,micro-entity,"accounts category, NOT turnover",43210,"404a Ringwood Road, Ferndown",BH22 9AU,https://find-and-update.company-information.service.gov.uk/company/08630884,,TO BE ENRICHED — not held by Companies House,legitimate interests (LIA required before contact),Companies House public API,2026-07-12T04:47:00+00:00
JUICED MECHANICAL & ELECTRICAL LTD,14501833,B_COMPLIANCE_DROWNED,micro filer (micro-entity),ltd,corporate subscriber,2022-11-23,micro-entity,"accounts category, NOT turnover",43210; 43220,"86-90 Paul Street, London",EC2A 4NE,https://find-and-update.company-information.service.gov.uk/company/14501833,,TO BE ENRICHED — not held by Companies House,legitimate interests (LIA required before contact),Companies House public API,2026-07-12T04:47:02+00:00
WARNER SERVICES LIMITED,05165641,B_COMPLIANCE_DROWNED,micro filer (micro-entity),ltd,corporate subscriber,2004-06-29,micro-entity,"accounts category, NOT turnover",43210,"5 Queenwood Grove, Prestbury, Cheltenham, Gloucestershire",GL52 3NG,https://find-and-update.company-information.service.gov.uk/company/05165641,,TO BE ENRICHED — not held by Companies House,legitimate interests (LIA required before contact),Companies House public API,2026-07-12T04:47:03+00:00
NEWLEC ELECTRICAL LTD,14909758,B_COMPLIANCE_DROWNED,micro filer (micro-entity),ltd,corporate subscriber,2023-06-01,micro-entity,"accounts category, NOT turnover",43210,"The Mousery, Beeches Road, Wickford, Essex",SS11 8GH,https://find-and-update.company-information.service.gov.uk/company/14909758,,TO BE ENRICHED — not held by Companies House,legitimate interests (LIA required before contact),Companies House public API,2026-07-12T04:47:04+00:00
J WALLIS ELECTRICS LIMITED,14859041,B_COMPLIANCE_DROWNED,"young (2023), total-exemption-full filer",ltd,corporate subscriber,2023-05-10,total-exemption-full,"accounts category, NOT turnover",43210,"16 Nimbus Way, Newmarket, Suffolk",CB8 7BW,https://find-and-update.company-information.service.gov.uk/company/14859041,,TO BE ENRICHED — not held by Companies House,legitimate interests (LIA required before contact),Companies House public API,2026-07-12T04:47:08+00:00
CARLISLE PLUMBING AND HEATING LTD,13608448,B_COMPLIANCE_DROWNED,"young (2021), total-exemption-full filer",ltd,corporate subscriber,2021-09-08,total-exemption-full,"accounts category, NOT turnover",43220,"6 Brunswick Street, Carlisle",CA1 1PN,https://find-and-update.company-information.service.gov.uk/company/13608448,,TO BE ENRICHED — not held by Companies House,legitimate interests (LIA required before contact),Companies House public API,2026-07-12T04:47:09+00:00
P D LIDGE LTD,13438966,B_COMPLIANCE_DROWNED,micro filer (micro-entity),ltd,corporate subscriber,2021-06-04,micro-entity,"accounts category, NOT turnover",43210,"7 Suffolk Road, Royston, Herts",SG8 9EX,https://find-and-update.company-information.service.gov.uk/company/13438966,,TO BE ENRICHED — not held by Companies House,legitimate interests (LIA required before contact),Companies House public API,2026-07-12T04:47:11+00:00
JUST SERVICES GROUP LTD,10177302,B_COMPLIANCE_DROWNED,micro filer (micro-entity),ltd,corporate subscriber,2016-05-12,micro-entity,"accounts category, NOT turnover",43220,"Highlands House, 165 The Broadway, London",SW19 1NE,https://find-and-update.company-information.service.gov.uk/company/10177302,,TO BE ENRICHED — not held by Companies House,legitimate interests (LIA required before contact),Companies House public API,2026-07-12T04:47:11+00:00
PROFIX INTERIOR PROJECTS LIMITED,11912129,B_COMPLIANCE_DROWNED,micro filer (micro-entity),ltd,corporate subscriber,2019-03-28,micro-entity,"accounts category, NOT turnover",43290,"White Sails, 15 Highburn Close, Burnham-On-Sea, Somerset",TA8 1LU,https://find-and-update.company-information.service.gov.uk/company/11912129,,TO BE ENRICHED — not held by Companies House,legitimate interests (LIA required before contact),Companies House public API,2026-07-12T04:47:12+00:00
MBE CONTRACTING LTD,06611424,B_COMPLIANCE_DROWNED,micro filer (micro-entity),ltd,corporate subscriber,2008-06-04,micro-entity,"accounts category, NOT turnover",43210,"C/O Towers + Gornall Ltd River View, 96 High Street, Garstang, Preston, Lancashire",PR3 1WZ,https://find-and-update.company-information.service.gov.uk/company/06611424,,TO BE ENRICHED — not held by Companies House,legitimate interests (LIA required before contact),Companies House public API,2026-07-12T04:47:13+00:00
MERCURY GAS SERVICES (SCOTLAND) LIMITED,SC478592,B_COMPLIANCE_DROWNED,micro filer (micro-entity),ltd,corporate subscriber,2014-05-28,micro-entity,"accounts category, NOT turnover",43220,"Unit 6 Broad Place, Peterhead",AB42 1JD,https://find-and-update.company-information.service.gov.uk/company/SC478592,,TO BE ENRICHED — not held by Companies House,legitimate interests (LIA required before contact),Companies House public API,2026-07-12T04:47:13+00:00
DK GAS SOLUTIONS LIMITED,14860706,B_COMPLIANCE_DROWNED,micro filer (micro-entity),ltd,corporate subscriber,2023-05-10,micro-entity,"accounts category, NOT turnover",43220,"4 Redwood Lane, Mosborough, Sheffield",S20 5FQ,https://find-and-update.company-information.service.gov.uk/company/14860706,,TO BE ENRICHED — not held by Companies House,legitimate interests (LIA required before contact),Companies House public API,2026-07-12T04:47:14+00:00
R L ELECTRICAL (SWINDON) LTD,11374373,B_COMPLIANCE_DROWNED,micro filer (micro-entity),ltd,corporate subscriber,2018-05-21,micro-entity,"accounts category, NOT turnover",43210,"18 Bath Road Old Town, Swindon, Wilts",SN1 4BA,https://find-and-update.company-information.service.gov.uk/company/11374373,,TO BE ENRICHED — not held by Companies House,legitimate interests (LIA required before contact),Companies House public API,2026-07-12T04:47:15+00:00
S. SCOTT GAS TEAM LTD,13401217,B_COMPLIANCE_DROWNED,micro filer (micro-entity),ltd,corporate subscriber,2021-05-16,micro-entity,"accounts category, NOT turnover",43220,"25 Luther Close, Edgware",HA8 8YY,https://find-and-update.company-information.service.gov.uk/company/13401217,,TO BE ENRICHED — not held by Companies House,legitimate interests (LIA required before contact),Companies House public API,2026-07-12T04:47:15+00:00
PROGRESSIVE ELECTRICAL SOLUTIONS LTD,14524639,B_COMPLIANCE_DROWNED,micro filer (micro-entity),ltd,corporate subscriber,2022-12-05,micro-entity,"accounts category, NOT turnover",43210,"70 Hurlfield Avenue, Sheffield",S12 2TN,https://find-and-update.company-information.service.gov.uk/company/14524639,,TO BE ENRICHED — not held by Companies House,legitimate interests (LIA required before contact),Companies House public API,2026-07-12T04:47:17+00:00
INTER-AFRIC GROUP LTD,10650341,B_COMPLIANCE_DROWNED,micro filer (micro-entity),ltd,corporate subscriber,2017-03-03,micro-entity,"accounts category, NOT turnover",43210; 68100,"Suite 53 Millmead Business Centre, Millmead Road, Tottenham, London",N17 9QU,https://find-and-update.company-information.service.gov.uk/company/10650341,,TO BE ENRICHED — not held by Companies House,legitimate interests (LIA required before contact),Companies House public API,2026-07-12T04:47:17+00:00
BDL PLUMBING AND HEATING LIMITED,14149945,B_COMPLIANCE_DROWNED,"young (2022), total-exemption-full filer",ltd,corporate subscriber,2022-06-06,total-exemption-full,"accounts category, NOT turnover",43220,"Suite G04 1 Quality Court, Chancery Lane, London",WC2A 1HR,https://find-and-update.company-information.service.gov.uk/company/14149945,,TO BE ENRICHED — not held by Companies House,legitimate interests (LIA required before contact),Companies House public API,2026-07-12T04:47:19+00:00
PERFECT BROTHERS LTD,14432115,B_COMPLIANCE_DROWNED,micro filer (micro-entity),ltd,corporate subscriber,2022-10-20,micro-entity,"accounts category, NOT turnover",43220,"177 Cherry Tree Road, Beaconsfield",HP9 1BA,https://find-and-update.company-information.service.gov.uk/company/14432115,,TO BE ENRICHED — not held by Companies House,legitimate interests (LIA required before contact),Companies House public API,2026-07-12T04:47:20+00:00
BOHEN SERVICES LTD,13955892,B_COMPLIANCE_DROWNED,micro filer (micro-entity),ltd,corporate subscriber,2022-03-04,micro-entity,"accounts category, NOT turnover",43220,"58 Kinson Road, Bournemouth, Dorset",BH10 4AN,https://find-and-update.company-information.service.gov.uk/company/13955892,,TO BE ENRICHED — not held by Companies House,legitimate interests (LIA required before contact),Companies House public API,2026-07-12T04:47:22+00:00
I A MAITLAND & SONS LTD,07202630,B_COMPLIANCE_DROWNED,micro filer (micro-entity),ltd,corporate subscriber,2010-03-25,micro-entity,"accounts category, NOT turnover",43220,"Capel Cottage Capel Road, Hamstreet, Ashford, Kent",TN26 2EH,https://find-and-update.company-information.service.gov.uk/company/07202630,,TO BE ENRICHED — not held by Companies House,legitimate interests (LIA required before contact),Companies House public API,2026-07-12T04:47:24+00:00
J.S.G ELECTRICAL SERVICES LTD.,10764162,B_COMPLIANCE_DROWNED,micro filer (micro-entity),ltd,corporate subscriber,2017-05-10,micro-entity,"accounts category, NOT turnover",43210,"Wellesley House, Duke Of Wellington Avenue, London",SE18 6SS,https://find-and-update.company-information.service.gov.uk/company/10764162,,TO BE ENRICHED — not held by Companies House,legitimate interests (LIA required before contact),Companies House public API,2026-07-12T04:47:26+00:00
JL SECURITY (NW) LTD,11645035,B_COMPLIANCE_DROWNED,micro filer (micro-entity),ltd,corporate subscriber,2018-10-26,micro-entity,"accounts category, NOT turnover",43210; 43341; 80200,"2 Fieldside Fieldside, Duddon, Tarporley",CW6 0UL,https://find-and-update.company-information.service.gov.uk/company/11645035,,TO BE ENRICHED — not held by Companies House,legitimate interests (LIA required before contact),Companies House public API,2026-07-12T04:47:26+00:00
CRAZE ELECTRICAL SERVICES LTD,10896017,B_COMPLIANCE_DROWNED,micro filer (micro-entity),ltd,corporate subscriber,2017-08-02,micro-entity,"accounts category, NOT turnover",43210,"38 Laurel Avenue, Bideford",EX39 3AZ,https://find-and-update.company-information.service.gov.uk/company/10896017,,TO BE ENRICHED — not held by Companies House,legitimate interests (LIA required before contact),Companies House public API,2026-07-12T04:47:27+00:00
MGE ELECTRICS LTD,NI663516,B_COMPLIANCE_DROWNED,micro filer (micro-entity),ltd,corporate subscriber,2019-08-05,micro-entity,"accounts category, NOT turnover",43210,"91 Creevelough Road, Dungannon, County Tyrone",BT70 1LN,https://find-and-update.company-information.service.gov.uk/company/NI663516,,TO BE ENRICHED — not held by Companies House,legitimate interests (LIA required before contact),Companies House public API,2026-07-12T04:47:28+00:00
OHM ASSOCIATES LIMITED,08057386,B_COMPLIANCE_DROWNED,micro filer (micro-entity),ltd,corporate subscriber,2012-05-04,micro-entity,"accounts category, NOT turnover",43210; 62090,"250 Imperial Drive, Harrow",HA2 7HJ,https://find-and-update.company-information.service.gov.uk/company/08057386,,TO BE ENRICHED — not held by Companies House,legitimate interests (LIA required before contact),Companies House public API,2026-07-12T04:47:28+00:00
TA FREEMAN LIMITED,04250826,B_COMPLIANCE_DROWNED,micro filer (micro-entity),ltd,corporate subscriber,2001-07-12,micro-entity,"accounts category, NOT turnover",43220,"18 Mayfield Road, Whitby, North Yorkshire",YO21 1LX,https://find-and-update.company-information.service.gov.uk/company/04250826,,TO BE ENRICHED — not held by Companies House,legitimate interests (LIA required before contact),Companies House public API,2026-07-12T04:47:31+00:00
HARRISON HAYES VENTILATION HOLDINGS LIMITED,15489907,B_COMPLIANCE_DROWNED,"young (2024), unaudited-abridged filer",ltd,corporate subscriber,2024-02-14,unaudited-abridged,"accounts category, NOT turnover",43220,"Belfry House, Bell Lane, Hertford, Hertfordshire",SG14 1BP,https://find-and-update.company-information.service.gov.uk/company/15489907,,TO BE ENRICHED — not held by Companies House,legitimate interests (LIA required before contact),Companies House public API,2026-07-12T04:47:31+00:00
LCH ELECTRICAL SERVICES LTD,14890954,B_COMPLIANCE_DROWNED,micro filer (micro-entity),ltd,corporate subscriber,2023-05-24,micro-entity,"accounts category, NOT turnover",43210; 43390,"9 Cotswold Avenue, Northampton",NN5 6BT,https://find-and-update.company-information.service.gov.uk/company/14890954,,TO BE ENRICHED — not held by Companies House,legitimate interests (LIA required before contact),Companies House public API,2026-07-12T04:47:32+00:00
R555 LTD,SC812689,B_COMPLIANCE_DROWNED,"young (2024), total-exemption-full filer",ltd,corporate subscriber,2024-06-05,total-exemption-full,"accounts category, NOT turnover",43220,"8 Douglas Street, Hamilton, Lanarkshire",ML3 0BP,https://find-and-update.company-information.service.gov.uk/company/SC812689,,TO BE ENRICHED — not held by Companies House,legitimate interests (LIA required before contact),Companies House public API,2026-07-12T04:47:33+00:00
BELEY LTD,14912271,B_COMPLIANCE_DROWNED,micro filer (micro-entity),ltd,corporate subscriber,2023-06-02,micro-entity,"accounts category, NOT turnover",33200; 35130; 42910; 43290,"11 Izaak Walton Street, Stafford",ST16 1HT,https://find-and-update.company-information.service.gov.uk/company/14912271,,TO BE ENRICHED — not held by Companies House,legitimate interests (LIA required before contact),Companies House public API,2026-07-12T04:47:33+00:00
ALLIBONE ELECTRICAL SERVICES LIMITED,09546250,B_COMPLIANCE_DROWNED,micro filer (micro-entity),ltd,corporate subscriber,2015-04-16,micro-entity,"accounts category, NOT turnover",43210,"32 Carpenters Way Badshot Lea, Farnham, Surrey",GU9 9FT,https://find-and-update.company-information.service.gov.uk/company/09546250,,TO BE ENRICHED — not held by Companies House,legitimate interests (LIA required before contact),Companies House public API,2026-07-12T04:47:34+00:00
TAMWORTH RENEWABLES LTD,14966332,B_COMPLIANCE_DROWNED,"young (2023), total-exemption-full filer",ltd,corporate subscriber,2023-06-28,total-exemption-full,"accounts category, NOT turnover",43220,"13 Leedham Avenue, Tamworth",B77 3LT,https://find-and-update.company-information.service.gov.uk/company/14966332,,TO BE ENRICHED — not held by Companies House,legitimate interests (LIA required before contact),Companies House public API,2026-07-12T04:47:35+00:00
PURNA ACCESS LTD,SC608045,B_COMPLIANCE_DROWNED,micro filer (micro-entity),ltd,corporate subscriber,2018-09-13,micro-entity,"accounts category, NOT turnover",43290,"71a Wrights Lane, High Street, Alness",IV17 0SH,https://find-and-update.company-information.service.gov.uk/company/SC608045,,TO BE ENRICHED — not held by Companies House,legitimate interests (LIA required before contact),Companies House public API,2026-07-12T04:47:35+00:00
G.T.INTERIORS (LINCS) LIMITED,05803222,B_COMPLIANCE_DROWNED,micro filer (micro-entity),ltd,corporate subscriber,2006-05-03,micro-entity,"accounts category, NOT turnover",43290,"66 Gloucester Avenue, Grimsby, South Humberside",DN34 5BT,https://find-and-update.company-information.service.gov.uk/company/05803222,,TO BE ENRICHED — not held by Companies House,legitimate interests (LIA required before contact),Companies House public API,2026-07-12T04:47:36+00:00
GRICE ELECTRICAL LTD,14039093,B_COMPLIANCE_DROWNED,"young (2022), total-exemption-full filer",ltd,corporate subscriber,2022-04-11,total-exemption-full,"accounts category, NOT turnover",43210,"Briar Dene Sandy Lane, Stockton On The Forest, York",YO32 9US,https://find-and-update.company-information.service.gov.uk/company/14039093,,TO BE ENRICHED — not held by Companies House,legitimate interests (LIA required before contact),Companies House public API,2026-07-12T04:47:37+00:00
CWT PROJECTS LTD,15763708,B_COMPLIANCE_DROWNED,"young (2024), unaudited-abridged filer",ltd,corporate subscriber,2024-06-05,unaudited-abridged,"accounts category, NOT turnover",43220; 43320,"10 Uppermoor, Pudsey",LS28 7SG,https://find-and-update.company-information.service.gov.uk/company/15763708,,TO BE ENRICHED — not held by Companies House,legitimate interests (LIA required before contact),Companies House public API,2026-07-12T04:47:38+00:00
FORDHAM HEATING SERVICES LTD,10026736,B_COMPLIANCE_DROWNED,micro filer (micro-entity),ltd,corporate subscriber,2016-02-25,micro-entity,"accounts category, NOT turnover",43220,"11-13 Hockerill Street, Bishop's Stortford, Hertfordshire",CM23 2DH,https://find-and-update.company-information.service.gov.uk/company/10026736,,TO BE ENRICHED — not held by Companies House,legitimate interests (LIA required before contact),Companies House public API,2026-07-12T04:47:40+00:00
S K REND LTD,12017297,B_COMPLIANCE_DROWNED,micro filer (micro-entity),ltd,corporate subscriber,2019-05-24,micro-entity,"accounts category, NOT turnover",43290,"Flat 1, The Institude New Road, Nantyglo, Ebbw Vale",NP23 4JT,https://find-and-update.company-information.service.gov.uk/company/12017297,,TO BE ENRICHED — not held by Companies House,legitimate interests (LIA required before contact),Companies House public API,2026-07-12T04:47:40+00:00
ELECGEN SERVICES LIMITED,15763975,B_COMPLIANCE_DROWNED,micro filer (micro-entity),ltd,corporate subscriber,2024-06-05,micro-entity,"accounts category, NOT turnover",43210,"30 Sidmouth Close, Watford",WD19 7QN,https://find-and-update.company-information.service.gov.uk/company/15763975,,TO BE ENRICHED — not held by Companies House,legitimate interests (LIA required before contact),Companies House public API,2026-07-12T04:47:41+00:00
BQ HEATING ENGINEER LTD,14340649,B_COMPLIANCE_DROWNED,micro filer (micro-entity),ltd,corporate subscriber,2022-09-06,micro-entity,"accounts category, NOT turnover",43220,"34 Greenfield Lane, Newton, Preston, Lancashire",PR4 3FQ,https://find-and-update.company-information.service.gov.uk/company/14340649,,TO BE ENRICHED — not held by Companies House,legitimate interests (LIA required before contact),Companies House public API,2026-07-12T04:47:42+00:00
BIRLING PROPERTY SERVICES SUSSEX LTD,14349872,B_COMPLIANCE_DROWNED,micro filer (micro-entity),ltd,corporate subscriber,2022-09-11,micro-entity,"accounts category, NOT turnover",43210,"Birling House Gilberts Drive, East Dean, Eastbourne",BN20 0DL,https://find-and-update.company-information.service.gov.uk/company/14349872,,TO BE ENRICHED — not held by Companies House,legitimate interests (LIA required before contact),Companies House public API,2026-07-12T04:47:42+00:00
HSL BUILDING SERVICES (SOUTHERN) LTD,11535906,B_COMPLIANCE_DROWNED,micro filer (micro-entity),ltd,corporate subscriber,2018-08-24,micro-entity,"accounts category, NOT turnover",41202; 43290,"4 The Hollies Guildford Road, Ottershaw, Chertsey, Surrey",KT16 0NZ,https://find-and-update.company-information.service.gov.uk/company/11535906,,TO BE ENRICHED — not held by Companies House,legitimate interests (LIA required before contact),Companies House public API,2026-07-12T04:47:43+00:00
BARRETT’S ELECTRICAL LTD,11534395,B_COMPLIANCE_DROWNED,micro filer (micro-entity),ltd,corporate subscriber,2018-08-23,micro-entity,"accounts category, NOT turnover",43210,"22 Lady Margaret Gardens, Woodbridge, Suffolk",IP12 4EZ,https://find-and-update.company-information.service.gov.uk/company/11534395,,TO BE ENRICHED — not held by Companies House,legitimate interests (LIA required before contact),Companies House public API,2026-07-12T04:47:44+00:00
ECO VEHICLE CHARGES (EVC) LTD,13791481,B_COMPLIANCE_DROWNED,micro filer (micro-entity),ltd,corporate subscriber,2021-12-09,micro-entity,"accounts category, NOT turnover",43210,"42-44 Bishopsgate, London",EC2N 4AH,https://find-and-update.company-information.service.gov.uk/company/13791481,,TO BE ENRICHED — not held by Companies House,legitimate interests (LIA required before contact),Companies House public API,2026-07-12T04:47:47+00:00
NAKED CONSTRUCTION LIMITED,14336347,B_COMPLIANCE_DROWNED,micro filer (micro-entity),ltd,corporate subscriber,2022-09-05,micro-entity,"accounts category, NOT turnover",43290,"1 Stanyards Courtyard Stanyards Farm, Chertsey Road, Chobham, Surrey",GU24 8JE,https://find-and-update.company-information.service.gov.uk/company/14336347,,TO BE ENRICHED — not held by Companies House,legitimate interests (LIA required before contact),Companies House public API,2026-07-12T04:47:48+00:00
BW PLUMBING & HEATING SERVICES LTD,15762224,B_COMPLIANCE_DROWNED,"young (2024), total-exemption-full filer",ltd,corporate subscriber,2024-06-05,total-exemption-full,"accounts category, NOT turnover",43220,"24 Cookes Drive, Broughton Astley, Leicester",LE9 6RH,https://find-and-update.company-information.service.gov.uk/company/15762224,,TO BE ENRICHED — not held by Companies House,legitimate interests (LIA required before contact),Companies House public API,2026-07-12T04:47:50+00:00
TONGUE ELECTRICAL SERVICES LIMITED,09049535,B_COMPLIANCE_DROWNED,micro filer (micro-entity),ltd,corporate subscriber,2014-05-21,micro-entity,"accounts category, NOT turnover",43210,"81 Bardon Road, Coalville, Leicestershire",LE67 4BF,https://find-and-update.company-information.service.gov.uk/company/09049535,,TO BE ENRICHED — not held by Companies House,legitimate interests (LIA required before contact),Companies House public API,2026-07-12T04:47:53+00:00
ALLAN BRYCELAND ELECTRICAL LTD,SC680279,B_COMPLIANCE_DROWNED,micro filer (micro-entity),ltd,corporate subscriber,2020-11-09,micro-entity,"accounts category, NOT turnover",43210,"110 Henderland Road, Bearsden, Glasgow",G61 1JB,https://find-and-update.company-information.service.gov.uk/company/SC680279,,TO BE ENRICHED — not held by Companies House,legitimate interests (LIA required before contact),Companies House public API,2026-07-12T04:47:56+00:00
TDM MECHANICAL SERVICES LTD,15763854,B_COMPLIANCE_DROWNED,micro filer (micro-entity),ltd,corporate subscriber,2024-06-05,micro-entity,"accounts category, NOT turnover",43220,"107 Golf Links Road, Hull, East Yorkshire",HU6 8RD,https://find-and-update.company-information.service.gov.uk/company/15763854,,TO BE ENRICHED — not held by Companies House,legitimate interests (LIA required before contact),Companies House public API,2026-07-12T04:47:56+00:00
EMPIRE ELECTRICAL GROUP LTD,14353882,B_COMPLIANCE_DROWNED,"young (2022), total-exemption-full filer",ltd,corporate subscriber,2022-09-13,total-exemption-full,"accounts category, NOT turnover",43210,"Prosper House, 18 Craig Hopson Avenue, Castleford, West Yorkshire",WF10 5US,https://find-and-update.company-information.service.gov.uk/company/14353882,,TO BE ENRICHED — not held by Companies House,legitimate interests (LIA required before contact),Companies House public API,2026-07-12T04:47:57+00:00
SERVO AUTOMATION LTD,08688439,B_COMPLIANCE_DROWNED,micro filer (micro-entity),ltd,corporate subscriber,2013-09-12,micro-entity,"accounts category, NOT turnover",43210,"15a Anchor Road, Aldridge, Walsall, West Midlands",WS9 8PT,https://find-and-update.company-information.service.gov.uk/company/08688439,,TO BE ENRICHED — not held by Companies House,legitimate interests (LIA required before contact),Companies House public API,2026-07-12T04:47:58+00:00
GMF LONDON SERVICES LIMITED,10956716,B_COMPLIANCE_DROWNED,micro filer (micro-entity),ltd,corporate subscriber,2017-09-11,micro-entity,"accounts category, NOT turnover",43220,"44 Woodfield Avenue, London",NW9 6PP,https://find-and-update.company-information.service.gov.uk/company/10956716,,TO BE ENRICHED — not held by Companies House,legitimate interests (LIA required before contact),Companies House public API,2026-07-12T04:47:58+00:00
LONDINIUM PLUMBING & HEATING LIMITED,08302261,B_COMPLIANCE_DROWNED,micro filer (micro-entity),ltd,corporate subscriber,2012-11-21,micro-entity,"accounts category, NOT turnover",43220,"Unit 2 Hill View Studios, 160 Eltham Hill, London",SE9 5EA,https://find-and-update.company-information.service.gov.uk/company/08302261,,TO BE ENRICHED — not held by Companies House,legitimate interests (LIA required before contact),Companies House public API,2026-07-12T04:48:00+00:00
S M HARROP LIMITED,07995071,B_COMPLIANCE_DROWNED,micro filer (micro-entity),ltd,corporate subscriber,2012-03-19,micro-entity,"accounts category, NOT turnover",43210,"35 Gap Road, Wimbledon, London",SW19 8JG,https://find-and-update.company-information.service.gov.uk/company/07995071,,TO BE ENRICHED — not held by Companies House,legitimate interests (LIA required before contact),Companies House public API,2026-07-12T04:48:01+00:00
LJW HEATING & PLUMBING LIMITED,12635443,B_COMPLIANCE_DROWNED,micro filer (micro-entity),ltd,corporate subscriber,2020-05-30,micro-entity,"accounts category, NOT turnover",43220,"1 Little Court, Liverpool",L3 6LA,https://find-and-update.company-information.service.gov.uk/company/12635443,,TO BE ENRICHED — not held by Companies House,legitimate interests (LIA required before contact),Companies House public API,2026-07-12T04:48:01+00:00
PATRICK HUGHES LIMITED,NI638792,B_COMPLIANCE_DROWNED,micro filer (micro-entity),ltd,corporate subscriber,2016-05-31,micro-entity,"accounts category, NOT turnover",43220,"30d Ballygelagh Road Ardkeen, Newtownards",BT22 1JG,https://find-and-update.company-information.service.gov.uk/company/NI638792,,TO BE ENRICHED — not held by Companies House,legitimate interests (LIA required before contact),Companies House public API,2026-07-12T04:48:02+00:00
"STALLARD & CO,(ELECTRICAL)LIMITED",00859843,B_COMPLIANCE_DROWNED,micro filer (micro-entity),ltd,corporate subscriber,1965-09-24,micro-entity,"accounts category, NOT turnover",43210,"1 Fairfield Street, Leckhampton, Cheltenham, Glos",GL53 0HS,https://find-and-update.company-information.service.gov.uk/company/00859843,,TO BE ENRICHED — not held by Companies House,legitimate interests (LIA required before contact),Companies House public API,2026-07-12T04:48:06+00:00
MARSHALL'S PLUMBING LTD,12584660,B_COMPLIANCE_DROWNED,micro filer (micro-entity),ltd,corporate subscriber,2020-05-04,micro-entity,"accounts category, NOT turnover",43220,"2 The Hawthorns, Bussage, Stroud",GL6 8DQ,https://find-and-update.company-information.service.gov.uk/company/12584660,,TO BE ENRICHED — not held by Companies House,legitimate interests (LIA required before contact),Companies House public API,2026-07-12T04:48:06+00:00
ADVANCED SERVICE PLAN LIMITED,13160213,B_COMPLIANCE_DROWNED,micro filer (micro-entity),ltd,corporate subscriber,2021-01-26,micro-entity,"accounts category, NOT turnover",43220,"Unit 50, Coney Green Business Centre, Chesterfield",S45 9JW,https://find-and-update.company-information.service.gov.uk/company/13160213,,TO BE ENRICHED — not held by Companies House,legitimate interests (LIA required before contact),Companies House public API,2026-07-12T04:48:07+00:00
PIPEWORK SERVICES LTD,04704758,B_COMPLIANCE_DROWNED,micro filer (micro-entity),ltd,corporate subscriber,2003-03-20,micro-entity,"accounts category, NOT turnover",43220,"Unit 4 Newlin Business Park Exchange Road, North Hykeham, Lincoln, Lincolnshire",LN6 3AB,https://find-and-update.company-information.service.gov.uk/company/04704758,,TO BE ENRICHED — not held by Companies House,legitimate interests (LIA required before contact),Companies House public API,2026-07-12T04:48:08+00:00
SYNTEC ELECTRICAL SERVICES LTD,10163131,B_COMPLIANCE_DROWNED,micro filer (micro-entity),ltd,corporate subscriber,2016-05-05,micro-entity,"accounts category, NOT turnover",43210,"215 Uxbridge Road, London",W13 9AA,https://find-and-update.company-information.service.gov.uk/company/10163131,,TO BE ENRICHED — not held by Companies House,legitimate interests (LIA required before contact),Companies House public API,2026-07-12T04:48:11+00:00
CHANGE ENVIRONMENT INSTALLERS LTD,14298704,B_COMPLIANCE_DROWNED,micro filer (micro-entity),ltd,corporate subscriber,2022-08-16,micro-entity,"accounts category, NOT turnover",43290,"81 Dufton Road, Quinton, Birmingham, West Midlands",B32 2PY,https://find-and-update.company-information.service.gov.uk/company/14298704,,TO BE ENRICHED — not held by Companies House,legitimate interests (LIA required before contact),Companies House public API,2026-07-12T04:48:13+00:00
NRS NETWORK INSTALLATIONS LTD,15724045,B_COMPLIANCE_DROWNED,"young (2024), total-exemption-full filer",ltd,corporate subscriber,2024-05-16,total-exemption-full,"accounts category, NOT turnover",43210; 43290,"Trade Fair House 2 West Court, Enterprise Road, Maidstone, Kent",ME15 6JD,https://find-and-update.company-information.service.gov.uk/company/15724045,,TO BE ENRICHED — not held by Companies House,legitimate interests (LIA required before contact),Companies House public API,2026-07-12T04:48:14+00:00
PAUL HALLAS ELECTRICAL SERVICES LIMITED,06068658,B_COMPLIANCE_DROWNED,micro filer (micro-entity),ltd,corporate subscriber,2007-01-25,micro-entity,"accounts category, NOT turnover",43210,"5 Summershades Lane, Grasscroft, Oldham",OL4 4ED,https://find-and-update.company-information.service.gov.uk/company/06068658,,TO BE ENRICHED — not held by Companies House,legitimate interests (LIA required before contact),Companies House public API,2026-07-12T04:48:15+00:00
CJ ELECTRICAL ENGINEERING LTD,14311249,B_COMPLIANCE_DROWNED,micro filer (micro-entity),ltd,corporate subscriber,2022-08-22,micro-entity,"accounts category, NOT turnover",43210,"1 Hollyleigh Avenue, Bristol",BS34 7QU,https://find-and-update.company-information.service.gov.uk/company/14311249,,TO BE ENRICHED — not held by Companies House,legitimate interests (LIA required before contact),Companies House public API,2026-07-12T04:48:15+00:00
LONDON LIGHTING AND FACILITIES MANAGEMENT LIMITED,09008180,B_COMPLIANCE_DROWNED,micro filer (micro-entity),ltd,corporate subscriber,2014-04-23,micro-entity,"accounts category, NOT turnover",43210,"467 Rainham Road South, Dagenham, Essex",RM10 7XJ,https://find-and-update.company-information.service.gov.uk/company/09008180,,TO BE ENRICHED — not held by Companies House,legitimate interests (LIA required before contact),Companies House public API,2026-07-12T04:48:16+00:00
MOUSESWEET LTD,11294344,B_COMPLIANCE_DROWNED,micro filer (micro-entity),ltd,corporate subscriber,2018-04-05,micro-entity,"accounts category, NOT turnover",43290,"88-89 High Street, Wordsley, Stourbridge, West Midlands",DY8 5SB,https://find-and-update.company-information.service.gov.uk/company/11294344,,TO BE ENRICHED — not held by Companies House,legitimate interests (LIA required before contact),Companies House public API,2026-07-12T04:48:17+00:00
TOWN ELECTRICAL SOLUTIONS LTD,14870569,B_COMPLIANCE_DROWNED,micro filer (micro-entity),ltd,corporate subscriber,2023-05-15,micro-entity,"accounts category, NOT turnover",43210,"30 Harborough Road, Northampton",NN2 7AZ,https://find-and-update.company-information.service.gov.uk/company/14870569,,TO BE ENRICHED — not held by Companies House,legitimate interests (LIA required before contact),Companies House public API,2026-07-12T04:48:20+00:00
FAB UK MAINTENANCE LTD,14839369,B_COMPLIANCE_DROWNED,"young (2023), total-exemption-full filer",ltd,corporate subscriber,2023-05-02,total-exemption-full,"accounts category, NOT turnover",43210; 43999,"41 Orsett Road, Grays, Essex",RM17 5DS,https://find-and-update.company-information.service.gov.uk/company/14839369,,TO BE ENRICHED — not held by Companies House,legitimate interests (LIA required before contact),Companies House public API,2026-07-12T04:48:21+00:00
K2 INSTALLATION SERVICES LTD,09158069,B_COMPLIANCE_DROWNED,micro filer (micro-entity),ltd,corporate subscriber,2014-08-01,micro-entity,"accounts category, NOT turnover",43290,"37 Green Park, Bath",BA1 1HZ,https://find-and-update.company-information.service.gov.uk/company/09158069,,TO BE ENRICHED — not held by Companies House,legitimate interests (LIA required before contact),Companies House public API,2026-07-12T04:48:22+00:00
SUSTAINABLE CLIMATE SOLUTIONS LIMITED,15413124,B_COMPLIANCE_DROWNED,"young (2024), total-exemption-full filer",ltd,corporate subscriber,2024-01-15,total-exemption-full,"accounts category, NOT turnover",43220,"23 Lambton Avenue, Whickham, Newcastle Upon Tyne",NE16 4TL,https://find-and-update.company-information.service.gov.uk/company/15413124,,TO BE ENRICHED — not held by Companies House,legitimate interests (LIA required before contact),Companies House public API,2026-07-12T04:48:22+00:00
BELLA KASA LIMITED,12201324,B_COMPLIANCE_DROWNED,micro filer (micro-entity),ltd,corporate subscriber,2019-09-11,micro-entity,"accounts category, NOT turnover",41202; 43290; 43310; 43341,"9 Mavish Close, Norwich",NR5 9PJ,https://find-and-update.company-information.service.gov.uk/company/12201324,,TO BE ENRICHED — not held by Companies House,legitimate interests (LIA required before contact),Companies House public API,2026-07-12T04:48:23+00:00
ADL INSTALLATIONS LTD,15725266,B_COMPLIANCE_DROWNED,micro filer (micro-entity),ltd,corporate subscriber,2024-05-16,micro-entity,"accounts category, NOT turnover",43290; 45200,"Unit 11 Bow Court, Fletchworth Gate Industrial Estate, Coventry",CV5 6SP,https://find-and-update.company-information.service.gov.uk/company/15725266,,TO BE ENRICHED — not held by Companies House,legitimate interests (LIA required before contact),Companies House public API,2026-07-12T04:48:24+00:00
MTM ELEVATORS LTD,13969743,B_COMPLIANCE_DROWNED,micro filer (micro-entity),ltd,corporate subscriber,2022-03-10,micro-entity,"accounts category, NOT turnover",43290,"The Granary, 1 Waverley Lane, Farnham, Surrey",GU9 8BB,https://find-and-update.company-information.service.gov.uk/company/13969743,,TO BE ENRICHED — not held by Companies House,legitimate interests (LIA required before contact),Companies House public API,2026-07-12T04:48:24+00:00
ENERGY SYNERGY SOLUTIONS LIMITED,09731098,B_COMPLIANCE_DROWNED,micro filer (micro-entity),ltd,corporate subscriber,2015-08-13,micro-entity,"accounts category, NOT turnover",43290,"157 Elburton Road, Plymouth",PL9 8HY,https://find-and-update.company-information.service.gov.uk/company/09731098,,TO BE ENRICHED — not held by Companies House,legitimate interests (LIA required before contact),Companies House public API,2026-07-12T04:48:26+00:00
AVENUE ELECTRICAL (WARWICKSHIRE) LIMITED,08976864,B_COMPLIANCE_DROWNED,micro filer (micro-entity),ltd,corporate subscriber,2014-04-03,micro-entity,"accounts category, NOT turnover",43210,"10 Jury Street, Warwick, Warwickshire",CV34 4EW,https://find-and-update.company-information.service.gov.uk/company/08976864,,TO BE ENRICHED — not held by Companies House,legitimate interests (LIA required before contact),Companies House public API,2026-07-12T04:48:26+00:00
ROBERTSON HEATING SERVICES NW LIMITED,15725295,B_COMPLIANCE_DROWNED,micro filer (micro-entity),ltd,corporate subscriber,2024-05-16,micro-entity,"accounts category, NOT turnover",43220,"11 Ffordd Coed Mawr, Bangor",LL57 4TB,https://find-and-update.company-information.service.gov.uk/company/15725295,,TO BE ENRICHED — not held by Companies House,legitimate interests (LIA required before contact),Companies House public API,2026-07-12T04:48:27+00:00
E.A.J. SERVICES LTD,03440450,B_COMPLIANCE_DROWNED,micro filer (micro-entity),ltd,corporate subscriber,1997-09-26,micro-entity,"accounts category, NOT turnover",43220,"18 Glaisyer Way, Iver Heath, Buckinghamshire",SL0 0RX,https://find-and-update.company-information.service.gov.uk/company/03440450,,TO BE ENRICHED — not held by Companies House,legitimate interests (LIA required before contact),Companies House public API,2026-07-12T04:48:28+00:00
B KELLY ELECTRICAL LTD,13268784,B_COMPLIANCE_DROWNED,micro filer (micro-entity),ltd,corporate subscriber,2021-03-15,micro-entity,"accounts category, NOT turnover",43210,"25 Hattons Lane, Liverpool",L16 7QR,https://find-and-update.company-information.service.gov.uk/company/13268784,,TO BE ENRICHED — not held by Companies House,legitimate interests (LIA required before contact),Companies House public API,2026-07-12T04:48:28+00:00
CITY BUILDING SERVICES LIMITED,04216873,B_COMPLIANCE_DROWNED,micro filer (micro-entity),ltd,corporate subscriber,2001-05-15,micro-entity,"accounts category, NOT turnover",41201; 43220; 43341,"Office 6 Big Box Storage, Stevenson Road, Brighton, East Sussex",BN2 0DF,https://find-and-update.company-information.service.gov.uk/company/04216873,,TO BE ENRICHED — not held by Companies House,legitimate interests (LIA required before contact),Companies House public API,2026-07-12T04:48:29+00:00
BEACH PLUMBING AND HEATING LIMITED,11496434,B_COMPLIANCE_DROWNED,micro filer (micro-entity),ltd,corporate subscriber,2018-08-02,micro-entity,"accounts category, NOT turnover",43220,"45 Highfield Drive, Littleport, Ely",CB6 1GA,https://find-and-update.company-information.service.gov.uk/company/11496434,,TO BE ENRICHED — not held by Companies House,legitimate interests (LIA required before contact),Companies House public API,2026-07-12T04:48:30+00:00
HEATING FOR LONDON LTD,14300699,B_COMPLIANCE_DROWNED,micro filer (micro-entity),ltd,corporate subscriber,2022-08-16,micro-entity,"accounts category, NOT turnover",43220,"1a Strathearn Road, Strathearn Road, London",SW19 7LH,https://find-and-update.company-information.service.gov.uk/company/14300699,,TO BE ENRICHED — not held by Companies House,legitimate interests (LIA required before contact),Companies House public API,2026-07-12T04:48:31+00:00
