company_name,company_number,avatar,avatar_reason,company_type,pecr_status,incorporated,accounts_filing_category,size_proxy_note,sic_codes,registered_address,postcode,companies_house_url,email,email_source,lawful_basis,source,retrieved_at
GALLOWAY GROUP LTD.,SC036181,C_ENTERPRISE,files full/group/medium accounts,ltd,corporate subscriber,1961-03-08,full,"accounts category, NOT turnover",25990; 43210; 43999,"G1 5 George Square, Glasgow",G2 1DY,https://find-and-update.company-information.service.gov.uk/company/SC036181,,TO BE ENRICHED — not held by Companies House,legitimate interests (LIA required before contact),Companies House public API,2026-07-12T04:25:28+00:00
LEADWOOD ENGINEERING LTD,12429234,A_CEILING_HIT,"established 2020, total-exemption-full filer",ltd,corporate subscriber,2020-01-28,total-exemption-full,"accounts category, NOT turnover",43220,"Desai & Co Northside House, Mount Pleasant, Barnet",EN4 9EB,https://find-and-update.company-information.service.gov.uk/company/12429234,,TO BE ENRICHED — not held by Companies House,legitimate interests (LIA required before contact),Companies House public API,2026-07-12T04:25:29+00:00
GAS SMART HEATING & PLUMBING SERVICES LTD,09739023,A_CEILING_HIT,"established 2015, total-exemption-full filer",ltd,corporate subscriber,2015-08-19,total-exemption-full,"accounts category, NOT turnover",43220,"Turnpike House, 1208-1210 London Road, Leigh On Sea, Essex",SS9 2UA,https://find-and-update.company-information.service.gov.uk/company/09739023,,TO BE ENRICHED — not held by Companies House,legitimate interests (LIA required before contact),Companies House public API,2026-07-12T04:25:29+00:00
777 PLUMBING LIMITED,07822646,A_CEILING_HIT,"established 2011, unaudited-abridged filer",ltd,corporate subscriber,2011-10-25,unaudited-abridged,"accounts category, NOT turnover",43220,"1453 High Road, London",N20 9PH,https://find-and-update.company-information.service.gov.uk/company/07822646,,TO BE ENRICHED — not held by Companies House,legitimate interests (LIA required before contact),Companies House public API,2026-07-12T04:25:30+00:00
JUPITER INTERIOR FITTING LIMITED,11999390,B_COMPLIANCE_DROWNED,micro filer (micro-entity),ltd,corporate subscriber,2019-05-16,micro-entity,"accounts category, NOT turnover",43290,"Olive Cottage Jack Lane, Weston, Crewe",CW2 5LE,https://find-and-update.company-information.service.gov.uk/company/11999390,,TO BE ENRICHED — not held by Companies House,legitimate interests (LIA required before contact),Companies House public API,2026-07-12T04:25:31+00:00
ZB KITCHEN & BATHROOM LTD,15720069,B_COMPLIANCE_DROWNED,"young (2024), total-exemption-full filer",ltd,corporate subscriber,2024-05-14,total-exemption-full,"accounts category, NOT turnover",43220; 43290; 43320,"Flat 2 St. Davids Church, Osborne Road, Pontypool",NP4 6NN,https://find-and-update.company-information.service.gov.uk/company/15720069,,TO BE ENRICHED — not held by Companies House,legitimate interests (LIA required before contact),Companies House public API,2026-07-12T04:25:31+00:00
PROVISION ELECTRIC’S LTD,12098003,A_CEILING_HIT,"established 2019, unaudited-abridged filer",ltd,corporate subscriber,2019-07-11,unaudited-abridged,"accounts category, NOT turnover",43210; 61900,"Blackboys, Roses Lane, Windsor",SL4 4JU,https://find-and-update.company-information.service.gov.uk/company/12098003,,TO BE ENRICHED — not held by Companies House,legitimate interests (LIA required before contact),Companies House public API,2026-07-12T04:25:32+00:00
NEIL AUGHTON LIMITED,05880613,B_COMPLIANCE_DROWNED,micro filer (micro-entity),ltd,corporate subscriber,2006-07-19,micro-entity,"accounts category, NOT turnover",43220,"3 Crostons Brow, Marshside, Southport, Merseyside",PR9 9QU,https://find-and-update.company-information.service.gov.uk/company/05880613,,TO BE ENRICHED — not held by Companies House,legitimate interests (LIA required before contact),Companies House public API,2026-07-12T04:25:33+00:00
REDBURN MECHANICAL SERVICES LTD,08075384,A_CEILING_HIT,"established 2012, total-exemption-full filer",ltd,corporate subscriber,2012-05-18,total-exemption-full,"accounts category, NOT turnover",43220,"24 Pemerton Road, Winchester",SO22 6EU,https://find-and-update.company-information.service.gov.uk/company/08075384,,TO BE ENRICHED — not held by Companies House,legitimate interests (LIA required before contact),Companies House public API,2026-07-12T04:25:33+00:00
PROFESSIONAL STOVE INSTALLATIONS LTD,12299333,B_COMPLIANCE_DROWNED,micro filer (micro-entity),ltd,corporate subscriber,2019-11-05,micro-entity,"accounts category, NOT turnover",43290,"71 Wilton Drive, West Monkseaton, Whitley Bay",NE25 9NX,https://find-and-update.company-information.service.gov.uk/company/12299333,,TO BE ENRICHED — not held by Companies House,legitimate interests (LIA required before contact),Companies House public API,2026-07-12T04:25:34+00:00
WN NETWORKS LTD,12013809,A_CEILING_HIT,"established 2019, total-exemption-full filer",ltd,corporate subscriber,2019-05-23,total-exemption-full,"accounts category, NOT turnover",43210,"68 Holgate Road, Sheffield",S5 9LG,https://find-and-update.company-information.service.gov.uk/company/12013809,,TO BE ENRICHED — not held by Companies House,legitimate interests (LIA required before contact),Companies House public API,2026-07-12T04:25:35+00:00
HHS ELECTRICAL LIMITED,11804301,A_CEILING_HIT,"established 2019, total-exemption-full filer",ltd,corporate subscriber,2019-02-04,total-exemption-full,"accounts category, NOT turnover",43210,"102 Newthorpe Common, Newthorpe, Nottingham",NG16 2EH,https://find-and-update.company-information.service.gov.uk/company/11804301,,TO BE ENRICHED — not held by Companies House,legitimate interests (LIA required before contact),Companies House public API,2026-07-12T04:25:36+00:00
CP 24 INSTALLATIONS LIMITED,SC342355,A_CEILING_HIT,"established 2008, unaudited-abridged filer",ltd,corporate subscriber,2008-05-06,unaudited-abridged,"accounts category, NOT turnover",43220,"7 Agnew Grove, Bellshill, Lanarkshire",ML4 3NE,https://find-and-update.company-information.service.gov.uk/company/SC342355,,TO BE ENRICHED — not held by Companies House,legitimate interests (LIA required before contact),Companies House public API,2026-07-12T04:25:36+00:00
FIRST DUCT WORKERS LTD,11391120,B_COMPLIANCE_DROWNED,micro filer (micro-entity),ltd,corporate subscriber,2018-05-31,micro-entity,"accounts category, NOT turnover",43220,"1 Searles Drive, Beckton, London",E6 6NE,https://find-and-update.company-information.service.gov.uk/company/11391120,,TO BE ENRICHED — not held by Companies House,legitimate interests (LIA required before contact),Companies House public API,2026-07-12T04:25:37+00:00
HRH BUILDING CONTRACTORS LTD,11320227,B_COMPLIANCE_DROWNED,micro filer (micro-entity),ltd,corporate subscriber,2018-04-20,micro-entity,"accounts category, NOT turnover",43210; 43220; 43390; 43910,"Unit 10 Newton Road, The Bell Centre, Crawley, West Sussex",RH10 9FZ,https://find-and-update.company-information.service.gov.uk/company/11320227,,TO BE ENRICHED — not held by Companies House,legitimate interests (LIA required before contact),Companies House public API,2026-07-12T04:25:38+00:00
MERSEY ELECTRICAL LTD,11346812,B_COMPLIANCE_DROWNED,micro filer (micro-entity),ltd,corporate subscriber,2018-05-04,micro-entity,"accounts category, NOT turnover",43210,"Suite 304 C/O Venture Finance Management, Suite 304, Cotton Exchange, Liverpool",L3 9LQ,https://find-and-update.company-information.service.gov.uk/company/11346812,,TO BE ENRICHED — not held by Companies House,legitimate interests (LIA required before contact),Companies House public API,2026-07-12T04:25:38+00:00
COLIN SHARPE MECHANICAL SERVICES LIMITED,04313493,B_COMPLIANCE_DROWNED,micro filer (micro-entity),ltd,corporate subscriber,2001-10-30,micro-entity,"accounts category, NOT turnover",43290,"59 Tenter Balk Lane, Adwick-Le-Street, Doncaster, South Yorkshire",DN6 7EE,https://find-and-update.company-information.service.gov.uk/company/04313493,,TO BE ENRICHED — not held by Companies House,legitimate interests (LIA required before contact),Companies House public API,2026-07-12T04:25:39+00:00
HALES (SCOTLAND) LIMITED,SC564792,B_COMPLIANCE_DROWNED,micro filer (micro-entity),ltd,corporate subscriber,2017-05-03,micro-entity,"accounts category, NOT turnover",43210; 43220; 43320; 43330,"2j Second Avenue, Heatherhouse Industrial Estate, Irvine",KA12 8HL,https://find-and-update.company-information.service.gov.uk/company/SC564792,,TO BE ENRICHED — not held by Companies House,legitimate interests (LIA required before contact),Companies House public API,2026-07-12T04:25:40+00:00
MCKINNON ELECTRICAL LTD,SC590091,B_COMPLIANCE_DROWNED,micro filer (micro-entity),ltd,corporate subscriber,2018-02-28,micro-entity,"accounts category, NOT turnover",43210,"24 Great Southern Road, Aberdeen",AB11 7XU,https://find-and-update.company-information.service.gov.uk/company/SC590091,,TO BE ENRICHED — not held by Companies House,legitimate interests (LIA required before contact),Companies House public API,2026-07-12T04:25:40+00:00
PRIME SEAL LIMITED,SC622470,A_CEILING_HIT,"established 2019, total-exemption-full filer",ltd,corporate subscriber,2019-02-26,total-exemption-full,"accounts category, NOT turnover",43290,"249 Govan Road, Glasgow",G51 1HJ,https://find-and-update.company-information.service.gov.uk/company/SC622470,,TO BE ENRICHED — not held by Companies House,legitimate interests (LIA required before contact),Companies House public API,2026-07-12T04:25:41+00:00
KANE HEATING AND PLUMBING LIMITED,SC631278,A_CEILING_HIT,"established 2019, total-exemption-full filer",ltd,corporate subscriber,2019-05-23,total-exemption-full,"accounts category, NOT turnover",43220,"9 Cockhill Way, Bellshill",ML4 3LN,https://find-and-update.company-information.service.gov.uk/company/SC631278,,TO BE ENRICHED — not held by Companies House,legitimate interests (LIA required before contact),Companies House public API,2026-07-12T04:25:42+00:00
CHIBBY CONSTRUCTION LTD,11933165,EXCLUDED_DORMANT,"dormant — not trading, not a buyer",ltd,corporate subscriber,2019-04-08,dormant,"accounts category, NOT turnover",41201; 41202; 43110; 43290,"Flat 1 51 Morland Road, London",CR0 6HA,https://find-and-update.company-information.service.gov.uk/company/11933165,,TO BE ENRICHED — not held by Companies House,legitimate interests (LIA required before contact),Companies House public API,2026-07-12T04:25:42+00:00
AV LOGIC SOLUTIONS LTD,12457037,A_CEILING_HIT,"established 2020, total-exemption-full filer",ltd,corporate subscriber,2020-02-11,total-exemption-full,"accounts category, NOT turnover",43220; 43390,"99a Cobbold Road, London",NW10 9SL,https://find-and-update.company-information.service.gov.uk/company/12457037,,TO BE ENRICHED — not held by Companies House,legitimate interests (LIA required before contact),Companies House public API,2026-07-12T04:25:43+00:00
HILLTOP PLUMBING LTD,12396053,A_CEILING_HIT,"established 2020, total-exemption-full filer",ltd,corporate subscriber,2020-01-10,total-exemption-full,"accounts category, NOT turnover",43220,"2 Abbot Ridge, Long Crendon, Aylesbury",HP18 9AZ,https://find-and-update.company-information.service.gov.uk/company/12396053,,TO BE ENRICHED — not held by Companies House,legitimate interests (LIA required before contact),Companies House public API,2026-07-12T04:25:44+00:00
ACR HEATING SOLUTIONS LTD,08056115,B_COMPLIANCE_DROWNED,micro filer (micro-entity),ltd,corporate subscriber,2012-05-03,micro-entity,"accounts category, NOT turnover",43220,"White Gables Fosse Way, Hunningham, Leamington Spa, Warwickshire",CV33 9EG,https://find-and-update.company-information.service.gov.uk/company/08056115,,TO BE ENRICHED — not held by Companies House,legitimate interests (LIA required before contact),Companies House public API,2026-07-12T04:25:45+00:00
HARLEY-JAMES ELECTRICAL SERVICES LTD,12402299,B_COMPLIANCE_DROWNED,micro filer (micro-entity),ltd,corporate subscriber,2020-01-14,micro-entity,"accounts category, NOT turnover",43210,"103 Hurst Street, Oxford",OX4 1HE,https://find-and-update.company-information.service.gov.uk/company/12402299,,TO BE ENRICHED — not held by Companies House,legitimate interests (LIA required before contact),Companies House public API,2026-07-12T04:25:45+00:00
ATC PLUMBING AND HEATING LTD,11591725,EXCLUDED_DORMANT,"dormant — not trading, not a buyer",ltd,corporate subscriber,2018-09-27,dormant,"accounts category, NOT turnover",43220,"7 Fountain Square, Barrowford, Nelson",BB9 6EJ,https://find-and-update.company-information.service.gov.uk/company/11591725,,TO BE ENRICHED — not held by Companies House,legitimate interests (LIA required before contact),Companies House public API,2026-07-12T04:25:46+00:00
LAJ ELECTRICAL LIMITED,10108876,A_CEILING_HIT,"established 2016, total-exemption-full filer",ltd,corporate subscriber,2016-04-07,total-exemption-full,"accounts category, NOT turnover",43210,"Flat 1 Temple Street, Llandrindod Wells",LD1 5HF,https://find-and-update.company-information.service.gov.uk/company/10108876,,TO BE ENRICHED — not held by Companies House,legitimate interests (LIA required before contact),Companies House public API,2026-07-12T04:25:47+00:00
AUTO ASSIST PLUS LTD,11700135,B_COMPLIANCE_DROWNED,micro filer (micro-entity),ltd,corporate subscriber,2018-11-27,micro-entity,"accounts category, NOT turnover",43210; 45200; 45320,"52 Alexandra Road, Suite 115, Enfield",EN3 7EH,https://find-and-update.company-information.service.gov.uk/company/11700135,,TO BE ENRICHED — not held by Companies House,legitimate interests (LIA required before contact),Companies House public API,2026-07-12T04:25:47+00:00
MY TRADE WARRIORS LIMITED,11934416,A_CEILING_HIT,"established 2019, total-exemption-full filer",ltd,corporate subscriber,2019-04-09,total-exemption-full,"accounts category, NOT turnover",43290; 43390,"C/O Pearl Accounting Limited Suite 1, 116 Ballards Lane, Finchley, London",N3 2DN,https://find-and-update.company-information.service.gov.uk/company/11934416,,TO BE ENRICHED — not held by Companies House,legitimate interests (LIA required before contact),Companies House public API,2026-07-12T04:25:48+00:00
S G ELECTRICAL (MANCHESTER) LTD,11982005,B_COMPLIANCE_DROWNED,micro filer (micro-entity),ltd,corporate subscriber,2019-05-07,micro-entity,"accounts category, NOT turnover",43210,"7 Japan Street, Salford",M7 4HP,https://find-and-update.company-information.service.gov.uk/company/11982005,,TO BE ENRICHED — not held by Companies House,legitimate interests (LIA required before contact),Companies House public API,2026-07-12T04:25:49+00:00
HOLLOWAY BATHROOMS PLUMBING CONTRACTORS LIMITED,11923692,B_COMPLIANCE_DROWNED,micro filer (micro-entity),ltd,corporate subscriber,2019-04-03,micro-entity,"accounts category, NOT turnover",43220; 46740,"The White House 19 Ash Street, Ash, Guildford, Surrey",GU12 6LD,https://find-and-update.company-information.service.gov.uk/company/11923692,,TO BE ENRICHED — not held by Companies House,legitimate interests (LIA required before contact),Companies House public API,2026-07-12T04:25:49+00:00
INNOX KITCHENS & BATHROOMS LTD,11964971,B_COMPLIANCE_DROWNED,micro filer (micro-entity),ltd,corporate subscriber,2019-04-26,micro-entity,"accounts category, NOT turnover",43220,"Richard Hall House Bridgnorth Road, Wombourne, Wolverhampton",WV5 0AF,https://find-and-update.company-information.service.gov.uk/company/11964971,,TO BE ENRICHED — not held by Companies House,legitimate interests (LIA required before contact),Companies House public API,2026-07-12T04:25:50+00:00
SWF (SUNDERLAND) LIMITED,11991328,A_CEILING_HIT,"established 2019, total-exemption-full filer",ltd,corporate subscriber,2019-05-13,total-exemption-full,"accounts category, NOT turnover",43290,"10 Hilltop Gardens New Silkworth, Sunderland",SR3 2AS,https://find-and-update.company-information.service.gov.uk/company/11991328,,TO BE ENRICHED — not held by Companies House,legitimate interests (LIA required before contact),Companies House public API,2026-07-12T04:25:51+00:00
ND PLUMBING SERVICES LIMITED,11925416,B_COMPLIANCE_DROWNED,micro filer (micro-entity),ltd,corporate subscriber,2019-04-04,micro-entity,"accounts category, NOT turnover",43220,"48 Firsway, Whitchurch",RG28 7HD,https://find-and-update.company-information.service.gov.uk/company/11925416,,TO BE ENRICHED — not held by Companies House,legitimate interests (LIA required before contact),Companies House public API,2026-07-12T04:25:51+00:00
ROBERTS CONTRACTING LTD,08449561,A_CEILING_HIT,"established 2013, total-exemption-full filer",ltd,corporate subscriber,2013-03-18,total-exemption-full,"accounts category, NOT turnover",43210,"18 St. Marys Crescent, Ruddington, Nottingham",NG11 6FQ,https://find-and-update.company-information.service.gov.uk/company/08449561,,TO BE ENRICHED — not held by Companies House,legitimate interests (LIA required before contact),Companies House public API,2026-07-12T04:25:52+00:00
MGEC NORTH WEST LTD,11790012,B_COMPLIANCE_DROWNED,micro filer (micro-entity),ltd,corporate subscriber,2019-01-28,micro-entity,"accounts category, NOT turnover",43210,"2 The Courtyard, Greenfields Industrial Estate, Congleton, Cheshire",CW12 4TR,https://find-and-update.company-information.service.gov.uk/company/11790012,,TO BE ENRICHED — not held by Companies House,legitimate interests (LIA required before contact),Companies House public API,2026-07-12T04:25:53+00:00
Z J PROPERTY CARE LTD,11806044,B_COMPLIANCE_DROWNED,micro filer (micro-entity),ltd,corporate subscriber,2019-02-04,micro-entity,"accounts category, NOT turnover",41100; 41201; 41202; 43290,"54 Howbury Road, London",SE15 3HR,https://find-and-update.company-information.service.gov.uk/company/11806044,,TO BE ENRICHED — not held by Companies House,legitimate interests (LIA required before contact),Companies House public API,2026-07-12T04:25:53+00:00
GBC ELECTRICAL ENGINEERING LIMITED,05793769,A_CEILING_HIT,"established 2006, total-exemption-full filer",ltd,corporate subscriber,2006-04-25,total-exemption-full,"accounts category, NOT turnover",43210,"Dellgrove Lodge 6 Healey Grove, Whitworth, Rochdale, Lancashire",OL12 8RX,https://find-and-update.company-information.service.gov.uk/company/05793769,,TO BE ENRICHED — not held by Companies House,legitimate interests (LIA required before contact),Companies House public API,2026-07-12T04:25:54+00:00
AG PRO PLUMBING LIMITED,SC810475,B_COMPLIANCE_DROWNED,micro filer (micro-entity),ltd,corporate subscriber,2024-05-14,micro-entity,"accounts category, NOT turnover",43220,"Oakfield House 378 Brandon Street, Motherwell, Lanarkshire",ML1 1XA,https://find-and-update.company-information.service.gov.uk/company/SC810475,,TO BE ENRICHED — not held by Companies House,legitimate interests (LIA required before contact),Companies House public API,2026-07-12T04:25:55+00:00
RICHARDS SIMMONS HEATING LTD,11712768,A_CEILING_HIT,"established 2018, total-exemption-full filer",ltd,corporate subscriber,2018-12-05,total-exemption-full,"accounts category, NOT turnover",43220,"76 Factory Street West, Atherton, Manchester",M46 0EF,https://find-and-update.company-information.service.gov.uk/company/11712768,,TO BE ENRICHED — not held by Companies House,legitimate interests (LIA required before contact),Companies House public API,2026-07-12T04:25:56+00:00
ENDISON VENTILATION LTD,SC515312,A_CEILING_HIT,"established 2015, total-exemption-full filer",ltd,corporate subscriber,2015-09-10,total-exemption-full,"accounts category, NOT turnover",43220,"31 Sighthill Avenue Sighthill Avenue, Edinburgh",EH11 4QT,https://find-and-update.company-information.service.gov.uk/company/SC515312,,TO BE ENRICHED — not held by Companies House,legitimate interests (LIA required before contact),Companies House public API,2026-07-12T04:25:56+00:00
LONDON GAS INSPECTIONS LIMITED,13921760,B_COMPLIANCE_DROWNED,micro filer (micro-entity),ltd,corporate subscriber,2022-02-17,micro-entity,"accounts category, NOT turnover",43220,"5 Royal Avenue, London",SW3 4QE,https://find-and-update.company-information.service.gov.uk/company/13921760,,TO BE ENRICHED — not held by Companies House,legitimate interests (LIA required before contact),Companies House public API,2026-07-12T04:25:57+00:00
ENDEGO LTD,09818841,B_COMPLIANCE_DROWNED,micro filer (micro-entity),ltd,corporate subscriber,2015-10-12,micro-entity,"accounts category, NOT turnover",43290; 43390,"First Floor, 359 High Street, Stratford, London",E15 4QZ,https://find-and-update.company-information.service.gov.uk/company/09818841,,TO BE ENRICHED — not held by Companies House,legitimate interests (LIA required before contact),Companies House public API,2026-07-12T04:25:58+00:00
CRC RAIL LTD,11321076,B_COMPLIANCE_DROWNED,micro filer (micro-entity),ltd,corporate subscriber,2018-04-20,micro-entity,"accounts category, NOT turnover",42120; 43210,"10 Western Road, Romford, Essex",RM1 3JT,https://find-and-update.company-information.service.gov.uk/company/11321076,,TO BE ENRICHED — not held by Companies House,legitimate interests (LIA required before contact),Companies House public API,2026-07-12T04:25:58+00:00
ALARM MAINTENANCE CAMBRIDGE LIMITED,12578229,EXCLUDED_DORMANT,"dormant — not trading, not a buyer",ltd,corporate subscriber,2020-04-29,dormant,"accounts category, NOT turnover",43210,"245 Wimpole Road Barton, Cambridge, Cambridgeshire",CB23 7AE,https://find-and-update.company-information.service.gov.uk/company/12578229,,TO BE ENRICHED — not held by Companies House,legitimate interests (LIA required before contact),Companies House public API,2026-07-12T04:25:59+00:00
RENEWABLE & ELECTRICAL POWER SYSTEMS LIMITED,SC595869,A_CEILING_HIT,"established 2018, total-exemption-full filer",ltd,corporate subscriber,2018-05-01,total-exemption-full,"accounts category, NOT turnover",43210,"40 Broadlands, Carnoustie, Angus",DD7 6JY,https://find-and-update.company-information.service.gov.uk/company/SC595869,,TO BE ENRICHED — not held by Companies House,legitimate interests (LIA required before contact),Companies House public API,2026-07-12T04:26:00+00:00
OPUS BUILDING SERVICES LIMITED,05810674,C_ENTERPRISE,files full/group/medium accounts,ltd,corporate subscriber,2006-05-09,medium,"accounts category, NOT turnover",43210,"Unit 7 Boldon Court, Boldon, Tyne And Wear",NE35 9LZ,https://find-and-update.company-information.service.gov.uk/company/05810674,,TO BE ENRICHED — not held by Companies House,legitimate interests (LIA required before contact),Companies House public API,2026-07-12T04:26:00+00:00
ENERGY BY NATURE UK LTD,10822298,B_COMPLIANCE_DROWNED,micro filer (micro-entity),ltd,corporate subscriber,2017-06-16,micro-entity,"accounts category, NOT turnover",43220; 46740,"5 Hextall Drive, Ibstock",LE67 6RE,https://find-and-update.company-information.service.gov.uk/company/10822298,,TO BE ENRICHED — not held by Companies House,legitimate interests (LIA required before contact),Companies House public API,2026-07-12T04:26:01+00:00
EGHIMMEL LTD,12458714,UNCLASSIFIED,no accounts filed yet — cannot size,ltd,corporate subscriber,2020-02-12,none,"accounts category, NOT turnover",43210,"12458714: COMPANIES HOUSE DEFAULT ADDRESS, Cardiff",CF14 8LH,https://find-and-update.company-information.service.gov.uk/company/12458714,,TO BE ENRICHED — not held by Companies House,legitimate interests (LIA required before contact),Companies House public API,2026-07-12T04:26:02+00:00
AJRG ELECTRICAL LIMITED,14690900,B_COMPLIANCE_DROWNED,"young (2023), total-exemption-full filer",ltd,corporate subscriber,2023-02-27,total-exemption-full,"accounts category, NOT turnover",43210,"12 Hatherley Road, Sidcup",DA14 4DT,https://find-and-update.company-information.service.gov.uk/company/14690900,,TO BE ENRICHED — not held by Companies House,legitimate interests (LIA required before contact),Companies House public API,2026-07-12T04:26:02+00:00
CHIVERS PLUMBING & HEATING LIMITED,08189724,A_CEILING_HIT,"established 2012, total-exemption-full filer",ltd,corporate subscriber,2012-08-23,total-exemption-full,"accounts category, NOT turnover",43220,"Unit 6, The Regent Centre Pent Road, Shearway Business Park, Folkestone, Kent",CT19 4FL,https://find-and-update.company-information.service.gov.uk/company/08189724,,TO BE ENRICHED — not held by Companies House,legitimate interests (LIA required before contact),Companies House public API,2026-07-12T04:26:03+00:00
WESTBUILD CIVILS LTD,14304139,EXCLUDED_DORMANT,"dormant — not trading, not a buyer",ltd,corporate subscriber,2022-08-18,dormant,"accounts category, NOT turnover",43290,"89 Selly Park Road, Selly Park, Birmingham, West Midlands",B29 7LH,https://find-and-update.company-information.service.gov.uk/company/14304139,,TO BE ENRICHED — not held by Companies House,legitimate interests (LIA required before contact),Companies House public API,2026-07-12T04:26:04+00:00
PETER MCCLAREY ELECTRICS LIMITED,NI623937,B_COMPLIANCE_DROWNED,micro filer (micro-entity),ltd,corporate subscriber,2014-04-07,micro-entity,"accounts category, NOT turnover",43210,"32 Ardbeg Drive, Coleraine",BT51 3EQ,https://find-and-update.company-information.service.gov.uk/company/NI623937,,TO BE ENRICHED — not held by Companies House,legitimate interests (LIA required before contact),Companies House public API,2026-07-12T04:26:04+00:00
ALI PLUMBING AND HEATING SERVICES LTD,12633634,UNCLASSIFIED,no accounts filed yet — cannot size,ltd,corporate subscriber,2020-05-30,none,"accounts category, NOT turnover",43210; 43220; 43290; 46740,"33 Whittle Street, Rawtenstall, Lancashire",BB4 8SB,https://find-and-update.company-information.service.gov.uk/company/12633634,,TO BE ENRICHED — not held by Companies House,legitimate interests (LIA required before contact),Companies House public API,2026-07-12T04:26:05+00:00
T&T PLUMBING AND HEATING SOLUTIONS LTD,12485127,A_CEILING_HIT,"established 2020, total-exemption-full filer",ltd,corporate subscriber,2020-02-26,total-exemption-full,"accounts category, NOT turnover",43220,"12 Wasdale Avenue, Blackburn",BB1 1XD,https://find-and-update.company-information.service.gov.uk/company/12485127,,TO BE ENRICHED — not held by Companies House,legitimate interests (LIA required before contact),Companies House public API,2026-07-12T04:26:06+00:00
SPRINKSAFE LIMITED,12686484,UNCLASSIFIED,no accounts filed yet — cannot size,ltd,corporate subscriber,2020-06-20,none,"accounts category, NOT turnover",43220,"349 Bury Old Road, Prestwich, Manchester",M25 1PY,https://find-and-update.company-information.service.gov.uk/company/12686484,,TO BE ENRICHED — not held by Companies House,legitimate interests (LIA required before contact),Companies House public API,2026-07-12T04:26:07+00:00
TRANSFORM GROUP LTD,12531811,B_COMPLIANCE_DROWNED,micro filer (micro-entity),ltd,corporate subscriber,2020-03-24,micro-entity,"accounts category, NOT turnover",41100; 43120; 43290; 43320,"69 Atlantic Road, Birmingham",B44 8LW,https://find-and-update.company-information.service.gov.uk/company/12531811,,TO BE ENRICHED — not held by Companies House,legitimate interests (LIA required before contact),Companies House public API,2026-07-12T04:26:07+00:00
XCLUSIVE HOME IMPROVEMENTS LTD,12587822,UNCLASSIFIED,no accounts filed yet — cannot size,ltd,corporate subscriber,2020-05-06,none,"accounts category, NOT turnover",43220; 43341; 43390,"89 Church Lane, Whitwick, Coalville",LE67 5DN,https://find-and-update.company-information.service.gov.uk/company/12587822,,TO BE ENRICHED — not held by Companies House,legitimate interests (LIA required before contact),Companies House public API,2026-07-12T04:26:08+00:00
C & L ELECTRICAL SOLUTIONS LTD,11699448,B_COMPLIANCE_DROWNED,micro filer (micro-entity),ltd,corporate subscriber,2018-11-27,micro-entity,"accounts category, NOT turnover",43210,"3 Havenside Close, Oldham, Lancashire",OL4 2SY,https://find-and-update.company-information.service.gov.uk/company/11699448,,TO BE ENRICHED — not held by Companies House,legitimate interests (LIA required before contact),Companies House public API,2026-07-12T04:26:09+00:00
FAITHDEAN SPECIAL WORKS LTD,10180383,C_ENTERPRISE,files full/group/medium accounts,ltd,corporate subscriber,2016-05-14,medium,"accounts category, NOT turnover",43290; 43999,"Unit 12, The Oaks Revenge Road, Lordswood, Chatham, Kent",ME5 8LF,https://find-and-update.company-information.service.gov.uk/company/10180383,,TO BE ENRICHED — not held by Companies House,legitimate interests (LIA required before contact),Companies House public API,2026-07-12T04:26:09+00:00
SCJ ELECTRICAL LIMITED,11360120,B_COMPLIANCE_DROWNED,micro filer (micro-entity),ltd,corporate subscriber,2018-05-14,micro-entity,"accounts category, NOT turnover",43210,"15 Grove Close, Holt",NR25 6EF,https://find-and-update.company-information.service.gov.uk/company/11360120,,TO BE ENRICHED — not held by Companies House,legitimate interests (LIA required before contact),Companies House public API,2026-07-12T04:26:10+00:00
BRITE SPARK ELECTRICAL LTD,NI664401,UNCLASSIFIED,no accounts filed yet — cannot size,ltd,corporate subscriber,2019-09-16,none,"accounts category, NOT turnover",43210,"22 Abbot Close, Newtownards",BT23 8XS,https://find-and-update.company-information.service.gov.uk/company/NI664401,,TO BE ENRICHED — not held by Companies House,legitimate interests (LIA required before contact),Companies House public API,2026-07-12T04:26:11+00:00
PRECISION ELECTRICAL  CONTRACTS LTD,NI663845,UNCLASSIFIED,no accounts filed yet — cannot size,ltd,corporate subscriber,2019-08-21,none,"accounts category, NOT turnover",43210,"16 Carrowdoon Park, Dunloy, Ballymena",BT44 9ER,https://find-and-update.company-information.service.gov.uk/company/NI663845,,TO BE ENRICHED — not held by Companies House,legitimate interests (LIA required before contact),Companies House public API,2026-07-12T04:26:11+00:00
JW ELECTRICS LTD,NI661763,A_CEILING_HIT,"established 2019, unaudited-abridged filer",ltd,corporate subscriber,2019-05-28,unaudited-abridged,"accounts category, NOT turnover",33140; 43210,"6 Dorchester Park, Londonderry",BT47 5NZ,https://find-and-update.company-information.service.gov.uk/company/NI661763,,TO BE ENRICHED — not held by Companies House,legitimate interests (LIA required before contact),Companies House public API,2026-07-12T04:26:12+00:00
DUCTEAM LIMITED,05584621,B_COMPLIANCE_DROWNED,micro filer (micro-entity),ltd,corporate subscriber,2005-10-06,micro-entity,"accounts category, NOT turnover",43290,"2 Lakeview Stables, Lower St. Clere Kemsing, Sevenoaks",TN15 6NL,https://find-and-update.company-information.service.gov.uk/company/05584621,,TO BE ENRICHED — not held by Companies House,legitimate interests (LIA required before contact),Companies House public API,2026-07-12T04:26:13+00:00
KGT SERVICES LIMITED,NI658277,UNCLASSIFIED,no accounts filed yet — cannot size,ltd,corporate subscriber,2019-01-14,none,"accounts category, NOT turnover",43210,"55 Mitchell Park, Dungiven, Londonderry",BT47 4LW,https://find-and-update.company-information.service.gov.uk/company/NI658277,,TO BE ENRICHED — not held by Companies House,legitimate interests (LIA required before contact),Companies House public API,2026-07-12T04:26:13+00:00
GWW ELECTRICAL LTD,NI666778,EXCLUDED_DORMANT,"dormant — not trading, not a buyer",ltd,corporate subscriber,2020-01-06,dormant,"accounts category, NOT turnover",43210,"20 Pennyhill Drive, Ballymena",BT42 2NY,https://find-and-update.company-information.service.gov.uk/company/NI666778,,TO BE ENRICHED — not held by Companies House,legitimate interests (LIA required before contact),Companies House public API,2026-07-12T04:26:14+00:00
ATLAS MECHANICAL SERVICES LIMITED,NI653567,B_COMPLIANCE_DROWNED,micro filer (micro-entity),ltd,corporate subscriber,2018-06-08,micro-entity,"accounts category, NOT turnover",43220,"50 Westway Crescent Ballygomartin, Belfast",BT13 3NU,https://find-and-update.company-information.service.gov.uk/company/NI653567,,TO BE ENRICHED — not held by Companies House,legitimate interests (LIA required before contact),Companies House public API,2026-07-12T04:26:15+00:00
INNOVATE DESIGN DEVELOP DELIVER LIMITED,14017712,EXCLUDED_DORMANT,"dormant — not trading, not a buyer",ltd,corporate subscriber,2022-04-01,dormant,"accounts category, NOT turnover",41201; 41202; 43290,"White House Farm, Sandy Lane West, Billingham",TS22 5NB,https://find-and-update.company-information.service.gov.uk/company/14017712,,TO BE ENRICHED — not held by Companies House,legitimate interests (LIA required before contact),Companies House public API,2026-07-12T04:26:15+00:00
MARLASZ LTD.,SC551252,EXCLUDED_DORMANT,"dormant — not trading, not a buyer",ltd,corporate subscriber,2016-11-28,dormant,"accounts category, NOT turnover",43220,"266 Ravensby Road, Carnoustie",DD7 7NW,https://find-and-update.company-information.service.gov.uk/company/SC551252,,TO BE ENRICHED — not held by Companies House,legitimate interests (LIA required before contact),Companies House public API,2026-07-12T04:26:16+00:00
SJ CONTRACTS PLUMBING & HEATING LTD,SC555335,A_CEILING_HIT,"established 2017, total-exemption-full filer",ltd,corporate subscriber,2017-01-23,total-exemption-full,"accounts category, NOT turnover",43220,"Gallone & Co, 14 Newton Place, Glasgow",G3 7PY,https://find-and-update.company-information.service.gov.uk/company/SC555335,,TO BE ENRICHED — not held by Companies House,legitimate interests (LIA required before contact),Companies House public API,2026-07-12T04:26:17+00:00
ROSEMOUNT INDUSTRIAL LIMITED,SC542816,B_COMPLIANCE_DROWNED,micro filer (micro-entity),ltd,corporate subscriber,2016-08-16,micro-entity,"accounts category, NOT turnover",43210,"42 Dudhope Crescent Road, Dundee",DD1 5RR,https://find-and-update.company-information.service.gov.uk/company/SC542816,,TO BE ENRICHED — not held by Companies House,legitimate interests (LIA required before contact),Companies House public API,2026-07-12T04:26:18+00:00
PARKE STONE CONTRACTS LTD,SC555814,A_CEILING_HIT,"established 2017, unaudited-abridged filer",ltd,corporate subscriber,2017-01-27,unaudited-abridged,"accounts category, NOT turnover",43290,"Crask Cottage, Culbokie, Dingwall",IV7 8JS,https://find-and-update.company-information.service.gov.uk/company/SC555814,,TO BE ENRICHED — not held by Companies House,legitimate interests (LIA required before contact),Companies House public API,2026-07-12T04:26:18+00:00
VIP DUCTING LTD,SC544249,A_CEILING_HIT,"established 2016, total-exemption-full filer",ltd,corporate subscriber,2016-08-31,total-exemption-full,"accounts category, NOT turnover",43220,"3 Lauderdale Place, Dundee",DD3 9AU,https://find-and-update.company-information.service.gov.uk/company/SC544249,,TO BE ENRICHED — not held by Companies House,legitimate interests (LIA required before contact),Companies House public API,2026-07-12T04:26:19+00:00
W F ELECTRICAL SOLUTIONS LIMITED,10770880,B_COMPLIANCE_DROWNED,micro filer (micro-entity),ltd,corporate subscriber,2017-05-15,micro-entity,"accounts category, NOT turnover",43210,"Flat K, 5 Gloucester Street, London",SW1V 2DB,https://find-and-update.company-information.service.gov.uk/company/10770880,,TO BE ENRICHED — not held by Companies House,legitimate interests (LIA required before contact),Companies House public API,2026-07-12T04:26:20+00:00
ABRUCE POWER LTD,SC549380,B_COMPLIANCE_DROWNED,micro filer (micro-entity),ltd,corporate subscriber,2016-11-03,micro-entity,"accounts category, NOT turnover",43210,"167 Turnhill Drive, Erskine, Erskine, Renfrewshire",PA8 7EY,https://find-and-update.company-information.service.gov.uk/company/SC549380,,TO BE ENRICHED — not held by Companies House,legitimate interests (LIA required before contact),Companies House public API,2026-07-12T04:26:20+00:00
MK FIRE PROTECTION ENGINEERS LTD,SC532560,B_COMPLIANCE_DROWNED,micro filer (micro-entity),ltd,corporate subscriber,2016-04-13,micro-entity,"accounts category, NOT turnover",43210,"Suite 341 4th Floor 93 Hope Street, Glasgow",G2 6LD,https://find-and-update.company-information.service.gov.uk/company/SC532560,,TO BE ENRICHED — not held by Companies House,legitimate interests (LIA required before contact),Companies House public API,2026-07-12T04:26:21+00:00
WIRE IN ELECTRICAL SERVICES LIMITED,SC530016,A_CEILING_HIT,"established 2016, total-exemption-full filer",ltd,corporate subscriber,2016-03-17,total-exemption-full,"accounts category, NOT turnover",43210,"69 Nethan Avenue, Wishaw",ML2 0BG,https://find-and-update.company-information.service.gov.uk/company/SC530016,,TO BE ENRICHED — not held by Companies House,legitimate interests (LIA required before contact),Companies House public API,2026-07-12T04:26:22+00:00
D & S KITCHENS LIMITED,05646300,A_CEILING_HIT,"established 2005, total-exemption-full filer",ltd,corporate subscriber,2005-12-06,total-exemption-full,"accounts category, NOT turnover",43290,"794 High Street, Kingswinford, West Midlands",DY6 8BQ,https://find-and-update.company-information.service.gov.uk/company/05646300,,TO BE ENRICHED — not held by Companies House,legitimate interests (LIA required before contact),Companies House public API,2026-07-12T04:26:22+00:00
LONDON CIRCUITS LTD,10125810,B_COMPLIANCE_DROWNED,micro filer (micro-entity),ltd,corporate subscriber,2016-04-14,micro-entity,"accounts category, NOT turnover",43210,"315 Wrotham Road, Istead Rise, Gravesend",DA13 9JH,https://find-and-update.company-information.service.gov.uk/company/10125810,,TO BE ENRICHED — not held by Companies House,legitimate interests (LIA required before contact),Companies House public API,2026-07-12T04:26:23+00:00
WHITELAW ELECTRICAL SERVICES LIMITED,SC386356,A_CEILING_HIT,"established 2010, total-exemption-full filer",ltd,corporate subscriber,2010-10-01,total-exemption-full,"accounts category, NOT turnover",43210,"28 Linndale Oval, Castlemilk, Glasgow",G45 9QT,https://find-and-update.company-information.service.gov.uk/company/SC386356,,TO BE ENRICHED — not held by Companies House,legitimate interests (LIA required before contact),Companies House public API,2026-07-12T04:26:24+00:00
ANNIESLAND BUILDERS LIMITED,SC358587,A_CEILING_HIT,"established 2009, unaudited-abridged filer",ltd,corporate subscriber,2009-04-23,unaudited-abridged,"accounts category, NOT turnover",43290,"136 Athelstane Road, Glasgow, Lanarkshire",G13 3QY,https://find-and-update.company-information.service.gov.uk/company/SC358587,,TO BE ENRICHED — not held by Companies House,legitimate interests (LIA required before contact),Companies House public API,2026-07-12T04:26:24+00:00
JAMES MOCHRIE PLUMBING AND HEATING LTD,SC295899,A_CEILING_HIT,"established 2006, total-exemption-full filer",ltd,corporate subscriber,2006-01-20,total-exemption-full,"accounts category, NOT turnover",43220,"Abercorn School, Newton, Broxburn",EH52 6PZ,https://find-and-update.company-information.service.gov.uk/company/SC295899,,TO BE ENRICHED — not held by Companies House,legitimate interests (LIA required before contact),Companies House public API,2026-07-12T04:26:25+00:00
TD ELECTRICS LIMITED,SC389225,B_COMPLIANCE_DROWNED,micro filer (micro-entity),ltd,corporate subscriber,2010-11-22,micro-entity,"accounts category, NOT turnover",43210,"24 Sunart Road, Bishopbriggs, Glasgow",G64 1HN,https://find-and-update.company-information.service.gov.uk/company/SC389225,,TO BE ENRICHED — not held by Companies House,legitimate interests (LIA required before contact),Companies House public API,2026-07-12T04:26:26+00:00
IVERS ELECTRICAL LTD,SC418771,B_COMPLIANCE_DROWNED,micro filer (micro-entity),ltd,corporate subscriber,2012-03-07,micro-entity,"accounts category, NOT turnover",43210,"7 Berryden Park, Aberdeen",AB25 3RT,https://find-and-update.company-information.service.gov.uk/company/SC418771,,TO BE ENRICHED — not held by Companies House,legitimate interests (LIA required before contact),Companies House public API,2026-07-12T04:26:27+00:00
W. JAMES CAMPBELL LIMITED,SC290652,B_COMPLIANCE_DROWNED,micro filer (micro-entity),ltd,corporate subscriber,2005-09-22,micro-entity,"accounts category, NOT turnover",43220,"20 Barnton Street, Stirling, Stirlingshire",FK8 1NE,https://find-and-update.company-information.service.gov.uk/company/SC290652,,TO BE ENRICHED — not held by Companies House,legitimate interests (LIA required before contact),Companies House public API,2026-07-12T04:26:27+00:00
N.W. PLANT HIRE LIMITED,04764044,A_CEILING_HIT,"established 2003, total-exemption-full filer",ltd,corporate subscriber,2003-05-14,total-exemption-full,"accounts category, NOT turnover",43290,"11 Windsor Road, Harrow Weald, Middlesex",HA3 5PT,https://find-and-update.company-information.service.gov.uk/company/04764044,,TO BE ENRICHED — not held by Companies House,legitimate interests (LIA required before contact),Companies House public API,2026-07-12T04:26:28+00:00
G & B ELECTRICAL LIMITED,10932726,EXCLUDED_DORMANT,"dormant — not trading, not a buyer",ltd,corporate subscriber,2017-08-25,dormant,"accounts category, NOT turnover",43210,"6 Waverton Mews, Lambourn Crescent, Leamington Spa, Warwickshire",CV31 1XA,https://find-and-update.company-information.service.gov.uk/company/10932726,,TO BE ENRICHED — not held by Companies House,legitimate interests (LIA required before contact),Companies House public API,2026-07-12T04:26:29+00:00
FIRTH ELECTRICAL AND PROPERTY SERVICES LIMITED,SC389361,B_COMPLIANCE_DROWNED,micro filer (micro-entity),ltd,corporate subscriber,2010-11-23,micro-entity,"accounts category, NOT turnover",43210,"103 Glasgow Road, Bathgate, West Lothian",EH48 2QN,https://find-and-update.company-information.service.gov.uk/company/SC389361,,TO BE ENRICHED — not held by Companies House,legitimate interests (LIA required before contact),Companies House public API,2026-07-12T04:26:29+00:00
NWR ELECTRICAL PERTH LIMITED,SC585677,B_COMPLIANCE_DROWNED,micro filer (micro-entity),ltd,corporate subscriber,2018-01-15,micro-entity,"accounts category, NOT turnover",43210,"42 Dudhope Crescent Road, Dundee",DD1 5RR,https://find-and-update.company-information.service.gov.uk/company/SC585677,,TO BE ENRICHED — not held by Companies House,legitimate interests (LIA required before contact),Companies House public API,2026-07-12T04:26:30+00:00
GMCL CONTRACTS LTD,SC587135,B_COMPLIANCE_DROWNED,micro filer (micro-entity),ltd,corporate subscriber,2018-01-29,micro-entity,"accounts category, NOT turnover",43210,"Flat 0/3, 9 Oatlands Square, Glasgow",G5 0GZ,https://find-and-update.company-information.service.gov.uk/company/SC587135,,TO BE ENRICHED — not held by Companies House,legitimate interests (LIA required before contact),Companies House public API,2026-07-12T04:26:31+00:00
INFINITI BATHROOMS LTD,SC583002,B_COMPLIANCE_DROWNED,micro filer (micro-entity),ltd,corporate subscriber,2017-12-04,micro-entity,"accounts category, NOT turnover",43220,"42 Dudhope Crescent Road, Dundee",DD1 5RR,https://find-and-update.company-information.service.gov.uk/company/SC583002,,TO BE ENRICHED — not held by Companies House,legitimate interests (LIA required before contact),Companies House public API,2026-07-12T04:26:31+00:00
CITY LAUNDRY SERVICES LIMITED,SC583937,EXCLUDED_DORMANT,"dormant — not trading, not a buyer",ltd,corporate subscriber,2017-12-15,dormant,"accounts category, NOT turnover",43290,"3 Clairmont Gardens, Glasgow",G3 7LW,https://find-and-update.company-information.service.gov.uk/company/SC583937,,TO BE ENRICHED — not held by Companies House,legitimate interests (LIA required before contact),Companies House public API,2026-07-12T04:26:32+00:00
S MALONEY ELECTRICAL LTD,SC559990,B_COMPLIANCE_DROWNED,micro filer (micro-entity),ltd,corporate subscriber,2017-03-09,micro-entity,"accounts category, NOT turnover",43210,"164 Sandpiper Drive Sandpiper Drive, East Kilbride",G75 8UW,https://find-and-update.company-information.service.gov.uk/company/SC559990,,TO BE ENRICHED — not held by Companies House,legitimate interests (LIA required before contact),Companies House public API,2026-07-12T04:26:33+00:00
APTMS ELECTRICAL LIMITED,SC559245,A_CEILING_HIT,"established 2017, total-exemption-full filer",ltd,corporate subscriber,2017-03-02,total-exemption-full,"accounts category, NOT turnover",43210,"Abt & P Consultancy Service, 56a Culcabock Avenue, Inverness",IV2 3RQ,https://find-and-update.company-information.service.gov.uk/company/SC559245,,TO BE ENRICHED — not held by Companies House,legitimate interests (LIA required before contact),Companies House public API,2026-07-12T04:26:33+00:00
C BUILD CONTRACTS LTD,SC557752,B_COMPLIANCE_DROWNED,micro filer (micro-entity),ltd,corporate subscriber,2017-02-15,micro-entity,"accounts category, NOT turnover",43290,"505 Great Western Road, Glasgow",G12 8HN,https://find-and-update.company-information.service.gov.uk/company/SC557752,,TO BE ENRICHED — not held by Companies House,legitimate interests (LIA required before contact),Companies House public API,2026-07-12T04:26:34+00:00
LTV LIGHTING LTD,10643043,B_COMPLIANCE_DROWNED,micro filer (micro-entity),ltd,corporate subscriber,2017-02-28,micro-entity,"accounts category, NOT turnover",43210,"121 Carr Head Lane, Poulton-Le-Fylde",FY6 8EG,https://find-and-update.company-information.service.gov.uk/company/10643043,,TO BE ENRICHED — not held by Companies House,legitimate interests (LIA required before contact),Companies House public API,2026-07-12T04:26:35+00:00
CDC RESTORATION LTD,06539664,A_CEILING_HIT,"established 2008, total-exemption-full filer",ltd,corporate subscriber,2008-03-19,total-exemption-full,"accounts category, NOT turnover",43290; 43320; 43341; 43342,"Bellingham House, 2 Huntingdon Street, St. Neots",PE19 1BG,https://find-and-update.company-information.service.gov.uk/company/06539664,,TO BE ENRICHED — not held by Companies House,legitimate interests (LIA required before contact),Companies House public API,2026-07-12T04:26:35+00:00
GB HOME IMPROVEMENTS & MAINTENANCE LTD,SC613840,A_CEILING_HIT,"established 2018, total-exemption-full filer",ltd,corporate subscriber,2018-11-16,total-exemption-full,"accounts category, NOT turnover",43290; 43999,"2e Doonside, Cumbernauld, Glasgow",G67 2HX,https://find-and-update.company-information.service.gov.uk/company/SC613840,,TO BE ENRICHED — not held by Companies House,legitimate interests (LIA required before contact),Companies House public API,2026-07-12T04:26:36+00:00
DEUTSCH LEBEN LTD,SC609680,UNCLASSIFIED,no accounts filed yet — cannot size,ltd,corporate subscriber,2018-10-02,none,"accounts category, NOT turnover",43220; 43320,"103 Brodie Court Brodie Court, Glenrothes",KY7 4UE,https://find-and-update.company-information.service.gov.uk/company/SC609680,,TO BE ENRICHED — not held by Companies House,legitimate interests (LIA required before contact),Companies House public API,2026-07-12T04:26:37+00:00
NU-TECH SOLUTIONS LTD,SC613344,UNCLASSIFIED,no accounts filed yet — cannot size,ltd,corporate subscriber,2018-11-12,none,"accounts category, NOT turnover",43210,"22 Wells Street, Inverness",IV3 5JT,https://find-and-update.company-information.service.gov.uk/company/SC613344,,TO BE ENRICHED — not held by Companies House,legitimate interests (LIA required before contact),Companies House public API,2026-07-12T04:26:37+00:00
GRS ACCESS & INSPECTION LTD,SC613925,A_CEILING_HIT,"established 2018, total-exemption-full filer",ltd,corporate subscriber,2018-11-19,total-exemption-full,"accounts category, NOT turnover",43290,"58 Long Lane, Broughty Ferry, Dundee",DD5 1HH,https://find-and-update.company-information.service.gov.uk/company/SC613925,,TO BE ENRICHED — not held by Companies House,legitimate interests (LIA required before contact),Companies House public API,2026-07-12T04:26:38+00:00
REL FIRE SYSTEMS LIMITED,SC610414,B_COMPLIANCE_DROWNED,micro filer (micro-entity),ltd,corporate subscriber,2018-10-09,micro-entity,"accounts category, NOT turnover",43210,"63 Harvest Drive, Motherwell",ML1 2RT,https://find-and-update.company-information.service.gov.uk/company/SC610414,,TO BE ENRICHED — not held by Companies House,legitimate interests (LIA required before contact),Companies House public API,2026-07-12T04:26:39+00:00
BON ACCORD ELECTRICAL & PLUMBING LIMITED,SC623609,UNCLASSIFIED,no accounts filed yet — cannot size,ltd,corporate subscriber,2019-03-08,none,"accounts category, NOT turnover",43210; 43220,"19 Rosemount Place, Aberdeen, Aberdeenshire",AB25 2XA,https://find-and-update.company-information.service.gov.uk/company/SC623609,,TO BE ENRICHED — not held by Companies House,legitimate interests (LIA required before contact),Companies House public API,2026-07-12T04:26:40+00:00
AMG CONSTRUCTION SPECIALISTS LTD,SC621694,B_COMPLIANCE_DROWNED,micro filer (micro-entity),ltd,corporate subscriber,2019-02-19,micro-entity,"accounts category, NOT turnover",43290,"28 Craigentinny Avenue North, Edinburgh",EH6 7LJ,https://find-and-update.company-information.service.gov.uk/company/SC621694,,TO BE ENRICHED — not held by Companies House,legitimate interests (LIA required before contact),Companies House public API,2026-07-12T04:26:40+00:00
G1 PROPERTY MAINTENANCE LTD,SC613952,A_CEILING_HIT,"established 2018, total-exemption-full filer",ltd,corporate subscriber,2018-11-19,total-exemption-full,"accounts category, NOT turnover",43210; 43220; 43310; 43320,"88 Orr Street, Glasgow",G40 2QF,https://find-and-update.company-information.service.gov.uk/company/SC613952,,TO BE ENRICHED — not held by Companies House,legitimate interests (LIA required before contact),Companies House public API,2026-07-12T04:26:41+00:00
SL ELECTRICS LTD,SC626396,A_CEILING_HIT,"established 2019, total-exemption-full filer",ltd,corporate subscriber,2019-04-02,total-exemption-full,"accounts category, NOT turnover",43210,"1 Glenburn Road, East Kilbride, Glasgow",G74 5BA,https://find-and-update.company-information.service.gov.uk/company/SC626396,,TO BE ENRICHED — not held by Companies House,legitimate interests (LIA required before contact),Companies House public API,2026-07-12T04:26:42+00:00
LOFT SPACE LIMITED,02860633,EXCLUDED_DORMANT,"dormant — not trading, not a buyer",ltd,corporate subscriber,1993-10-08,dormant,"accounts category, NOT turnover",43290,"14 Athol Close, Pinner, Middlesex",HA5 3XJ,https://find-and-update.company-information.service.gov.uk/company/02860633,,TO BE ENRICHED — not held by Companies House,legitimate interests (LIA required before contact),Companies House public API,2026-07-12T04:26:42+00:00
OSBISTON ELECTRICAL SERVICES LIMITED,09018436,B_COMPLIANCE_DROWNED,micro filer (micro-entity),ltd,corporate subscriber,2014-04-30,micro-entity,"accounts category, NOT turnover",43210,"Five Ways, 57/59 Hatfield Road, Potters Bar, Hertfordshire",EN6 1HS,https://find-and-update.company-information.service.gov.uk/company/09018436,,TO BE ENRICHED — not held by Companies House,legitimate interests (LIA required before contact),Companies House public API,2026-07-12T04:26:43+00:00
ELITE GARAGE DOORS LIMITED,05279612,A_CEILING_HIT,"established 2004, total-exemption-full filer",ltd,corporate subscriber,2004-11-08,total-exemption-full,"accounts category, NOT turnover",43290,"32 Parkhill Road, Burntwood, Staffordshire",WS7 2ET,https://find-and-update.company-information.service.gov.uk/company/05279612,,TO BE ENRICHED — not held by Companies House,legitimate interests (LIA required before contact),Companies House public API,2026-07-12T04:26:44+00:00
OXFORD INSTALLATIONS LTD,10846997,B_COMPLIANCE_DROWNED,micro filer (micro-entity),ltd,corporate subscriber,2017-07-03,micro-entity,"accounts category, NOT turnover",43210,"23 Nash Road, Upper Heyford, Bicester, Oxfordshire",OX25 5BL,https://find-and-update.company-information.service.gov.uk/company/10846997,,TO BE ENRICHED — not held by Companies House,legitimate interests (LIA required before contact),Companies House public API,2026-07-12T04:26:44+00:00
BK DOOR INSTALLATIONS LIMITED,08879239,A_CEILING_HIT,"established 2014, unaudited-abridged filer",ltd,corporate subscriber,2014-02-06,unaudited-abridged,"accounts category, NOT turnover",43210,"2 Barley Brook Meadow, Bolton",BL1 7HP,https://find-and-update.company-information.service.gov.uk/company/08879239,,TO BE ENRICHED — not held by Companies House,legitimate interests (LIA required before contact),Companies House public API,2026-07-12T04:26:45+00:00
SMOOTH FLOW PLUMBING LTD,SC630638,A_CEILING_HIT,"established 2019, unaudited-abridged filer",ltd,corporate subscriber,2019-05-16,unaudited-abridged,"accounts category, NOT turnover",43220,"111, Flat 2/2 Roystonhill, Glasgow",G21 2LE,https://find-and-update.company-information.service.gov.uk/company/SC630638,,TO BE ENRICHED — not held by Companies House,legitimate interests (LIA required before contact),Companies House public API,2026-07-12T04:26:46+00:00
JG GAS LTD,SC631370,UNCLASSIFIED,no accounts filed yet — cannot size,ltd,corporate subscriber,2019-05-23,none,"accounts category, NOT turnover",43220,"34 Gotterstone Drive, Broughty Ferry, Dundee",DD5 1QX,https://find-and-update.company-information.service.gov.uk/company/SC631370,,TO BE ENRICHED — not held by Companies House,legitimate interests (LIA required before contact),Companies House public API,2026-07-12T04:26:46+00:00
ECOHANCE GROUP LTD,SC769185,B_COMPLIANCE_DROWNED,"young (2023), total-exemption-full filer",ltd,corporate subscriber,2023-05-12,total-exemption-full,"accounts category, NOT turnover",43210,"109/14 Swanston Road, Edinburgh",EH10 7DS,https://find-and-update.company-information.service.gov.uk/company/SC769185,,TO BE ENRICHED — not held by Companies House,legitimate interests (LIA required before contact),Companies House public API,2026-07-12T04:26:47+00:00
MAINTENANCE LONDON LIMITED,14300790,B_COMPLIANCE_DROWNED,"young (2022), total-exemption-full filer",ltd,corporate subscriber,2022-08-17,total-exemption-full,"accounts category, NOT turnover",43220; 43390; 70229,"M S R House, 329 Ley Street, Ilford",IG1 4AA,https://find-and-update.company-information.service.gov.uk/company/14300790,,TO BE ENRICHED — not held by Companies House,legitimate interests (LIA required before contact),Companies House public API,2026-07-12T04:26:48+00:00
OPTICAL FACILITIES LTD,12466194,A_CEILING_HIT,"established 2020, total-exemption-full filer",ltd,corporate subscriber,2020-02-17,total-exemption-full,"accounts category, NOT turnover",43290,"3 Atherstone Close, Canvey Island",SS8 7DG,https://find-and-update.company-information.service.gov.uk/company/12466194,,TO BE ENRICHED — not held by Companies House,legitimate interests (LIA required before contact),Companies House public API,2026-07-12T04:26:48+00:00
TOP GRADE CONSTRUCTION LIMITED,12477070,UNCLASSIFIED,no accounts filed yet — cannot size,ltd,corporate subscriber,2020-02-21,none,"accounts category, NOT turnover",43290,"1169 Newham Way, London",E6 5JJ,https://find-and-update.company-information.service.gov.uk/company/12477070,,TO BE ENRICHED — not held by Companies House,legitimate interests (LIA required before contact),Companies House public API,2026-07-12T04:26:49+00:00
C&G HOME IMPROVEMENTS LTD,12452452,UNCLASSIFIED,no accounts filed yet — cannot size,ltd,corporate subscriber,2020-02-10,none,"accounts category, NOT turnover",16230; 38110; 43210; 43390,"15 Henry Street, Neath",SA11 1PG,https://find-and-update.company-information.service.gov.uk/company/12452452,,TO BE ENRICHED — not held by Companies House,legitimate interests (LIA required before contact),Companies House public API,2026-07-12T04:26:50+00:00
RADD DEVELOPMENTS LIMITED,12474971,UNCLASSIFIED,no accounts filed yet — cannot size,ltd,corporate subscriber,2020-02-20,none,"accounts category, NOT turnover",43290,"15 Alexander Avenue, Leeds",LS15 0LU,https://find-and-update.company-information.service.gov.uk/company/12474971,,TO BE ENRICHED — not held by Companies House,legitimate interests (LIA required before contact),Companies House public API,2026-07-12T04:26:50+00:00
DUCT-FLEX INSTALLATIONS LTD,12467658,UNCLASSIFIED,no accounts filed yet — cannot size,ltd,corporate subscriber,2020-02-17,none,"accounts category, NOT turnover",43220,"14 Greenacres Close, Ossett",WF5 9SB,https://find-and-update.company-information.service.gov.uk/company/12467658,,TO BE ENRICHED — not held by Companies House,legitimate interests (LIA required before contact),Companies House public API,2026-07-12T04:26:51+00:00
WREKIN CARE LTD,11494408,A_CEILING_HIT,"established 2018, unaudited-abridged filer",ltd,corporate subscriber,2018-08-01,unaudited-abridged,"accounts category, NOT turnover",41202; 43290; 43390; 87900,"63 Station Road, Donnington, Telford",TF2 8RJ,https://find-and-update.company-information.service.gov.uk/company/11494408,,TO BE ENRICHED — not held by Companies House,legitimate interests (LIA required before contact),Companies House public API,2026-07-12T04:26:52+00:00
GREENTECH-EU LIMITED,SC482763,B_COMPLIANCE_DROWNED,micro filer (micro-entity),ltd,corporate subscriber,2014-07-23,micro-entity,"accounts category, NOT turnover",43220,"Suite 3 Castle House, Baker Street, Stirling",FK8 1AL,https://find-and-update.company-information.service.gov.uk/company/SC482763,,TO BE ENRICHED — not held by Companies House,legitimate interests (LIA required before contact),Companies House public API,2026-07-12T04:26:53+00:00
AIRCON MAN LIMITED,SC467932,A_CEILING_HIT,"established 2014, unaudited-abridged filer",ltd,corporate subscriber,2014-01-21,unaudited-abridged,"accounts category, NOT turnover",43220,"13-15 Strathmore House, East Kilbride, Glasgow",G74 1LF,https://find-and-update.company-information.service.gov.uk/company/SC467932,,TO BE ENRICHED — not held by Companies House,legitimate interests (LIA required before contact),Companies House public API,2026-07-12T04:26:53+00:00
A1 AUTOMATIC GATES LIMITED,SC466736,B_COMPLIANCE_DROWNED,micro filer (micro-entity),ltd,corporate subscriber,2014-01-07,micro-entity,"accounts category, NOT turnover",43290,"130 Drummore Road, Glasgow",G15 7NJ,https://find-and-update.company-information.service.gov.uk/company/SC466736,,TO BE ENRICHED — not held by Companies House,legitimate interests (LIA required before contact),Companies House public API,2026-07-12T04:26:54+00:00
SCOTT MCDADE LTD,SC508684,B_COMPLIANCE_DROWNED,micro filer (micro-entity),ltd,corporate subscriber,2015-06-18,micro-entity,"accounts category, NOT turnover",33170; 43210,"9 9 Mansel Street, Glasgow",G21 4JJ,https://find-and-update.company-information.service.gov.uk/company/SC508684,,TO BE ENRICHED — not held by Companies House,legitimate interests (LIA required before contact),Companies House public API,2026-07-12T04:26:55+00:00
OEB ELECTRICAL SERVICES LTD,SC483392,A_CEILING_HIT,"established 2014, total-exemption-full filer",ltd,corporate subscriber,2014-07-31,total-exemption-full,"accounts category, NOT turnover",43210,"1 Moray Place, Kirkintilloch, Glasgow",G66 3SR,https://find-and-update.company-information.service.gov.uk/company/SC483392,,TO BE ENRICHED — not held by Companies House,legitimate interests (LIA required before contact),Companies House public API,2026-07-12T04:26:55+00:00
FERRY PLUMBING & HEATING LTD,SC493853,B_COMPLIANCE_DROWNED,micro filer (micro-entity),ltd,corporate subscriber,2014-12-22,micro-entity,"accounts category, NOT turnover",43220,"40/42 Brantwood Avenue, Dundee",DD3 6EW,https://find-and-update.company-information.service.gov.uk/company/SC493853,,TO BE ENRICHED — not held by Companies House,legitimate interests (LIA required before contact),Companies House public API,2026-07-12T04:26:56+00:00
WESTFIELD PLUMBING-HEATING SERVICES LTD,SC472758,B_COMPLIANCE_DROWNED,micro filer (micro-entity),ltd,corporate subscriber,2014-03-18,micro-entity,"accounts category, NOT turnover",43220,"5 Westerdale, Stewartfield, Eastkilbride",G74 4JF,https://find-and-update.company-information.service.gov.uk/company/SC472758,,TO BE ENRICHED — not held by Companies House,legitimate interests (LIA required before contact),Companies House public API,2026-07-12T04:26:57+00:00
REBELI ELECTRICAL LTD,SC451621,B_COMPLIANCE_DROWNED,micro filer (micro-entity),ltd,corporate subscriber,2013-06-05,micro-entity,"accounts category, NOT turnover",43210,"24 Montreal Park Westwood, East Kilbride",G75 8LB,https://find-and-update.company-information.service.gov.uk/company/SC451621,,TO BE ENRICHED — not held by Companies House,legitimate interests (LIA required before contact),Companies House public API,2026-07-12T04:26:57+00:00
JM HUTT SERVICES LIMITED,SC462362,B_COMPLIANCE_DROWNED,micro filer (micro-entity),ltd,corporate subscriber,2013-10-28,micro-entity,"accounts category, NOT turnover",09100; 43210,"25 Adam Drive, Dundee",DD3 0SS,https://find-and-update.company-information.service.gov.uk/company/SC462362,,TO BE ENRICHED — not held by Companies House,legitimate interests (LIA required before contact),Companies House public API,2026-07-12T04:26:58+00:00
MG TECHNICAL LIMITED,SC509029,B_COMPLIANCE_DROWNED,micro filer (micro-entity),ltd,corporate subscriber,2015-06-22,micro-entity,"accounts category, NOT turnover",43210,"54 Pleaknowe Crescent, Chryston, Glasgow",G69 0LQ,https://find-and-update.company-information.service.gov.uk/company/SC509029,,TO BE ENRICHED — not held by Companies House,legitimate interests (LIA required before contact),Companies House public API,2026-07-12T04:26:59+00:00
MCMILLAN'S PROPERTY MAINTENANCE LTD,SC606937,B_COMPLIANCE_DROWNED,micro filer (micro-entity),ltd,corporate subscriber,2018-08-31,micro-entity,"accounts category, NOT turnover",43290; 43320; 43341,"60 Main Street, Ayr",KA8 8EF,https://find-and-update.company-information.service.gov.uk/company/SC606937,,TO BE ENRICHED — not held by Companies House,legitimate interests (LIA required before contact),Companies House public API,2026-07-12T04:26:59+00:00
TDH RIGGING & ACCESS LTD,SC606812,B_COMPLIANCE_DROWNED,micro filer (micro-entity),ltd,corporate subscriber,2018-08-30,micro-entity,"accounts category, NOT turnover",43290,"93 Etive Cresc, Bishopbriggs, Glasgow",G64 1EY,https://find-and-update.company-information.service.gov.uk/company/SC606812,,TO BE ENRICHED — not held by Companies House,legitimate interests (LIA required before contact),Companies House public API,2026-07-12T04:27:00+00:00
M & G BROWN ELECTRICAL LTD,SC599984,B_COMPLIANCE_DROWNED,micro filer (micro-entity),ltd,corporate subscriber,2018-06-14,micro-entity,"accounts category, NOT turnover",43210,"24 Cranbrooke Drive, Glasgow",G20 0LX,https://find-and-update.company-information.service.gov.uk/company/SC599984,,TO BE ENRICHED — not held by Companies House,legitimate interests (LIA required before contact),Companies House public API,2026-07-12T04:27:01+00:00
JM LIFTING AND RIGGING SERVICES LTD,SC603798,B_COMPLIANCE_DROWNED,micro filer (micro-entity),ltd,corporate subscriber,2018-07-27,micro-entity,"accounts category, NOT turnover",43290,"15 St Clair Terrace, Kirkcaldy",KY1 2YJ,https://find-and-update.company-information.service.gov.uk/company/SC603798,,TO BE ENRICHED — not held by Companies House,legitimate interests (LIA required before contact),Companies House public API,2026-07-12T04:27:02+00:00
DC WELDING SOLUTIONS LTD,SC604522,UNCLASSIFIED,no accounts filed yet — cannot size,ltd,corporate subscriber,2018-08-06,none,"accounts category, NOT turnover",43290,"25 Rosemount, Kilwinning",KA13 6LZ,https://find-and-update.company-information.service.gov.uk/company/SC604522,,TO BE ENRICHED — not held by Companies House,legitimate interests (LIA required before contact),Companies House public API,2026-07-12T04:27:02+00:00
CKA ELECTRICAL SERVICES LIMITED,SC603664,B_COMPLIANCE_DROWNED,micro filer (micro-entity),ltd,corporate subscriber,2018-07-26,micro-entity,"accounts category, NOT turnover",43210,"9 Glamis Place, Elgin",IV30 8UJ,https://find-and-update.company-information.service.gov.uk/company/SC603664,,TO BE ENRICHED — not held by Companies House,legitimate interests (LIA required before contact),Companies House public API,2026-07-12T04:27:03+00:00
DCP SOLUTIONS LIMITED,07619481,B_COMPLIANCE_DROWNED,micro filer (micro-entity),ltd,corporate subscriber,2011-05-03,micro-entity,"accounts category, NOT turnover",43290,"Bts House 73 Manor Road, Suite 1a, 1st Floor, Wallington, Surrey",SM6 0DD,https://find-and-update.company-information.service.gov.uk/company/07619481,,TO BE ENRICHED — not held by Companies House,legitimate interests (LIA required before contact),Companies House public API,2026-07-12T04:27:04+00:00
DANIEL PLUMBING SERVICE LTD,14042638,B_COMPLIANCE_DROWNED,micro filer (micro-entity),ltd,corporate subscriber,2022-04-12,micro-entity,"accounts category, NOT turnover",43220,"42 Brinklow Road, Birmingham",B29 5XR,https://find-and-update.company-information.service.gov.uk/company/14042638,,TO BE ENRICHED — not held by Companies House,legitimate interests (LIA required before contact),Companies House public API,2026-07-12T04:27:04+00:00
NISS INSTALLATION LIMITED,13546775,B_COMPLIANCE_DROWNED,micro filer (micro-entity),ltd,corporate subscriber,2021-08-04,micro-entity,"accounts category, NOT turnover",43210; 80200,"64 Abbots Road, Edgware",HA8 0RE,https://find-and-update.company-information.service.gov.uk/company/13546775,,TO BE ENRICHED — not held by Companies House,legitimate interests (LIA required before contact),Companies House public API,2026-07-12T04:27:05+00:00
GREENHILL NW LTD,13507180,B_COMPLIANCE_DROWNED,"young (2021), total-exemption-full filer",ltd,corporate subscriber,2021-07-13,total-exemption-full,"accounts category, NOT turnover",43220,"10 Cheriton Road, Urmston, Manchester",M41 8RL,https://find-and-update.company-information.service.gov.uk/company/13507180,,TO BE ENRICHED — not held by Companies House,legitimate interests (LIA required before contact),Companies House public API,2026-07-12T04:27:06+00:00
ROBERT WALKER ELECTRICAL LIMITED,SC626791,EXCLUDED_DORMANT,"dormant — not trading, not a buyer",ltd,corporate subscriber,2019-04-05,dormant,"accounts category, NOT turnover",43210; 43220,"1 Edgelaw Cottages, Gorebridge, Midlothian",EH23 4SW,https://find-and-update.company-information.service.gov.uk/company/SC626791,,TO BE ENRICHED — not held by Companies House,legitimate interests (LIA required before contact),Companies House public API,2026-07-12T04:27:06+00:00
ELECTRITEC LTD,11549371,B_COMPLIANCE_DROWNED,micro filer (micro-entity),ltd,corporate subscriber,2018-09-03,micro-entity,"accounts category, NOT turnover",43210,"58 Jackson Road, Matlock",DE4 3JQ,https://find-and-update.company-information.service.gov.uk/company/11549371,,TO BE ENRICHED — not held by Companies House,legitimate interests (LIA required before contact),Companies House public API,2026-07-12T04:27:07+00:00
TRANSITION BATHROOMS LIMITED,09887103,EXCLUDED_DORMANT,"dormant — not trading, not a buyer",ltd,corporate subscriber,2015-11-24,dormant,"accounts category, NOT turnover",43220,"73 London Road, Cowplain, Waterlooville",PO8 8UJ,https://find-and-update.company-information.service.gov.uk/company/09887103,,TO BE ENRICHED — not held by Companies House,legitimate interests (LIA required before contact),Companies House public API,2026-07-12T04:27:08+00:00
PJB GAS & HEATING LTD,10132307,A_CEILING_HIT,"established 2016, total-exemption-full filer",ltd,corporate subscriber,2016-04-19,total-exemption-full,"accounts category, NOT turnover",43220,"76 Discovery Drive, Kings Hill, West Malling",ME19 4GA,https://find-and-update.company-information.service.gov.uk/company/10132307,,TO BE ENRICHED — not held by Companies House,legitimate interests (LIA required before contact),Companies House public API,2026-07-12T04:27:08+00:00
CALLEVA BUILDING SERVICES LTD,09756709,B_COMPLIANCE_DROWNED,micro filer (micro-entity),ltd,corporate subscriber,2015-09-01,micro-entity,"accounts category, NOT turnover",43210,"18 Stratfield Avenue, Tadley, Hampshire",RG26 3UD,https://find-and-update.company-information.service.gov.uk/company/09756709,,TO BE ENRICHED — not held by Companies House,legitimate interests (LIA required before contact),Companies House public API,2026-07-12T04:27:09+00:00
S J ROSE ELECTRICAL CONTRACTORS LTD,09924782,B_COMPLIANCE_DROWNED,micro filer (micro-entity),ltd,corporate subscriber,2015-12-21,micro-entity,"accounts category, NOT turnover",43210,"25 Highfield Avenue, Melton Mowbray, Leicestershire",LE13 0NQ,https://find-and-update.company-information.service.gov.uk/company/09924782,,TO BE ENRICHED — not held by Companies House,legitimate interests (LIA required before contact),Companies House public API,2026-07-12T04:27:10+00:00
BUXTON ELECTRICAL CONTRACTORS LTD,10110489,B_COMPLIANCE_DROWNED,micro filer (micro-entity),ltd,corporate subscriber,2016-04-07,micro-entity,"accounts category, NOT turnover",43210,"48 Manchester Road, Buxton, Derbyshire",SK17 6SY,https://find-and-update.company-information.service.gov.uk/company/10110489,,TO BE ENRICHED — not held by Companies House,legitimate interests (LIA required before contact),Companies House public API,2026-07-12T04:27:11+00:00
LUCAS LARMOND ELECTRICAL SERVICES LTD,10116419,A_CEILING_HIT,"established 2016, total-exemption-full filer",ltd,corporate subscriber,2016-04-11,total-exemption-full,"accounts category, NOT turnover",43210; 61100; 61200; 61900,"Flat 2 40 Daysbrook Road, London",SW2 3BF,https://find-and-update.company-information.service.gov.uk/company/10116419,,TO BE ENRICHED — not held by Companies House,legitimate interests (LIA required before contact),Companies House public API,2026-07-12T04:27:11+00:00
INCONSTRUCT SERVICES LTD,09983396,B_COMPLIANCE_DROWNED,micro filer (micro-entity),ltd,corporate subscriber,2016-02-02,micro-entity,"accounts category, NOT turnover",43290,"Flat 1 High Street, 34b Lincoln House, Harpenden",AL5 2SX,https://find-and-update.company-information.service.gov.uk/company/09983396,,TO BE ENRICHED — not held by Companies House,legitimate interests (LIA required before contact),Companies House public API,2026-07-12T04:27:12+00:00
HENRY GREEN PLUMBING & HEATING SOLUTIONS LTD,11220485,B_COMPLIANCE_DROWNED,micro filer (micro-entity),ltd,corporate subscriber,2018-02-22,micro-entity,"accounts category, NOT turnover",43220,"C/O Ayling Ware Ltd, 48, Spelthorne Lane, Ashford",TW15 1UJ,https://find-and-update.company-information.service.gov.uk/company/11220485,,TO BE ENRICHED — not held by Companies House,legitimate interests (LIA required before contact),Companies House public API,2026-07-12T04:27:13+00:00
AP WOOD LIMITED,10682172,B_COMPLIANCE_DROWNED,micro filer (micro-entity),ltd,corporate subscriber,2017-03-21,micro-entity,"accounts category, NOT turnover",43210,"10 Meadow Street Avonmouth, Bristol",BS11 9AR,https://find-and-update.company-information.service.gov.uk/company/10682172,,TO BE ENRICHED — not held by Companies House,legitimate interests (LIA required before contact),Companies House public API,2026-07-12T04:27:13+00:00
RPTILER LTD,10707163,A_CEILING_HIT,"established 2017, total-exemption-full filer",ltd,corporate subscriber,2017-04-04,total-exemption-full,"accounts category, NOT turnover",41202; 43290; 43390; 43999,"10 Betterton Road, Rainham",RM13 8NA,https://find-and-update.company-information.service.gov.uk/company/10707163,,TO BE ENRICHED — not held by Companies House,legitimate interests (LIA required before contact),Companies House public API,2026-07-12T04:27:14+00:00
OLYMPUS ELECTRICAL & BUILDING SERVICES LTD,10656075,A_CEILING_HIT,"established 2017, total-exemption-full filer",ltd,corporate subscriber,2017-03-07,total-exemption-full,"accounts category, NOT turnover",43210; 43290; 96090,"1 Britten Close, Langdon Hills, Basildon",SS16 6TB,https://find-and-update.company-information.service.gov.uk/company/10656075,,TO BE ENRICHED — not held by Companies House,legitimate interests (LIA required before contact),Companies House public API,2026-07-12T04:27:15+00:00
R&M THERMAL INSULATIONS LTD,10771220,B_COMPLIANCE_DROWNED,micro filer (micro-entity),ltd,corporate subscriber,2017-05-15,micro-entity,"accounts category, NOT turnover",43290,"10771220 - COMPANIES HOUSE DEFAULT ADDRESS, Cardiff",CF14 8LH,https://find-and-update.company-information.service.gov.uk/company/10771220,,TO BE ENRICHED — not held by Companies House,legitimate interests (LIA required before contact),Companies House public API,2026-07-12T04:27:15+00:00
HUGHES HEATING & GAS MAINTENANCE LTD,13571129,B_COMPLIANCE_DROWNED,micro filer (micro-entity),ltd,corporate subscriber,2021-08-17,micro-entity,"accounts category, NOT turnover",43290,"13 Trinity Square, Llandudno, Conwy",LL30 2RB,https://find-and-update.company-information.service.gov.uk/company/13571129,,TO BE ENRICHED — not held by Companies House,legitimate interests (LIA required before contact),Companies House public API,2026-07-12T04:27:16+00:00
GREATEST ON EARTH LTD,11292698,B_COMPLIANCE_DROWNED,micro filer (micro-entity),ltd,corporate subscriber,2018-04-05,micro-entity,"accounts category, NOT turnover",43210,"19 Court Road, Bedlington",NE22 7LD,https://find-and-update.company-information.service.gov.uk/company/11292698,,TO BE ENRICHED — not held by Companies House,legitimate interests (LIA required before contact),Companies House public API,2026-07-12T04:27:17+00:00
INTER SPECTRUM LTD,11199515,B_COMPLIANCE_DROWNED,micro filer (micro-entity),ltd,corporate subscriber,2018-02-12,micro-entity,"accounts category, NOT turnover",41202; 42120; 42220; 43210,"128 City Road, London",EC1V 2NX,https://find-and-update.company-information.service.gov.uk/company/11199515,,TO BE ENRICHED — not held by Companies House,legitimate interests (LIA required before contact),Companies House public API,2026-07-12T04:27:17+00:00
KEARNEY ELECTRICAL LIMITED,11206868,A_CEILING_HIT,"established 2018, total-exemption-full filer",ltd,corporate subscriber,2018-02-14,total-exemption-full,"accounts category, NOT turnover",43210,"25 Darlington Road, Manchester",M20 1JB,https://find-and-update.company-information.service.gov.uk/company/11206868,,TO BE ENRICHED — not held by Companies House,legitimate interests (LIA required before contact),Companies House public API,2026-07-12T04:27:18+00:00
DULOVO LTD,11304068,B_COMPLIANCE_DROWNED,micro filer (micro-entity),ltd,corporate subscriber,2018-04-11,micro-entity,"accounts category, NOT turnover",43210,"66 Whatley Avenue, London",SW20 9NS,https://find-and-update.company-information.service.gov.uk/company/11304068,,TO BE ENRICHED — not held by Companies House,legitimate interests (LIA required before contact),Companies House public API,2026-07-12T04:27:19+00:00
SAFE BRIGHT LIMITED,11187150,A_CEILING_HIT,"established 2018, total-exemption-full filer",ltd,corporate subscriber,2018-02-05,total-exemption-full,"accounts category, NOT turnover",43210,"The Masters House, 92a Arundel Street, Sheffield",S1 4RE,https://find-and-update.company-information.service.gov.uk/company/11187150,,TO BE ENRICHED — not held by Companies House,legitimate interests (LIA required before contact),Companies House public API,2026-07-12T04:27:19+00:00
MM FENCING AND ARENAS LTD,07242406,A_CEILING_HIT,"established 2010, total-exemption-full filer",ltd,corporate subscriber,2010-05-04,total-exemption-full,"accounts category, NOT turnover",43290,"69 Hurstbrook, Coppull, Chorley",PR7 4QX,https://find-and-update.company-information.service.gov.uk/company/07242406,,TO BE ENRICHED — not held by Companies House,legitimate interests (LIA required before contact),Companies House public API,2026-07-12T04:27:20+00:00
SUSSEX REFURBISHMENTS LTD,07164959,B_COMPLIANCE_DROWNED,micro filer (micro-entity),ltd,corporate subscriber,2010-02-22,micro-entity,"accounts category, NOT turnover",43220; 43330; 43341; 43390,"5 Clinch Green Avenue, Bexhill-On-Sea, East Sussex",TN39 5HN,https://find-and-update.company-information.service.gov.uk/company/07164959,,TO BE ENRICHED — not held by Companies House,legitimate interests (LIA required before contact),Companies House public API,2026-07-12T04:27:21+00:00
ELITE ELECTRICAL CONNECT LIMITED,07789330,A_CEILING_HIT,"established 2011, total-exemption-full filer",ltd,corporate subscriber,2011-09-27,total-exemption-full,"accounts category, NOT turnover",43210,"3 Kensworth Gate, 200-204 High Street South, Dunstable, Beds",LU6 3HS,https://find-and-update.company-information.service.gov.uk/company/07789330,,TO BE ENRICHED — not held by Companies House,legitimate interests (LIA required before contact),Companies House public API,2026-07-12T04:27:22+00:00
UNIVERSAL PIPEWORK LIMITED,07590691,A_CEILING_HIT,"established 2011, total-exemption-full filer",ltd,corporate subscriber,2011-04-04,total-exemption-full,"accounts category, NOT turnover",43220,"32 Lumina Way, Enfield",EN1 1FS,https://find-and-update.company-information.service.gov.uk/company/07590691,,TO BE ENRICHED — not held by Companies House,legitimate interests (LIA required before contact),Companies House public API,2026-07-12T04:27:22+00:00
IPD AQUARIUS LTD,06573500,B_COMPLIANCE_DROWNED,micro filer (micro-entity),ltd,corporate subscriber,2008-04-22,micro-entity,"accounts category, NOT turnover",43220,"357 Greenford Avenue, Hanwell, London",W7 1JJ,https://find-and-update.company-information.service.gov.uk/company/06573500,,TO BE ENRICHED — not held by Companies House,legitimate interests (LIA required before contact),Companies House public API,2026-07-12T04:27:23+00:00
M.S.B. INTERIORS LTD,05850592,A_CEILING_HIT,"established 2006, total-exemption-full filer",ltd,corporate subscriber,2006-06-19,total-exemption-full,"accounts category, NOT turnover",43210,"8 High Street, Heathfield, East Sussex",TN21 8LS,https://find-and-update.company-information.service.gov.uk/company/05850592,,TO BE ENRICHED — not held by Companies House,legitimate interests (LIA required before contact),Companies House public API,2026-07-12T04:27:24+00:00
W.T. LEASING LIMITED,05576801,A_CEILING_HIT,"established 2005, total-exemption-full filer",ltd,corporate subscriber,2005-09-28,total-exemption-full,"accounts category, NOT turnover",43290; 47990,"Sunny Bank Southwood, Baldwins Gate, Newcastle-Under-Lyme, Staffordshire",ST5 5EY,https://find-and-update.company-information.service.gov.uk/company/05576801,,TO BE ENRICHED — not held by Companies House,legitimate interests (LIA required before contact),Companies House public API,2026-07-12T04:27:24+00:00
MULGRAVE HEATING LIMITED,04655729,B_COMPLIANCE_DROWNED,micro filer (micro-entity),ltd,corporate subscriber,2003-02-04,micro-entity,"accounts category, NOT turnover",43220; 68209,"55 Mulgrave Road, Sutton, Surrey",SM2 6LR,https://find-and-update.company-information.service.gov.uk/company/04655729,,TO BE ENRICHED — not held by Companies House,legitimate interests (LIA required before contact),Companies House public API,2026-07-12T04:27:25+00:00
HOME FIRE PROTECTION SCOTLAND LTD,SC641221,B_COMPLIANCE_DROWNED,micro filer (micro-entity),ltd,corporate subscriber,2019-09-11,micro-entity,"accounts category, NOT turnover",43210,"3a Moss Street, Paisley",PA1 1BG,https://find-and-update.company-information.service.gov.uk/company/SC641221,,TO BE ENRICHED — not held by Companies House,legitimate interests (LIA required before contact),Companies House public API,2026-07-12T04:27:26+00:00
EUROCAM FACILITIES MANAGEMENT LIMITED,SC640595,UNCLASSIFIED,no accounts filed yet — cannot size,ltd,corporate subscriber,2019-09-03,none,"accounts category, NOT turnover",43210,"201-211 Wallace Street, Glasgow",G5 8NT,https://find-and-update.company-information.service.gov.uk/company/SC640595,,TO BE ENRICHED — not held by Companies House,legitimate interests (LIA required before contact),Companies House public API,2026-07-12T04:27:26+00:00
DOOR STORE SCOTLAND LIMITED,SC654085,UNCLASSIFIED,no accounts filed yet — cannot size,ltd,corporate subscriber,2020-02-10,none,"accounts category, NOT turnover",43290,"35 Commerce Street, Glasgow",G5 8AB,https://find-and-update.company-information.service.gov.uk/company/SC654085,,TO BE ENRICHED — not held by Companies House,legitimate interests (LIA required before contact),Companies House public API,2026-07-12T04:27:27+00:00
DTC FUTURE INDUSTRIES LTD,SC650349,A_CEILING_HIT,"established 2019, unaudited-abridged filer",ltd,corporate subscriber,2019-12-30,unaudited-abridged,"accounts category, NOT turnover",43210,"70 West Regent Street, Glasgow",G2 2QZ,https://find-and-update.company-information.service.gov.uk/company/SC650349,,TO BE ENRICHED — not held by Companies House,legitimate interests (LIA required before contact),Companies House public API,2026-07-12T04:27:28+00:00
HACS AYRES LIMITED,10646273,B_COMPLIANCE_DROWNED,micro filer (micro-entity),ltd,corporate subscriber,2017-03-01,micro-entity,"accounts category, NOT turnover",43220,"8 St. Marys Road, Hook",RG27 8EZ,https://find-and-update.company-information.service.gov.uk/company/10646273,,TO BE ENRICHED — not held by Companies House,legitimate interests (LIA required before contact),Companies House public API,2026-07-12T04:27:28+00:00
KJM ENERGY LTD,SC642756,A_CEILING_HIT,"established 2019, total-exemption-full filer",ltd,corporate subscriber,2019-09-26,total-exemption-full,"accounts category, NOT turnover",43220; 43290,"2/1 82 Mitchell Street, Glasgow",G1 3NA,https://find-and-update.company-information.service.gov.uk/company/SC642756,,TO BE ENRICHED — not held by Companies House,legitimate interests (LIA required before contact),Companies House public API,2026-07-12T04:27:29+00:00
IMC PLUMBING LTD,SC640447,A_CEILING_HIT,"established 2019, total-exemption-full filer",ltd,corporate subscriber,2019-09-02,total-exemption-full,"accounts category, NOT turnover",41202; 43220; 43390; 43999,"148 Upper Craigour, Edinburgh, Midlothian",EH17 7SH,https://find-and-update.company-information.service.gov.uk/company/SC640447,,TO BE ENRICHED — not held by Companies House,legitimate interests (LIA required before contact),Companies House public API,2026-07-12T04:27:30+00:00
SIMPLE PLUMBING & HEATING LTD,SC652561,UNCLASSIFIED,no accounts filed yet — cannot size,ltd,corporate subscriber,2020-01-24,none,"accounts category, NOT turnover",43220,"32 Cable Depot Road, Clydebank",G81 1UF,https://find-and-update.company-information.service.gov.uk/company/SC652561,,TO BE ENRICHED — not held by Companies House,legitimate interests (LIA required before contact),Companies House public API,2026-07-12T04:27:31+00:00
RAIL EURO CONSULTING LTD,09014719,B_COMPLIANCE_DROWNED,micro filer (micro-entity),ltd,corporate subscriber,2014-04-28,micro-entity,"accounts category, NOT turnover",43290; 43390,"82 Green Hills, Harlow",CM20 3SY,https://find-and-update.company-information.service.gov.uk/company/09014719,,TO BE ENRICHED — not held by Companies House,legitimate interests (LIA required before contact),Companies House public API,2026-07-12T04:27:31+00:00
G.M.S. ELECTRICAL LTD,04437153,A_CEILING_HIT,"established 2002, total-exemption-full filer",ltd,corporate subscriber,2002-05-13,total-exemption-full,"accounts category, NOT turnover",43210,"109 South Eden Park Road, Beckenham, Kent",BR3 3AX,https://find-and-update.company-information.service.gov.uk/company/04437153,,TO BE ENRICHED — not held by Companies House,legitimate interests (LIA required before contact),Companies House public API,2026-07-12T04:27:32+00:00
FIREWORLD (TORQUAY) LTD,10148126,A_CEILING_HIT,"established 2016, total-exemption-full filer",ltd,corporate subscriber,2016-04-26,total-exemption-full,"accounts category, NOT turnover",43290; 47990,"3 Eagle Court, Woodland Road, Torquay",TQ2 7AT,https://find-and-update.company-information.service.gov.uk/company/10148126,,TO BE ENRICHED — not held by Companies House,legitimate interests (LIA required before contact),Companies House public API,2026-07-12T04:27:33+00:00
DYNAMIC COOLING SOLUTIONS LIMITED,08512117,B_COMPLIANCE_DROWNED,micro filer (micro-entity),ltd,corporate subscriber,2013-05-01,micro-entity,"accounts category, NOT turnover",43220,"26 Briar Road, Leicester, Leicestershire",LE5 2HA,https://find-and-update.company-information.service.gov.uk/company/08512117,,TO BE ENRICHED — not held by Companies House,legitimate interests (LIA required before contact),Companies House public API,2026-07-12T04:27:33+00:00
KILPATRICK BLANE SERVICES LIMITED,SC375563,A_CEILING_HIT,"established 2010, total-exemption-full filer",ltd,corporate subscriber,2010-03-25,total-exemption-full,"accounts category, NOT turnover",43290,"18 Crawfurd Street, Greenock",PA15 1LJ,https://find-and-update.company-information.service.gov.uk/company/SC375563,,TO BE ENRICHED — not held by Companies House,legitimate interests (LIA required before contact),Companies House public API,2026-07-12T04:27:34+00:00
NORFOLK NEW BUILD CARPENTRY LTD,13948047,B_COMPLIANCE_DROWNED,"young (2022), total-exemption-full filer",ltd,corporate subscriber,2022-03-01,total-exemption-full,"accounts category, NOT turnover",43290,"4 Norwich Road, Horning, Norwich",NR12 8LW,https://find-and-update.company-information.service.gov.uk/company/13948047,,TO BE ENRICHED — not held by Companies House,legitimate interests (LIA required before contact),Companies House public API,2026-07-12T04:27:35+00:00
WOOLFORD CONSTRUCTION LIMITED,09546764,A_CEILING_HIT,"established 2015, total-exemption-full filer",ltd,corporate subscriber,2015-04-16,total-exemption-full,"accounts category, NOT turnover",43120; 43290; 43390,"1 Cricklade Court, Old Town, Swindon, Wiltshire",SN1 3EY,https://find-and-update.company-information.service.gov.uk/company/09546764,,TO BE ENRICHED — not held by Companies House,legitimate interests (LIA required before contact),Companies House public API,2026-07-12T04:27:35+00:00
EMC LIGHTING AND ELECTRICAL LTD,09038773,A_CEILING_HIT,"established 2014, total-exemption-full filer",ltd,corporate subscriber,2014-05-14,total-exemption-full,"accounts category, NOT turnover",43210,"Grosvenor House, 45 The Downs, Altrincham, Cheshire",WA14 2QG,https://find-and-update.company-information.service.gov.uk/company/09038773,,TO BE ENRICHED — not held by Companies House,legitimate interests (LIA required before contact),Companies House public API,2026-07-12T04:27:36+00:00
DSS AUTO LIMITED,09425589,EXCLUDED_DORMANT,"dormant — not trading, not a buyer",ltd,corporate subscriber,2015-02-06,dormant,"accounts category, NOT turnover",41201; 43290; 43330; 43342,"28 Wedderburn Road Wedderburn Road, Barking, Essex",IG11 7XG,https://find-and-update.company-information.service.gov.uk/company/09425589,,TO BE ENRICHED — not held by Companies House,legitimate interests (LIA required before contact),Companies House public API,2026-07-12T04:27:37+00:00
D.T.WATKINS ELECTRICS LIMITED,09034397,B_COMPLIANCE_DROWNED,micro filer (micro-entity),ltd,corporate subscriber,2014-05-12,micro-entity,"accounts category, NOT turnover",43210,"169 High Street, Barnet, Herts",EN5 5SU,https://find-and-update.company-information.service.gov.uk/company/09034397,,TO BE ENRICHED — not held by Companies House,legitimate interests (LIA required before contact),Companies House public API,2026-07-12T04:27:37+00:00
STANFORD TECH SERVICES LTD,SC638474,A_CEILING_HIT,"established 2019, total-exemption-full filer",ltd,corporate subscriber,2019-08-12,total-exemption-full,"accounts category, NOT turnover",43210,"2 Lodge Park, Inverness",IV2 4YR,https://find-and-update.company-information.service.gov.uk/company/SC638474,,TO BE ENRICHED — not held by Companies House,legitimate interests (LIA required before contact),Companies House public API,2026-07-12T04:27:38+00:00
HERITAGE HOME COVER LIMITED,SC634594,UNCLASSIFIED,no accounts filed yet — cannot size,ltd,corporate subscriber,2019-06-27,none,"accounts category, NOT turnover",43290,"Hamilton House Strathaven Rural Centre, Whiteshawsgate, Strathaven",ML10 6SY,https://find-and-update.company-information.service.gov.uk/company/SC634594,,TO BE ENRICHED — not held by Companies House,legitimate interests (LIA required before contact),Companies House public API,2026-07-12T04:27:39+00:00
PITREAVIE ELECTRICAL SERVICES LTD,SC638368,A_CEILING_HIT,"established 2019, total-exemption-full filer",ltd,corporate subscriber,2019-08-08,total-exemption-full,"accounts category, NOT turnover",43210,"25 Pitreavie Place, Dundee",DD3 9ED,https://find-and-update.company-information.service.gov.uk/company/SC638368,,TO BE ENRICHED — not held by Companies House,legitimate interests (LIA required before contact),Companies House public API,2026-07-12T04:27:39+00:00
HEAT HOME WOS LTD,SC631182,UNCLASSIFIED,no accounts filed yet — cannot size,ltd,corporate subscriber,2019-05-22,none,"accounts category, NOT turnover",43220,"34 Carrick Avenue, Saltcoats",KA21 6DZ,https://find-and-update.company-information.service.gov.uk/company/SC631182,,TO BE ENRICHED — not held by Companies House,legitimate interests (LIA required before contact),Companies House public API,2026-07-12T04:27:40+00:00
SCOTGAS GROUP LIMITED,SC637187,B_COMPLIANCE_DROWNED,micro filer (micro-entity),ltd,corporate subscriber,2019-07-26,micro-entity,"accounts category, NOT turnover",43220,"Block 1, Unit A Smeaton Road, West Gourdie Industrial Estate, Dundee, Angus",DD2 4UT,https://find-and-update.company-information.service.gov.uk/company/SC637187,,TO BE ENRICHED — not held by Companies House,legitimate interests (LIA required before contact),Companies House public API,2026-07-12T04:27:41+00:00
SUPREME INNOVATIVE SOLUTIONS LIMITED,SC637064,UNCLASSIFIED,no accounts filed yet — cannot size,ltd,corporate subscriber,2019-07-25,none,"accounts category, NOT turnover",43210; 43220; 43310; 43320,"24 Alness Crescent Glasgow, Alness Crescent, Glasgow",G52 1PJ,https://find-and-update.company-information.service.gov.uk/company/SC637064,,TO BE ENRICHED — not held by Companies House,legitimate interests (LIA required before contact),Companies House public API,2026-07-12T04:27:42+00:00
SCOTIA PIPE SERICES LTD,SC638190,A_CEILING_HIT,"established 2019, total-exemption-full filer",ltd,corporate subscriber,2019-08-07,total-exemption-full,"accounts category, NOT turnover",43220,"50 Izatt Avenue, Dunfermline, Fife",KY11 3BJ,https://find-and-update.company-information.service.gov.uk/company/SC638190,,TO BE ENRICHED — not held by Companies House,legitimate interests (LIA required before contact),Companies House public API,2026-07-12T04:27:42+00:00
KINETIC GAS SERVICES LTD,SC638337,B_COMPLIANCE_DROWNED,micro filer (micro-entity),ltd,corporate subscriber,2019-08-08,micro-entity,"accounts category, NOT turnover",43220,"Unit 3 Morris Park, 37 Rosyth Road, Glasgow",G5 0YE,https://find-and-update.company-information.service.gov.uk/company/SC638337,,TO BE ENRICHED — not held by Companies House,legitimate interests (LIA required before contact),Companies House public API,2026-07-12T04:27:43+00:00
ANDREW D SCOTT LTD,SC638455,A_CEILING_HIT,"established 2019, total-exemption-full filer",ltd,corporate subscriber,2019-08-09,total-exemption-full,"accounts category, NOT turnover",43210,"1 Brora Place, Crossford, Dunfermline",KY12 8YP,https://find-and-update.company-information.service.gov.uk/company/SC638455,,TO BE ENRICHED — not held by Companies House,legitimate interests (LIA required before contact),Companies House public API,2026-07-12T04:27:44+00:00
SATURN PLUMBING AND HEATING LIMITED,04711993,B_COMPLIANCE_DROWNED,micro filer (micro-entity),ltd,corporate subscriber,2003-03-26,micro-entity,"accounts category, NOT turnover",43220,"1 Craftsman Square, Temple Farm Industrial Estate, Southend-On-Sea",SS2 5RH,https://find-and-update.company-information.service.gov.uk/company/04711993,,TO BE ENRICHED — not held by Companies House,legitimate interests (LIA required before contact),Companies House public API,2026-07-12T04:27:44+00:00
ORBIS ENERGY INNOVATIONS LTD,SC649220,B_COMPLIANCE_DROWNED,micro filer (micro-entity),ltd,corporate subscriber,2019-12-09,micro-entity,"accounts category, NOT turnover",43290,"Morven,, Kingswells, Aberdeen",AB15 8PY,https://find-and-update.company-information.service.gov.uk/company/SC649220,,TO BE ENRICHED — not held by Companies House,legitimate interests (LIA required before contact),Companies House public API,2026-07-12T04:27:45+00:00
DMR MECHANICAL LTD,NI652931,A_CEILING_HIT,"established 2018, unaudited-abridged filer",ltd,corporate subscriber,2018-05-10,unaudited-abridged,"accounts category, NOT turnover",43220,"115 Aughrim Road, Castledawson, Magherafelt",BT45 8HB,https://find-and-update.company-information.service.gov.uk/company/NI652931,,TO BE ENRICHED — not held by Companies House,legitimate interests (LIA required before contact),Companies House public API,2026-07-12T04:27:46+00:00
CPF ELECTRICAL SERVICES LIMITED,10583020,A_CEILING_HIT,"established 2017, total-exemption-full filer",ltd,corporate subscriber,2017-01-25,total-exemption-full,"accounts category, NOT turnover",43210,"31 St. Georges Walk, Allhallows, Rochester",ME3 9PP,https://find-and-update.company-information.service.gov.uk/company/10583020,,TO BE ENRICHED — not held by Companies House,legitimate interests (LIA required before contact),Companies House public API,2026-07-12T04:27:46+00:00
ANTHONY STAINES LIMITED,10157388,B_COMPLIANCE_DROWNED,micro filer (micro-entity),ltd,corporate subscriber,2016-04-30,micro-entity,"accounts category, NOT turnover",43220,"The Coach House, Unit 42, 66-70 Bourne Road, Bexley, Kent",DA5 1LU,https://find-and-update.company-information.service.gov.uk/company/10157388,,TO BE ENRICHED — not held by Companies House,legitimate interests (LIA required before contact),Companies House public API,2026-07-12T04:27:47+00:00
PLUMMER ELECTRICAL & ROPE ACCESS LTD,10375054,B_COMPLIANCE_DROWNED,micro filer (micro-entity),ltd,corporate subscriber,2016-09-14,micro-entity,"accounts category, NOT turnover",43210,"6 Neptune Court, Hallam Way, Blackpool",FY4 5LZ,https://find-and-update.company-information.service.gov.uk/company/10375054,,TO BE ENRICHED — not held by Companies House,legitimate interests (LIA required before contact),Companies House public API,2026-07-12T04:27:48+00:00
EASTARC SERVICES LIMITED,10339427,EXCLUDED_DORMANT,"dormant — not trading, not a buyer",ltd,corporate subscriber,2016-08-22,dormant,"accounts category, NOT turnover",43210; 43220,"71-75 Shelton Street, Covent Garden, London",WC2H 9JQ,https://find-and-update.company-information.service.gov.uk/company/10339427,,TO BE ENRICHED — not held by Companies House,legitimate interests (LIA required before contact),Companies House public API,2026-07-12T04:27:48+00:00
WAITING LIST SERVICES LTD,10335354,EXCLUDED_DORMANT,"dormant — not trading, not a buyer",ltd,corporate subscriber,2016-08-18,dormant,"accounts category, NOT turnover",41201; 41202; 43290; 43999,"14a Missouri Avenue, Salford",M50 2NP,https://find-and-update.company-information.service.gov.uk/company/10335354,,TO BE ENRICHED — not held by Companies House,legitimate interests (LIA required before contact),Companies House public API,2026-07-12T04:27:49+00:00
ECO GREEN CONTRACTS LTD,10204643,A_CEILING_HIT,"established 2016, total-exemption-full filer",ltd,corporate subscriber,2016-05-27,total-exemption-full,"accounts category, NOT turnover",43290; 43310; 43341,"41 Mere Road, Leicester",LE5 3HS,https://find-and-update.company-information.service.gov.uk/company/10204643,,TO BE ENRICHED — not held by Companies House,legitimate interests (LIA required before contact),Companies House public API,2026-07-12T04:27:50+00:00
JED ELECTRICAL CONTRACTS LTD,NI659738,B_COMPLIANCE_DROWNED,micro filer (micro-entity),ltd,corporate subscriber,2019-03-13,micro-entity,"accounts category, NOT turnover",43210,"24 Knoxs Hill, Armagh",BT60 2HP,https://find-and-update.company-information.service.gov.uk/company/NI659738,,TO BE ENRICHED — not held by Companies House,legitimate interests (LIA required before contact),Companies House public API,2026-07-12T04:27:51+00:00
WORTLEY WINDOWS & DOORS LIMITED,13377953,B_COMPLIANCE_DROWNED,micro filer (micro-entity),ltd,corporate subscriber,2021-05-05,micro-entity,"accounts category, NOT turnover",43290,"25-29 Sandy Way, Yeadon, Leeds, West Yorkshire",LS19 7EW,https://find-and-update.company-information.service.gov.uk/company/13377953,,TO BE ENRICHED — not held by Companies House,legitimate interests (LIA required before contact),Companies House public API,2026-07-12T04:27:51+00:00
NATIONAL PLUMBERS DIRECT LTD,12525821,B_COMPLIANCE_DROWNED,micro filer (micro-entity),ltd,corporate subscriber,2020-03-19,micro-entity,"accounts category, NOT turnover",43210; 43220,"71-75 Shelton Street, Covent Garden, London",WC2H 9JQ,https://find-and-update.company-information.service.gov.uk/company/12525821,,TO BE ENRICHED — not held by Companies House,legitimate interests (LIA required before contact),Companies House public API,2026-07-12T04:27:52+00:00
AAPLUMBING&HEATING LTD,12343421,A_CEILING_HIT,"established 2019, total-exemption-full filer",ltd,corporate subscriber,2019-12-02,total-exemption-full,"accounts category, NOT turnover",43220,"15 Woodbridge Court Vicarage Road, Woodford Green",IG8 8NL,https://find-and-update.company-information.service.gov.uk/company/12343421,,TO BE ENRICHED — not held by Companies House,legitimate interests (LIA required before contact),Companies House public API,2026-07-12T04:27:53+00:00
C S CABLING LIMITED,06592366,B_COMPLIANCE_DROWNED,micro filer (micro-entity),ltd,corporate subscriber,2008-05-14,micro-entity,"accounts category, NOT turnover",43210,"308 High Street, Croydon, Surrey",CR0 1NG,https://find-and-update.company-information.service.gov.uk/company/06592366,,TO BE ENRICHED — not held by Companies House,legitimate interests (LIA required before contact),Companies House public API,2026-07-12T04:27:53+00:00
BLACK SQUARE (HERTS) LIMITED,12334287,B_COMPLIANCE_DROWNED,micro filer (micro-entity),ltd,corporate subscriber,2019-11-26,micro-entity,"accounts category, NOT turnover",43290,"Flat 205a, 19 Station Road, Barnet",EN5 1QJ,https://find-and-update.company-information.service.gov.uk/company/12334287,,TO BE ENRICHED — not held by Companies House,legitimate interests (LIA required before contact),Companies House public API,2026-07-12T04:27:54+00:00
HS ELECTRICAL CONTRACTORS LTD,09570087,A_CEILING_HIT,"established 2015, total-exemption-full filer",ltd,corporate subscriber,2015-04-30,total-exemption-full,"accounts category, NOT turnover",43210,"Abacus House, 68a North Street, Romford",RM1 1DA,https://find-and-update.company-information.service.gov.uk/company/09570087,,TO BE ENRICHED — not held by Companies House,legitimate interests (LIA required before contact),Companies House public API,2026-07-12T04:27:55+00:00
G P H SERVICES LIMITED,12348582,B_COMPLIANCE_DROWNED,micro filer (micro-entity),ltd,corporate subscriber,2019-12-04,micro-entity,"accounts category, NOT turnover",43220,"23a The Precinct, London Road, Waterlooville, Hampshire",,https://find-and-update.company-information.service.gov.uk/company/12348582,,TO BE ENRICHED — not held by Companies House,legitimate interests (LIA required before contact),Companies House public API,2026-07-12T04:27:55+00:00
STAR BRIDGE INTERIOR LIMITED,15719477,B_COMPLIANCE_DROWNED,micro filer (micro-entity),ltd,corporate subscriber,2024-05-14,micro-entity,"accounts category, NOT turnover",43290,"15 Orchid Drive, Bisley, Woking",GU24 9SB,https://find-and-update.company-information.service.gov.uk/company/15719477,,TO BE ENRICHED — not held by Companies House,legitimate interests (LIA required before contact),Companies House public API,2026-07-12T04:27:56+00:00
QUALITY REPAIRS LTD,12355442,B_COMPLIANCE_DROWNED,micro filer (micro-entity),ltd,corporate subscriber,2019-12-09,micro-entity,"accounts category, NOT turnover",43210,"34 Brent Way, Wembley",HA9 6JN,https://find-and-update.company-information.service.gov.uk/company/12355442,,TO BE ENRICHED — not held by Companies House,legitimate interests (LIA required before contact),Companies House public API,2026-07-12T04:27:57+00:00
VKMRINKOV ENGINEERING LTD,12342598,A_CEILING_HIT,"established 2019, total-exemption-full filer",ltd,corporate subscriber,2019-12-02,total-exemption-full,"accounts category, NOT turnover",41100; 41202; 43220; 43390,"34 Finsbury Road, London",N22 8PD,https://find-and-update.company-information.service.gov.uk/company/12342598,,TO BE ENRICHED — not held by Companies House,legitimate interests (LIA required before contact),Companies House public API,2026-07-12T04:27:57+00:00
GREG BUILDERS (EM) LIMITED,12347387,B_COMPLIANCE_DROWNED,micro filer (micro-entity),ltd,corporate subscriber,2019-12-04,micro-entity,"accounts category, NOT turnover",43290,"10 Cheadle Close, Coventry, West Midlands",CV2 1RG,https://find-and-update.company-information.service.gov.uk/company/12347387,,TO BE ENRICHED — not held by Companies House,legitimate interests (LIA required before contact),Companies House public API,2026-07-12T04:27:58+00:00
HEATDIAL LTD,12959688,B_COMPLIANCE_DROWNED,micro filer (micro-entity),ltd,corporate subscriber,2020-10-19,micro-entity,"accounts category, NOT turnover",43220,"Fern Court Business Centre, Castlegate, Clitheroe, Lancashire",BB7 1AZ,https://find-and-update.company-information.service.gov.uk/company/12959688,,TO BE ENRICHED — not held by Companies House,legitimate interests (LIA required before contact),Companies House public API,2026-07-12T04:27:59+00:00
WHITTLE ELECTRICAL CONTRACTORS LIMITED,04206772,A_CEILING_HIT,"established 2001, total-exemption-full filer",ltd,corporate subscriber,2001-04-26,total-exemption-full,"accounts category, NOT turnover",43210,"Wellesley House, 204 London Road, Waterlooville, Hampshire",PO7 7AN,https://find-and-update.company-information.service.gov.uk/company/04206772,,TO BE ENRICHED — not held by Companies House,legitimate interests (LIA required before contact),Companies House public API,2026-07-12T04:28:00+00:00
BOILERCARE PLUMBING AND HEATING LTD,12241048,UNCLASSIFIED,no accounts filed yet — cannot size,ltd,corporate subscriber,2019-10-03,none,"accounts category, NOT turnover",43220,"23 Aconbury Avenue, Hereford",HR2 6HR,https://find-and-update.company-information.service.gov.uk/company/12241048,,TO BE ENRICHED — not held by Companies House,legitimate interests (LIA required before contact),Companies House public API,2026-07-12T04:28:00+00:00
PRO’S PLUMBING LTD,12246627,EXCLUDED_DORMANT,"dormant — not trading, not a buyer",ltd,corporate subscriber,2019-10-07,dormant,"accounts category, NOT turnover",43220,"168a Queens Road, London",E17 8PL,https://find-and-update.company-information.service.gov.uk/company/12246627,,TO BE ENRICHED — not held by Companies House,legitimate interests (LIA required before contact),Companies House public API,2026-07-12T04:28:01+00:00
MONISH RAJAGOPAL UK LTD,12252983,B_COMPLIANCE_DROWNED,micro filer (micro-entity),ltd,corporate subscriber,2019-10-09,micro-entity,"accounts category, NOT turnover",43210; 43290,"10 Popplewell Close, Belton, Doncaster",DN9 1TF,https://find-and-update.company-information.service.gov.uk/company/12252983,,TO BE ENRICHED — not held by Companies House,legitimate interests (LIA required before contact),Companies House public API,2026-07-12T04:28:02+00:00
YANIS BACILA LTD,12258766,EXCLUDED_DORMANT,"dormant — not trading, not a buyer",ltd,corporate subscriber,2019-10-12,dormant,"accounts category, NOT turnover",43220,"9b Walpole Road, Bournemouth, Dorset",BH1 4HA,https://find-and-update.company-information.service.gov.uk/company/12258766,,TO BE ENRICHED — not held by Companies House,legitimate interests (LIA required before contact),Companies House public API,2026-07-12T04:28:02+00:00
A C ELECTRICAL SERVICES ESSEX LIMITED,12260410,B_COMPLIANCE_DROWNED,micro filer (micro-entity),ltd,corporate subscriber,2019-10-14,micro-entity,"accounts category, NOT turnover",43210,"37 Boleyn Way Boreham, Chelmsford",CM3 3JJ,https://find-and-update.company-information.service.gov.uk/company/12260410,,TO BE ENRICHED — not held by Companies House,legitimate interests (LIA required before contact),Companies House public API,2026-07-12T04:28:03+00:00
IDEAL BOILER INSTALLATION LTD,12243305,A_CEILING_HIT,"established 2019, unaudited-abridged filer",ltd,corporate subscriber,2019-10-04,unaudited-abridged,"accounts category, NOT turnover",43220,"349 Chanterlands Avenue Chanterlands Avenue, Hull",HU5 4EB,https://find-and-update.company-information.service.gov.uk/company/12243305,,TO BE ENRICHED — not held by Companies House,legitimate interests (LIA required before contact),Companies House public API,2026-07-12T04:28:04+00:00
HOSS UK LIMITED,04787228,B_COMPLIANCE_DROWNED,micro filer (micro-entity),ltd,corporate subscriber,2003-06-04,micro-entity,"accounts category, NOT turnover",43220,"8 The Westbury Centre Suite 3, Westbury Road, Newcastle, Staffordshire",ST5 4LY,https://find-and-update.company-information.service.gov.uk/company/04787228,,TO BE ENRICHED — not held by Companies House,legitimate interests (LIA required before contact),Companies House public API,2026-07-12T04:28:04+00:00
P J ELECTRICAL LIMITED,03366967,A_CEILING_HIT,"established 1997, total-exemption-full filer",ltd,corporate subscriber,1997-05-08,total-exemption-full,"accounts category, NOT turnover",43210,"Warren End Petteridge Lane, Matfield, Tonbridge, Kent",TN12 7LP,https://find-and-update.company-information.service.gov.uk/company/03366967,,TO BE ENRICHED — not held by Companies House,legitimate interests (LIA required before contact),Companies House public API,2026-07-12T04:28:05+00:00
ADVANCED CONNECTIONS LIMITED,04641036,A_CEILING_HIT,"established 2003, total-exemption-full filer",ltd,corporate subscriber,2003-01-17,total-exemption-full,"accounts category, NOT turnover",43210,"Cornelius House, 178-180 Church Road, Hove, East Sussex",BN3 2DJ,https://find-and-update.company-information.service.gov.uk/company/04641036,,TO BE ENRICHED — not held by Companies House,legitimate interests (LIA required before contact),Companies House public API,2026-07-12T04:28:06+00:00
JMGL ELECTRICAL LTD,12150802,EXCLUDED_DORMANT,"dormant — not trading, not a buyer",ltd,corporate subscriber,2019-08-12,dormant,"accounts category, NOT turnover",43210,"11 Eylewood Road, London",SE27 9LZ,https://find-and-update.company-information.service.gov.uk/company/12150802,,TO BE ENRICHED — not held by Companies House,legitimate interests (LIA required before contact),Companies House public API,2026-07-12T04:28:07+00:00
ARLAS CONSTRUCTION LTD,15443698,B_COMPLIANCE_DROWNED,"young (2024), total-exemption-full filer",ltd,corporate subscriber,2024-01-25,total-exemption-full,"accounts category, NOT turnover",41202; 43210; 43220; 81300,"Hamilton House, 4a The Avenue, London",E4 9LD,https://find-and-update.company-information.service.gov.uk/company/15443698,,TO BE ENRICHED — not held by Companies House,legitimate interests (LIA required before contact),Companies House public API,2026-07-12T04:28:07+00:00
REFFELL ELECTRICAL LTD,14087630,B_COMPLIANCE_DROWNED,micro filer (micro-entity),ltd,corporate subscriber,2022-05-05,micro-entity,"accounts category, NOT turnover",43210,"9 Park Lane Business Centre Park Lane, Langham, Colchester",CO4 5WR,https://find-and-update.company-information.service.gov.uk/company/14087630,,TO BE ENRICHED — not held by Companies House,legitimate interests (LIA required before contact),Companies House public API,2026-07-12T04:28:08+00:00
EVO CHARGE LTD,12391852,UNCLASSIFIED,no accounts filed yet — cannot size,ltd,corporate subscriber,2020-01-08,none,"accounts category, NOT turnover",43210,"Waterloo House Back Street, Gayton, King's Lynn",PE32 1QR,https://find-and-update.company-information.service.gov.uk/company/12391852,,TO BE ENRICHED — not held by Companies House,legitimate interests (LIA required before contact),Companies House public API,2026-07-12T04:28:09+00:00
KPA COOLAIR SERVICES LTD,12389436,B_COMPLIANCE_DROWNED,micro filer (micro-entity),ltd,corporate subscriber,2020-01-07,micro-entity,"accounts category, NOT turnover",41202; 43220,"5 Teme Road, Southampton",SO16 9DG,https://find-and-update.company-information.service.gov.uk/company/12389436,,TO BE ENRICHED — not held by Companies House,legitimate interests (LIA required before contact),Companies House public API,2026-07-12T04:28:09+00:00
SEKAR ELECTRICAL SERVICES LTD,12389678,UNCLASSIFIED,no accounts filed yet — cannot size,ltd,corporate subscriber,2020-01-07,none,"accounts category, NOT turnover",43210; 43220,"6 Napier Court, Outram Road, Croydon",CR0 6XE,https://find-and-update.company-information.service.gov.uk/company/12389678,,TO BE ENRICHED — not held by Companies House,legitimate interests (LIA required before contact),Companies House public API,2026-07-12T04:28:10+00:00
MGM ELECTRICS MIDLANDS LTD,12404282,UNCLASSIFIED,no accounts filed yet — cannot size,ltd,corporate subscriber,2020-01-15,none,"accounts category, NOT turnover",43210,"Goodwins 6 Parkside Court, Greenhough Road, Lichfield, Staffordshire",WS13 7AU,https://find-and-update.company-information.service.gov.uk/company/12404282,,TO BE ENRICHED — not held by Companies House,legitimate interests (LIA required before contact),Companies House public API,2026-07-12T04:28:11+00:00
FAJRY PLUMBING AND ELECTRIC SERVICES LTD,12395827,UNCLASSIFIED,no accounts filed yet — cannot size,ltd,corporate subscriber,2020-01-10,none,"accounts category, NOT turnover",43220,"32a Park Parade, London",NW10 4JE,https://find-and-update.company-information.service.gov.uk/company/12395827,,TO BE ENRICHED — not held by Companies House,legitimate interests (LIA required before contact),Companies House public API,2026-07-12T04:28:11+00:00
CJA PLUMBING & HEATING LIMITED,12398272,UNCLASSIFIED,no accounts filed yet — cannot size,ltd,corporate subscriber,2020-01-13,none,"accounts category, NOT turnover",43220,"61 Bryn Street, Wigan",WN4 9AX,https://find-and-update.company-information.service.gov.uk/company/12398272,,TO BE ENRICHED — not held by Companies House,legitimate interests (LIA required before contact),Companies House public API,2026-07-12T04:28:12+00:00
GUMBAS PLUMBING & HEATING LTD,12395081,UNCLASSIFIED,no accounts filed yet — cannot size,ltd,corporate subscriber,2020-01-09,none,"accounts category, NOT turnover",43220,"22 Bellview Court Hanworth Road, Hounslow",TW3 3TQ,https://find-and-update.company-information.service.gov.uk/company/12395081,,TO BE ENRICHED — not held by Companies House,legitimate interests (LIA required before contact),Companies House public API,2026-07-12T04:28:13+00:00
EVERGREEN HOME SOLUTIONS GROUP LIMITED,12413518,UNCLASSIFIED,no accounts filed yet — cannot size,ltd,corporate subscriber,2020-01-20,none,"accounts category, NOT turnover",43290,"1a ,262 Ringwood Road, Poole, Dorset",BH14 0RS,https://find-and-update.company-information.service.gov.uk/company/12413518,,TO BE ENRICHED — not held by Companies House,legitimate interests (LIA required before contact),Companies House public API,2026-07-12T04:28:13+00:00
SJW PLUMBING & HEATING SERVICES LIMITED,12439850,A_CEILING_HIT,"established 2020, total-exemption-full filer",ltd,corporate subscriber,2020-02-03,total-exemption-full,"accounts category, NOT turnover",43220,"34 Waterloo Road, Wolverhampton",WV1 4DG,https://find-and-update.company-information.service.gov.uk/company/12439850,,TO BE ENRICHED — not held by Companies House,legitimate interests (LIA required before contact),Companies House public API,2026-07-12T04:28:14+00:00
ESSEX OIL AND GAS LTD,12432371,UNCLASSIFIED,no accounts filed yet — cannot size,ltd,corporate subscriber,2020-01-29,none,"accounts category, NOT turnover",43220,"176 Springfield Road, Chelmsford",CM2 6LG,https://find-and-update.company-information.service.gov.uk/company/12432371,,TO BE ENRICHED — not held by Companies House,legitimate interests (LIA required before contact),Companies House public API,2026-07-12T04:28:15+00:00
DIT PLUMBING LTD,12449945,UNCLASSIFIED,no accounts filed yet — cannot size,ltd,corporate subscriber,2020-02-07,none,"accounts category, NOT turnover",43220,"Flat 5, Shibden, Smithfield Road, Market Drayton",TF9 1EP,https://find-and-update.company-information.service.gov.uk/company/12449945,,TO BE ENRICHED — not held by Companies House,legitimate interests (LIA required before contact),Companies House public API,2026-07-12T04:28:15+00:00
MELLISH INDUSTRIAL SYSTEMS LTD,SC596431,B_COMPLIANCE_DROWNED,micro filer (micro-entity),ltd,corporate subscriber,2018-05-08,micro-entity,"accounts category, NOT turnover",33140; 43210,"28 Broad Street, Peterhead, Aberdeenshire",AB42 1BY,https://find-and-update.company-information.service.gov.uk/company/SC596431,,TO BE ENRICHED — not held by Companies House,legitimate interests (LIA required before contact),Companies House public API,2026-07-12T04:28:16+00:00
ELLIPSE GROUP LTD,12315466,EXCLUDED_DORMANT,"dormant — not trading, not a buyer",ltd,corporate subscriber,2019-11-14,dormant,"accounts category, NOT turnover",43290; 43342,"Brooklands House, 9 Petersfield Ave, Slough, Berks",SL2 5DY,https://find-and-update.company-information.service.gov.uk/company/12315466,,TO BE ENRICHED — not held by Companies House,legitimate interests (LIA required before contact),Companies House public API,2026-07-12T04:28:17+00:00
VIEWSCOPE3D LTD,12318604,UNCLASSIFIED,no accounts filed yet — cannot size,ltd,corporate subscriber,2019-11-18,none,"accounts category, NOT turnover",43290; 68320; 71111,"12 Brancaster Drive, London",NW7 2SH,https://find-and-update.company-information.service.gov.uk/company/12318604,,TO BE ENRICHED — not held by Companies House,legitimate interests (LIA required before contact),Companies House public API,2026-07-12T04:28:18+00:00
S AND J ELECTRICAL SERVICES ESSEX LIMITED,12330968,A_CEILING_HIT,"established 2019, total-exemption-full filer",ltd,corporate subscriber,2019-11-25,total-exemption-full,"accounts category, NOT turnover",43210,"Top Floor Claridon House, London Road, Stanford Le Hope, Essex",SS17 0JU,https://find-and-update.company-information.service.gov.uk/company/12330968,,TO BE ENRICHED — not held by Companies House,legitimate interests (LIA required before contact),Companies House public API,2026-07-12T04:28:18+00:00
DON. W ELECTRICAL LIMITED,12325069,A_CEILING_HIT,"established 2019, total-exemption-full filer",ltd,corporate subscriber,2019-11-20,total-exemption-full,"accounts category, NOT turnover",43210,"4 Capricorn Centre, Cranes Farm Road, Basildon, Essex",SS14 3JJ,https://find-and-update.company-information.service.gov.uk/company/12325069,,TO BE ENRICHED — not held by Companies House,legitimate interests (LIA required before contact),Companies House public API,2026-07-12T04:28:19+00:00
MANTA MANAGEMENT LTD,12397527,EXCLUDED_DORMANT,"dormant — not trading, not a buyer",ltd,corporate subscriber,2020-01-10,dormant,"accounts category, NOT turnover",41201; 41202; 42120; 43220,"79 Raines Court, Middlesbrough",TS4 2AN,https://find-and-update.company-information.service.gov.uk/company/12397527,,TO BE ENRICHED — not held by Companies House,legitimate interests (LIA required before contact),Companies House public API,2026-07-12T04:28:20+00:00
HARMONYZ LTD,11516883,B_COMPLIANCE_DROWNED,micro filer (micro-entity),ltd,corporate subscriber,2018-08-14,micro-entity,"accounts category, NOT turnover",43210; 43290; 43999,"C/O Ecotax Suite 3, 435 Cheetham Hill Road, Manchester",M8 0PF,https://find-and-update.company-information.service.gov.uk/company/11516883,,TO BE ENRICHED — not held by Companies House,legitimate interests (LIA required before contact),Companies House public API,2026-07-12T04:28:20+00:00
BLUE FLAME CONTRACTORS LIMITED,13919022,B_COMPLIANCE_DROWNED,micro filer (micro-entity),ltd,corporate subscriber,2022-02-16,micro-entity,"accounts category, NOT turnover",43220,"50 50 St Marys Crescent, Belsize Lane, London",NW4 4LH,https://find-and-update.company-information.service.gov.uk/company/13919022,,TO BE ENRICHED — not held by Companies House,legitimate interests (LIA required before contact),Companies House public API,2026-07-12T04:28:21+00:00
S.E.D. MANAGEMENT LTD,12426779,UNCLASSIFIED,no accounts filed yet — cannot size,ltd,corporate subscriber,2020-01-27,none,"accounts category, NOT turnover",43290,"3 Manor Fields, Dalton Piercy, Hartlepool",TS27 3JD,https://find-and-update.company-information.service.gov.uk/company/12426779,,TO BE ENRICHED — not held by Companies House,legitimate interests (LIA required before contact),Companies House public API,2026-07-12T04:28:22+00:00
NECK LTD,12295620,B_COMPLIANCE_DROWNED,micro filer (micro-entity),ltd,corporate subscriber,2019-11-04,micro-entity,"accounts category, NOT turnover",43220,"22 The Windsors, Buckhurst Hill",IG9 6DJ,https://find-and-update.company-information.service.gov.uk/company/12295620,,TO BE ENRICHED — not held by Companies House,legitimate interests (LIA required before contact),Companies House public API,2026-07-12T04:28:22+00:00
MARDOM LTD,12308131,A_CEILING_HIT,"established 2019, total-exemption-full filer",ltd,corporate subscriber,2019-11-11,total-exemption-full,"accounts category, NOT turnover",43290,"39 Lorton Close, Gravesend",DA12 4HA,https://find-and-update.company-information.service.gov.uk/company/12308131,,TO BE ENRICHED — not held by Companies House,legitimate interests (LIA required before contact),Companies House public API,2026-07-12T04:28:23+00:00
TGS INSTALL LIMITED,12297704,B_COMPLIANCE_DROWNED,micro filer (micro-entity),ltd,corporate subscriber,2019-11-04,micro-entity,"accounts category, NOT turnover",43290,"128 Wakefield Road, Pontefract, West Yorkshire",WF8 4DZ,https://find-and-update.company-information.service.gov.uk/company/12297704,,TO BE ENRICHED — not held by Companies House,legitimate interests (LIA required before contact),Companies House public API,2026-07-12T04:28:24+00:00
ELECSPUR LTD,12302590,UNCLASSIFIED,no accounts filed yet — cannot size,ltd,corporate subscriber,2019-11-07,none,"accounts category, NOT turnover",43210,"1 Lynn Road, Grimston, King's Lynn",PE32 1AG,https://find-and-update.company-information.service.gov.uk/company/12302590,,TO BE ENRICHED — not held by Companies House,legitimate interests (LIA required before contact),Companies House public API,2026-07-12T04:28:24+00:00
ELECMECH LTD,12378755,A_CEILING_HIT,"established 2019, unaudited-abridged filer",ltd,corporate subscriber,2019-12-27,unaudited-abridged,"accounts category, NOT turnover",43210,"71 Butcher Row, Witham, Essex",CM8 1YR,https://find-and-update.company-information.service.gov.uk/company/12378755,,TO BE ENRICHED — not held by Companies House,legitimate interests (LIA required before contact),Companies House public API,2026-07-12T04:28:25+00:00
PARKERS CARPENTRY LIMITED,12362240,UNCLASSIFIED,no accounts filed yet — cannot size,ltd,corporate subscriber,2019-12-13,none,"accounts category, NOT turnover",43290,"55 Postland Road, Crowland, Peterborough, Lincolnshire",PE6 0JB,https://find-and-update.company-information.service.gov.uk/company/12362240,,TO BE ENRICHED — not held by Companies House,legitimate interests (LIA required before contact),Companies House public API,2026-07-12T04:28:26+00:00
ALLPORT INSTALLATIONS LTD,12371511,A_CEILING_HIT,"established 2019, unaudited-abridged filer",ltd,corporate subscriber,2019-12-19,unaudited-abridged,"accounts category, NOT turnover",41100; 43290; 43390,"7 Horton Avenue, Stretton, Burton On Trent, Staffordshire",DE13 0DP,https://find-and-update.company-information.service.gov.uk/company/12371511,,TO BE ENRICHED — not held by Companies House,legitimate interests (LIA required before contact),Companies House public API,2026-07-12T04:28:27+00:00
1ST CHOICE FACILITIES LTD,12381446,EXCLUDED_DORMANT,"dormant — not trading, not a buyer",ltd,corporate subscriber,2019-12-31,dormant,"accounts category, NOT turnover",43290,"Unit 17 Clovelly Works, Chelmsford Rd, Rawreth, Essex",SS11 8SY,https://find-and-update.company-information.service.gov.uk/company/12381446,,TO BE ENRICHED — not held by Companies House,legitimate interests (LIA required before contact),Companies House public API,2026-07-12T04:28:27+00:00
M&MF LIMITED,12363516,B_COMPLIANCE_DROWNED,micro filer (micro-entity),ltd,corporate subscriber,2019-12-13,micro-entity,"accounts category, NOT turnover",43220; 56290; 80200,"67 Hinchley Road, Manchester",M9 7FG,https://find-and-update.company-information.service.gov.uk/company/12363516,,TO BE ENRICHED — not held by Companies House,legitimate interests (LIA required before contact),Companies House public API,2026-07-12T04:28:28+00:00
CUBEDEVELOP LTD,12364228,A_CEILING_HIT,"established 2019, total-exemption-full filer",ltd,corporate subscriber,2019-12-16,total-exemption-full,"accounts category, NOT turnover",43290,"30 Bernwelle Avenue, Romford",RM3 9FA,https://find-and-update.company-information.service.gov.uk/company/12364228,,TO BE ENRICHED — not held by Companies House,legitimate interests (LIA required before contact),Companies House public API,2026-07-12T04:28:29+00:00
J & J FIRE SPRINKLER INSTALLATIONS LTD,12275053,B_COMPLIANCE_DROWNED,micro filer (micro-entity),ltd,corporate subscriber,2019-10-22,micro-entity,"accounts category, NOT turnover",43290,"13 Wellens Way, Middleton, Manchester, Greater Manchester",M24 4PB,https://find-and-update.company-information.service.gov.uk/company/12275053,,TO BE ENRICHED — not held by Companies House,legitimate interests (LIA required before contact),Companies House public API,2026-07-12T04:28:29+00:00
TRIPLE BB LIMITED,12268243,B_COMPLIANCE_DROWNED,micro filer (micro-entity),ltd,corporate subscriber,2019-10-17,micro-entity,"accounts category, NOT turnover",43210,"10 Western Road, Romford, Essex",RM1 3JT,https://find-and-update.company-information.service.gov.uk/company/12268243,,TO BE ENRICHED — not held by Companies House,legitimate interests (LIA required before contact),Companies House public API,2026-07-12T04:28:30+00:00
THOMAS CAVANAGH ELECTRICAL SERVICES LTD,12285350,EXCLUDED_DORMANT,"dormant — not trading, not a buyer",ltd,corporate subscriber,2019-10-28,dormant,"accounts category, NOT turnover",43210,"6 Overton Crescent, Hazel Grove, Stockport",SK7 4LF,https://find-and-update.company-information.service.gov.uk/company/12285350,,TO BE ENRICHED — not held by Companies House,legitimate interests (LIA required before contact),Companies House public API,2026-07-12T04:28:31+00:00
RJC SCENERY LIMITED,14136910,B_COMPLIANCE_DROWNED,micro filer (micro-entity),ltd,corporate subscriber,2022-05-27,micro-entity,"accounts category, NOT turnover",43290,"89 Hall Mead, Letchworth Garden City",SG6 4BS,https://find-and-update.company-information.service.gov.uk/company/14136910,,TO BE ENRICHED — not held by Companies House,legitimate interests (LIA required before contact),Companies House public API,2026-07-12T04:28:31+00:00
ALL ABOUT BOILERS LTD,15719417,B_COMPLIANCE_DROWNED,micro filer (micro-entity),ltd,corporate subscriber,2024-05-14,micro-entity,"accounts category, NOT turnover",43220,"6c Claringdon Road, Wallington",SM6 8QX,https://find-and-update.company-information.service.gov.uk/company/15719417,,TO BE ENRICHED — not held by Companies House,legitimate interests (LIA required before contact),Companies House public API,2026-07-12T04:28:32+00:00
L M AIR CONDITIONING (BRISTOL) LTD,12606178,B_COMPLIANCE_DROWNED,micro filer (micro-entity),ltd,corporate subscriber,2020-05-15,micro-entity,"accounts category, NOT turnover",43220,"7 Regent Street, Kingswood, Bristol",BS15 8JX,https://find-and-update.company-information.service.gov.uk/company/12606178,,TO BE ENRICHED — not held by Companies House,legitimate interests (LIA required before contact),Companies House public API,2026-07-12T04:28:33+00:00
KCM THERMAL INSULATION CONTRACTORS LTD,13547617,B_COMPLIANCE_DROWNED,"young (2021), total-exemption-full filer",ltd,corporate subscriber,2021-08-04,total-exemption-full,"accounts category, NOT turnover",43290,"Capital House, 272 Manchester Road, Droylsden, Manchester",M43 6PW,https://find-and-update.company-information.service.gov.uk/company/13547617,,TO BE ENRICHED — not held by Companies House,legitimate interests (LIA required before contact),Companies House public API,2026-07-12T04:28:33+00:00
KEYSTRUCT HOMES LTD,NI696615,EXCLUDED_DORMANT,"dormant — not trading, not a buyer",ltd,corporate subscriber,2023-04-24,dormant,"accounts category, NOT turnover",43290,"Unit 3 Win Business Park, Newry",BT35 6PH,https://find-and-update.company-information.service.gov.uk/company/NI696615,,TO BE ENRICHED — not held by Companies House,legitimate interests (LIA required before contact),Companies House public API,2026-07-12T04:28:34+00:00
ACADEMY BUILDING WORKS LTD,10624163,B_COMPLIANCE_DROWNED,micro filer (micro-entity),ltd,corporate subscriber,2017-02-16,micro-entity,"accounts category, NOT turnover",41201; 41202; 43290,"32a Bulstrode Avenue, Hounslow",TW3 3AB,https://find-and-update.company-information.service.gov.uk/company/10624163,,TO BE ENRICHED — not held by Companies House,legitimate interests (LIA required before contact),Companies House public API,2026-07-12T04:28:35+00:00
GOH ELECTRICAL CONTRACTS LTD,NI060442,B_COMPLIANCE_DROWNED,micro filer (micro-entity),ltd,corporate subscriber,2006-08-08,micro-entity,"accounts category, NOT turnover",43210,"30 Sandbank Road, Hilltown, Co Down",BT34 5XU,https://find-and-update.company-information.service.gov.uk/company/NI060442,,TO BE ENRICHED — not held by Companies House,legitimate interests (LIA required before contact),Companies House public API,2026-07-12T04:28:36+00:00
THESTAR LTD,15720436,EXCLUDED_DORMANT,"dormant — not trading, not a buyer",ltd,corporate subscriber,2024-05-14,dormant,"accounts category, NOT turnover",41202; 43290; 66120; 81210,"116 Star Lane, London",E16 4PR,https://find-and-update.company-information.service.gov.uk/company/15720436,,TO BE ENRICHED — not held by Companies House,legitimate interests (LIA required before contact),Companies House public API,2026-07-12T04:28:36+00:00
RATCLIFFE & SONS LTD,12925329,EXCLUDED_DORMANT,"dormant — not trading, not a buyer",ltd,corporate subscriber,2020-10-03,dormant,"accounts category, NOT turnover",43220,"7 Hill View Drive Hill View Drive, Coppull, Chorley",PR7 5DG,https://find-and-update.company-information.service.gov.uk/company/12925329,,TO BE ENRICHED — not held by Companies House,legitimate interests (LIA required before contact),Companies House public API,2026-07-12T04:28:37+00:00
NEWTEAM SERVICES LIMITED,05435354,A_CEILING_HIT,"established 2005, total-exemption-full filer",ltd,corporate subscriber,2005-04-26,total-exemption-full,"accounts category, NOT turnover",43220,"Unit 3 Fontley House Farm Iron Mill Lane, Titchfield, Fareham, Hampshire",PO15 6QT,https://find-and-update.company-information.service.gov.uk/company/05435354,,TO BE ENRICHED — not held by Companies House,legitimate interests (LIA required before contact),Companies House public API,2026-07-12T04:28:38+00:00
SMART GROUP (SCOTLAND) LTD,SC466792,A_CEILING_HIT,"established 2014, total-exemption-full filer",ltd,corporate subscriber,2014-01-07,total-exemption-full,"accounts category, NOT turnover",43220,"Solar House, 121 Deerdykes View, Cumbernauld",G68 9HN,https://find-and-update.company-information.service.gov.uk/company/SC466792,,TO BE ENRICHED — not held by Companies House,legitimate interests (LIA required before contact),Companies House public API,2026-07-12T04:28:38+00:00
BKP 86 LTD,10902217,B_COMPLIANCE_DROWNED,micro filer (micro-entity),ltd,corporate subscriber,2017-08-07,micro-entity,"accounts category, NOT turnover",43290,"87 Hervey Road, London",SE3 8BX,https://find-and-update.company-information.service.gov.uk/company/10902217,,TO BE ENRICHED — not held by Companies House,legitimate interests (LIA required before contact),Companies House public API,2026-07-12T04:28:39+00:00
TRANSFORM ENERGY MAINTENANCE SERVICES LIMITED,08505835,B_COMPLIANCE_DROWNED,micro filer (micro-entity),ltd,corporate subscriber,2013-04-26,micro-entity,"accounts category, NOT turnover",43210,"Unit 6 Lions Den Estate, Lions Den, Burntwood, Staffordshire",WS7 0LB,https://find-and-update.company-information.service.gov.uk/company/08505835,,TO BE ENRICHED — not held by Companies House,legitimate interests (LIA required before contact),Companies House public API,2026-07-12T04:28:40+00:00
HENDRE GAS SERVICES LTD,13345966,A_CEILING_HIT,"established 2021, total-exemption-full filer",ltd,corporate subscriber,2021-04-20,total-exemption-full,"accounts category, NOT turnover",43220,"11 St David Drive, Killay, Swansea",SA2 7EN,https://find-and-update.company-information.service.gov.uk/company/13345966,,TO BE ENRICHED — not held by Companies House,legitimate interests (LIA required before contact),Companies House public API,2026-07-12T04:28:40+00:00
PHS ELECTRICS LIMITED,12002022,B_COMPLIANCE_DROWNED,micro filer (micro-entity),ltd,corporate subscriber,2019-05-17,micro-entity,"accounts category, NOT turnover",43210,"Suite 4 Europa House Europa Way, Britannia Enterprise Park, Lichfield",WS14 9TZ,https://find-and-update.company-information.service.gov.uk/company/12002022,,TO BE ENRICHED — not held by Companies House,legitimate interests (LIA required before contact),Companies House public API,2026-07-12T04:28:41+00:00
EP SERVICES GLOBAL LIMITED,NI708567,B_COMPLIANCE_DROWNED,micro filer (micro-entity),ltd,corporate subscriber,2024-01-17,micro-entity,"accounts category, NOT turnover",42990; 43290,"98b Main Street, Larne",BT40 1RE,https://find-and-update.company-information.service.gov.uk/company/NI708567,,TO BE ENRICHED — not held by Companies House,legitimate interests (LIA required before contact),Companies House public API,2026-07-12T04:28:42+00:00
BICKERTON ELECTRICAL SERVICES LIMITED,10750739,B_COMPLIANCE_DROWNED,micro filer (micro-entity),ltd,corporate subscriber,2017-05-03,micro-entity,"accounts category, NOT turnover",43210,"3 Onslow Road, Portsmouth, Hampshire",PO5 2NH,https://find-and-update.company-information.service.gov.uk/company/10750739,,TO BE ENRICHED — not held by Companies House,legitimate interests (LIA required before contact),Companies House public API,2026-07-12T04:28:42+00:00
APPLETON ELECTRICAL SERVICES LTD,04518794,B_COMPLIANCE_DROWNED,micro filer (micro-entity),ltd,corporate subscriber,2002-08-27,micro-entity,"accounts category, NOT turnover",43210,"Honeysuckle Cottage, Appleton Wiske, Northallerton, North Yorkshire",DL6 2AA,https://find-and-update.company-information.service.gov.uk/company/04518794,,TO BE ENRICHED — not held by Companies House,legitimate interests (LIA required before contact),Companies House public API,2026-07-12T04:28:43+00:00
J WHITE ELECTRICAL SERVICES LIMITED,08062816,A_CEILING_HIT,"established 2012, total-exemption-full filer",ltd,corporate subscriber,2012-05-09,total-exemption-full,"accounts category, NOT turnover",43210,"Bramble Cottage 203 Greyfield Road, High Littleton, Bristol",BS39 6YB,https://find-and-update.company-information.service.gov.uk/company/08062816,,TO BE ENRICHED — not held by Companies House,legitimate interests (LIA required before contact),Companies House public API,2026-07-12T04:28:44+00:00
PENNINE DATA & ELECTRIC LIMITED,12325510,B_COMPLIANCE_DROWNED,micro filer (micro-entity),ltd,corporate subscriber,2019-11-20,micro-entity,"accounts category, NOT turnover",43210,"27 Birch Tree Road, Stocksbridge",S36 1GN,https://find-and-update.company-information.service.gov.uk/company/12325510,,TO BE ENRICHED — not held by Companies House,legitimate interests (LIA required before contact),Companies House public API,2026-07-12T04:28:45+00:00
SPOT ON PLUMBING & HEATING SERVICES LIMITED,07333888,EXCLUDED_DORMANT,"dormant — not trading, not a buyer",ltd,corporate subscriber,2010-08-03,dormant,"accounts category, NOT turnover",43220,"Unit 7a Radford Crescent, Billericay",CM12 0DU,https://find-and-update.company-information.service.gov.uk/company/07333888,,TO BE ENRICHED — not held by Companies House,legitimate interests (LIA required before contact),Companies House public API,2026-07-12T04:28:45+00:00
GREEN POWER ENGINEERING LTD,11364746,B_COMPLIANCE_DROWNED,micro filer (micro-entity),ltd,corporate subscriber,2018-05-16,micro-entity,"accounts category, NOT turnover",43210,"80 80 Silas Road, Yate, Bristol",BS37 7ED,https://find-and-update.company-information.service.gov.uk/company/11364746,,TO BE ENRICHED — not held by Companies House,legitimate interests (LIA required before contact),Companies House public API,2026-07-12T04:28:46+00:00
THE ELIO GROUP LTD,12110103,A_CEILING_HIT,"established 2019, total-exemption-full filer",ltd,corporate subscriber,2019-07-18,total-exemption-full,"accounts category, NOT turnover",43210; 96090,"Suite E2, The Octagon, 2nd Floor Middleborough, Colchester",CO1 1TG,https://find-and-update.company-information.service.gov.uk/company/12110103,,TO BE ENRICHED — not held by Companies House,legitimate interests (LIA required before contact),Companies House public API,2026-07-12T04:28:47+00:00
NYKKU AIR CONDITIONING LIMITED,13790979,B_COMPLIANCE_DROWNED,"young (2021), total-exemption-full filer",ltd,corporate subscriber,2021-12-09,total-exemption-full,"accounts category, NOT turnover",43220; 70229; 82990,"Goodwins Accountants 6 Parkside Court, Greenhough Road, Lichfield, Staffordshire",WS13 7FE,https://find-and-update.company-information.service.gov.uk/company/13790979,,TO BE ENRICHED — not held by Companies House,legitimate interests (LIA required before contact),Companies House public API,2026-07-12T04:28:47+00:00
BOUNTY ENERGY SOLUTIONS AND TECHNOLOGIES LTD,11785993,A_CEILING_HIT,"established 2019, total-exemption-full filer",ltd,corporate subscriber,2019-01-24,total-exemption-full,"accounts category, NOT turnover",35110; 35300; 43210; 43220,"Henleaze House Harbury Road, Henleaze, Bristol",BS9 4PN,https://find-and-update.company-information.service.gov.uk/company/11785993,,TO BE ENRICHED — not held by Companies House,legitimate interests (LIA required before contact),Companies House public API,2026-07-12T04:28:48+00:00
SKY WAS LIMITED,12000342,B_COMPLIANCE_DROWNED,micro filer (micro-entity),private-limited-guarant-nsc,corporate subscriber,2019-05-16,micro-entity,"accounts category, NOT turnover",35140; 41201; 43290; 45112,"12 Barrett Street, Smethwick",B66 4SE,https://find-and-update.company-information.service.gov.uk/company/12000342,,TO BE ENRICHED — not held by Companies House,legitimate interests (LIA required before contact),Companies House public API,2026-07-12T04:28:49+00:00
JH CONSTRUCTION MANAGEMENT LTD,11997705,B_COMPLIANCE_DROWNED,micro filer (micro-entity),ltd,corporate subscriber,2019-05-15,micro-entity,"accounts category, NOT turnover",43290,"10 Bank House High Street, Winsford",CW7 2EB,https://find-and-update.company-information.service.gov.uk/company/11997705,,TO BE ENRICHED — not held by Companies House,legitimate interests (LIA required before contact),Companies House public API,2026-07-12T04:28:49+00:00
PROJECT-SITE MANAGEMENT LTD,12003021,UNCLASSIFIED,no accounts filed yet — cannot size,ltd,corporate subscriber,2019-05-17,none,"accounts category, NOT turnover",43220,"27 Edale Road Great Barr, Birmingham, West Midlands",B42 2DL,https://find-and-update.company-information.service.gov.uk/company/12003021,,TO BE ENRICHED — not held by Companies House,legitimate interests (LIA required before contact),Companies House public API,2026-07-12T04:28:50+00:00
KUHAR PROJECT LTD,15719006,EXCLUDED_DORMANT,"dormant — not trading, not a buyer",ltd,corporate subscriber,2024-05-14,dormant,"accounts category, NOT turnover",42990; 43290,"50 Gurney Close, Barking",IG11 8JX,https://find-and-update.company-information.service.gov.uk/company/15719006,,TO BE ENRICHED — not held by Companies House,legitimate interests (LIA required before contact),Companies House public API,2026-07-12T04:28:51+00:00
BTM CIVILS LTD,12007496,B_COMPLIANCE_DROWNED,micro filer (micro-entity),ltd,corporate subscriber,2019-05-21,micro-entity,"accounts category, NOT turnover",43290,"Rope Walk Mews, Rope Walk, Rye",TN31 7NA,https://find-and-update.company-information.service.gov.uk/company/12007496,,TO BE ENRICHED — not held by Companies House,legitimate interests (LIA required before contact),Companies House public API,2026-07-12T04:28:51+00:00
CLAZ BUILDING LIMITED,12009145,A_CEILING_HIT,"established 2019, total-exemption-full filer",ltd,corporate subscriber,2019-05-21,total-exemption-full,"accounts category, NOT turnover",43290,"1 Imperial Gardens, Mitcham",CR4 1ER,https://find-and-update.company-information.service.gov.uk/company/12009145,,TO BE ENRICHED — not held by Companies House,legitimate interests (LIA required before contact),Companies House public API,2026-07-12T04:28:52+00:00
CANALSIDE DEVELOPMENTS DERBY LTD,12019310,UNCLASSIFIED,no accounts filed yet — cannot size,ltd,corporate subscriber,2019-05-28,none,"accounts category, NOT turnover",43220,"7 Mewis Close, Stretton",DE14 2FN,https://find-and-update.company-information.service.gov.uk/company/12019310,,TO BE ENRICHED — not held by Companies House,legitimate interests (LIA required before contact),Companies House public API,2026-07-12T04:28:53+00:00
JAKE BRINDLEY ELECTRICAL LTD,14840134,B_COMPLIANCE_DROWNED,"young (2023), total-exemption-full filer",ltd,corporate subscriber,2023-05-02,total-exemption-full,"accounts category, NOT turnover",43210,"3 Warwick Green, Bulkington, Bedworth, Warwickshire",CV12 9RA,https://find-and-update.company-information.service.gov.uk/company/14840134,,TO BE ENRICHED — not held by Companies House,legitimate interests (LIA required before contact),Companies House public API,2026-07-12T04:28:53+00:00
KMCMAHON ELECTRICAL LTD,11968486,EXCLUDED_DORMANT,"dormant — not trading, not a buyer",ltd,corporate subscriber,2019-04-29,dormant,"accounts category, NOT turnover",43210,"54 Larkhill Lane, Liverpool",L13 9BN,https://find-and-update.company-information.service.gov.uk/company/11968486,,TO BE ENRICHED — not held by Companies House,legitimate interests (LIA required before contact),Companies House public API,2026-07-12T04:28:54+00:00
PILLAR ROOF CLEANING AND MAINTENANCE LTD,12189428,UNCLASSIFIED,no accounts filed yet — cannot size,ltd,corporate subscriber,2019-09-04,none,"accounts category, NOT turnover",43220; 43910,"58c Stanfield Road, Bournemouth",BH9 2NP,https://find-and-update.company-information.service.gov.uk/company/12189428,,TO BE ENRICHED — not held by Companies House,legitimate interests (LIA required before contact),Companies House public API,2026-07-12T04:28:55+00:00
SABIN AND BALL HEATING AND PLUMBING LTD,14859797,B_COMPLIANCE_DROWNED,"young (2023), total-exemption-full filer",ltd,corporate subscriber,2023-05-10,total-exemption-full,"accounts category, NOT turnover",43220,"Bank Gallery, 13 High Street, Kenilworth",CV8 1LY,https://find-and-update.company-information.service.gov.uk/company/14859797,,TO BE ENRICHED — not held by Companies House,legitimate interests (LIA required before contact),Companies House public API,2026-07-12T04:28:56+00:00
GEERING'S VENTILATION SERVICES LIMITED,12201501,UNCLASSIFIED,no accounts filed yet — cannot size,ltd,corporate subscriber,2019-09-11,none,"accounts category, NOT turnover",43220,"5 West Court, Enterprise Road, Maidstone, Kent",ME15 6JD,https://find-and-update.company-information.service.gov.uk/company/12201501,,TO BE ENRICHED — not held by Companies House,legitimate interests (LIA required before contact),Companies House public API,2026-07-12T04:28:56+00:00
M&E F.L. LTD,12204334,EXCLUDED_DORMANT,"dormant — not trading, not a buyer",ltd,corporate subscriber,2019-09-12,dormant,"accounts category, NOT turnover",43210,"65a St. Charles Square, London",W10 6EN,https://find-and-update.company-information.service.gov.uk/company/12204334,,TO BE ENRICHED — not held by Companies House,legitimate interests (LIA required before contact),Companies House public API,2026-07-12T04:28:57+00:00
ARROW HEATING LTD,12220387,A_CEILING_HIT,"established 2019, total-exemption-full filer",ltd,corporate subscriber,2019-09-21,total-exemption-full,"accounts category, NOT turnover",43220,"25 Howards Road, Woking, Surrey",GU22 9AS,https://find-and-update.company-information.service.gov.uk/company/12220387,,TO BE ENRICHED — not held by Companies House,legitimate interests (LIA required before contact),Companies House public API,2026-07-12T04:28:58+00:00
GUL CONSTRUCTIONS LTD,12216977,UNCLASSIFIED,no accounts filed yet — cannot size,ltd,corporate subscriber,2019-09-20,none,"accounts category, NOT turnover",41202; 43290,"180 Chairborough Road, High Wycombe",HP12 3HW,https://find-and-update.company-information.service.gov.uk/company/12216977,,TO BE ENRICHED — not held by Companies House,legitimate interests (LIA required before contact),Companies House public API,2026-07-12T04:28:58+00:00
BELYSE LTD,12208185,EXCLUDED_DORMANT,"dormant — not trading, not a buyer",ltd,corporate subscriber,2019-09-16,dormant,"accounts category, NOT turnover",43210,"Precise Accountants Ltd Unit 6 Brooklands, Budshead Road, Plymouth, Devon",PL6 5XR,https://find-and-update.company-information.service.gov.uk/company/12208185,,TO BE ENRICHED — not held by Companies House,legitimate interests (LIA required before contact),Companies House public API,2026-07-12T04:28:59+00:00
DENTON BUILDING SOLUTIONS LIMITED,12210044,A_CEILING_HIT,"established 2019, total-exemption-full filer",ltd,corporate subscriber,2019-09-16,total-exemption-full,"accounts category, NOT turnover",43210; 43220; 43290; 43310,"71-75 Shelton Street, London, Greater London",WC2H 9JQ,https://find-and-update.company-information.service.gov.uk/company/12210044,,TO BE ENRICHED — not held by Companies House,legitimate interests (LIA required before contact),Companies House public API,2026-07-12T04:29:00+00:00
IN STEEL (BLACKSMITHS & FABRICATORS) LIMITED,04066302,A_CEILING_HIT,"established 2000, total-exemption-full filer",ltd,corporate subscriber,2000-09-06,total-exemption-full,"accounts category, NOT turnover",25110; 25990; 33110; 43290,"United Downs Industrial Estate, St. Day, Redruth, Cornwall",TR16 5HY,https://find-and-update.company-information.service.gov.uk/company/04066302,,TO BE ENRICHED — not held by Companies House,legitimate interests (LIA required before contact),Companies House public API,2026-07-12T04:29:00+00:00
CJ HEATING ENGINEER LTD,12166237,A_CEILING_HIT,"established 2019, total-exemption-full filer",ltd,corporate subscriber,2019-08-20,total-exemption-full,"accounts category, NOT turnover",43220,"6-8 Freeman Street, Grimsby",DN32 7AA,https://find-and-update.company-information.service.gov.uk/company/12166237,,TO BE ENRICHED — not held by Companies House,legitimate interests (LIA required before contact),Companies House public API,2026-07-12T04:29:01+00:00
ISLADORE LIMITED,12173274,UNCLASSIFIED,no accounts filed yet — cannot size,ltd,corporate subscriber,2019-08-26,none,"accounts category, NOT turnover",43210,"64 Mill Lane, West Derby, Liverpool",L12 7JB,https://find-and-update.company-information.service.gov.uk/company/12173274,,TO BE ENRICHED — not held by Companies House,legitimate interests (LIA required before contact),Companies House public API,2026-07-12T04:29:02+00:00
SENATHIPATHI EKA ELECTRICAL LTD,12179644,UNCLASSIFIED,no accounts filed yet — cannot size,ltd,corporate subscriber,2019-08-29,none,"accounts category, NOT turnover",43210; 71129,"Kemp House, 160 City Road, London",EC1V 2NX,https://find-and-update.company-information.service.gov.uk/company/12179644,,TO BE ENRICHED — not held by Companies House,legitimate interests (LIA required before contact),Companies House public API,2026-07-12T04:29:02+00:00
GROUP ACTIV-8 LIMITED,12183726,UNCLASSIFIED,no accounts filed yet — cannot size,ltd,corporate subscriber,2019-09-02,none,"accounts category, NOT turnover",43290,"Unit 5 Asheridge Road, Chesham",HP5 2PT,https://find-and-update.company-information.service.gov.uk/company/12183726,,TO BE ENRICHED — not held by Companies House,legitimate interests (LIA required before contact),Companies House public API,2026-07-12T04:29:03+00:00
TGM FACADES UK LIMITED,08895442,C_ENTERPRISE,files full/group/medium accounts,ltd,corporate subscriber,2014-02-14,full,"accounts category, NOT turnover",43290,"Zeeta House, 200 Upper Richmond Road, Putney, London",SW15 2SH,https://find-and-update.company-information.service.gov.uk/company/08895442,,TO BE ENRICHED — not held by Companies House,legitimate interests (LIA required before contact),Companies House public API,2026-07-12T04:29:04+00:00
JACK LEWIS P & H LTD,11902799,EXCLUDED_DORMANT,"dormant — not trading, not a buyer",ltd,corporate subscriber,2019-03-25,dormant,"accounts category, NOT turnover",43220,"St Mary's House, Crewe Road, Alsager, Stoke-On-Trent",ST7 2EW,https://find-and-update.company-information.service.gov.uk/company/11902799,,TO BE ENRICHED — not held by Companies House,legitimate interests (LIA required before contact),Companies House public API,2026-07-12T04:29:04+00:00
PARR PLUMBING (MIDLANDS) LTD,14854375,B_COMPLIANCE_DROWNED,micro filer (micro-entity),ltd,corporate subscriber,2023-05-08,micro-entity,"accounts category, NOT turnover",43220,"36 Chesterfield Road, Market Street, Chesterfield",S43 3UT,https://find-and-update.company-information.service.gov.uk/company/14854375,,TO BE ENRICHED — not held by Companies House,legitimate interests (LIA required before contact),Companies House public API,2026-07-12T04:29:05+00:00
J.B.J. INSULATIONS LIMITED,02700708,A_CEILING_HIT,"established 1992, total-exemption-full filer",ltd,corporate subscriber,1992-03-26,total-exemption-full,"accounts category, NOT turnover",43290,"Caddick Road, Knowsley Industrial Park, Prescot, Merseyside",L34 9HP,https://find-and-update.company-information.service.gov.uk/company/02700708,,TO BE ENRICHED — not held by Companies House,legitimate interests (LIA required before contact),Companies House public API,2026-07-12T04:29:06+00:00
HEATTECH MECHANICAL & HEATING LIMITED,12171661,UNCLASSIFIED,no accounts filed yet — cannot size,ltd,corporate subscriber,2019-08-23,none,"accounts category, NOT turnover",43220,"Suite1, Challenge Enterprise Centre, Sharps Close, Portsmouth",PO3 5RJ,https://find-and-update.company-information.service.gov.uk/company/12171661,,TO BE ENRICHED — not held by Companies House,legitimate interests (LIA required before contact),Companies House public API,2026-07-12T04:29:07+00:00
WILLIAMS CEILINGS AND PARTITIONS LTD,12162091,A_CEILING_HIT,"established 2019, total-exemption-full filer",ltd,corporate subscriber,2019-08-19,total-exemption-full,"accounts category, NOT turnover",43290,"17a Salters Lane, Redditch, Worcestershire",B97 6JH,https://find-and-update.company-information.service.gov.uk/company/12162091,,TO BE ENRICHED — not held by Companies House,legitimate interests (LIA required before contact),Companies House public API,2026-07-12T04:29:07+00:00
JMS DATA SOLUTIONS LIMITED,12169366,UNCLASSIFIED,no accounts filed yet — cannot size,ltd,corporate subscriber,2019-08-22,none,"accounts category, NOT turnover",43210,"222 Wolverton Road Blakelands, Milton Keynes, Buckinghamshire",MK14 5AB,https://find-and-update.company-information.service.gov.uk/company/12169366,,TO BE ENRICHED — not held by Companies House,legitimate interests (LIA required before contact),Companies House public API,2026-07-12T04:29:08+00:00
HARROGATE FIREPLACE COMPANY LIMITED,04771361,B_COMPLIANCE_DROWNED,micro filer (micro-entity),ltd,corporate subscriber,2003-05-20,micro-entity,"accounts category, NOT turnover",43290,"15-23 Coldbath Road, Harrogate, North Yorkshire",HG2 0NL,https://find-and-update.company-information.service.gov.uk/company/04771361,,TO BE ENRICHED — not held by Companies House,legitimate interests (LIA required before contact),Companies House public API,2026-07-12T04:29:09+00:00
247 LOCAL PLUMBERS LTD,12224688,UNCLASSIFIED,no accounts filed yet — cannot size,ltd,corporate subscriber,2019-09-24,none,"accounts category, NOT turnover",43220,"224 Parsloes Avenue 224 Parsloes Avenue, 224 Parsloes Avenue, Dagenham, Essex",RM9 5QB,https://find-and-update.company-information.service.gov.uk/company/12224688,,TO BE ENRICHED — not held by Companies House,legitimate interests (LIA required before contact),Companies House public API,2026-07-12T04:29:09+00:00
BE SAFE PLUMING & HEATING LIMITED,12234916,B_COMPLIANCE_DROWNED,micro filer (micro-entity),ltd,corporate subscriber,2019-09-30,micro-entity,"accounts category, NOT turnover",43220,"6-8 Freeman Street, Grimsby",DN32 7AA,https://find-and-update.company-information.service.gov.uk/company/12234916,,TO BE ENRICHED — not held by Companies House,legitimate interests (LIA required before contact),Companies House public API,2026-07-12T04:29:10+00:00
INSTASONIC LIMITED,11839971,B_COMPLIANCE_DROWNED,micro filer (micro-entity),ltd,corporate subscriber,2019-02-21,micro-entity,"accounts category, NOT turnover",43210; 43220; 43290; 43999,"20 Brook Court Spring Place, Essex",IG11 7GH,https://find-and-update.company-information.service.gov.uk/company/11839971,,TO BE ENRICHED — not held by Companies House,legitimate interests (LIA required before contact),Companies House public API,2026-07-12T04:29:11+00:00
FULLWERX LIMITED,12227867,UNCLASSIFIED,no accounts filed yet — cannot size,ltd,corporate subscriber,2019-09-26,none,"accounts category, NOT turnover",43220; 43290; 43999,"39 Sunnycroft Road, Hounslow",TW3 4DS,https://find-and-update.company-information.service.gov.uk/company/12227867,,TO BE ENRICHED — not held by Companies House,legitimate interests (LIA required before contact),Companies House public API,2026-07-12T04:29:11+00:00
ECS PREMIUM ELECTRICIANS LIMITED,15719344,B_COMPLIANCE_DROWNED,micro filer (micro-entity),ltd,corporate subscriber,2024-05-14,micro-entity,"accounts category, NOT turnover",43210,"2a Greenwood Drive, London",E4 9HL,https://find-and-update.company-information.service.gov.uk/company/15719344,,TO BE ENRICHED — not held by Companies House,legitimate interests (LIA required before contact),Companies House public API,2026-07-12T04:29:12+00:00
SONIC PLUMBING AND ELECTRICAL LIMITED,12237287,UNCLASSIFIED,no accounts filed yet — cannot size,ltd,corporate subscriber,2019-10-01,none,"accounts category, NOT turnover",43210; 43220,"120 Arkwright Street, Tyersal, Bradford",BD4 8JL,https://find-and-update.company-information.service.gov.uk/company/12237287,,TO BE ENRICHED — not held by Companies House,legitimate interests (LIA required before contact),Companies House public API,2026-07-12T04:29:13+00:00
JUST CEILINGS & PARTITIONS LTD,05451935,A_CEILING_HIT,"established 2005, unaudited-abridged filer",ltd,corporate subscriber,2005-05-13,unaudited-abridged,"accounts category, NOT turnover",43290,"Unit C5 Salwarpe Business Park, Salwarpe Road, Droitwich Spa, Worcestershire",WR9 9BN,https://find-and-update.company-information.service.gov.uk/company/05451935,,TO BE ENRICHED — not held by Companies House,legitimate interests (LIA required before contact),Companies House public API,2026-07-12T04:29:13+00:00
BEECHCROFT SERVICES LIMITED,11904586,B_COMPLIANCE_DROWNED,micro filer (micro-entity),ltd,corporate subscriber,2019-03-26,micro-entity,"accounts category, NOT turnover",43210,"1st Floor 314 Regents Park Road, Finchley, London",N3 2LT,https://find-and-update.company-information.service.gov.uk/company/11904586,,TO BE ENRICHED — not held by Companies House,legitimate interests (LIA required before contact),Companies House public API,2026-07-12T04:29:14+00:00
E&G BUSINESS SERVICES LTD,12199561,UNCLASSIFIED,no accounts filed yet — cannot size,ltd,corporate subscriber,2019-09-10,none,"accounts category, NOT turnover",41100; 43210; 43220; 43320,"9 Whalebone Grove, Romford, Romford, Essex",RM6 6BU,https://find-and-update.company-information.service.gov.uk/company/12199561,,TO BE ENRICHED — not held by Companies House,legitimate interests (LIA required before contact),Companies House public API,2026-07-12T04:29:15+00:00
MAD JACK'S CUSTOM'S LTD,12193177,UNCLASSIFIED,no accounts filed yet — cannot size,ltd,corporate subscriber,2019-09-06,none,"accounts category, NOT turnover",29100; 43210; 49410; 80100,"3 - 5 Commercial Street, Oswaldtwistle, Accrington",BB5 3JL,https://find-and-update.company-information.service.gov.uk/company/12193177,,TO BE ENRICHED — not held by Companies House,legitimate interests (LIA required before contact),Companies House public API,2026-07-12T04:29:16+00:00
CDT ENGINEERING SERVICES LTD,12203482,UNCLASSIFIED,no accounts filed yet — cannot size,ltd,corporate subscriber,2019-09-12,none,"accounts category, NOT turnover",43220,"33 Springfield Road, Harrow, Middlesex",HA1 1QF,https://find-and-update.company-information.service.gov.uk/company/12203482,,TO BE ENRICHED — not held by Companies House,legitimate interests (LIA required before contact),Companies House public API,2026-07-12T04:29:16+00:00
ISOL RENATTO LIMITED,12203155,A_CEILING_HIT,"established 2019, total-exemption-full filer",ltd,corporate subscriber,2019-09-12,total-exemption-full,"accounts category, NOT turnover",43290,"5 Upper Tickham Cottages Tickham Lane, Lynsted, Sittingbourne, Kent",ME9 0HR,https://find-and-update.company-information.service.gov.uk/company/12203155,,TO BE ENRICHED — not held by Companies House,legitimate interests (LIA required before contact),Companies House public API,2026-07-12T04:29:17+00:00
ENG CONTRACTORS LIMITED,14786354,B_COMPLIANCE_DROWNED,"young (2023), total-exemption-full filer",ltd,corporate subscriber,2023-04-07,total-exemption-full,"accounts category, NOT turnover",43290; 43390,"30 Huntley Road, Harlow, Essex",CM20 2PR,https://find-and-update.company-information.service.gov.uk/company/14786354,,TO BE ENRICHED — not held by Companies House,legitimate interests (LIA required before contact),Companies House public API,2026-07-12T04:29:18+00:00
SRB BUILDING & CONSTRUCTION LIMITED,12222960,A_CEILING_HIT,"established 2019, unaudited-abridged filer",ltd,corporate subscriber,2019-09-23,unaudited-abridged,"accounts category, NOT turnover",41100; 41202; 43290,"Laymead Farm Denham, Quainton, Aylesbury",HP22 4AN,https://find-and-update.company-information.service.gov.uk/company/12222960,,TO BE ENRICHED — not held by Companies House,legitimate interests (LIA required before contact),Companies House public API,2026-07-12T04:29:18+00:00
NORTH WEST ELECTRICIAN LTD,12218361,A_CEILING_HIT,"established 2019, total-exemption-full filer",ltd,corporate subscriber,2019-09-20,total-exemption-full,"accounts category, NOT turnover",43210,"7-9 Station Road, Hesketh Bank, Preston",PR4 6SN,https://find-and-update.company-information.service.gov.uk/company/12218361,,TO BE ENRICHED — not held by Companies House,legitimate interests (LIA required before contact),Companies House public API,2026-07-12T04:29:19+00:00
MAYNETONS LIMITED,15719187,B_COMPLIANCE_DROWNED,"young (2024), total-exemption-full filer",ltd,corporate subscriber,2024-05-14,total-exemption-full,"accounts category, NOT turnover",43290,"98 Hornchurch Road, Hornchurch, Essex",RM11 1JS,https://find-and-update.company-information.service.gov.uk/company/15719187,,TO BE ENRICHED — not held by Companies House,legitimate interests (LIA required before contact),Companies House public API,2026-07-12T04:29:20+00:00
PHONE A HANDYMAN LTD,12156919,B_COMPLIANCE_DROWNED,micro filer (micro-entity),ltd,corporate subscriber,2019-08-14,micro-entity,"accounts category, NOT turnover",43290,"32 Ponsonby Place, London",SW1P 4PR,https://find-and-update.company-information.service.gov.uk/company/12156919,,TO BE ENRICHED — not held by Companies House,legitimate interests (LIA required before contact),Companies House public API,2026-07-12T04:29:20+00:00
DL CONTRACTORS LTD,12153247,UNCLASSIFIED,no accounts filed yet — cannot size,ltd,corporate subscriber,2019-08-13,none,"accounts category, NOT turnover",41100; 41202; 43290,"M S B & Co, 36, Southernhay, Basildon, Essex",SS14 1ET,https://find-and-update.company-information.service.gov.uk/company/12153247,,TO BE ENRICHED — not held by Companies House,legitimate interests (LIA required before contact),Companies House public API,2026-07-12T04:29:21+00:00
WEST YORKSHIRE DRIVEWAYS LTD,12145300,B_COMPLIANCE_DROWNED,micro filer (micro-entity),ltd,corporate subscriber,2019-08-08,micro-entity,"accounts category, NOT turnover",43290,"Unit 6 Atlas Works, Gibbet Street, Halifax",HX1 5DZ,https://find-and-update.company-information.service.gov.uk/company/12145300,,TO BE ENRICHED — not held by Companies House,legitimate interests (LIA required before contact),Companies House public API,2026-07-12T04:29:22+00:00
NORPLUMBING LTD,12145933,UNCLASSIFIED,no accounts filed yet — cannot size,ltd,corporate subscriber,2019-08-08,none,"accounts category, NOT turnover",43220,"111 Boundary Road, London",NW8 0RG,https://find-and-update.company-information.service.gov.uk/company/12145933,,TO BE ENRICHED — not held by Companies House,legitimate interests (LIA required before contact),Companies House public API,2026-07-12T04:29:23+00:00
LAIM INTERIORS LTD,12142181,UNCLASSIFIED,no accounts filed yet — cannot size,ltd,corporate subscriber,2019-08-06,none,"accounts category, NOT turnover",43290; 43390,"21b St.Marys Road, London",NW11 9UE,https://find-and-update.company-information.service.gov.uk/company/12142181,,TO BE ENRICHED — not held by Companies House,legitimate interests (LIA required before contact),Companies House public API,2026-07-12T04:29:23+00:00
J F B ELECTRICAL LTD,12035298,UNCLASSIFIED,no accounts filed yet — cannot size,ltd,corporate subscriber,2019-06-05,none,"accounts category, NOT turnover",43210,"14 Olive Close Olive Close, Horsham",RH12 4TH,https://find-and-update.company-information.service.gov.uk/company/12035298,,TO BE ENRICHED — not held by Companies House,legitimate interests (LIA required before contact),Companies House public API,2026-07-12T04:29:24+00:00
ELECTRICS 24 -7 LIMITED,12031969,EXCLUDED_DORMANT,"dormant — not trading, not a buyer",ltd,corporate subscriber,2019-06-04,dormant,"accounts category, NOT turnover",43210,"Suite 2 First Floor, 315 Regents Park Road, Finchley, London",N3 1DP,https://find-and-update.company-information.service.gov.uk/company/12031969,,TO BE ENRICHED — not held by Companies House,legitimate interests (LIA required before contact),Companies House public API,2026-07-12T04:29:25+00:00
HAUTE VOLTAGE LTD,12037894,UNCLASSIFIED,no accounts filed yet — cannot size,ltd,corporate subscriber,2019-06-07,none,"accounts category, NOT turnover",27320; 27510; 33140; 43210,"3 East Dulwich Road, Dulwich, London",SE22 9BA,https://find-and-update.company-information.service.gov.uk/company/12037894,,TO BE ENRICHED — not held by Companies House,legitimate interests (LIA required before contact),Companies House public API,2026-07-12T04:29:25+00:00
WORKSZILLA LIMITED,12035115,UNCLASSIFIED,no accounts filed yet — cannot size,ltd,corporate subscriber,2019-06-05,none,"accounts category, NOT turnover",43290,"12035115 - COMPANIES HOUSE DEFAULT ADDRESS, Cardiff",CF14 8LH,https://find-and-update.company-information.service.gov.uk/company/12035115,,TO BE ENRICHED — not held by Companies House,legitimate interests (LIA required before contact),Companies House public API,2026-07-12T04:29:26+00:00
NAKKS INTERIORWORKS LTD,12029158,B_COMPLIANCE_DROWNED,micro filer (micro-entity),ltd,corporate subscriber,2019-06-03,micro-entity,"accounts category, NOT turnover",43220; 43330,"8 Platinum Mews, London",N15 6AF,https://find-and-update.company-information.service.gov.uk/company/12029158,,TO BE ENRICHED — not held by Companies House,legitimate interests (LIA required before contact),Companies House public API,2026-07-12T04:29:27+00:00
RIZE9 LTD,12037070,UNCLASSIFIED,no accounts filed yet — cannot size,ltd,corporate subscriber,2019-06-06,none,"accounts category, NOT turnover",43210; 90010; 96090,"367 367 Victoria Park, London, London",E9 5DX,https://find-and-update.company-information.service.gov.uk/company/12037070,,TO BE ENRICHED — not held by Companies House,legitimate interests (LIA required before contact),Companies House public API,2026-07-12T04:29:27+00:00
TRADES PLUS LIMITED,12028424,UNCLASSIFIED,no accounts filed yet — cannot size,ltd,corporate subscriber,2019-06-03,none,"accounts category, NOT turnover",43290,"3rd Floor, 4 Great Newport Street, London",WC2H 7JB,https://find-and-update.company-information.service.gov.uk/company/12028424,,TO BE ENRICHED — not held by Companies House,legitimate interests (LIA required before contact),Companies House public API,2026-07-12T04:29:28+00:00
E&J HEATING AND ELECTRIC CONTRACTORS LTD,12033781,UNCLASSIFIED,no accounts filed yet — cannot size,ltd,corporate subscriber,2019-06-05,none,"accounts category, NOT turnover",43210; 43220,"3 Gate Lane, Sutton Coldfield",B73 5TR,https://find-and-update.company-information.service.gov.uk/company/12033781,,TO BE ENRICHED — not held by Companies House,legitimate interests (LIA required before contact),Companies House public API,2026-07-12T04:29:29+00:00
ESSEX STREET LIGHTING LTD,12126244,UNCLASSIFIED,no accounts filed yet — cannot size,ltd,corporate subscriber,2019-07-29,none,"accounts category, NOT turnover",43210,"7 Sharps Close, Portsmouth",PO3 5RJ,https://find-and-update.company-information.service.gov.uk/company/12126244,,TO BE ENRICHED — not held by Companies House,legitimate interests (LIA required before contact),Companies House public API,2026-07-12T04:29:29+00:00
MP DISTRIBUTION SERVICES LIMITED,14095513,B_COMPLIANCE_DROWNED,micro filer (micro-entity),ltd,corporate subscriber,2022-05-09,micro-entity,"accounts category, NOT turnover",43210,"29 Crocus Way, Rushden",NN10 0UP,https://find-and-update.company-information.service.gov.uk/company/14095513,,TO BE ENRICHED — not held by Companies House,legitimate interests (LIA required before contact),Companies House public API,2026-07-12T04:29:30+00:00
UXF PROPERTIES LIMITED,05814700,B_COMPLIANCE_DROWNED,micro filer (micro-entity),ltd,corporate subscriber,2006-05-12,micro-entity,"accounts category, NOT turnover",43210; 82110,"West View Brammall Drive, Blyth Bridge, Stoke On Trent, Staffordshire",ST11 9HH,https://find-and-update.company-information.service.gov.uk/company/05814700,,TO BE ENRICHED — not held by Companies House,legitimate interests (LIA required before contact),Companies House public API,2026-07-12T04:29:31+00:00
TOTALCUSTOMUK LIMITED,11310662,B_COMPLIANCE_DROWNED,micro filer (micro-entity),ltd,corporate subscriber,2018-04-16,micro-entity,"accounts category, NOT turnover",43290,"4 Aran Close, Harpenden",AL5 1SW,https://find-and-update.company-information.service.gov.uk/company/11310662,,TO BE ENRICHED — not held by Companies House,legitimate interests (LIA required before contact),Companies House public API,2026-07-12T04:29:32+00:00
LEE & ROBERTS PROPERTY MAINTENANCE LTD,12127826,UNCLASSIFIED,no accounts filed yet — cannot size,ltd,corporate subscriber,2019-07-29,none,"accounts category, NOT turnover",43220; 43290; 43320,"3 Eskdale Road, Hindley, Wigan",WN2 3QL,https://find-and-update.company-information.service.gov.uk/company/12127826,,TO BE ENRICHED — not held by Companies House,legitimate interests (LIA required before contact),Companies House public API,2026-07-12T04:29:32+00:00
EXPERTS GROUP ESSEX LTD,12129073,UNCLASSIFIED,no accounts filed yet — cannot size,ltd,corporate subscriber,2019-07-30,none,"accounts category, NOT turnover",43290,"Homedale House, The Street, Kings Lynn",PE33 9JN,https://find-and-update.company-information.service.gov.uk/company/12129073,,TO BE ENRICHED — not held by Companies House,legitimate interests (LIA required before contact),Companies House public API,2026-07-12T04:29:33+00:00
SUB-ZERO PROJECTS LTD,09009833,A_CEILING_HIT,"established 2014, total-exemption-full filer",ltd,corporate subscriber,2014-04-24,total-exemption-full,"accounts category, NOT turnover",43290; 43320; 43999,"2 Denehurst Gardens, Woodford Green",IG8 0PA,https://find-and-update.company-information.service.gov.uk/company/09009833,,TO BE ENRICHED — not held by Companies House,legitimate interests (LIA required before contact),Companies House public API,2026-07-12T04:29:34+00:00
LAURENT SERVICES LTD,12106043,B_COMPLIANCE_DROWNED,micro filer (micro-entity),ltd,corporate subscriber,2019-07-16,micro-entity,"accounts category, NOT turnover",41201; 41202; 43290,"Flat 1, 35 Munro Mews, London",W10 5RZ,https://find-and-update.company-information.service.gov.uk/company/12106043,,TO BE ENRICHED — not held by Companies House,legitimate interests (LIA required before contact),Companies House public API,2026-07-12T04:29:34+00:00
RK BATHROOM SOLUTIONS LTD,12109073,A_CEILING_HIT,"established 2019, total-exemption-full filer",ltd,corporate subscriber,2019-07-17,total-exemption-full,"accounts category, NOT turnover",43220,"62 Blanchland Avenue, Wideopen, Newcastle Upon Tyne",NE13 6JR,https://find-and-update.company-information.service.gov.uk/company/12109073,,TO BE ENRICHED — not held by Companies House,legitimate interests (LIA required before contact),Companies House public API,2026-07-12T04:29:35+00:00
RECYCLED ALUMINIUM LTD,12091346,A_CEILING_HIT,"established 2019, total-exemption-full filer",ltd,corporate subscriber,2019-07-08,total-exemption-full,"accounts category, NOT turnover",25990; 28220; 43290; 43910,"Unit 8, Epic Park, Halesfield 6, Telford",TF7 4BF,https://find-and-update.company-information.service.gov.uk/company/12091346,,TO BE ENRICHED — not held by Companies House,legitimate interests (LIA required before contact),Companies House public API,2026-07-12T04:29:36+00:00
DE VERE ELECTRICAL SOLUTIONS LTD,12104387,B_COMPLIANCE_DROWNED,micro filer (micro-entity),ltd,corporate subscriber,2019-07-15,micro-entity,"accounts category, NOT turnover",43210,"The Clock House, Station Approach, Marlow",SL7 1NT,https://find-and-update.company-information.service.gov.uk/company/12104387,,TO BE ENRICHED — not held by Companies House,legitimate interests (LIA required before contact),Companies House public API,2026-07-12T04:29:36+00:00
OAKHOMESLONDON LTD,12106265,A_CEILING_HIT,"established 2019, total-exemption-full filer",ltd,corporate subscriber,2019-07-16,total-exemption-full,"accounts category, NOT turnover",41202; 43210; 43220; 68100,"308 Biscayne Avenue, London",E14 9QT,https://find-and-update.company-information.service.gov.uk/company/12106265,,TO BE ENRICHED — not held by Companies House,legitimate interests (LIA required before contact),Companies House public API,2026-07-12T04:29:37+00:00
CHESHIRE ELECTRICAL LIMITED,12092183,A_CEILING_HIT,"established 2019, total-exemption-full filer",ltd,corporate subscriber,2019-07-08,total-exemption-full,"accounts category, NOT turnover",43290,"Swift Accountants 1b Chowley Court Chowley Oak Business Park, Bolesworth Estates, Chester, Cheshire",CH3 9GA,https://find-and-update.company-information.service.gov.uk/company/12092183,,TO BE ENRICHED — not held by Companies House,legitimate interests (LIA required before contact),Companies House public API,2026-07-12T04:29:38+00:00
BOSSO66 DESIGN LTD,12116313,UNCLASSIFIED,no accounts filed yet — cannot size,ltd,corporate subscriber,2019-07-22,none,"accounts category, NOT turnover",43210; 43330; 43341; 43390,"3 Kays Terrce Walpole Road, South Woodford, London",E18 2LW,https://find-and-update.company-information.service.gov.uk/company/12116313,,TO BE ENRICHED — not held by Companies House,legitimate interests (LIA required before contact),Companies House public API,2026-07-12T04:29:38+00:00
HIVE PLUMBING & HEATING LIMITED,11989140,A_CEILING_HIT,"established 2019, total-exemption-full filer",ltd,corporate subscriber,2019-05-10,total-exemption-full,"accounts category, NOT turnover",43220,"713 Chigwell Road, Woodford Green",IG8 8AS,https://find-and-update.company-information.service.gov.uk/company/11989140,,TO BE ENRICHED — not held by Companies House,legitimate interests (LIA required before contact),Companies House public API,2026-07-12T04:29:39+00:00
GIGAS 22 LTD,13987169,B_COMPLIANCE_DROWNED,micro filer (micro-entity),ltd,corporate subscriber,2022-03-18,micro-entity,"accounts category, NOT turnover",41202; 43210; 81300,"22 Wythenshawe Road, Dagenham",RM10 7PL,https://find-and-update.company-information.service.gov.uk/company/13987169,,TO BE ENRICHED — not held by Companies House,legitimate interests (LIA required before contact),Companies House public API,2026-07-12T04:29:40+00:00
FOXCROFT CONSTRUCTION SERVICES LTD,12115679,B_COMPLIANCE_DROWNED,micro filer (micro-entity),ltd,corporate subscriber,2019-07-22,micro-entity,"accounts category, NOT turnover",43290,"2a White Lund Avenue, Morecambe, Lancashire",LA3 3ED,https://find-and-update.company-information.service.gov.uk/company/12115679,,TO BE ENRICHED — not held by Companies House,legitimate interests (LIA required before contact),Companies House public API,2026-07-12T04:29:40+00:00
BRADBURY IMPROVEMENTS LTD,12113298,B_COMPLIANCE_DROWNED,micro filer (micro-entity),ltd,corporate subscriber,2019-07-19,micro-entity,"accounts category, NOT turnover",43210,"36 Lichfield Street, Walsall",WS1 1TJ,https://find-and-update.company-information.service.gov.uk/company/12113298,,TO BE ENRICHED — not held by Companies House,legitimate interests (LIA required before contact),Companies House public API,2026-07-12T04:29:41+00:00
LM ELECTRICAL & MAINTENANCE SERVICES LTD,12086413,B_COMPLIANCE_DROWNED,micro filer (micro-entity),ltd,corporate subscriber,2019-07-04,micro-entity,"accounts category, NOT turnover",43210,"14 Ashwood Avenue, Sunderland, Tyne And Wear",SR5 5AA,https://find-and-update.company-information.service.gov.uk/company/12086413,,TO BE ENRICHED — not held by Companies House,legitimate interests (LIA required before contact),Companies House public API,2026-07-12T04:29:42+00:00
MAK PLUMBING AND HEATING INSTALLATIONS LTD,14865819,B_COMPLIANCE_DROWNED,micro filer (micro-entity),ltd,corporate subscriber,2023-05-12,micro-entity,"accounts category, NOT turnover",43220,"128 Crabtree Lane, Lancing, West Sussex",BN15 9PW,https://find-and-update.company-information.service.gov.uk/company/14865819,,TO BE ENRICHED — not held by Companies House,legitimate interests (LIA required before contact),Companies House public API,2026-07-12T04:29:42+00:00
ROLLER DOORS DIRECT LIMITED,12083493,B_COMPLIANCE_DROWNED,micro filer (micro-entity),ltd,corporate subscriber,2019-07-03,micro-entity,"accounts category, NOT turnover",43290,"Unit E, Sunningdale Road, Scunthorpe",DN17 2TW,https://find-and-update.company-information.service.gov.uk/company/12083493,,TO BE ENRICHED — not held by Companies House,legitimate interests (LIA required before contact),Companies House public API,2026-07-12T04:29:43+00:00
ARMOUR CONSTRUCTION SERVICES LIMITED,12086068,UNCLASSIFIED,no accounts filed yet — cannot size,ltd,corporate subscriber,2019-07-04,none,"accounts category, NOT turnover",43290,"818 Whitchurch Lane, Whitchurch, Bristol",BS14 0JP,https://find-and-update.company-information.service.gov.uk/company/12086068,,TO BE ENRICHED — not held by Companies House,legitimate interests (LIA required before contact),Companies House public API,2026-07-12T04:29:44+00:00
HANDY PLUMBER LTD,12075444,UNCLASSIFIED,no accounts filed yet — cannot size,ltd,corporate subscriber,2019-06-28,none,"accounts category, NOT turnover",43220,"72 High Street, London",E13 0AJ,https://find-and-update.company-information.service.gov.uk/company/12075444,,TO BE ENRICHED — not held by Companies House,legitimate interests (LIA required before contact),Companies House public API,2026-07-12T04:29:45+00:00
AMAZING SPACE CONVERSIONS LTD,12080338,UNCLASSIFIED,no accounts filed yet — cannot size,ltd,corporate subscriber,2019-07-02,none,"accounts category, NOT turnover",41100; 41201; 41202; 43290,"G4 Carlisle Street East, Sheffield",S4 7QN,https://find-and-update.company-information.service.gov.uk/company/12080338,,TO BE ENRICHED — not held by Companies House,legitimate interests (LIA required before contact),Companies House public API,2026-07-12T04:29:45+00:00
YANIS & LUCIAN PLUMBING LTD,12066348,B_COMPLIANCE_DROWNED,micro filer (micro-entity),ltd,corporate subscriber,2019-06-24,micro-entity,"accounts category, NOT turnover",43220,"4 Arundel Close, London",E15 1UH,https://find-and-update.company-information.service.gov.uk/company/12066348,,TO BE ENRICHED — not held by Companies House,legitimate interests (LIA required before contact),Companies House public API,2026-07-12T04:29:46+00:00
JRB CARPENTRY LTD,12066587,B_COMPLIANCE_DROWNED,micro filer (micro-entity),ltd,corporate subscriber,2019-06-24,micro-entity,"accounts category, NOT turnover",16230; 43290,"29 Howard Close, Southampton, Hampshire",SO18 2LJ,https://find-and-update.company-information.service.gov.uk/company/12066587,,TO BE ENRICHED — not held by Companies House,legitimate interests (LIA required before contact),Companies House public API,2026-07-12T04:29:47+00:00
TEVCC LIMITED,12069367,UNCLASSIFIED,no accounts filed yet — cannot size,ltd,corporate subscriber,2019-06-25,none,"accounts category, NOT turnover",43210,"16 Colestrete Close, Stevenage",SG1 1RG,https://find-and-update.company-information.service.gov.uk/company/12069367,,TO BE ENRICHED — not held by Companies House,legitimate interests (LIA required before contact),Companies House public API,2026-07-12T04:29:47+00:00
ALMAZ GROUP LIMITED,12065312,EXCLUDED_DORMANT,"dormant — not trading, not a buyer",ltd,corporate subscriber,2019-06-24,dormant,"accounts category, NOT turnover",43220,"70 Seabourne Road, Bournemouth",BH5 2HT,https://find-and-update.company-information.service.gov.uk/company/12065312,,TO BE ENRICHED — not held by Companies House,legitimate interests (LIA required before contact),Companies House public API,2026-07-12T04:29:48+00:00
CARBON X74 LTD,12021848,B_COMPLIANCE_DROWNED,micro filer (micro-entity),ltd,corporate subscriber,2019-05-29,micro-entity,"accounts category, NOT turnover",43290,"147 Highfield Crescent, Thorne, Doncaster",DN8 4DN,https://find-and-update.company-information.service.gov.uk/company/12021848,,TO BE ENRICHED — not held by Companies House,legitimate interests (LIA required before contact),Companies House public API,2026-07-12T04:29:49+00:00
D & M ELECTRICAL & MEDIA LIMITED,12012029,B_COMPLIANCE_DROWNED,micro filer (micro-entity),ltd,corporate subscriber,2019-05-22,micro-entity,"accounts category, NOT turnover",43210; 61300,"24 Fernwood Avenue, Thornton-Cleveleys",FY5 5EU,https://find-and-update.company-information.service.gov.uk/company/12012029,,TO BE ENRICHED — not held by Companies House,legitimate interests (LIA required before contact),Companies House public API,2026-07-12T04:29:49+00:00
CRISS TEAM LTD,12010590,UNCLASSIFIED,no accounts filed yet — cannot size,ltd,corporate subscriber,2019-05-22,none,"accounts category, NOT turnover",41202; 43220; 49410; 78200,"36 Lower Lees Road, Lower Lees Road, Slough",SL2 2AB,https://find-and-update.company-information.service.gov.uk/company/12010590,,TO BE ENRICHED — not held by Companies House,legitimate interests (LIA required before contact),Companies House public API,2026-07-12T04:29:50+00:00
TW SOUTH EAST LIMITED,12018113,A_CEILING_HIT,"established 2019, total-exemption-full filer",ltd,corporate subscriber,2019-05-25,total-exemption-full,"accounts category, NOT turnover",43290,"Kingswell Farm, Netherfield Hill, Battle",TN33 0LL,https://find-and-update.company-information.service.gov.uk/company/12018113,,TO BE ENRICHED — not held by Companies House,legitimate interests (LIA required before contact),Companies House public API,2026-07-12T04:29:51+00:00
DSM ELECTRICAL & PROPERTY SERVICES LIMITED,11362320,A_CEILING_HIT,"established 2018, total-exemption-full filer",ltd,corporate subscriber,2018-05-15,total-exemption-full,"accounts category, NOT turnover",43210,"99 London Street, Reading, Berkshire",RG1 4QA,https://find-and-update.company-information.service.gov.uk/company/11362320,,TO BE ENRICHED — not held by Companies House,legitimate interests (LIA required before contact),Companies House public API,2026-07-12T04:29:51+00:00
HUNT SERVICES LIMITED,09577082,A_CEILING_HIT,"established 2015, total-exemption-full filer",ltd,corporate subscriber,2015-05-06,total-exemption-full,"accounts category, NOT turnover",43290,"42 Grafton, Road, Rushden, Northamptonshire",NN10 0HU,https://find-and-update.company-information.service.gov.uk/company/09577082,,TO BE ENRICHED — not held by Companies House,legitimate interests (LIA required before contact),Companies House public API,2026-07-12T04:29:52+00:00
TONI ELECTRICS LTD,12029505,UNCLASSIFIED,no accounts filed yet — cannot size,ltd,corporate subscriber,2019-06-03,none,"accounts category, NOT turnover",35140; 42220; 43210,"12029505 - COMPANIES HOUSE DEFAULT ADDRESS, Cardiff",CF14 8LH,https://find-and-update.company-information.service.gov.uk/company/12029505,,TO BE ENRICHED — not held by Companies House,legitimate interests (LIA required before contact),Companies House public API,2026-07-12T04:29:53+00:00
SOUTH CENTRAL SOLUTIONS LTD,12051026,UNCLASSIFIED,no accounts filed yet — cannot size,ltd,corporate subscriber,2019-06-14,none,"accounts category, NOT turnover",43290,"3a Broadfields, Pewsey, Uk",SN9 5DT,https://find-and-update.company-information.service.gov.uk/company/12051026,,TO BE ENRICHED — not held by Companies House,legitimate interests (LIA required before contact),Companies House public API,2026-07-12T04:29:53+00:00
TOP DECK HOME IMPROVEMENTS LTD,12046388,A_CEILING_HIT,"established 2019, total-exemption-full filer",ltd,corporate subscriber,2019-06-12,total-exemption-full,"accounts category, NOT turnover",43290,"Unit 4 Smethurst Lane, Farnworth, Bolton",BL4 0AN,https://find-and-update.company-information.service.gov.uk/company/12046388,,TO BE ENRICHED — not held by Companies House,legitimate interests (LIA required before contact),Companies House public API,2026-07-12T04:29:54+00:00
DRV ELECTRICAL LTD,12044977,B_COMPLIANCE_DROWNED,micro filer (micro-entity),ltd,corporate subscriber,2019-06-11,micro-entity,"accounts category, NOT turnover",43210,"24 Athol Street North, Burnley",BB11 4BS,https://find-and-update.company-information.service.gov.uk/company/12044977,,TO BE ENRICHED — not held by Companies House,legitimate interests (LIA required before contact),Companies House public API,2026-07-12T04:29:55+00:00
KLIMATEK LTD,12053546,B_COMPLIANCE_DROWNED,micro filer (micro-entity),ltd,corporate subscriber,2019-06-17,micro-entity,"accounts category, NOT turnover",43220; 81222,"19 Barge House Road, London",E16 2NX,https://find-and-update.company-information.service.gov.uk/company/12053546,,TO BE ENRICHED — not held by Companies House,legitimate interests (LIA required before contact),Companies House public API,2026-07-12T04:29:56+00:00
JF ELECTRICS LTD,12044880,UNCLASSIFIED,no accounts filed yet — cannot size,ltd,corporate subscriber,2019-06-11,none,"accounts category, NOT turnover",43210,"48 - 52 Penny Lane Mossley Hill, Liverpool, Merseyside",L18 1DG,https://find-and-update.company-information.service.gov.uk/company/12044880,,TO BE ENRICHED — not held by Companies House,legitimate interests (LIA required before contact),Companies House public API,2026-07-12T04:29:56+00:00
DEX-ELEC LTD,12050159,UNCLASSIFIED,no accounts filed yet — cannot size,ltd,corporate subscriber,2019-06-13,none,"accounts category, NOT turnover",43210,"3 Pentre Bach, Gendros, Swansea",SA5 8JQ,https://find-and-update.company-information.service.gov.uk/company/12050159,,TO BE ENRICHED — not held by Companies House,legitimate interests (LIA required before contact),Companies House public API,2026-07-12T04:29:57+00:00
HALESOWEN GAS SERVICES LIMITED,05418020,A_CEILING_HIT,"established 2005, total-exemption-full filer",ltd,corporate subscriber,2005-04-07,total-exemption-full,"accounts category, NOT turnover",43220,"Ebenezer House, Ryecroft, Newcastle-Under-Lyme, Staffordshire",ST5 2BE,https://find-and-update.company-information.service.gov.uk/company/05418020,,TO BE ENRICHED — not held by Companies House,legitimate interests (LIA required before contact),Companies House public API,2026-07-12T04:29:58+00:00
JAY GEE SPARKS LIMITED,12139235,UNCLASSIFIED,no accounts filed yet — cannot size,ltd,corporate subscriber,2019-08-05,none,"accounts category, NOT turnover",43210,"83 Peregrine Road, Luton",LU4 0UY,https://find-and-update.company-information.service.gov.uk/company/12139235,,TO BE ENRICHED — not held by Companies House,legitimate interests (LIA required before contact),Companies House public API,2026-07-12T04:29:58+00:00
BSB CONSTRUCTION AND DESIGN LTD,12126626,UNCLASSIFIED,no accounts filed yet — cannot size,ltd,corporate subscriber,2019-07-29,none,"accounts category, NOT turnover",41201; 41202; 43210; 43220,"14 Hadrian Walk West, Reading, Berkshire",RG2 7TY,https://find-and-update.company-information.service.gov.uk/company/12126626,,TO BE ENRICHED — not held by Companies House,legitimate interests (LIA required before contact),Companies House public API,2026-07-12T04:29:59+00:00
SECURITY SOUTHAMPTON LIMITED,13357125,B_COMPLIANCE_DROWNED,micro filer (micro-entity),ltd,corporate subscriber,2021-04-26,micro-entity,"accounts category, NOT turnover",43290,"4 Valentine Avenue, Sholing, Southampton, Hampshire",SO19 0ER,https://find-and-update.company-information.service.gov.uk/company/13357125,,TO BE ENRICHED — not held by Companies House,legitimate interests (LIA required before contact),Companies House public API,2026-07-12T04:30:00+00:00
SAFE HOME ELECTRICAL SERVICES LTD,09948966,B_COMPLIANCE_DROWNED,micro filer (micro-entity),ltd,corporate subscriber,2016-01-13,micro-entity,"accounts category, NOT turnover",43210,"27 Pelham Way, Forest Town, Mansfield",NG19 0LD,https://find-and-update.company-information.service.gov.uk/company/09948966,,TO BE ENRICHED — not held by Companies House,legitimate interests (LIA required before contact),Companies House public API,2026-07-12T04:30:00+00:00
H R M PLUMBING & HEATING SERVICES LTD,10139634,A_CEILING_HIT,"established 2016, total-exemption-full filer",ltd,corporate subscriber,2016-04-21,total-exemption-full,"accounts category, NOT turnover",43220,"30 Station Lane Station Lane, Hornchurch",RM12 6NJ,https://find-and-update.company-information.service.gov.uk/company/10139634,,TO BE ENRICHED — not held by Companies House,legitimate interests (LIA required before contact),Companies House public API,2026-07-12T04:30:01+00:00
S.J. PHILIP LIMITED,03978640,A_CEILING_HIT,"established 2000, total-exemption-full filer",ltd,corporate subscriber,2000-04-20,total-exemption-full,"accounts category, NOT turnover",43210,"75 Bournemouth Road, Chandlers Ford, Eastleigh, Hampshire",SO53 3AP,https://find-and-update.company-information.service.gov.uk/company/03978640,,TO BE ENRICHED — not held by Companies House,legitimate interests (LIA required before contact),Companies House public API,2026-07-12T04:30:02+00:00
WESTCOTE KITCHENS LTD,12566188,A_CEILING_HIT,"established 2020, total-exemption-full filer",ltd,corporate subscriber,2020-04-21,total-exemption-full,"accounts category, NOT turnover",43290,"21 Westcote Close, Witney",OX28 5FF,https://find-and-update.company-information.service.gov.uk/company/12566188,,TO BE ENRICHED — not held by Companies House,legitimate interests (LIA required before contact),Companies House public API,2026-07-12T04:30:03+00:00
FENBY PROJECTS LIMITED,13350106,A_CEILING_HIT,"established 2021, total-exemption-full filer",ltd,corporate subscriber,2021-04-21,total-exemption-full,"accounts category, NOT turnover",41100; 43290,"88 Farm View Road, Rotherham",S61 2AP,https://find-and-update.company-information.service.gov.uk/company/13350106,,TO BE ENRICHED — not held by Companies House,legitimate interests (LIA required before contact),Companies House public API,2026-07-12T04:30:03+00:00
ANGEL PLUMBING SERVICES LIMITED,04437729,A_CEILING_HIT,"established 2002, total-exemption-full filer",ltd,corporate subscriber,2002-05-14,total-exemption-full,"accounts category, NOT turnover",43220,"9 Bonhill Street, London",EC2A 4DJ,https://find-and-update.company-information.service.gov.uk/company/04437729,,TO BE ENRICHED — not held by Companies House,legitimate interests (LIA required before contact),Companies House public API,2026-07-12T04:30:04+00:00
HEALEY & MCGILL LIMITED,11497837,B_COMPLIANCE_DROWNED,micro filer (micro-entity),ltd,corporate subscriber,2018-08-02,micro-entity,"accounts category, NOT turnover",43290; 78109; 78200,"135 Clock Tower Road, Isleworth",TW7 6DT,https://find-and-update.company-information.service.gov.uk/company/11497837,,TO BE ENRICHED — not held by Companies House,legitimate interests (LIA required before contact),Companies House public API,2026-07-12T04:30:05+00:00
ALBAVISHA LTD,06582780,B_COMPLIANCE_DROWNED,micro filer (micro-entity),ltd,corporate subscriber,2008-05-01,micro-entity,"accounts category, NOT turnover",43210,"83d London Road, Romford",RM7 9QD,https://find-and-update.company-information.service.gov.uk/company/06582780,,TO BE ENRICHED — not held by Companies House,legitimate interests (LIA required before contact),Companies House public API,2026-07-12T04:30:05+00:00
IC ELECTRICAL SOLUTIONS LTD,10183864,B_COMPLIANCE_DROWNED,micro filer (micro-entity),ltd,corporate subscriber,2016-05-17,micro-entity,"accounts category, NOT turnover",43210,"2 Middleton Road, Royton, Oldham",OL2 5PA,https://find-and-update.company-information.service.gov.uk/company/10183864,,TO BE ENRICHED — not held by Companies House,legitimate interests (LIA required before contact),Companies House public API,2026-07-12T04:30:06+00:00
GRIMES CONSTRUCTION LIMITED,12001693,A_CEILING_HIT,"established 2019, unaudited-abridged filer",ltd,corporate subscriber,2019-05-17,unaudited-abridged,"accounts category, NOT turnover",43290,"153 Mortimer Street, Herne Bay, Kent",CT6 5HA,https://find-and-update.company-information.service.gov.uk/company/12001693,,TO BE ENRICHED — not held by Companies House,legitimate interests (LIA required before contact),Companies House public API,2026-07-12T04:30:07+00:00
RUSHMERE PLUMBING & HEATING LTD,12199402,B_COMPLIANCE_DROWNED,micro filer (micro-entity),ltd,corporate subscriber,2019-09-10,micro-entity,"accounts category, NOT turnover",43220,"6 Mannington Close, Rushmere St. Andrew, Ipswich, Suffolk",IP4 5PW,https://find-and-update.company-information.service.gov.uk/company/12199402,,TO BE ENRICHED — not held by Companies House,legitimate interests (LIA required before contact),Companies House public API,2026-07-12T04:30:07+00:00
DISSTECH SOLUTIONS LIMITED,03985577,A_CEILING_HIT,"established 2000, total-exemption-full filer",ltd,corporate subscriber,2000-05-04,total-exemption-full,"accounts category, NOT turnover",43210; 82990,"Clarke Nicklin House Brooks Drive, Cheadle Royal Business Park, Cheadle, Cheshire",SK8 3TD,https://find-and-update.company-information.service.gov.uk/company/03985577,,TO BE ENRICHED — not held by Companies House,legitimate interests (LIA required before contact),Companies House public API,2026-07-12T04:30:08+00:00
D TOWNEND PLUMBING SERVICES LIMITED,05397983,A_CEILING_HIT,"established 2005, total-exemption-full filer",ltd,corporate subscriber,2005-03-18,total-exemption-full,"accounts category, NOT turnover",43220,"37 Balfour Road, Walmer, Deal",CT14 7HY,https://find-and-update.company-information.service.gov.uk/company/05397983,,TO BE ENRICHED — not held by Companies House,legitimate interests (LIA required before contact),Companies House public API,2026-07-12T04:30:09+00:00
BROWNS DESIGN & BUILD LIMITED,06202909,B_COMPLIANCE_DROWNED,micro filer (micro-entity),ltd,corporate subscriber,2007-04-04,micro-entity,"accounts category, NOT turnover",43210,"54 Cline Rd, Guildford, Surrey",GU1 3NH,https://find-and-update.company-information.service.gov.uk/company/06202909,,TO BE ENRICHED — not held by Companies House,legitimate interests (LIA required before contact),Companies House public API,2026-07-12T04:30:10+00:00
CASTLE HEATING HERTS LTD,11317892,B_COMPLIANCE_DROWNED,micro filer (micro-entity),ltd,corporate subscriber,2018-04-18,micro-entity,"accounts category, NOT turnover",43220,"29 Cypress Avenue, Welwyn Garden City, Herts",AL7 1HN,https://find-and-update.company-information.service.gov.uk/company/11317892,,TO BE ENRICHED — not held by Companies House,legitimate interests (LIA required before contact),Companies House public API,2026-07-12T04:30:10+00:00
PLUMBTECH SOLUTIONS LTD,14771245,B_COMPLIANCE_DROWNED,"young (2023), total-exemption-full filer",ltd,corporate subscriber,2023-03-31,total-exemption-full,"accounts category, NOT turnover",43220,"8 Metcalf Close, Kirkby, Liverpool",L33 4HW,https://find-and-update.company-information.service.gov.uk/company/14771245,,TO BE ENRICHED — not held by Companies House,legitimate interests (LIA required before contact),Companies House public API,2026-07-12T04:30:11+00:00
WORCESTER PARK ELECTRICAL LTD,12203035,A_CEILING_HIT,"established 2019, total-exemption-full filer",ltd,corporate subscriber,2019-09-12,total-exemption-full,"accounts category, NOT turnover",43210,"41 Oldfields Road, Sutton, Surrey",SM1 2NB,https://find-and-update.company-information.service.gov.uk/company/12203035,,TO BE ENRICHED — not held by Companies House,legitimate interests (LIA required before contact),Companies House public API,2026-07-12T04:30:12+00:00
OVER & ABOVE CONSTRUCTION LTD,13382082,B_COMPLIANCE_DROWNED,micro filer (micro-entity),ltd,corporate subscriber,2021-05-07,micro-entity,"accounts category, NOT turnover",43290,"42 Aylward Gardens Aylward Gardens, Chesham",HP5 2QZ,https://find-and-update.company-information.service.gov.uk/company/13382082,,TO BE ENRICHED — not held by Companies House,legitimate interests (LIA required before contact),Companies House public API,2026-07-12T04:30:12+00:00
NORMAN GUTTERIDGE LIMITED,01344078,A_CEILING_HIT,"established 1977, total-exemption-full filer",ltd,corporate subscriber,1977-12-14,total-exemption-full,"accounts category, NOT turnover",43220,"Courtland House, Butts Road, Stanford-Le-Hope, Essex",SS17 0JH,https://find-and-update.company-information.service.gov.uk/company/01344078,,TO BE ENRICHED — not held by Companies House,legitimate interests (LIA required before contact),Companies House public API,2026-07-12T04:30:13+00:00
KEYWORTH ELECTRICAL LIMITED,07917780,EXCLUDED_DORMANT,"dormant — not trading, not a buyer",ltd,corporate subscriber,2012-01-20,dormant,"accounts category, NOT turnover",43210,"39-43 Bridge Street, Swinton, Mexborough",S64 8AP,https://find-and-update.company-information.service.gov.uk/company/07917780,,TO BE ENRICHED — not held by Companies House,legitimate interests (LIA required before contact),Companies House public API,2026-07-12T04:30:14+00:00
CONTECH CONSULTANCY SERVICES LTD,14895522,EXCLUDED_DORMANT,"dormant — not trading, not a buyer",ltd,corporate subscriber,2023-05-25,dormant,"accounts category, NOT turnover",43290; 68209; 78109,"107 Broomfield Avenue, London",N13 4JR,https://find-and-update.company-information.service.gov.uk/company/14895522,,TO BE ENRICHED — not held by Companies House,legitimate interests (LIA required before contact),Companies House public API,2026-07-12T04:30:14+00:00
ATREUS LTD,14300991,B_COMPLIANCE_DROWNED,"young (2022), total-exemption-full filer",ltd,corporate subscriber,2022-08-17,total-exemption-full,"accounts category, NOT turnover",43210,"Electric Works 3 Concourse Way, Digital Campus, Sheffield",S1 2BJ,https://find-and-update.company-information.service.gov.uk/company/14300991,,TO BE ENRICHED — not held by Companies House,legitimate interests (LIA required before contact),Companies House public API,2026-07-12T04:30:15+00:00
D C M GLASS & GLAZING LTD,04496838,A_CEILING_HIT,"established 2002, total-exemption-full filer",ltd,corporate subscriber,2002-07-27,total-exemption-full,"accounts category, NOT turnover",43290,"Clay Hill House Clay Hill Lane, Hawarden, Deeside, Flintshire",CH5 2AQ,https://find-and-update.company-information.service.gov.uk/company/04496838,,TO BE ENRICHED — not held by Companies House,legitimate interests (LIA required before contact),Companies House public API,2026-07-12T04:30:16+00:00
AOAL CONSTRUCTION LTD,14468579,B_COMPLIANCE_DROWNED,micro filer (micro-entity),ltd,corporate subscriber,2022-11-07,micro-entity,"accounts category, NOT turnover",43290,"73 Ardenfield Drive, Manchester",M22 5DE,https://find-and-update.company-information.service.gov.uk/company/14468579,,TO BE ENRICHED — not held by Companies House,legitimate interests (LIA required before contact),Companies House public API,2026-07-12T04:30:16+00:00
AK ECO SOLUTIONS LTD,13376439,B_COMPLIANCE_DROWNED,micro filer (micro-entity),ltd,corporate subscriber,2021-05-05,micro-entity,"accounts category, NOT turnover",43220; 71129,"11 Dunholme Road, Leicester",LE4 9BW,https://find-and-update.company-information.service.gov.uk/company/13376439,,TO BE ENRICHED — not held by Companies House,legitimate interests (LIA required before contact),Companies House public API,2026-07-12T04:30:17+00:00
BRIDGE CONTRACTING SERVICES LTD,12658500,B_COMPLIANCE_DROWNED,micro filer (micro-entity),ltd,corporate subscriber,2020-06-09,micro-entity,"accounts category, NOT turnover",43220,"7 Laureate Paddocks, Newmarket, Suffolk",CB8 0AP,https://find-and-update.company-information.service.gov.uk/company/12658500,,TO BE ENRICHED — not held by Companies House,legitimate interests (LIA required before contact),Companies House public API,2026-07-12T04:30:18+00:00
JYS SERVICES UK LTD,12197523,B_COMPLIANCE_DROWNED,micro filer (micro-entity),ltd,corporate subscriber,2019-09-09,micro-entity,"accounts category, NOT turnover",43220; 46690; 47910; 96090,"161 Wilmslow Road, Handforth, Wilmslow",SK9 3JL,https://find-and-update.company-information.service.gov.uk/company/12197523,,TO BE ENRICHED — not held by Companies House,legitimate interests (LIA required before contact),Companies House public API,2026-07-12T04:30:18+00:00
AXISMICROGEN LTD,07621091,EXCLUDED_DORMANT,"dormant — not trading, not a buyer",ltd,corporate subscriber,2011-05-04,dormant,"accounts category, NOT turnover",43220,"32 Sun Street, Biggleswade, Beds",SG18 0BP,https://find-and-update.company-information.service.gov.uk/company/07621091,,TO BE ENRICHED — not held by Companies House,legitimate interests (LIA required before contact),Companies House public API,2026-07-12T04:30:19+00:00
FRITS & SONS LTD,14291316,B_COMPLIANCE_DROWNED,"young (2022), total-exemption-full filer",ltd,corporate subscriber,2022-08-11,total-exemption-full,"accounts category, NOT turnover",43290,"1 Brereton Court, Hemel Hempstead",HP3 9JS,https://find-and-update.company-information.service.gov.uk/company/14291316,,TO BE ENRICHED — not held by Companies House,legitimate interests (LIA required before contact),Companies House public API,2026-07-12T04:30:20+00:00
VERVE HYSOL LTD,14289883,B_COMPLIANCE_DROWNED,micro filer (micro-entity),ltd,corporate subscriber,2022-08-11,micro-entity,"accounts category, NOT turnover",43290,"Ecclesall Chambers, 40 Cemetery Avenue, Sheffield",S11 8NT,https://find-and-update.company-information.service.gov.uk/company/14289883,,TO BE ENRICHED — not held by Companies House,legitimate interests (LIA required before contact),Companies House public API,2026-07-12T04:30:21+00:00
PRACTICAL SOLUTION BUILDING JOINERY & REFURBISHMENT LTD,14818835,B_COMPLIANCE_DROWNED,"young (2023), total-exemption-full filer",ltd,corporate subscriber,2023-04-21,total-exemption-full,"accounts category, NOT turnover",43290,"7 Crossfield House Close, Skellow, Doncaster",DN6 8RG,https://find-and-update.company-information.service.gov.uk/company/14818835,,TO BE ENRICHED — not held by Companies House,legitimate interests (LIA required before contact),Companies House public API,2026-07-12T04:30:21+00:00
G HOPWOOD ELECTRICAL CONTRACTORS LIMITED,07228100,A_CEILING_HIT,"established 2010, unaudited-abridged filer",ltd,corporate subscriber,2010-04-20,unaudited-abridged,"accounts category, NOT turnover",43210,"Unit 23 Townhead Trading Centre Main Street, Addingham, Ilkley, West Yorkshire",LS29 0PD,https://find-and-update.company-information.service.gov.uk/company/07228100,,TO BE ENRICHED — not held by Companies House,legitimate interests (LIA required before contact),Companies House public API,2026-07-12T04:30:22+00:00
NEIL NORTH & ASSOCIATES LIMITED,05107080,B_COMPLIANCE_DROWNED,micro filer (micro-entity),ltd,corporate subscriber,2004-04-20,micro-entity,"accounts category, NOT turnover",43220,"86 New Street, Donisthorpe, Swadlincote, Derbyshire",DE12 7PG,https://find-and-update.company-information.service.gov.uk/company/05107080,,TO BE ENRICHED — not held by Companies House,legitimate interests (LIA required before contact),Companies House public API,2026-07-12T04:30:23+00:00
NICHE ELECTRICAL SERVICES LIMITED,10734277,B_COMPLIANCE_DROWNED,micro filer (micro-entity),ltd,corporate subscriber,2017-04-21,micro-entity,"accounts category, NOT turnover",43290; 43999,"39 Ormerod Road, Hull",HU5 5TS,https://find-and-update.company-information.service.gov.uk/company/10734277,,TO BE ENRICHED — not held by Companies House,legitimate interests (LIA required before contact),Companies House public API,2026-07-12T04:30:23+00:00
KRIS ELECTRICAL LIMITED,12566550,B_COMPLIANCE_DROWNED,micro filer (micro-entity),ltd,corporate subscriber,2020-04-21,micro-entity,"accounts category, NOT turnover",43210,"25 Saxon Street, Northampton",NN3 2SQ,https://find-and-update.company-information.service.gov.uk/company/12566550,,TO BE ENRICHED — not held by Companies House,legitimate interests (LIA required before contact),Companies House public API,2026-07-12T04:30:24+00:00
1ST CLASS TILING LTD,14381980,B_COMPLIANCE_DROWNED,micro filer (micro-entity),ltd,corporate subscriber,2022-09-28,micro-entity,"accounts category, NOT turnover",43290,"30 Briarfield Crescent, Sheffield, South Yorkshire",S12 3LB,https://find-and-update.company-information.service.gov.uk/company/14381980,,TO BE ENRICHED — not held by Companies House,legitimate interests (LIA required before contact),Companies House public API,2026-07-12T04:30:25+00:00
CHRIS SOUTHCOMBE LTD,14310584,B_COMPLIANCE_DROWNED,micro filer (micro-entity),ltd,corporate subscriber,2022-08-22,micro-entity,"accounts category, NOT turnover",43220; 71122; 74300; 85320,"45 Summerleaze, Bristol",BS16 4HL,https://find-and-update.company-information.service.gov.uk/company/14310584,,TO BE ENRICHED — not held by Companies House,legitimate interests (LIA required before contact),Companies House public API,2026-07-12T04:30:25+00:00
VM CREW LTD,14112513,B_COMPLIANCE_DROWNED,micro filer (micro-entity),ltd,corporate subscriber,2022-05-17,micro-entity,"accounts category, NOT turnover",43290; 78200,"66 Chequerfield Road, Pontefract",WF8 2BH,https://find-and-update.company-information.service.gov.uk/company/14112513,,TO BE ENRICHED — not held by Companies House,legitimate interests (LIA required before contact),Companies House public API,2026-07-12T04:30:26+00:00
FRIDGEBLOKES LIMITED,10318655,B_COMPLIANCE_DROWNED,micro filer (micro-entity),ltd,corporate subscriber,2016-08-08,micro-entity,"accounts category, NOT turnover",43290,"34 Pennycress Close, Swindon",SN25 1RT,https://find-and-update.company-information.service.gov.uk/company/10318655,,TO BE ENRICHED — not held by Companies House,legitimate interests (LIA required before contact),Companies House public API,2026-07-12T04:30:27+00:00
HORTON BUILDER (PETTS WOOD) LIMITED,13394234,A_CEILING_HIT,"established 2021, total-exemption-full filer",ltd,corporate subscriber,2021-05-13,total-exemption-full,"accounts category, NOT turnover",43290,"181 Petts Wood Road, Petts Wood, Orpington",BR5 1JZ,https://find-and-update.company-information.service.gov.uk/company/13394234,,TO BE ENRICHED — not held by Companies House,legitimate interests (LIA required before contact),Companies House public API,2026-07-12T04:30:28+00:00
EES CONTRACTS LTD,12112196,A_CEILING_HIT,"established 2019, total-exemption-full filer",ltd,corporate subscriber,2019-07-19,total-exemption-full,"accounts category, NOT turnover",43210,"Unit 7 The Gallery, Furness Avenue, Formby, Liverpool, Merseyside",L37 3NP,https://find-and-update.company-information.service.gov.uk/company/12112196,,TO BE ENRICHED — not held by Companies House,legitimate interests (LIA required before contact),Companies House public API,2026-07-12T04:30:28+00:00
K. PRANCE PHS LTD,11337243,B_COMPLIANCE_DROWNED,micro filer (micro-entity),ltd,corporate subscriber,2018-04-30,micro-entity,"accounts category, NOT turnover",43220,"The Paddocks High Street, Mepal, Ely",CB6 2AW,https://find-and-update.company-information.service.gov.uk/company/11337243,,TO BE ENRICHED — not held by Companies House,legitimate interests (LIA required before contact),Companies House public API,2026-07-12T04:30:29+00:00
N.BROWN ELECTRICAL LTD,NI678979,A_CEILING_HIT,"established 2021, total-exemption-full filer",ltd,corporate subscriber,2021-05-04,total-exemption-full,"accounts category, NOT turnover",43210,"50 Dunleady Park, Dundonald, Belfast",BT16 1JX,https://find-and-update.company-information.service.gov.uk/company/NI678979,,TO BE ENRICHED — not held by Companies House,legitimate interests (LIA required before contact),Companies House public API,2026-07-12T04:30:30+00:00
CAPITAL REFRIGERATION SERVICES LIMITED,00918599,A_CEILING_HIT,"established 1967, total-exemption-full filer",ltd,corporate subscriber,1967-10-18,total-exemption-full,"accounts category, NOT turnover",43220; 46439,"45 Hoddesdon Industrial Centre, Pindar Road, Hoddesdon, Herts",EN11 0FF,https://find-and-update.company-information.service.gov.uk/company/00918599,,TO BE ENRICHED — not held by Companies House,legitimate interests (LIA required before contact),Companies House public API,2026-07-12T04:30:30+00:00
EAGLE BUILDING & CONSTRUCTION LIMITED,10386438,B_COMPLIANCE_DROWNED,micro filer (micro-entity),ltd,corporate subscriber,2016-09-20,micro-entity,"accounts category, NOT turnover",43290; 43390; 43999,"161 Forest Road, London",E17 6HE,https://find-and-update.company-information.service.gov.uk/company/10386438,,TO BE ENRICHED — not held by Companies House,legitimate interests (LIA required before contact),Companies House public API,2026-07-12T04:30:31+00:00
ECOSOURCE RENEWABLES LTD,14809848,B_COMPLIANCE_DROWNED,"young (2023), total-exemption-full filer",ltd,corporate subscriber,2023-04-17,total-exemption-full,"accounts category, NOT turnover",43220,"50 Watermead Road, Luton",LU3 2TD,https://find-and-update.company-information.service.gov.uk/company/14809848,,TO BE ENRICHED — not held by Companies House,legitimate interests (LIA required before contact),Companies House public API,2026-07-12T04:30:32+00:00
PRO FIT PLUMBING AND HEATING LTD,14835977,EXCLUDED_DORMANT,"dormant — not trading, not a buyer",ltd,corporate subscriber,2023-05-01,dormant,"accounts category, NOT turnover",43220,"9 Brick Work Lane, Hook, Hampshire",RG27 9YT,https://find-and-update.company-information.service.gov.uk/company/14835977,,TO BE ENRICHED — not held by Companies House,legitimate interests (LIA required before contact),Companies House public API,2026-07-12T04:30:32+00:00
RUTHERFORD ELECTRICAL DESIGN LIMITED,10702654,EXCLUDED_DORMANT,"dormant — not trading, not a buyer",ltd,corporate subscriber,2017-03-31,dormant,"accounts category, NOT turnover",43210,"99 Baynard Avenue, Flitch Green, Dunmow",CM6 3FD,https://find-and-update.company-information.service.gov.uk/company/10702654,,TO BE ENRICHED — not held by Companies House,legitimate interests (LIA required before contact),Companies House public API,2026-07-12T04:30:33+00:00
SMART GAS 24-7 LIMITED,14313378,B_COMPLIANCE_DROWNED,micro filer (micro-entity),ltd,corporate subscriber,2022-08-23,micro-entity,"accounts category, NOT turnover",43220,"17 Victoria Road East, Thornton Cleveleys, Lancashire",FY5 5HT,https://find-and-update.company-information.service.gov.uk/company/14313378,,TO BE ENRICHED — not held by Companies House,legitimate interests (LIA required before contact),Companies House public API,2026-07-12T04:30:34+00:00
SOLVE AND WELD PLUMBING SERVICES LIMITED,10688192,EXCLUDED_DORMANT,"dormant — not trading, not a buyer",ltd,corporate subscriber,2017-03-23,dormant,"accounts category, NOT turnover",43220,"26 Lillian Avenue, Acton, London",W3 9AW,https://find-and-update.company-information.service.gov.uk/company/10688192,,TO BE ENRICHED — not held by Companies House,legitimate interests (LIA required before contact),Companies House public API,2026-07-12T04:30:34+00:00
SUN CARE MAINTENANCE LTD,07017694,EXCLUDED_DORMANT,"dormant — not trading, not a buyer",ltd,corporate subscriber,2009-09-14,dormant,"accounts category, NOT turnover",33190; 43210,"38 Westwood View, Crawcrook Ryton, Tyne & Wear",NE40 4HR,https://find-and-update.company-information.service.gov.uk/company/07017694,,TO BE ENRICHED — not held by Companies House,legitimate interests (LIA required before contact),Companies House public API,2026-07-12T04:30:35+00:00
PLUMBLOKE AND SONS LIMITED,12630136,B_COMPLIANCE_DROWNED,micro filer (micro-entity),ltd,corporate subscriber,2020-05-28,micro-entity,"accounts category, NOT turnover",43220,"211 Forest Road, Coalville, Leicestershire",LE67 3SP,https://find-and-update.company-information.service.gov.uk/company/12630136,,TO BE ENRICHED — not held by Companies House,legitimate interests (LIA required before contact),Companies House public API,2026-07-12T04:30:36+00:00
CLS ELECTRICAL SERVICES LTD,12424974,A_CEILING_HIT,"established 2020, total-exemption-full filer",ltd,corporate subscriber,2020-01-27,total-exemption-full,"accounts category, NOT turnover",43210,"61a High Street South, Rushden",NN10 0RA,https://find-and-update.company-information.service.gov.uk/company/12424974,,TO BE ENRICHED — not held by Companies House,legitimate interests (LIA required before contact),Companies House public API,2026-07-12T04:30:36+00:00
EDELWEIS LTD,09870024,B_COMPLIANCE_DROWNED,micro filer (micro-entity),ltd,corporate subscriber,2015-11-12,micro-entity,"accounts category, NOT turnover",43290,"2 Davis Road, Aveley, South Ockendon",RM15 4ST,https://find-and-update.company-information.service.gov.uk/company/09870024,,TO BE ENRICHED — not held by Companies House,legitimate interests (LIA required before contact),Companies House public API,2026-07-12T04:30:37+00:00
SUPERCOOL EAST LTD,10976111,EXCLUDED_DORMANT,"dormant — not trading, not a buyer",ltd,corporate subscriber,2017-09-22,dormant,"accounts category, NOT turnover",43220,"310 Wellingborough Road, Northampton, Northamptonshire",NN1 4EP,https://find-and-update.company-information.service.gov.uk/company/10976111,,TO BE ENRICHED — not held by Companies House,legitimate interests (LIA required before contact),Companies House public API,2026-07-12T04:30:38+00:00
BETTER FIT SOLUTIONS LTD,13394687,B_COMPLIANCE_DROWNED,micro filer (micro-entity),ltd,corporate subscriber,2021-05-13,micro-entity,"accounts category, NOT turnover",43290,"7 Main Road, Harwich",CO12 3FN,https://find-and-update.company-information.service.gov.uk/company/13394687,,TO BE ENRICHED — not held by Companies House,legitimate interests (LIA required before contact),Companies House public API,2026-07-12T04:30:39+00:00
GOODAIR LIMITED,06596777,A_CEILING_HIT,"established 2008, total-exemption-full filer",ltd,corporate subscriber,2008-05-19,total-exemption-full,"accounts category, NOT turnover",35300; 43210,"15 Lampits Hill, Corringham, Stanford-Le-Hope",SS17 9AA,https://find-and-update.company-information.service.gov.uk/company/06596777,,TO BE ENRICHED — not held by Companies House,legitimate interests (LIA required before contact),Companies House public API,2026-07-12T04:30:39+00:00
J K ELECTRICS LTD,06287805,B_COMPLIANCE_DROWNED,micro filer (micro-entity),ltd,corporate subscriber,2007-06-20,micro-entity,"accounts category, NOT turnover",43210,"112 Harvesters Close, Rainham, Gillingham",ME8 8PA,https://find-and-update.company-information.service.gov.uk/company/06287805,,TO BE ENRICHED — not held by Companies House,legitimate interests (LIA required before contact),Companies House public API,2026-07-12T04:30:40+00:00
RURAL HEATING SERVICES LTD,11514435,B_COMPLIANCE_DROWNED,micro filer (micro-entity),ltd,corporate subscriber,2018-08-13,micro-entity,"accounts category, NOT turnover",43220,"C/O Paul Austen Associates Ltd Riverside, Mountbatten Way, Congleton, Cheshire",CW12 1DY,https://find-and-update.company-information.service.gov.uk/company/11514435,,TO BE ENRICHED — not held by Companies House,legitimate interests (LIA required before contact),Companies House public API,2026-07-12T04:30:41+00:00
LEO PRENDI PLUMBING LTD,13196154,A_CEILING_HIT,"established 2021, unaudited-abridged filer",ltd,corporate subscriber,2021-02-11,unaudited-abridged,"accounts category, NOT turnover",43220,"Electric Wharf, 1 Generator Hall, Coventry",CV1 4JL,https://find-and-update.company-information.service.gov.uk/company/13196154,,TO BE ENRICHED — not held by Companies House,legitimate interests (LIA required before contact),Companies House public API,2026-07-12T04:30:41+00:00
LD HEATING & PLUMBING LTD,14096286,B_COMPLIANCE_DROWNED,micro filer (micro-entity),ltd,corporate subscriber,2022-05-09,micro-entity,"accounts category, NOT turnover",43220,"15 Hillier Crescent, Calne, Wiltshire",SN11 8HZ,https://find-and-update.company-information.service.gov.uk/company/14096286,,TO BE ENRICHED — not held by Companies House,legitimate interests (LIA required before contact),Companies House public API,2026-07-12T04:30:42+00:00
A GREENER FOOTPRINT LTD,12961928,A_CEILING_HIT,"established 2020, total-exemption-full filer",ltd,corporate subscriber,2020-10-20,total-exemption-full,"accounts category, NOT turnover",43220,"Deb House 19 Middlewoods Way, Wharncliffe Business Park, Carlton, Barnsley,  South Yorkshire",S71 3HR,https://find-and-update.company-information.service.gov.uk/company/12961928,,TO BE ENRICHED — not held by Companies House,legitimate interests (LIA required before contact),Companies House public API,2026-07-12T04:30:43+00:00
KENTISH PLUMBERS LTD,11907727,A_CEILING_HIT,"established 2019, total-exemption-full filer",ltd,corporate subscriber,2019-03-27,total-exemption-full,"accounts category, NOT turnover",43220,"220 Vale Road, Tonbridge",TN9 1SP,https://find-and-update.company-information.service.gov.uk/company/11907727,,TO BE ENRICHED — not held by Companies House,legitimate interests (LIA required before contact),Companies House public API,2026-07-12T04:30:43+00:00
GWL COMPLIANCE LTD,14841706,B_COMPLIANCE_DROWNED,micro filer (micro-entity),ltd,corporate subscriber,2023-05-02,micro-entity,"accounts category, NOT turnover",43210; 71200,"258 Main Street, Stanton Under Bardon, Markfield",LE67 9TR,https://find-and-update.company-information.service.gov.uk/company/14841706,,TO BE ENRICHED — not held by Companies House,legitimate interests (LIA required before contact),Companies House public API,2026-07-12T04:30:44+00:00
BALTIC TIMBER PRODUCTS LIMITED,10245403,A_CEILING_HIT,"established 2016, total-exemption-full filer",ltd,corporate subscriber,2016-06-22,total-exemption-full,"accounts category, NOT turnover",43290,"B1 Vantage Park, Old Gloucester Road, Hambrook, Bristol",BS16 1GW,https://find-and-update.company-information.service.gov.uk/company/10245403,,TO BE ENRICHED — not held by Companies House,legitimate interests (LIA required before contact),Companies House public API,2026-07-12T04:30:45+00:00
OLIVEIRA SERVICES LTD,13872766,B_COMPLIANCE_DROWNED,"young (2022), total-exemption-full filer",ltd,corporate subscriber,2022-01-26,total-exemption-full,"accounts category, NOT turnover",41201; 43290; 81299,"86 Albert Square, London",E15 1HH,https://find-and-update.company-information.service.gov.uk/company/13872766,,TO BE ENRICHED — not held by Companies House,legitimate interests (LIA required before contact),Companies House public API,2026-07-12T04:30:45+00:00
KW ELECTRICAL LTD,12154968,B_COMPLIANCE_DROWNED,micro filer (micro-entity),ltd,corporate subscriber,2019-08-14,micro-entity,"accounts category, NOT turnover",43210,"Unit 2 Edwards Enterprise Park Rhosddu Industrial Estate, Old Rhosrobin, Wrexham",LL11 4ZA,https://find-and-update.company-information.service.gov.uk/company/12154968,,TO BE ENRICHED — not held by Companies House,legitimate interests (LIA required before contact),Companies House public API,2026-07-12T04:30:46+00:00
KBB PLUMBING LIMITED,08359609,B_COMPLIANCE_DROWNED,micro filer (micro-entity),ltd,corporate subscriber,2013-01-14,micro-entity,"accounts category, NOT turnover",43220,"Archer House Britland Estate, Northbourne Road, Eastbourne, East Sussex",BN22 8PW,https://find-and-update.company-information.service.gov.uk/company/08359609,,TO BE ENRICHED — not held by Companies House,legitimate interests (LIA required before contact),Companies House public API,2026-07-12T04:30:47+00:00
LEWIS CABLING SOLUTIONS LTD,11631167,EXCLUDED_DORMANT,"dormant — not trading, not a buyer",ltd,corporate subscriber,2018-10-19,dormant,"accounts category, NOT turnover",43210,"16 Trefor Avenue, Kinmel Bay, Rhyl, Conwy",LL18 5NT,https://find-and-update.company-information.service.gov.uk/company/11631167,,TO BE ENRICHED — not held by Companies House,legitimate interests (LIA required before contact),Companies House public API,2026-07-12T04:30:47+00:00
HELPLINK NORTH LIMITED,06802931,B_COMPLIANCE_DROWNED,micro filer (micro-entity),ltd,corporate subscriber,2009-01-27,micro-entity,"accounts category, NOT turnover",43220,"203 Manningham Lane, Bradford, West Yorkshire",BD8 7HP,https://find-and-update.company-information.service.gov.uk/company/06802931,,TO BE ENRICHED — not held by Companies House,legitimate interests (LIA required before contact),Companies House public API,2026-07-12T04:30:48+00:00
STEVE HOSKING PLUMBING & HEATING LTD,12038328,B_COMPLIANCE_DROWNED,micro filer (micro-entity),ltd,corporate subscriber,2019-06-07,micro-entity,"accounts category, NOT turnover",43220,"17 Boulden Close, Plymouth, Devon",PL7 2GL,https://find-and-update.company-information.service.gov.uk/company/12038328,,TO BE ENRICHED — not held by Companies House,legitimate interests (LIA required before contact),Companies House public API,2026-07-12T04:30:49+00:00
INTACT PLUMBING & HEATING LIMITED,12981995,A_CEILING_HIT,"established 2020, total-exemption-full filer",ltd,corporate subscriber,2020-10-28,total-exemption-full,"accounts category, NOT turnover",43220,"Black Bull House 353-355 Station Road, Bamber Bridge, Preston, Lancashire",PR5 6EE,https://find-and-update.company-information.service.gov.uk/company/12981995,,TO BE ENRICHED — not held by Companies House,legitimate interests (LIA required before contact),Companies House public API,2026-07-12T04:30:50+00:00
SHROPSHIRE ELECTRICAL SOLUTIONS LTD,09852825,B_COMPLIANCE_DROWNED,micro filer (micro-entity),ltd,corporate subscriber,2015-11-02,micro-entity,"accounts category, NOT turnover",43210,"Alpine House Drayton Road, Shawbury, Shrewsbury, Shropshire",SY4 4NZ,https://find-and-update.company-information.service.gov.uk/company/09852825,,TO BE ENRICHED — not held by Companies House,legitimate interests (LIA required before contact),Companies House public API,2026-07-12T04:30:50+00:00
EDWARDS PLUMBING SERVICES LTD,09870861,A_CEILING_HIT,"established 2015, total-exemption-full filer",ltd,corporate subscriber,2015-11-13,total-exemption-full,"accounts category, NOT turnover",43220,"21 Bampton Street, Tiverton",EX16 6AA,https://find-and-update.company-information.service.gov.uk/company/09870861,,TO BE ENRICHED — not held by Companies House,legitimate interests (LIA required before contact),Companies House public API,2026-07-12T04:30:51+00:00
UNITY ELECTRICAL CONTRACTORS LTD,14701712,B_COMPLIANCE_DROWNED,micro filer (micro-entity),ltd,corporate subscriber,2023-03-02,micro-entity,"accounts category, NOT turnover",43210,"47 Leedham Avenue, Tamworth",B77 3LZ,https://find-and-update.company-information.service.gov.uk/company/14701712,,TO BE ENRICHED — not held by Companies House,legitimate interests (LIA required before contact),Companies House public API,2026-07-12T04:30:52+00:00
NPS ENERGY LIMITED,05513604,A_CEILING_HIT,"established 2005, total-exemption-full filer",ltd,corporate subscriber,2005-07-20,total-exemption-full,"accounts category, NOT turnover",43210,"5 Hanging Chadder, Royton, Oldham",OL2 6XR,https://find-and-update.company-information.service.gov.uk/company/05513604,,TO BE ENRICHED — not held by Companies House,legitimate interests (LIA required before contact),Companies House public API,2026-07-12T04:30:52+00:00
KPJ ELECTRICAL SERVICES LIMITED,11989406,B_COMPLIANCE_DROWNED,micro filer (micro-entity),ltd,corporate subscriber,2019-05-10,micro-entity,"accounts category, NOT turnover",43210,"10 Bell Gardens, South Marston, Swindon",SN3 4TB,https://find-and-update.company-information.service.gov.uk/company/11989406,,TO BE ENRICHED — not held by Companies House,legitimate interests (LIA required before contact),Companies House public API,2026-07-12T04:30:53+00:00
GILLIGAN ELECTRICAL LTD,14126219,B_COMPLIANCE_DROWNED,micro filer (micro-entity),ltd,corporate subscriber,2022-05-23,micro-entity,"accounts category, NOT turnover",43210,"80 Peterhouse Crescent, Woodbridge",IP12 4HU,https://find-and-update.company-information.service.gov.uk/company/14126219,,TO BE ENRICHED — not held by Companies House,legitimate interests (LIA required before contact),Companies House public API,2026-07-12T04:30:54+00:00
SUPERCOOL REFRIGERATION AND AIR CONDITIONING LIMITED,06790701,EXCLUDED_DORMANT,"dormant — not trading, not a buyer",ltd,corporate subscriber,2009-01-14,dormant,"accounts category, NOT turnover",43220,"310 Wellingborough Road, Northampton, Northamptonshire",NN1 4EP,https://find-and-update.company-information.service.gov.uk/company/06790701,,TO BE ENRICHED — not held by Companies House,legitimate interests (LIA required before contact),Companies House public API,2026-07-12T04:30:54+00:00
AQUASPEED PLUMBING AND HEATING LIMITED,03918475,A_CEILING_HIT,"established 2000, total-exemption-full filer",ltd,corporate subscriber,2000-02-03,total-exemption-full,"accounts category, NOT turnover",43220,"20 Forge Way, Burgess Hill, West Sussex",RH15 8PS,https://find-and-update.company-information.service.gov.uk/company/03918475,,TO BE ENRICHED — not held by Companies House,legitimate interests (LIA required before contact),Companies House public API,2026-07-12T04:30:55+00:00
CLOUD 9 CONSTRUCTION LTD,10782166,A_CEILING_HIT,"established 2017, total-exemption-full filer",ltd,corporate subscriber,2017-05-22,total-exemption-full,"accounts category, NOT turnover",43210,"Kintyre House, 70 High Street, Fareham, Hampshire",PO16 7BB,https://find-and-update.company-information.service.gov.uk/company/10782166,,TO BE ENRICHED — not held by Companies House,legitimate interests (LIA required before contact),Companies House public API,2026-07-12T04:30:56+00:00
MARSHALL ENTERPRISES (SWANSEA) LIMITED,04761606,B_COMPLIANCE_DROWNED,micro filer (micro-entity),ltd,corporate subscriber,2003-05-12,micro-entity,"accounts category, NOT turnover",43290,"C/O Stephen Kent And Company, 456 Gower Road, Killay, Swansea, South Wales",SA2 7AL,https://find-and-update.company-information.service.gov.uk/company/04761606,,TO BE ENRICHED — not held by Companies House,legitimate interests (LIA required before contact),Companies House public API,2026-07-12T04:30:56+00:00
BALMER ELECTRICAL SERVICES LIMITED,06786837,B_COMPLIANCE_DROWNED,micro filer (micro-entity),ltd,corporate subscriber,2009-01-09,micro-entity,"accounts category, NOT turnover",43210,"5 Brayford Square, London",E1 0SG,https://find-and-update.company-information.service.gov.uk/company/06786837,,TO BE ENRICHED — not held by Companies House,legitimate interests (LIA required before contact),Companies House public API,2026-07-12T04:30:57+00:00
MFA CONSTRUCTION LIMITED,11984653,A_CEILING_HIT,"established 2019, total-exemption-full filer",ltd,corporate subscriber,2019-05-08,total-exemption-full,"accounts category, NOT turnover",43290; 43999,"Crown House, 27 Old Gloucester Street, London",WC1N 3AX,https://find-and-update.company-information.service.gov.uk/company/11984653,,TO BE ENRICHED — not held by Companies House,legitimate interests (LIA required before contact),Companies House public API,2026-07-12T04:30:58+00:00
STAFFORDSHIRE AIR CONDITIONING SERVICES LTD.,10186356,A_CEILING_HIT,"established 2016, total-exemption-full filer",ltd,corporate subscriber,2016-05-18,total-exemption-full,"accounts category, NOT turnover",43220,"25/27 Station Street, Cheslyn Hay, Walsall",WS6 7ED,https://find-and-update.company-information.service.gov.uk/company/10186356,,TO BE ENRICHED — not held by Companies House,legitimate interests (LIA required before contact),Companies House public API,2026-07-12T04:30:58+00:00
ARTISTRA RENOVATIONS LIMITED,09655667,A_CEILING_HIT,"established 2015, total-exemption-full filer",ltd,corporate subscriber,2015-06-24,total-exemption-full,"accounts category, NOT turnover",41202; 43210; 43220; 43390,"Unit 12a More House Farm Ditchling Road, Wivelsfield, Haywards Heath",RH17 7RE,https://find-and-update.company-information.service.gov.uk/company/09655667,,TO BE ENRICHED — not held by Companies House,legitimate interests (LIA required before contact),Companies House public API,2026-07-12T04:30:59+00:00
BOND CONSTRUCTION AND JOINERY LTD,13461909,B_COMPLIANCE_DROWNED,micro filer (micro-entity),ltd,corporate subscriber,2021-06-17,micro-entity,"accounts category, NOT turnover",43210; 43220; 43290; 43320,"7 Bell Yard, London",WC2A 2JR,https://find-and-update.company-information.service.gov.uk/company/13461909,,TO BE ENRICHED — not held by Companies House,legitimate interests (LIA required before contact),Companies House public API,2026-07-12T04:31:00+00:00
ELECTRICAL INSTALLATIONS & TESTING LTD,07975353,B_COMPLIANCE_DROWNED,micro filer (micro-entity),ltd,corporate subscriber,2012-03-05,micro-entity,"accounts category, NOT turnover",43210,"Boathouse Dimlington Road, Easington, Hull",H12 0TG,https://find-and-update.company-information.service.gov.uk/company/07975353,,TO BE ENRICHED — not held by Companies House,legitimate interests (LIA required before contact),Companies House public API,2026-07-12T04:31:01+00:00
DPW PLUMBING AND HEATING LIMITED,10657983,B_COMPLIANCE_DROWNED,micro filer (micro-entity),ltd,corporate subscriber,2017-03-08,micro-entity,"accounts category, NOT turnover",43220,"48 Ashby Road, Welton, Daventry",NN11 2JS,https://find-and-update.company-information.service.gov.uk/company/10657983,,TO BE ENRICHED — not held by Companies House,legitimate interests (LIA required before contact),Companies House public API,2026-07-12T04:31:01+00:00
GLOBAL GROWTH SERVICES LIMITED,10810047,B_COMPLIANCE_DROWNED,micro filer (micro-entity),ltd,corporate subscriber,2017-06-08,micro-entity,"accounts category, NOT turnover",41202; 42120; 43290,"1258 London Road, Solent Court, London",SW16 4EY,https://find-and-update.company-information.service.gov.uk/company/10810047,,TO BE ENRICHED — not held by Companies House,legitimate interests (LIA required before contact),Companies House public API,2026-07-12T04:31:02+00:00
EURO ELECTRICAL CONTRACTORS LIMITED,07505994,A_CEILING_HIT,"established 2011, total-exemption-full filer",ltd,corporate subscriber,2011-01-26,total-exemption-full,"accounts category, NOT turnover",43210,"Brook House, Moss Grove, Kingswinford, West Midlands",DY6 9HS,https://find-and-update.company-information.service.gov.uk/company/07505994,,TO BE ENRICHED — not held by Companies House,legitimate interests (LIA required before contact),Companies House public API,2026-07-12T04:31:03+00:00
FIRE SAFE SPRINKLER INSTALLATIONS LIMITED,14198457,B_COMPLIANCE_DROWNED,micro filer (micro-entity),ltd,corporate subscriber,2022-06-27,micro-entity,"accounts category, NOT turnover",43290,"779 Atherton Road Hindley Green, Wigan, Greater Manchester",WN2 4SB,https://find-and-update.company-information.service.gov.uk/company/14198457,,TO BE ENRICHED — not held by Companies House,legitimate interests (LIA required before contact),Companies House public API,2026-07-12T04:31:03+00:00
ETMINOZA 6 LIMITED,10318557,A_CEILING_HIT,"established 2016, total-exemption-full filer",ltd,corporate subscriber,2016-08-08,total-exemption-full,"accounts category, NOT turnover",43210,"2nd Floor, One Hobbs House Harrovian Business Village, Bessborough Road, Harrow",HA1 3EX,https://find-and-update.company-information.service.gov.uk/company/10318557,,TO BE ENRICHED — not held by Companies House,legitimate interests (LIA required before contact),Companies House public API,2026-07-12T04:31:04+00:00
GARY NEEDS PLUMBING & HEATING LTD,09108708,B_COMPLIANCE_DROWNED,micro filer (micro-entity),ltd,corporate subscriber,2014-06-30,micro-entity,"accounts category, NOT turnover",43220,"1 Pentwyn Villas, Abersychan, Pontypool, Gwent",NP4 7TU,https://find-and-update.company-information.service.gov.uk/company/09108708,,TO BE ENRICHED — not held by Companies House,legitimate interests (LIA required before contact),Companies House public API,2026-07-12T04:31:05+00:00
INSTAHEAT BUILDERS LIMITED,11233104,B_COMPLIANCE_DROWNED,micro filer (micro-entity),ltd,corporate subscriber,2018-03-05,micro-entity,"accounts category, NOT turnover",41202; 43210; 43220; 43310,"21 Bertie Road, London",NW10 2LJ,https://find-and-update.company-information.service.gov.uk/company/11233104,,TO BE ENRICHED — not held by Companies House,legitimate interests (LIA required before contact),Companies House public API,2026-07-12T04:31:05+00:00
FOREFRONT CONSTRUCTION LIMITED,12048840,B_COMPLIANCE_DROWNED,micro filer (micro-entity),ltd,corporate subscriber,2019-06-13,micro-entity,"accounts category, NOT turnover",43290,"9 Garston Avenue, Atherton, Manchester",M46 9GF,https://find-and-update.company-information.service.gov.uk/company/12048840,,TO BE ENRICHED — not held by Companies House,legitimate interests (LIA required before contact),Companies House public API,2026-07-12T04:31:06+00:00
FIRST POINT PROPERTY SOLUTIONS LTD,09635106,B_COMPLIANCE_DROWNED,micro filer (micro-entity),ltd,corporate subscriber,2015-06-11,micro-entity,"accounts category, NOT turnover",43290; 43341; 43390; 68320,"128 City Road, London, Shoreditch",EC1V 2NX,https://find-and-update.company-information.service.gov.uk/company/09635106,,TO BE ENRICHED — not held by Companies House,legitimate interests (LIA required before contact),Companies House public API,2026-07-12T04:31:07+00:00
FIRST STRIKE ELECTRICAL LTD.,03786975,A_CEILING_HIT,"established 1999, total-exemption-full filer",ltd,corporate subscriber,1999-06-10,total-exemption-full,"accounts category, NOT turnover",43210,"19-21 Crawford Street, London",W1H 1PJ,https://find-and-update.company-information.service.gov.uk/company/03786975,,TO BE ENRICHED — not held by Companies House,legitimate interests (LIA required before contact),Companies House public API,2026-07-12T04:31:07+00:00
KSK MAINTENANCE LIMITED,10065563,B_COMPLIANCE_DROWNED,micro filer (micro-entity),ltd,corporate subscriber,2016-03-16,micro-entity,"accounts category, NOT turnover",43220,"3 Strode Road, London",N17 6TZ,https://find-and-update.company-information.service.gov.uk/company/10065563,,TO BE ENRICHED — not held by Companies House,legitimate interests (LIA required before contact),Companies House public API,2026-07-12T04:31:08+00:00
HUNT MOBILE SERVICES LIMITED,11870955,B_COMPLIANCE_DROWNED,micro filer (micro-entity),ltd,corporate subscriber,2019-03-08,micro-entity,"accounts category, NOT turnover",43220; 81210,"3 Barn Owl Road, Kirby Cross, Frinton On Sea, Essex",CO13 0GH,https://find-and-update.company-information.service.gov.uk/company/11870955,,TO BE ENRICHED — not held by Companies House,legitimate interests (LIA required before contact),Companies House public API,2026-07-12T04:31:09+00:00
MARK PETERS ELECTRICAL LIMITED,08033097,B_COMPLIANCE_DROWNED,micro filer (micro-entity),ltd,corporate subscriber,2012-04-17,micro-entity,"accounts category, NOT turnover",43210,"Brant House Silkmills Road, Roughmoor, Taunton, Somerset",TA1 5AA,https://find-and-update.company-information.service.gov.uk/company/08033097,,TO BE ENRICHED — not held by Companies House,legitimate interests (LIA required before contact),Companies House public API,2026-07-12T04:31:10+00:00
LPS PLUMBING LIMITED,10366042,B_COMPLIANCE_DROWNED,micro filer (micro-entity),ltd,corporate subscriber,2016-09-08,micro-entity,"accounts category, NOT turnover",43220,"30 Weir Road, Hemingford Grey, Huntingdon",PE28 9EH,https://find-and-update.company-information.service.gov.uk/company/10366042,,TO BE ENRICHED — not held by Companies House,legitimate interests (LIA required before contact),Companies House public API,2026-07-12T04:31:10+00:00
DIRECT HEATING INSTALLATIONS LIMITED,07492411,B_COMPLIANCE_DROWNED,micro filer (micro-entity),ltd,corporate subscriber,2011-01-13,micro-entity,"accounts category, NOT turnover",43220,"Units 7 & 8 Gelder Road, Leeds",LS12 3UF,https://find-and-update.company-information.service.gov.uk/company/07492411,,TO BE ENRICHED — not held by Companies House,legitimate interests (LIA required before contact),Companies House public API,2026-07-12T04:31:11+00:00
RR RESOURCES LTD,12110603,B_COMPLIANCE_DROWNED,micro filer (micro-entity),ltd,corporate subscriber,2019-07-18,micro-entity,"accounts category, NOT turnover",43290,"10-16 Tiller Road, London",E14 8PX,https://find-and-update.company-information.service.gov.uk/company/12110603,,TO BE ENRICHED — not held by Companies House,legitimate interests (LIA required before contact),Companies House public API,2026-07-12T04:31:12+00:00
W AND C PLUMBING AND HEATING SPECIALISTS LIMITED,SC378920,B_COMPLIANCE_DROWNED,micro filer (micro-entity),ltd,corporate subscriber,2010-05-20,micro-entity,"accounts category, NOT turnover",43220,"Unit 4 24 Eastside Industrial Estate, Kirkintilloch, Glasgow",G66 1QG,https://find-and-update.company-information.service.gov.uk/company/SC378920,,TO BE ENRICHED — not held by Companies House,legitimate interests (LIA required before contact),Companies House public API,2026-07-12T04:31:12+00:00
G.P.P SOLUTIONS LTD,12089517,B_COMPLIANCE_DROWNED,micro filer (micro-entity),ltd,corporate subscriber,2019-07-06,micro-entity,"accounts category, NOT turnover",43220,"83 Whaddon Chase, Aylesbury, Bucks",HP19 9QP,https://find-and-update.company-information.service.gov.uk/company/12089517,,TO BE ENRICHED — not held by Companies House,legitimate interests (LIA required before contact),Companies House public API,2026-07-12T04:31:13+00:00
F H P ELECTRICAL LIMITED,08062144,B_COMPLIANCE_DROWNED,micro filer (micro-entity),ltd,corporate subscriber,2012-05-09,micro-entity,"accounts category, NOT turnover",43210,"26b Bradford Road, Guiseley, Leeds",LS20 8NH,https://find-and-update.company-information.service.gov.uk/company/08062144,,TO BE ENRICHED — not held by Companies House,legitimate interests (LIA required before contact),Companies House public API,2026-07-12T04:31:14+00:00
F L S MIDLANDS LTD,14106906,B_COMPLIANCE_DROWNED,micro filer (micro-entity),ltd,corporate subscriber,2022-05-13,micro-entity,"accounts category, NOT turnover",43210,"31 Dewsbury Grove, Birmingham",B42 2NB,https://find-and-update.company-information.service.gov.uk/company/14106906,,TO BE ENRICHED — not held by Companies House,legitimate interests (LIA required before contact),Companies House public API,2026-07-12T04:31:14+00:00
M S PROPERTY DEVELOPERS LTD,06556840,B_COMPLIANCE_DROWNED,micro filer (micro-entity),ltd,corporate subscriber,2008-04-07,micro-entity,"accounts category, NOT turnover",41201; 43210,"18 Yoxall Road, Shirley, Solihull, West Midlands",B90 3SD,https://find-and-update.company-information.service.gov.uk/company/06556840,,TO BE ENRICHED — not held by Companies House,legitimate interests (LIA required before contact),Companies House public API,2026-07-12T04:31:15+00:00
MINSTER ALARMS LTD,06302560,A_CEILING_HIT,"established 2007, total-exemption-full filer",ltd,corporate subscriber,2007-07-04,total-exemption-full,"accounts category, NOT turnover",43210,"Suncliffe House New Lane, Huntington, York",YO32 9NQ,https://find-and-update.company-information.service.gov.uk/company/06302560,,TO BE ENRICHED — not held by Companies House,legitimate interests (LIA required before contact),Companies House public API,2026-07-12T04:31:16+00:00
NONPAREIL SOLUTIONS LIMITED,07249228,A_CEILING_HIT,"established 2010, total-exemption-full filer",ltd,corporate subscriber,2010-05-11,total-exemption-full,"accounts category, NOT turnover",43220,"298 Lower Luton Road, Wheathampstead, St Albans, Hertfordshire",AL4 8HT,https://find-and-update.company-information.service.gov.uk/company/07249228,,TO BE ENRICHED — not held by Companies House,legitimate interests (LIA required before contact),Companies House public API,2026-07-12T04:31:16+00:00
F. R. ELSWOOD LIMITED,02616843,A_CEILING_HIT,"established 1991, unaudited-abridged filer",ltd,corporate subscriber,1991-06-04,unaudited-abridged,"accounts category, NOT turnover",43290; 43390; 43999,"Foxdenton Hall Farm, Middleton, Manchester",M24 1QW,https://find-and-update.company-information.service.gov.uk/company/02616843,,TO BE ENRICHED — not held by Companies House,legitimate interests (LIA required before contact),Companies House public API,2026-07-12T04:31:17+00:00
DST NETWORKS LIMITED,11290212,B_COMPLIANCE_DROWNED,micro filer (micro-entity),ltd,corporate subscriber,2018-04-04,micro-entity,"accounts category, NOT turnover",43290,"164roseberry Gardens Roseberry Gardens, Upminster",RM14 1NE,https://find-and-update.company-information.service.gov.uk/company/11290212,,TO BE ENRICHED — not held by Companies House,legitimate interests (LIA required before contact),Companies House public API,2026-07-12T04:31:18+00:00
LAL PLUMBING AND HEATING LTD,14830920,B_COMPLIANCE_DROWNED,"young (2023), total-exemption-full filer",ltd,corporate subscriber,2023-04-27,total-exemption-full,"accounts category, NOT turnover",41100; 41202; 43220,"30 Lakeland Close, Chigwell",IG7 4QU,https://find-and-update.company-information.service.gov.uk/company/14830920,,TO BE ENRICHED — not held by Companies House,legitimate interests (LIA required before contact),Companies House public API,2026-07-12T04:31:19+00:00
I-PLUMB.COM LTD,06688011,A_CEILING_HIT,"established 2008, unaudited-abridged filer",ltd,corporate subscriber,2008-09-03,unaudited-abridged,"accounts category, NOT turnover",43220,"The Old Bakery Britannia Road, Morley, Leeds, West Yorkshire",LS27 0DN,https://find-and-update.company-information.service.gov.uk/company/06688011,,TO BE ENRICHED — not held by Companies House,legitimate interests (LIA required before contact),Companies House public API,2026-07-12T04:31:19+00:00
CLYDE COAST ACCESS SERVICES LIMITED,SC372533,B_COMPLIANCE_DROWNED,micro filer (micro-entity),ltd,corporate subscriber,2010-02-08,micro-entity,"accounts category, NOT turnover",43210,"29 Dipple Court, Kilbirnie",KA25 7DR,https://find-and-update.company-information.service.gov.uk/company/SC372533,,TO BE ENRICHED — not held by Companies House,legitimate interests (LIA required before contact),Companies House public API,2026-07-12T04:31:20+00:00
AJW HEATING LTD,09580237,A_CEILING_HIT,"established 2015, total-exemption-full filer",ltd,corporate subscriber,2015-05-07,total-exemption-full,"accounts category, NOT turnover",43220,"The Old Post Office, 41-43 Market Place, Chippenham, Wiltshire",SN15 3HR,https://find-and-update.company-information.service.gov.uk/company/09580237,,TO BE ENRICHED — not held by Companies House,legitimate interests (LIA required before contact),Companies House public API,2026-07-12T04:31:21+00:00
JIGSAW (CUMBRIA) LIMITED,10899842,B_COMPLIANCE_DROWNED,micro filer (micro-entity),ltd,corporate subscriber,2017-08-04,micro-entity,"accounts category, NOT turnover",43220,"Suite 1 Telford House, Warwick Road, Carlisle, Cumbria",CA1 2BT,https://find-and-update.company-information.service.gov.uk/company/10899842,,TO BE ENRICHED — not held by Companies House,legitimate interests (LIA required before contact),Companies House public API,2026-07-12T04:31:21+00:00
UNITEC BUILDING SERVICES LTD,08595326,A_CEILING_HIT,"established 2013, unaudited-abridged filer",ltd,corporate subscriber,2013-07-03,unaudited-abridged,"accounts category, NOT turnover",43210; 43220; 43999,"Unit 4 Sidcup Logistics Park East, Sandy Lane, Sidcup",DA14 5FE,https://find-and-update.company-information.service.gov.uk/company/08595326,,TO BE ENRICHED — not held by Companies House,legitimate interests (LIA required before contact),Companies House public API,2026-07-12T04:31:22+00:00
KELLY DRIVEWAYS LTD,12838371,A_CEILING_HIT,"established 2020, total-exemption-full filer",ltd,corporate subscriber,2020-08-26,total-exemption-full,"accounts category, NOT turnover",43290,"651a Mauldeth Road West, Chorlton Cum Hardy, Manchester",M21 7SA,https://find-and-update.company-information.service.gov.uk/company/12838371,,TO BE ENRICHED — not held by Companies House,legitimate interests (LIA required before contact),Companies House public API,2026-07-12T04:31:23+00:00
EV COMPLETE LTD,12221357,B_COMPLIANCE_DROWNED,micro filer (micro-entity),ltd,corporate subscriber,2019-09-23,micro-entity,"accounts category, NOT turnover",43210,"20 Barcombe Heights, Preston, Paignton",TQ3 1PT,https://find-and-update.company-information.service.gov.uk/company/12221357,,TO BE ENRICHED — not held by Companies House,legitimate interests (LIA required before contact),Companies House public API,2026-07-12T04:31:23+00:00
FIXED ELECTRICAL SERVICES LTD,12006153,A_CEILING_HIT,"established 2019, total-exemption-full filer",ltd,corporate subscriber,2019-05-20,total-exemption-full,"accounts category, NOT turnover",43210,"7 Lambs Bank, Tonbridge, Kent",TN9 2UZ,https://find-and-update.company-information.service.gov.uk/company/12006153,,TO BE ENRICHED — not held by Companies House,legitimate interests (LIA required before contact),Companies House public API,2026-07-12T04:31:24+00:00
J & K MECHANICAL LTD,11756603,B_COMPLIANCE_DROWNED,micro filer (micro-entity),ltd,corporate subscriber,2019-01-08,micro-entity,"accounts category, NOT turnover",43210; 43220,"Unit 9 Newcastle Enterprise Centre High Street, Knutton, Newcastle",ST5 6BX,https://find-and-update.company-information.service.gov.uk/company/11756603,,TO BE ENRICHED — not held by Companies House,legitimate interests (LIA required before contact),Companies House public API,2026-07-12T04:31:25+00:00
WILTON KITCHENS AND DESIGN LTD,03571763,A_CEILING_HIT,"established 1998, total-exemption-full filer",ltd,corporate subscriber,1998-05-28,total-exemption-full,"accounts category, NOT turnover",43290,"1 Silver Street, Wilton, Wiltshire",SP2 0HX,https://find-and-update.company-information.service.gov.uk/company/03571763,,TO BE ENRICHED — not held by Companies House,legitimate interests (LIA required before contact),Companies House public API,2026-07-12T04:31:25+00:00
PETER KERRIDGE PLUMBING AND HEATING LTD,07588032,B_COMPLIANCE_DROWNED,micro filer (micro-entity),ltd,corporate subscriber,2011-04-01,micro-entity,"accounts category, NOT turnover",43220,"6 Row Lane, Sowerby, Sowerby Bridge, West Yorkshire",HX6 1JT,https://find-and-update.company-information.service.gov.uk/company/07588032,,TO BE ENRICHED — not held by Companies House,legitimate interests (LIA required before contact),Companies House public API,2026-07-12T04:31:26+00:00
D. BURNS & SON LIMITED,SC301230,A_CEILING_HIT,"established 2006, total-exemption-full filer",ltd,corporate subscriber,2006-04-24,total-exemption-full,"accounts category, NOT turnover",43220,"18 Ardmillan, Kilwinning",KA13 6LR,https://find-and-update.company-information.service.gov.uk/company/SC301230,,TO BE ENRICHED — not held by Companies House,legitimate interests (LIA required before contact),Companies House public API,2026-07-12T04:31:27+00:00
SOUTH WALES ELECTRIC HEATING LIMITED,14065232,UNCLASSIFIED,no accounts filed yet — cannot size,ltd,corporate subscriber,2022-04-25,none,"accounts category, NOT turnover",43210,"Unit 42 Bowen Industrial Estate, Aberbargoed",CF81 9EP,https://find-and-update.company-information.service.gov.uk/company/14065232,,TO BE ENRICHED — not held by Companies House,legitimate interests (LIA required before contact),Companies House public API,2026-07-12T04:31:27+00:00
HERTFORD GATES LIMITED,11964001,A_CEILING_HIT,"established 2019, total-exemption-full filer",ltd,corporate subscriber,2019-04-25,total-exemption-full,"accounts category, NOT turnover",43290,"The Coach House, The Square, Sawbridgeworth, Hertfordshire",CM21 9AE,https://find-and-update.company-information.service.gov.uk/company/11964001,,TO BE ENRICHED — not held by Companies House,legitimate interests (LIA required before contact),Companies House public API,2026-07-12T04:31:28+00:00
BOILER FIX NE LTD,11963540,UNCLASSIFIED,no accounts filed yet — cannot size,ltd,corporate subscriber,2019-04-25,none,"accounts category, NOT turnover",43220,"Unit 11 Lingfield Way, Darlington",DL1 4QZ,https://find-and-update.company-information.service.gov.uk/company/11963540,,TO BE ENRICHED — not held by Companies House,legitimate interests (LIA required before contact),Companies House public API,2026-07-12T04:31:29+00:00
A. J. HALL LIMITED,05381607,A_CEILING_HIT,"established 2005, unaudited-abridged filer",ltd,corporate subscriber,2005-03-03,unaudited-abridged,"accounts category, NOT turnover",43290,"64 High Street, Belper, Derbyshire",DE56 1GF,https://find-and-update.company-information.service.gov.uk/company/05381607,,TO BE ENRICHED — not held by Companies House,legitimate interests (LIA required before contact),Companies House public API,2026-07-12T04:31:30+00:00
CASTLE ENVIRONMENTAL SERVICES LTD.,10838538,B_COMPLIANCE_DROWNED,micro filer (micro-entity),ltd,corporate subscriber,2017-06-27,micro-entity,"accounts category, NOT turnover",43290,"Unit 15 Whisby Way Business Centre, Whisby Way, North Hykeham, Lincoln",LN6 3LQ,https://find-and-update.company-information.service.gov.uk/company/10838538,,TO BE ENRICHED — not held by Companies House,legitimate interests (LIA required before contact),Companies House public API,2026-07-12T04:31:30+00:00
ASJ ELECTRICAL LIMITED,11833844,A_CEILING_HIT,"established 2019, total-exemption-full filer",ltd,corporate subscriber,2019-02-19,total-exemption-full,"accounts category, NOT turnover",43210,"25 Park Street West, Luton, Bedfordshire",LU1 3BE,https://find-and-update.company-information.service.gov.uk/company/11833844,,TO BE ENRICHED — not held by Companies House,legitimate interests (LIA required before contact),Companies House public API,2026-07-12T04:31:31+00:00
B&Y LTD,10839263,EXCLUDED_DORMANT,"dormant — not trading, not a buyer",ltd,corporate subscriber,2017-06-28,dormant,"accounts category, NOT turnover",43210; 43220; 53202,"86 Selbourne Road, Gillingham",ME7 1QW,https://find-and-update.company-information.service.gov.uk/company/10839263,,TO BE ENRICHED — not held by Companies House,legitimate interests (LIA required before contact),Companies House public API,2026-07-12T04:31:32+00:00
MADLEC LIMITED,06760327,B_COMPLIANCE_DROWNED,micro filer (micro-entity),ltd,corporate subscriber,2008-11-27,micro-entity,"accounts category, NOT turnover",43210,"7 St. John Street, Mansfield, Nottinghamshire",NG18 1QH,https://find-and-update.company-information.service.gov.uk/company/06760327,,TO BE ENRICHED — not held by Companies House,legitimate interests (LIA required before contact),Companies House public API,2026-07-12T04:31:33+00:00
IAN HOPE PLUMBING & HEATING SERVICES LIMITED,10276981,B_COMPLIANCE_DROWNED,micro filer (micro-entity),ltd,corporate subscriber,2016-07-13,micro-entity,"accounts category, NOT turnover",43220,"40 Tennyson Avenue, Hull",HU5 3TW,https://find-and-update.company-information.service.gov.uk/company/10276981,,TO BE ENRICHED — not held by Companies House,legitimate interests (LIA required before contact),Companies House public API,2026-07-12T04:31:33+00:00
NORTHERN SPRINKLER SYSTEMS LIMITED,10656262,A_CEILING_HIT,"established 2017, total-exemption-full filer",ltd,corporate subscriber,2017-03-07,total-exemption-full,"accounts category, NOT turnover",43210,"246 Park View, Whitley Bay, Tyne And Wear",NE26 3QX,https://find-and-update.company-information.service.gov.uk/company/10656262,,TO BE ENRICHED — not held by Companies House,legitimate interests (LIA required before contact),Companies House public API,2026-07-12T04:31:34+00:00
BLIJ LIMITED,12156817,A_CEILING_HIT,"established 2019, total-exemption-full filer",ltd,corporate subscriber,2019-08-14,total-exemption-full,"accounts category, NOT turnover",43220,"15 Turner Lane, Ashton-Under-Lyne",OL6 8NE,https://find-and-update.company-information.service.gov.uk/company/12156817,,TO BE ENRICHED — not held by Companies House,legitimate interests (LIA required before contact),Companies House public API,2026-07-12T04:31:35+00:00
A-Z ELECTRICAL CONTRACTORS LTD,13606977,B_COMPLIANCE_DROWNED,micro filer (micro-entity),ltd,corporate subscriber,2021-09-07,micro-entity,"accounts category, NOT turnover",43210,"54 Wood Street, Lytham St. Annes",FY8 1QG,https://find-and-update.company-information.service.gov.uk/company/13606977,,TO BE ENRICHED — not held by Companies House,legitimate interests (LIA required before contact),Companies House public API,2026-07-12T04:31:35+00:00
TC SOLUTIONS (NORTH EAST) LTD,14112488,B_COMPLIANCE_DROWNED,micro filer (micro-entity),ltd,corporate subscriber,2022-05-17,micro-entity,"accounts category, NOT turnover",43290,"17 Pease Way, Newton Aycliffe",DL5 5NE,https://find-and-update.company-information.service.gov.uk/company/14112488,,TO BE ENRICHED — not held by Companies House,legitimate interests (LIA required before contact),Companies House public API,2026-07-12T04:31:36+00:00
HMS AUTOMATED GATES LTD,11995344,EXCLUDED_DORMANT,"dormant — not trading, not a buyer",ltd,corporate subscriber,2019-05-14,dormant,"accounts category, NOT turnover",43210; 71129,"4 Hartland Close, Belmont, Hereford",HR2 7SL,https://find-and-update.company-information.service.gov.uk/company/11995344,,TO BE ENRICHED — not held by Companies House,legitimate interests (LIA required before contact),Companies House public API,2026-07-12T04:31:37+00:00
J&A INSULATIONS LIMITED,13696964,EXCLUDED_DORMANT,"dormant — not trading, not a buyer",ltd,corporate subscriber,2021-10-22,dormant,"accounts category, NOT turnover",43290,"Lifford Hall Lifford Lane, Kings Norton, Birmingham, West Midlands",B30 3JN,https://find-and-update.company-information.service.gov.uk/company/13696964,,TO BE ENRICHED — not held by Companies House,legitimate interests (LIA required before contact),Companies House public API,2026-07-12T04:31:37+00:00
RACKHAM ELECTRICAL LTD,14877203,B_COMPLIANCE_DROWNED,"young (2023), total-exemption-full filer",ltd,corporate subscriber,2023-05-17,total-exemption-full,"accounts category, NOT turnover",43210,"6 Sambre Road, Chiseldon, Swindon",SN4 0JB,https://find-and-update.company-information.service.gov.uk/company/14877203,,TO BE ENRICHED — not held by Companies House,legitimate interests (LIA required before contact),Companies House public API,2026-07-12T04:31:38+00:00
A404 ELECTRICAL SERVICES LIMITED,14316116,B_COMPLIANCE_DROWNED,"young (2022), total-exemption-full filer",ltd,corporate subscriber,2022-08-24,total-exemption-full,"accounts category, NOT turnover",43210,"C/O Cansdales Business Advisers Limited St Mary’S Court, The Broadway, Old Amersham, Bucks",HP7 0UT,https://find-and-update.company-information.service.gov.uk/company/14316116,,TO BE ENRICHED — not held by Companies House,legitimate interests (LIA required before contact),Companies House public API,2026-07-12T04:31:39+00:00
D.J. & G.S. GARDNER LIMITED,04529231,A_CEILING_HIT,"established 2002, total-exemption-full filer",ltd,corporate subscriber,2002-09-09,total-exemption-full,"accounts category, NOT turnover",43210,"24 Downsview, Chatham, Kent",ME5 0AP,https://find-and-update.company-information.service.gov.uk/company/04529231,,TO BE ENRICHED — not held by Companies House,legitimate interests (LIA required before contact),Companies House public API,2026-07-12T04:31:39+00:00
FUTURE SHAPES LONDON LTD,11299273,B_COMPLIANCE_DROWNED,micro filer (micro-entity),ltd,corporate subscriber,2018-04-09,micro-entity,"accounts category, NOT turnover",41202; 43210; 43310; 43330,"Flat 2, 5b Shortlands Road, London",E10 7AH,https://find-and-update.company-information.service.gov.uk/company/11299273,,TO BE ENRICHED — not held by Companies House,legitimate interests (LIA required before contact),Companies House public API,2026-07-12T04:31:40+00:00
BAILEYS ELECTRICAL SERVICES LTD,05363056,A_CEILING_HIT,"established 2005, total-exemption-full filer",ltd,corporate subscriber,2005-02-14,total-exemption-full,"accounts category, NOT turnover",43210,"61 Kipling Road, Portsmouth, Hampshire",PO2 9NH,https://find-and-update.company-information.service.gov.uk/company/05363056,,TO BE ENRICHED — not held by Companies House,legitimate interests (LIA required before contact),Companies House public API,2026-07-12T04:31:41+00:00
BRADLEY'S PLUMBING SERVICES LTD,14859978,B_COMPLIANCE_DROWNED,micro filer (micro-entity),ltd,corporate subscriber,2023-05-10,micro-entity,"accounts category, NOT turnover",43220,"8 John Street, Royton, Oldham",OL2 5JR,https://find-and-update.company-information.service.gov.uk/company/14859978,,TO BE ENRICHED — not held by Companies House,legitimate interests (LIA required before contact),Companies House public API,2026-07-12T04:31:41+00:00
DESERT DAMP PROOFING LTD,10764790,B_COMPLIANCE_DROWNED,micro filer (micro-entity),ltd,corporate subscriber,2017-05-11,micro-entity,"accounts category, NOT turnover",41100; 43290; 43310; 43999,"71-75 Shelton Street, Covent Garden, London",WC2H 9JQ,https://find-and-update.company-information.service.gov.uk/company/10764790,,TO BE ENRICHED — not held by Companies House,legitimate interests (LIA required before contact),Companies House public API,2026-07-12T04:31:42+00:00
HERTFORDSHIRE PLUMBING & HEATING LTD,08074812,A_CEILING_HIT,"established 2012, total-exemption-full filer",ltd,corporate subscriber,2012-05-18,total-exemption-full,"accounts category, NOT turnover",43220,"298 Lower Luton Road, Wheathampstead, St Albans, Hertfordshire",AL4 8HT,https://find-and-update.company-information.service.gov.uk/company/08074812,,TO BE ENRICHED — not held by Companies House,legitimate interests (LIA required before contact),Companies House public API,2026-07-12T04:31:43+00:00
A.HOLDEN'S LIMITED,04404022,A_CEILING_HIT,"established 2002, unaudited-abridged filer",ltd,corporate subscriber,2002-03-26,unaudited-abridged,"accounts category, NOT turnover",43290,"87 School Street, Barrow In Furness, Cumbria",LA14 1EJ,https://find-and-update.company-information.service.gov.uk/company/04404022,,TO BE ENRICHED — not held by Companies House,legitimate interests (LIA required before contact),Companies House public API,2026-07-12T04:31:44+00:00
NIKRO ELECTRICAL LTD,09036767,B_COMPLIANCE_DROWNED,micro filer (micro-entity),ltd,corporate subscriber,2014-05-13,micro-entity,"accounts category, NOT turnover",43210,"14 Abbots Meadow, Chittlehampton, Umberleigh, Devon",EX37 9QE,https://find-and-update.company-information.service.gov.uk/company/09036767,,TO BE ENRICHED — not held by Companies House,legitimate interests (LIA required before contact),Companies House public API,2026-07-12T04:31:44+00:00
SMARTIER GROUP LTD,12139326,A_CEILING_HIT,"established 2019, total-exemption-full filer",ltd,corporate subscriber,2019-08-05,total-exemption-full,"accounts category, NOT turnover",43290; 43999,"132 Stanborough Green, Welwyn Garden City",AL8 6XJ,https://find-and-update.company-information.service.gov.uk/company/12139326,,TO BE ENRICHED — not held by Companies House,legitimate interests (LIA required before contact),Companies House public API,2026-07-12T04:31:45+00:00
GARY MOSELEY LIMITED,06199443,A_CEILING_HIT,"established 2007, total-exemption-full filer",ltd,corporate subscriber,2007-04-02,total-exemption-full,"accounts category, NOT turnover",43210,"277 King George Road, South Shields, Tyne And Wear",NE34 8PN,https://find-and-update.company-information.service.gov.uk/company/06199443,,TO BE ENRICHED — not held by Companies House,legitimate interests (LIA required before contact),Companies House public API,2026-07-12T04:31:46+00:00
JDCW LTD,14806457,B_COMPLIANCE_DROWNED,micro filer (micro-entity),ltd,corporate subscriber,2023-04-16,micro-entity,"accounts category, NOT turnover",43210,"94 Welland Road, Hilton, Derby",DE65 5NE,https://find-and-update.company-information.service.gov.uk/company/14806457,,TO BE ENRICHED — not held by Companies House,legitimate interests (LIA required before contact),Companies House public API,2026-07-12T04:31:46+00:00
EQUESTRIAN CONSTRUCTION SOLUTIONS LTD,12604251,EXCLUDED_DORMANT,"dormant — not trading, not a buyer",ltd,corporate subscriber,2020-05-15,dormant,"accounts category, NOT turnover",41100; 41201; 43290,"3 Westlands Avenue, Tetney, Lincolshire",DN36 5LP,https://find-and-update.company-information.service.gov.uk/company/12604251,,TO BE ENRICHED — not held by Companies House,legitimate interests (LIA required before contact),Companies House public API,2026-07-12T04:31:47+00:00
JMW MANAGEMENT LIMITED,08233690,B_COMPLIANCE_DROWNED,micro filer (micro-entity),ltd,corporate subscriber,2012-09-28,micro-entity,"accounts category, NOT turnover",33200; 43290; 70229,"Unit 209b, Lansbury Estate 102 Lower Guildford Road, Knaphill, Woking, Surrey",GU21 2EP,https://find-and-update.company-information.service.gov.uk/company/08233690,,TO BE ENRICHED — not held by Companies House,legitimate interests (LIA required before contact),Companies House public API,2026-07-12T04:31:48+00:00
WARM FLOORING LIMITED,06903526,B_COMPLIANCE_DROWNED,micro filer (micro-entity),ltd,corporate subscriber,2009-05-12,micro-entity,"accounts category, NOT turnover",43290,"2 Highfield Drive, Kirton Lindsey, Gainsborough, Lincolnshire",DN21 4EB,https://find-and-update.company-information.service.gov.uk/company/06903526,,TO BE ENRICHED — not held by Companies House,legitimate interests (LIA required before contact),Companies House public API,2026-07-12T04:31:48+00:00
DAYMENT PLUMBING AND HEATING LTD,15733674,B_COMPLIANCE_DROWNED,micro filer (micro-entity),ltd,corporate subscriber,2024-05-21,micro-entity,"accounts category, NOT turnover",43220,"8 Higher Island, Blackawton, Totnes",TQ9 7BX,https://find-and-update.company-information.service.gov.uk/company/15733674,,TO BE ENRICHED — not held by Companies House,legitimate interests (LIA required before contact),Companies House public API,2026-07-12T04:31:49+00:00
PREMIER ELECTRICIANS LTD,09046749,A_CEILING_HIT,"established 2014, total-exemption-full filer",ltd,corporate subscriber,2014-05-19,total-exemption-full,"accounts category, NOT turnover",43210,"4 Purslane Drive, Bicester",OX26 3EE,https://find-and-update.company-information.service.gov.uk/company/09046749,,TO BE ENRICHED — not held by Companies House,legitimate interests (LIA required before contact),Companies House public API,2026-07-12T04:31:50+00:00
G WEBB ELECTRICS LTD,10777273,B_COMPLIANCE_DROWNED,micro filer (micro-entity),ltd,corporate subscriber,2017-05-18,micro-entity,"accounts category, NOT turnover",43210,"111 Bewdley Road, Stourport On Severn",DY13 8XX,https://find-and-update.company-information.service.gov.uk/company/10777273,,TO BE ENRICHED — not held by Companies House,legitimate interests (LIA required before contact),Companies House public API,2026-07-12T04:31:50+00:00
TILLOTSON ELECTRICAL LIMITED,14351405,B_COMPLIANCE_DROWNED,micro filer (micro-entity),ltd,corporate subscriber,2022-09-12,micro-entity,"accounts category, NOT turnover",43210,"19 Scotch Orchard, Lichfield",WS13 6BZ,https://find-and-update.company-information.service.gov.uk/company/14351405,,TO BE ENRICHED — not held by Companies House,legitimate interests (LIA required before contact),Companies House public API,2026-07-12T04:31:51+00:00
STAYSAFE M&E LIMITED,10740009,A_CEILING_HIT,"established 2017, total-exemption-full filer",ltd,corporate subscriber,2017-04-25,total-exemption-full,"accounts category, NOT turnover",43210; 43220; 43390,"9 Donstone View, Dinnington",S25 2XJ,https://find-and-update.company-information.service.gov.uk/company/10740009,,TO BE ENRICHED — not held by Companies House,legitimate interests (LIA required before contact),Companies House public API,2026-07-12T04:31:52+00:00
AQUA-HEAT ENVIROTECH LTD,05792823,B_COMPLIANCE_DROWNED,micro filer (micro-entity),ltd,corporate subscriber,2006-04-24,micro-entity,"accounts category, NOT turnover",43220,"141 All Saints Road, Newmarket, Suffolk",CB8 8HH,https://find-and-update.company-information.service.gov.uk/company/05792823,,TO BE ENRICHED — not held by Companies House,legitimate interests (LIA required before contact),Companies House public API,2026-07-12T04:31:53+00:00
GREENSTAR ENERGY TECH LIMITED,09010594,B_COMPLIANCE_DROWNED,micro filer (micro-entity),ltd,corporate subscriber,2014-04-24,micro-entity,"accounts category, NOT turnover",43220,"26 Westgate, Monk Bretton, Barnsley, South Yorkshire",S71 2DJ,https://find-and-update.company-information.service.gov.uk/company/09010594,,TO BE ENRICHED — not held by Companies House,legitimate interests (LIA required before contact),Companies House public API,2026-07-12T04:31:53+00:00
SHELTON FENCING LIMITED,10739734,B_COMPLIANCE_DROWNED,micro filer (micro-entity),ltd,corporate subscriber,2017-04-25,micro-entity,"accounts category, NOT turnover",43290,"7 Lower Crow Nest Drive, Halifax",HX3 8UN,https://find-and-update.company-information.service.gov.uk/company/10739734,,TO BE ENRICHED — not held by Companies House,legitimate interests (LIA required before contact),Companies House public API,2026-07-12T04:31:54+00:00
JM SPARROWS ELECTRICAL LTD,14826230,B_COMPLIANCE_DROWNED,"young (2023), unaudited-abridged filer",ltd,corporate subscriber,2023-04-25,unaudited-abridged,"accounts category, NOT turnover",43210; 43390,"57 Valerian Way, Stotfold, Hitchin",SG5 4ET,https://find-and-update.company-information.service.gov.uk/company/14826230,,TO BE ENRICHED — not held by Companies House,legitimate interests (LIA required before contact),Companies House public API,2026-07-12T04:31:55+00:00
JOHN HEANEY (ELECTRICAL) LIMITED,SC125061,A_CEILING_HIT,"established 1990, total-exemption-full filer",ltd,corporate subscriber,1990-05-17,total-exemption-full,"accounts category, NOT turnover",43210,"4 Cochrane Square, Brucefield Industry Park, Livingston, West Lothian",EH54 9DR,https://find-and-update.company-information.service.gov.uk/company/SC125061,,TO BE ENRICHED — not held by Companies House,legitimate interests (LIA required before contact),Companies House public API,2026-07-12T04:31:55+00:00
COMMERCIAL HEATING AND PLUMBING LIMITED,15732824,B_COMPLIANCE_DROWNED,micro filer (micro-entity),ltd,corporate subscriber,2024-05-21,micro-entity,"accounts category, NOT turnover",43220,"59 Widford Road, Chelmsford, Essex",CM2 8SY,https://find-and-update.company-information.service.gov.uk/company/15732824,,TO BE ENRICHED — not held by Companies House,legitimate interests (LIA required before contact),Companies House public API,2026-07-12T04:31:56+00:00
EC SERVICES 2013 LTD,SC456587,A_CEILING_HIT,"established 2013, total-exemption-full filer",ltd,corporate subscriber,2013-08-13,total-exemption-full,"accounts category, NOT turnover",43220; 43390,"16 Louisville Avenue, Cambusnethan, Wishaw, North Lanarkshire",ML2 8XU,https://find-and-update.company-information.service.gov.uk/company/SC456587,,TO BE ENRICHED — not held by Companies House,legitimate interests (LIA required before contact),Companies House public API,2026-07-12T04:31:57+00:00
EDEN ECO LTD,15140567,B_COMPLIANCE_DROWNED,"young (2023), total-exemption-full filer",ltd,corporate subscriber,2023-09-15,total-exemption-full,"accounts category, NOT turnover",43290,"Abacus House 450 Warrington Road, Culcheth, Warrington, Cheshire",WA3 5QX,https://find-and-update.company-information.service.gov.uk/company/15140567,,TO BE ENRICHED — not held by Companies House,legitimate interests (LIA required before contact),Companies House public API,2026-07-12T04:31:57+00:00
AIGBURTH ELECTRICAL LTD,14141784,B_COMPLIANCE_DROWNED,micro filer (micro-entity),ltd,corporate subscriber,2022-05-30,micro-entity,"accounts category, NOT turnover",43210,"105 Larkfield Road, Aigburth, Liverpool",L17 9PS,https://find-and-update.company-information.service.gov.uk/company/14141784,,TO BE ENRICHED — not held by Companies House,legitimate interests (LIA required before contact),Companies House public API,2026-07-12T04:31:58+00:00
BOILERMAN (HERTS) LIMITED,05898721,B_COMPLIANCE_DROWNED,micro filer (micro-entity),ltd,corporate subscriber,2006-08-07,micro-entity,"accounts category, NOT turnover",43220,"26 The Finches, Hertford",SG13 7TB,https://find-and-update.company-information.service.gov.uk/company/05898721,,TO BE ENRICHED — not held by Companies House,legitimate interests (LIA required before contact),Companies House public API,2026-07-12T04:31:59+00:00
TRADE SQUARE LTD,14877554,B_COMPLIANCE_DROWNED,micro filer (micro-entity),ltd,corporate subscriber,2023-05-18,micro-entity,"accounts category, NOT turnover",43220,"101 Pooley Green Road, Egham, Surrey",TW20 8AW,https://find-and-update.company-information.service.gov.uk/company/14877554,,TO BE ENRICHED — not held by Companies House,legitimate interests (LIA required before contact),Companies House public API,2026-07-12T04:31:59+00:00
SAVDORA UK LIMITED,06712172,B_COMPLIANCE_DROWNED,micro filer (micro-entity),ltd,corporate subscriber,2008-10-01,micro-entity,"accounts category, NOT turnover",43290,"142-143 Parrock Street, Gravesend",DA12 1EY,https://find-and-update.company-information.service.gov.uk/company/06712172,,TO BE ENRICHED — not held by Companies House,legitimate interests (LIA required before contact),Companies House public API,2026-07-12T04:32:00+00:00
ZACK ELECTRICAL MAINTENANCE LTD,10329832,B_COMPLIANCE_DROWNED,micro filer (micro-entity),ltd,corporate subscriber,2016-08-15,micro-entity,"accounts category, NOT turnover",43210; 43390,"1 Rumford House, Bath Terrace, London",SE1 6PW,https://find-and-update.company-information.service.gov.uk/company/10329832,,TO BE ENRICHED — not held by Companies House,legitimate interests (LIA required before contact),Companies House public API,2026-07-12T04:32:01+00:00
NGA ECO SOLUTIONS LTD,SC731473,B_COMPLIANCE_DROWNED,micro filer (micro-entity),ltd,corporate subscriber,2022-05-05,micro-entity,"accounts category, NOT turnover",43210,"Unit 3, Kpp Chartered Accountants Morris Park, 37 Rosyth Road, Glasgow",G5 0YE,https://find-and-update.company-information.service.gov.uk/company/SC731473,,TO BE ENRICHED — not held by Companies House,legitimate interests (LIA required before contact),Companies House public API,2026-07-12T04:32:02+00:00
ABEM SERVICES LTD,11730145,A_CEILING_HIT,"established 2018, total-exemption-full filer",ltd,corporate subscriber,2018-12-17,total-exemption-full,"accounts category, NOT turnover",43210; 43220,"Unit 12b Elms Farm, Church Lane, Bulphan, Essex",RM14 3TS,https://find-and-update.company-information.service.gov.uk/company/11730145,,TO BE ENRICHED — not held by Companies House,legitimate interests (LIA required before contact),Companies House public API,2026-07-12T04:32:02+00:00
INTERIOR SPACE LIMITED,06127859,B_COMPLIANCE_DROWNED,micro filer (micro-entity),ltd,corporate subscriber,2007-02-26,micro-entity,"accounts category, NOT turnover",43290,"Gorsewood Farm, Gorsewood Road, Hartley, Kent",DA3 7DE,https://find-and-update.company-information.service.gov.uk/company/06127859,,TO BE ENRICHED — not held by Companies House,legitimate interests (LIA required before contact),Companies House public API,2026-07-12T04:32:03+00:00
FRONT ROW CONSTRUCTION AND MANAGEMENT SERVICES LTD,15733534,B_COMPLIANCE_DROWNED,"young (2024), total-exemption-full filer",ltd,corporate subscriber,2024-05-21,total-exemption-full,"accounts category, NOT turnover",43290,"The Charmwood Centre Southampton Road, Bartley, Southampton, Hampshire",SO40 2NA,https://find-and-update.company-information.service.gov.uk/company/15733534,,TO BE ENRICHED — not held by Companies House,legitimate interests (LIA required before contact),Companies House public API,2026-07-12T04:32:04+00:00
B S ENTWISTLE ELECTRICAL CONTRACTORS LIMITED,03646350,A_CEILING_HIT,"established 1998, total-exemption-full filer",ltd,corporate subscriber,1998-10-08,total-exemption-full,"accounts category, NOT turnover",43210,"Electric House 5 Howarth Court, Gateway Crescent, Oldham",OL9 9XB,https://find-and-update.company-information.service.gov.uk/company/03646350,,TO BE ENRICHED — not held by Companies House,legitimate interests (LIA required before contact),Companies House public API,2026-07-12T04:32:04+00:00
M STAR PROPERTY SOLUTIONS LTD,14309164,B_COMPLIANCE_DROWNED,micro filer (micro-entity),ltd,corporate subscriber,2022-08-22,micro-entity,"accounts category, NOT turnover",41100; 41202; 43210; 43220,"85 Shrewsbury Avenue, Harrow, Middlesex",HA3 9NA,https://find-and-update.company-information.service.gov.uk/company/14309164,,TO BE ENRICHED — not held by Companies House,legitimate interests (LIA required before contact),Companies House public API,2026-07-12T04:32:05+00:00
G KEENAN ELECTRICAL SERVICES LTD,SC811182,B_COMPLIANCE_DROWNED,micro filer (micro-entity),ltd,corporate subscriber,2024-05-21,micro-entity,"accounts category, NOT turnover",43210,"16 Lochside Crescent, Airdrie",ML6 6GB,https://find-and-update.company-information.service.gov.uk/company/SC811182,,TO BE ENRICHED — not held by Companies House,legitimate interests (LIA required before contact),Companies House public API,2026-07-12T04:32:06+00:00
SOUTHERN ALARM SERVICES LIMITED,12164598,B_COMPLIANCE_DROWNED,micro filer (micro-entity),ltd,corporate subscriber,2019-08-19,micro-entity,"accounts category, NOT turnover",43210,"19 Ridgeway Drive, Westward Ho!, Bideford, Devon",EX39 1TW,https://find-and-update.company-information.service.gov.uk/company/12164598,,TO BE ENRICHED — not held by Companies House,legitimate interests (LIA required before contact),Companies House public API,2026-07-12T04:32:06+00:00
A.C DUCTWORK LTD,11234083,B_COMPLIANCE_DROWNED,micro filer (micro-entity),ltd,corporate subscriber,2018-03-05,micro-entity,"accounts category, NOT turnover",43220,"Unit 1, Rumbush Farm Business Park Rumbush Lane, Earlswood, Solihull",B94 5LW,https://find-and-update.company-information.service.gov.uk/company/11234083,,TO BE ENRICHED — not held by Companies House,legitimate interests (LIA required before contact),Companies House public API,2026-07-12T04:32:07+00:00
HARVEY SYKES LTD,04679743,B_COMPLIANCE_DROWNED,micro filer (micro-entity),ltd,corporate subscriber,2003-02-26,micro-entity,"accounts category, NOT turnover",43210,"3 Wood Row, Throop Road, Bournemouth",BH8 0DN,https://find-and-update.company-information.service.gov.uk/company/04679743,,TO BE ENRICHED — not held by Companies House,legitimate interests (LIA required before contact),Companies House public API,2026-07-12T04:32:08+00:00
WILTSHIRE RENEWABLES LTD,14602954,B_COMPLIANCE_DROWNED,micro filer (micro-entity),ltd,corporate subscriber,2023-01-18,micro-entity,"accounts category, NOT turnover",43220,"2 The Drove, West Wilts Trading Estate, Westbury",BA13 4JE,https://find-and-update.company-information.service.gov.uk/company/14602954,,TO BE ENRICHED — not held by Companies House,legitimate interests (LIA required before contact),Companies House public API,2026-07-12T04:32:08+00:00
CLIFFORD GREEN ELECTRICAL LIMITED,04051139,B_COMPLIANCE_DROWNED,micro filer (micro-entity),ltd,corporate subscriber,2000-08-11,micro-entity,"accounts category, NOT turnover",43210,"50 Broad Street, Leek",ST13 5NS,https://find-and-update.company-information.service.gov.uk/company/04051139,,TO BE ENRICHED — not held by Companies House,legitimate interests (LIA required before contact),Companies House public API,2026-07-12T04:32:09+00:00
QUOTE RENEWABLE ENERGY LIMITED,15733745,B_COMPLIANCE_DROWNED,micro filer (micro-entity),ltd,corporate subscriber,2024-05-21,micro-entity,"accounts category, NOT turnover",43210; 70229,"22 The Macies, Bath",BA1 4HS,https://find-and-update.company-information.service.gov.uk/company/15733745,,TO BE ENRICHED — not held by Companies House,legitimate interests (LIA required before contact),Companies House public API,2026-07-12T04:32:10+00:00
TRUE VOLT ELECTRICAL LTD,15733800,B_COMPLIANCE_DROWNED,micro filer (micro-entity),ltd,corporate subscriber,2024-05-21,micro-entity,"accounts category, NOT turnover",43210,"6 Holst Close, Newport, Gwent",NP19 9JF,https://find-and-update.company-information.service.gov.uk/company/15733800,,TO BE ENRICHED — not held by Companies House,legitimate interests (LIA required before contact),Companies House public API,2026-07-12T04:32:10+00:00
S.K. HEATING & PLUMBING LIMITED,08043961,B_COMPLIANCE_DROWNED,micro filer (micro-entity),ltd,corporate subscriber,2012-04-24,micro-entity,"accounts category, NOT turnover",43220,"166 Newton Road, Great Barr, Birmingham",B43 6BU,https://find-and-update.company-information.service.gov.uk/company/08043961,,TO BE ENRICHED — not held by Companies House,legitimate interests (LIA required before contact),Companies House public API,2026-07-12T04:32:11+00:00
EDELEC SERVICES LIMITED,14295003,B_COMPLIANCE_DROWNED,"young (2022), total-exemption-full filer",ltd,corporate subscriber,2022-08-15,total-exemption-full,"accounts category, NOT turnover",43210,"Abacus House 68a, North Street, Romford",RM1 1DA,https://find-and-update.company-information.service.gov.uk/company/14295003,,TO BE ENRICHED — not held by Companies House,legitimate interests (LIA required before contact),Companies House public API,2026-07-12T04:32:12+00:00
CLIMAC LTD,14065933,B_COMPLIANCE_DROWNED,"young (2022), unaudited-abridged filer",ltd,corporate subscriber,2022-04-25,unaudited-abridged,"accounts category, NOT turnover",35300; 43220,"Unit 15 Vanguard Way, Neptune Court, Cardiff, South Glamorgan",CF24 5PJ,https://find-and-update.company-information.service.gov.uk/company/14065933,,TO BE ENRICHED — not held by Companies House,legitimate interests (LIA required before contact),Companies House public API,2026-07-12T04:32:13+00:00
THE AIR CONDITIONING SPECIALISTS LTD,11893119,B_COMPLIANCE_DROWNED,micro filer (micro-entity),ltd,corporate subscriber,2019-03-20,micro-entity,"accounts category, NOT turnover",43220,"6 Britannia House Base Business Park, Rendlesham, Woodbridge",IP12 2TZ,https://find-and-update.company-information.service.gov.uk/company/11893119,,TO BE ENRICHED — not held by Companies House,legitimate interests (LIA required before contact),Companies House public API,2026-07-12T04:32:13+00:00
A BINNS ELECTRICAL LTD,09082764,A_CEILING_HIT,"established 2014, total-exemption-full filer",ltd,corporate subscriber,2014-06-12,total-exemption-full,"accounts category, NOT turnover",43210,"Turnpike House, 1208/1210 London Road, Leigh-On-Sea, Essex",SS9 2UA,https://find-and-update.company-information.service.gov.uk/company/09082764,,TO BE ENRICHED — not held by Companies House,legitimate interests (LIA required before contact),Companies House public API,2026-07-12T04:32:14+00:00
AMPLE POWER ELECTRICAL LIMITED,12039292,A_CEILING_HIT,"established 2019, total-exemption-full filer",ltd,corporate subscriber,2019-06-07,total-exemption-full,"accounts category, NOT turnover",43210,"Ponderosa Chapel Lane, Scrooby, Doncaster",DN10 6AE,https://find-and-update.company-information.service.gov.uk/company/12039292,,TO BE ENRICHED — not held by Companies House,legitimate interests (LIA required before contact),Companies House public API,2026-07-12T04:32:15+00:00
EMMERSON GROUP LTD,15047245,B_COMPLIANCE_DROWNED,micro filer (micro-entity),ltd,corporate subscriber,2023-08-03,micro-entity,"accounts category, NOT turnover",43220; 81210,"63 Hartlands, Bedlington, Northumberland",NE22 6JG,https://find-and-update.company-information.service.gov.uk/company/15047245,,TO BE ENRICHED — not held by Companies House,legitimate interests (LIA required before contact),Companies House public API,2026-07-12T04:32:15+00:00
DB ELECTRICAL (CORNWALL) LTD,14862097,B_COMPLIANCE_DROWNED,micro filer (micro-entity),ltd,corporate subscriber,2023-05-11,micro-entity,"accounts category, NOT turnover",43210,"Gwel Glydn, 92 Bodmin Road, St Austell",PL25 5AG,https://find-and-update.company-information.service.gov.uk/company/14862097,,TO BE ENRICHED — not held by Companies House,legitimate interests (LIA required before contact),Companies House public API,2026-07-12T04:32:16+00:00
OZLEC LTD,SC731682,B_COMPLIANCE_DROWNED,micro filer (micro-entity),ltd,corporate subscriber,2022-05-06,micro-entity,"accounts category, NOT turnover",33140; 43210,"3 Delaney Court, Alloa, Clackmannanshire",FK10 1RA,https://find-and-update.company-information.service.gov.uk/company/SC731682,,TO BE ENRICHED — not held by Companies House,legitimate interests (LIA required before contact),Companies House public API,2026-07-12T04:32:17+00:00
A J CABLE SERVICES LIMITED,SC239399,A_CEILING_HIT,"established 2002, total-exemption-small filer",ltd,corporate subscriber,2002-11-11,total-exemption-small,"accounts category, NOT turnover",43210,"12 Carron Place, Kelvin Industrial Estate, East Kilbride, Glasgow",G75 0YL,https://find-and-update.company-information.service.gov.uk/company/SC239399,,TO BE ENRICHED — not held by Companies House,legitimate interests (LIA required before contact),Companies House public API,2026-07-12T04:32:17+00:00
MKD PLUMBING & HEATING LTD,13379769,A_CEILING_HIT,"established 2021, total-exemption-full filer",ltd,corporate subscriber,2021-05-06,total-exemption-full,"accounts category, NOT turnover",43220,"68 Haigh Moor Road Tingley, Wakefield, West Yorkshire",WF3 1EE,https://find-and-update.company-information.service.gov.uk/company/13379769,,TO BE ENRICHED — not held by Companies House,legitimate interests (LIA required before contact),Companies House public API,2026-07-12T04:32:18+00:00
CLIMATEWORKSUK LTD,14878167,B_COMPLIANCE_DROWNED,micro filer (micro-entity),ltd,corporate subscriber,2023-05-18,micro-entity,"accounts category, NOT turnover",43220,"11 Vickers House Priestley Road, Basingstoke",RG24 9NP,https://find-and-update.company-information.service.gov.uk/company/14878167,,TO BE ENRICHED — not held by Companies House,legitimate interests (LIA required before contact),Companies House public API,2026-07-12T04:32:19+00:00
RM HEATING SERVICES LTD,11238743,B_COMPLIANCE_DROWNED,micro filer (micro-entity),ltd,corporate subscriber,2018-03-07,micro-entity,"accounts category, NOT turnover",43220,"2 Acacia Drive, North Walsham, Norfolk",NR28 0UX,https://find-and-update.company-information.service.gov.uk/company/11238743,,TO BE ENRICHED — not held by Companies House,legitimate interests (LIA required before contact),Companies House public API,2026-07-12T04:32:19+00:00
NEW SYSTEM GROUP LIMITED,12334004,B_COMPLIANCE_DROWNED,micro filer (micro-entity),ltd,corporate subscriber,2019-11-26,micro-entity,"accounts category, NOT turnover",43210,"62 Wych Hill Park, Woking, Surrey",GU22 0HF,https://find-and-update.company-information.service.gov.uk/company/12334004,,TO BE ENRICHED — not held by Companies House,legitimate interests (LIA required before contact),Companies House public API,2026-07-12T04:32:20+00:00
CJL ELECTRICAL SERVICES LTD,10733300,A_CEILING_HIT,"established 2017, unaudited-abridged filer",ltd,corporate subscriber,2017-04-21,unaudited-abridged,"accounts category, NOT turnover",43210,"Peine House, Hind Hill Street, Heywood",OL10 1JZ,https://find-and-update.company-information.service.gov.uk/company/10733300,,TO BE ENRICHED — not held by Companies House,legitimate interests (LIA required before contact),Companies House public API,2026-07-12T04:32:21+00:00
REH ELECTRICAL SOLUTIONS LIMITED,09972990,A_CEILING_HIT,"established 2016, total-exemption-full filer",ltd,corporate subscriber,2016-01-27,total-exemption-full,"accounts category, NOT turnover",43210,"5 Astwick Avenue, Hatfield",AL10 9LB,https://find-and-update.company-information.service.gov.uk/company/09972990,,TO BE ENRICHED — not held by Companies House,legitimate interests (LIA required before contact),Companies House public API,2026-07-12T04:32:22+00:00
FACILITEC PROPERTIES LIMITED,05277201,B_COMPLIANCE_DROWNED,micro filer (micro-entity),ltd,corporate subscriber,2004-11-03,micro-entity,"accounts category, NOT turnover",41201; 43210,"Unit 6 17 Whitestone Way, Purley, Croydon, Surrey",CR0 4WF,https://find-and-update.company-information.service.gov.uk/company/05277201,,TO BE ENRICHED — not held by Companies House,legitimate interests (LIA required before contact),Companies House public API,2026-07-12T04:32:22+00:00
WHITE KNIGHT ELECTRICAL CONTRACTORS LTD,12640939,B_COMPLIANCE_DROWNED,micro filer (micro-entity),ltd,corporate subscriber,2020-06-02,micro-entity,"accounts category, NOT turnover",43210,"2 Heather Gardens, Farnborough, Hampshire",GU14 0RU,https://find-and-update.company-information.service.gov.uk/company/12640939,,TO BE ENRICHED — not held by Companies House,legitimate interests (LIA required before contact),Companies House public API,2026-07-12T04:32:23+00:00
DC ELECTRICAL SCOTLAND LIMITED,SC731024,B_COMPLIANCE_DROWNED,"young (2022), total-exemption-full filer",ltd,corporate subscriber,2022-04-29,total-exemption-full,"accounts category, NOT turnover",33140; 43210; 43999; 59113,"65 Arden Avenue, Thornliebank, Glasgow",G46 8PZ,https://find-and-update.company-information.service.gov.uk/company/SC731024,,TO BE ENRICHED — not held by Companies House,legitimate interests (LIA required before contact),Companies House public API,2026-07-12T04:32:24+00:00
JUST CHILL COOLING LTD,14791722,EXCLUDED_DORMANT,"dormant — not trading, not a buyer",ltd,corporate subscriber,2023-04-11,dormant,"accounts category, NOT turnover",43220,"44 Locarno Avenue, Gillingham, Kent",ME8 6ES,https://find-and-update.company-information.service.gov.uk/company/14791722,,TO BE ENRICHED — not held by Companies House,legitimate interests (LIA required before contact),Companies House public API,2026-07-12T04:32:24+00:00
WOODWAY PROJECTS LTD,10321889,B_COMPLIANCE_DROWNED,micro filer (micro-entity),ltd,corporate subscriber,2016-08-10,micro-entity,"accounts category, NOT turnover",43290,"190 Billet Road, London",E17 5DX,https://find-and-update.company-information.service.gov.uk/company/10321889,,TO BE ENRICHED — not held by Companies House,legitimate interests (LIA required before contact),Companies House public API,2026-07-12T04:32:25+00:00
TELFAIR CONSTRUCTION LTD,13111863,A_CEILING_HIT,"established 2021, total-exemption-full filer",ltd,corporate subscriber,2021-01-04,total-exemption-full,"accounts category, NOT turnover",41201; 41202; 43290; 43310,"Wrens Nest Golf Lane, Whitehill, Bordon",GU35 9EH,https://find-and-update.company-information.service.gov.uk/company/13111863,,TO BE ENRICHED — not held by Companies House,legitimate interests (LIA required before contact),Companies House public API,2026-07-12T04:32:26+00:00
SURFASTONE LIMITED,08316593,B_COMPLIANCE_DROWNED,micro filer (micro-entity),ltd,corporate subscriber,2012-12-03,micro-entity,"accounts category, NOT turnover",43290,"112 Morden Road, London",SW19 3BP,https://find-and-update.company-information.service.gov.uk/company/08316593,,TO BE ENRICHED — not held by Companies House,legitimate interests (LIA required before contact),Companies House public API,2026-07-12T04:32:26+00:00
DENNIS GARDINER & CO LTD,06581003,B_COMPLIANCE_DROWNED,micro filer (micro-entity),ltd,corporate subscriber,2008-04-30,micro-entity,"accounts category, NOT turnover",43210,"C/O J & Aw Sully Paramount House, 2 Concorde Drive, Clevedon, North Somerset",BS21 6UH,https://find-and-update.company-information.service.gov.uk/company/06581003,,TO BE ENRICHED — not held by Companies House,legitimate interests (LIA required before contact),Companies House public API,2026-07-12T04:32:27+00:00
ZANETTI BUILDING SERVICES LTD,11355851,A_CEILING_HIT,"established 2018, total-exemption-full filer",ltd,corporate subscriber,2018-05-11,total-exemption-full,"accounts category, NOT turnover",43210; 43220; 43290,"66 Greenhill Road, Sandford Winscombe, North Somerset, Bristol",BS25 5PB,https://find-and-update.company-information.service.gov.uk/company/11355851,,TO BE ENRICHED — not held by Companies House,legitimate interests (LIA required before contact),Companies House public API,2026-07-12T04:32:28+00:00
BATHING COMFORT LTD,12531455,EXCLUDED_DORMANT,"dormant — not trading, not a buyer",ltd,corporate subscriber,2020-03-24,dormant,"accounts category, NOT turnover",43220,"Unit P-Q, Little Moor Lane, Loughborough",LE11 1SF,https://find-and-update.company-information.service.gov.uk/company/12531455,,TO BE ENRICHED — not held by Companies House,legitimate interests (LIA required before contact),Companies House public API,2026-07-12T04:32:28+00:00
MAXIHEAT LIMITED,14867187,B_COMPLIANCE_DROWNED,"young (2023), total-exemption-full filer",ltd,corporate subscriber,2023-05-14,total-exemption-full,"accounts category, NOT turnover",43220,"11 Elton Close, Stamford",PE9 2UL,https://find-and-update.company-information.service.gov.uk/company/14867187,,TO BE ENRICHED — not held by Companies House,legitimate interests (LIA required before contact),Companies House public API,2026-07-12T04:32:29+00:00
DINES INSTALLATIONS LTD,12832840,A_CEILING_HIT,"established 2020, total-exemption-full filer",ltd,corporate subscriber,2020-08-24,total-exemption-full,"accounts category, NOT turnover",43210,"Horley Green House, Horley Green Road, Halifax",HX3 6AS,https://find-and-update.company-information.service.gov.uk/company/12832840,,TO BE ENRICHED — not held by Companies House,legitimate interests (LIA required before contact),Companies House public API,2026-07-12T04:32:30+00:00
MIB PLUMBING LTD,13372162,A_CEILING_HIT,"established 2021, total-exemption-full filer",ltd,corporate subscriber,2021-05-03,total-exemption-full,"accounts category, NOT turnover",43220,"60 Mill Mead Business Centre, Millmead Road, London",N17 9QU,https://find-and-update.company-information.service.gov.uk/company/13372162,,TO BE ENRICHED — not held by Companies House,legitimate interests (LIA required before contact),Companies House public API,2026-07-12T04:32:30+00:00
SUTTON DOOR SERVICES LTD,13337504,B_COMPLIANCE_DROWNED,micro filer (micro-entity),ltd,corporate subscriber,2021-04-15,micro-entity,"accounts category, NOT turnover",43290; 43999,"95 Church Road Erdington, Birmingham",B24 9BE,https://find-and-update.company-information.service.gov.uk/company/13337504,,TO BE ENRICHED — not held by Companies House,legitimate interests (LIA required before contact),Companies House public API,2026-07-12T04:32:31+00:00
CHROME CONTRACTS LTD,13340099,B_COMPLIANCE_DROWNED,micro filer (micro-entity),ltd,corporate subscriber,2021-04-16,micro-entity,"accounts category, NOT turnover",43290,"95 Church Road Erdington, Birmingham",B24 9BE,https://find-and-update.company-information.service.gov.uk/company/13340099,,TO BE ENRICHED — not held by Companies House,legitimate interests (LIA required before contact),Companies House public API,2026-07-12T04:32:32+00:00
ANDREW GRIMSTEAD LIMITED,09009382,B_COMPLIANCE_DROWNED,micro filer (micro-entity),ltd,corporate subscriber,2014-04-24,micro-entity,"accounts category, NOT turnover",43210,"9 Teeming Grove, Llanwern, Newport, Gwent",NP19 4EJ,https://find-and-update.company-information.service.gov.uk/company/09009382,,TO BE ENRICHED — not held by Companies House,legitimate interests (LIA required before contact),Companies House public API,2026-07-12T04:32:33+00:00
INSULATED CONSERVATORY ROOFS (SOUTH WEST) LTD,15728599,EXCLUDED_DORMANT,"dormant — not trading, not a buyer",ltd,corporate subscriber,2024-05-18,dormant,"accounts category, NOT turnover",43290,"34 Boulevard, Weston-Super-Mare, North Somerset",BS23 1NF,https://find-and-update.company-information.service.gov.uk/company/15728599,,TO BE ENRICHED — not held by Companies House,legitimate interests (LIA required before contact),Companies House public API,2026-07-12T04:32:33+00:00
J.K.I. FABRICATIONS LIMITED,11047686,B_COMPLIANCE_DROWNED,micro filer (micro-entity),ltd,corporate subscriber,2017-11-06,micro-entity,"accounts category, NOT turnover",33110; 43290,"169 Kidderminster Road, Bromsgrove, Worcs",B61 9AF,https://find-and-update.company-information.service.gov.uk/company/11047686,,TO BE ENRICHED — not held by Companies House,legitimate interests (LIA required before contact),Companies House public API,2026-07-12T04:32:34+00:00
DUE LINK LTD,11958969,UNCLASSIFIED,no accounts filed yet — cannot size,ltd,corporate subscriber,2019-04-23,none,"accounts category, NOT turnover",41201; 43290; 46730,"34 Coundon Road, Coventry",CV1 4AW,https://find-and-update.company-information.service.gov.uk/company/11958969,,TO BE ENRICHED — not held by Companies House,legitimate interests (LIA required before contact),Companies House public API,2026-07-12T04:32:35+00:00
NELIDE LTD,11323272,B_COMPLIANCE_DROWNED,micro filer (micro-entity),ltd,corporate subscriber,2018-04-23,micro-entity,"accounts category, NOT turnover",43210,"25 Victoria Street, Rugby",CV21 2HN,https://find-and-update.company-information.service.gov.uk/company/11323272,,TO BE ENRICHED — not held by Companies House,legitimate interests (LIA required before contact),Companies House public API,2026-07-12T04:32:35+00:00
RV GENERAL BUILDING LIMITED,11959205,UNCLASSIFIED,no accounts filed yet — cannot size,ltd,corporate subscriber,2019-04-23,none,"accounts category, NOT turnover",43290; 43341; 43390,"16 Lacon Close, Cleobury Mortimer, Kidderminster",DY14 8EF,https://find-and-update.company-information.service.gov.uk/company/11959205,,TO BE ENRICHED — not held by Companies House,legitimate interests (LIA required before contact),Companies House public API,2026-07-12T04:32:36+00:00
FINEFIX ELECTRICAL LTD,11959343,B_COMPLIANCE_DROWNED,micro filer (micro-entity),ltd,corporate subscriber,2019-04-23,micro-entity,"accounts category, NOT turnover",43210,"7 Bell Yard, London",WC2A 2JR,https://find-and-update.company-information.service.gov.uk/company/11959343,,TO BE ENRICHED — not held by Companies House,legitimate interests (LIA required before contact),Companies House public API,2026-07-12T04:32:37+00:00
AA CIVILWORK LTD,SC628305,A_CEILING_HIT,"established 2019, total-exemption-full filer",ltd,corporate subscriber,2019-04-23,total-exemption-full,"accounts category, NOT turnover",42990; 43210; 61100,"Beechwood Kilbowie Road, Hardgate, Clydebank",G81 6AP,https://find-and-update.company-information.service.gov.uk/company/SC628305,,TO BE ENRICHED — not held by Companies House,legitimate interests (LIA required before contact),Companies House public API,2026-07-12T04:32:37+00:00
SWC ENERGY SYSTEMS LTD,12383965,B_COMPLIANCE_DROWNED,micro filer (micro-entity),ltd,corporate subscriber,2020-01-02,micro-entity,"accounts category, NOT turnover",43290,"Unit 1 Land Adj Far Leys Oxton Hill, Southwell, Nottinghamshire, England",NG25 0RB,https://find-and-update.company-information.service.gov.uk/company/12383965,,TO BE ENRICHED — not held by Companies House,legitimate interests (LIA required before contact),Companies House public API,2026-07-12T04:32:38+00:00
JIMMY'S PLUMBING & HEATING LIMITED,08497824,A_CEILING_HIT,"established 2013, total-exemption-full filer",ltd,corporate subscriber,2013-04-22,total-exemption-full,"accounts category, NOT turnover",43220,"The Barn, Porth Bean Road, Newquay, Cornwall",TR7 3LJ,https://find-and-update.company-information.service.gov.uk/company/08497824,,TO BE ENRICHED — not held by Companies House,legitimate interests (LIA required before contact),Companies House public API,2026-07-12T04:32:39+00:00
ECO GRANTS UK LTD,11309586,A_CEILING_HIT,"established 2018, total-exemption-full filer",ltd,corporate subscriber,2018-04-13,total-exemption-full,"accounts category, NOT turnover",43220,"Wallander House Capricorn Business Park, Blakewater Road, Blackburn",BB1 5QR,https://find-and-update.company-information.service.gov.uk/company/11309586,,TO BE ENRICHED — not held by Companies House,legitimate interests (LIA required before contact),Companies House public API,2026-07-12T04:32:39+00:00
OCTAGON CONSTRUCTION LTD,08497587,B_COMPLIANCE_DROWNED,micro filer (micro-entity),ltd,corporate subscriber,2013-04-22,micro-entity,"accounts category, NOT turnover",43290,"143a High Street, Prestatyn",LL19 9AS,https://find-and-update.company-information.service.gov.uk/company/08497587,,TO BE ENRICHED — not held by Companies House,legitimate interests (LIA required before contact),Companies House public API,2026-07-12T04:32:40+00:00
ONE STEP ELECTRICAL LTD,14060760,B_COMPLIANCE_DROWNED,micro filer (micro-entity),ltd,corporate subscriber,2022-04-21,micro-entity,"accounts category, NOT turnover",43210,"Flat 137, Coleman Court Kimber Road, London",SW18 4PB,https://find-and-update.company-information.service.gov.uk/company/14060760,,TO BE ENRICHED — not held by Companies House,legitimate interests (LIA required before contact),Companies House public API,2026-07-12T04:32:41+00:00
B & MC LIGHTING LIMITED,05910431,A_CEILING_HIT,"established 2006, total-exemption-full filer",ltd,corporate subscriber,2006-08-18,total-exemption-full,"accounts category, NOT turnover",43210,"1 Darwin Court Sherwood Energy Village, New Ollerton, Newark",NG22 9FE,https://find-and-update.company-information.service.gov.uk/company/05910431,,TO BE ENRICHED — not held by Companies House,legitimate interests (LIA required before contact),Companies House public API,2026-07-12T04:32:41+00:00
HL&SYMOLIS LTD,09549607,B_COMPLIANCE_DROWNED,micro filer (micro-entity),ltd,corporate subscriber,2015-04-20,micro-entity,"accounts category, NOT turnover",31090; 43290,"337 Battersea Park Road, Ground Floor Shop, London",SW11 4LS,https://find-and-update.company-information.service.gov.uk/company/09549607,,TO BE ENRICHED — not held by Companies House,legitimate interests (LIA required before contact),Companies House public API,2026-07-12T04:32:42+00:00
LEACH-ELECTRICS LIMITED,07228993,EXCLUDED_DORMANT,"dormant — not trading, not a buyer",ltd,corporate subscriber,2010-04-20,dormant,"accounts category, NOT turnover",43210,"30 The Park, Redbourn, Hertfordshire",AL3 7LR,https://find-and-update.company-information.service.gov.uk/company/07228993,,TO BE ENRICHED — not held by Companies House,legitimate interests (LIA required before contact),Companies House public API,2026-07-12T04:32:43+00:00
ELECTRICAL INSPECTION TESTING LTD,14835068,EXCLUDED_DORMANT,"dormant — not trading, not a buyer",ltd,corporate subscriber,2023-04-28,dormant,"accounts category, NOT turnover",43210,"9a Clifton Road, Wallington",SM6 8AL,https://find-and-update.company-information.service.gov.uk/company/14835068,,TO BE ENRICHED — not held by Companies House,legitimate interests (LIA required before contact),Companies House public API,2026-07-12T04:32:44+00:00
VICMIRAS GAS ENGINEER SERVICES LTD,10228786,A_CEILING_HIT,"established 2016, total-exemption-full filer",ltd,corporate subscriber,2016-06-13,total-exemption-full,"accounts category, NOT turnover",43220,"24 Ashbury Drive, Tilehurst, Reading",RG31 5LJ,https://find-and-update.company-information.service.gov.uk/company/10228786,,TO BE ENRICHED — not held by Companies House,legitimate interests (LIA required before contact),Companies House public API,2026-07-12T04:32:44+00:00
DMC FIRE PROTECTION LTD,12595471,B_COMPLIANCE_DROWNED,micro filer (micro-entity),ltd,corporate subscriber,2020-05-11,micro-entity,"accounts category, NOT turnover",43290,"58 New Bedford Road, Luton, Bedfordshire",LU1 1SH,https://find-and-update.company-information.service.gov.uk/company/12595471,,TO BE ENRICHED — not held by Companies House,legitimate interests (LIA required before contact),Companies House public API,2026-07-12T04:32:45+00:00
ELYSIAN BATHROOMS & KITCHENS LTD,11381996,B_COMPLIANCE_DROWNED,micro filer (micro-entity),ltd,corporate subscriber,2018-05-25,micro-entity,"accounts category, NOT turnover",43220; 47599,"128a &130c Liverpool Road, Aughton, Ormskirk",L39 3LW,https://find-and-update.company-information.service.gov.uk/company/11381996,,TO BE ENRICHED — not held by Companies House,legitimate interests (LIA required before contact),Companies House public API,2026-07-12T04:32:46+00:00
M & S INSTALLATIONS UK LTD,13624105,B_COMPLIANCE_DROWNED,"young (2021), total-exemption-full filer",ltd,corporate subscriber,2021-09-15,total-exemption-full,"accounts category, NOT turnover",43290,"52 Lee Green, Mirfield, West Yorkshire",WF14 0AD,https://find-and-update.company-information.service.gov.uk/company/13624105,,TO BE ENRICHED — not held by Companies House,legitimate interests (LIA required before contact),Companies House public API,2026-07-12T04:32:46+00:00
WR ELECTRICAL CONTRACTORS LIMITED,04748078,B_COMPLIANCE_DROWNED,micro filer (micro-entity),ltd,corporate subscriber,2003-04-29,micro-entity,"accounts category, NOT turnover",43210,"C/O Johnson Tidsall & Co, 81 Burton Road, Derby, Derbyshire",DE1 1TJ,https://find-and-update.company-information.service.gov.uk/company/04748078,,TO BE ENRICHED — not held by Companies House,legitimate interests (LIA required before contact),Companies House public API,2026-07-12T04:32:47+00:00
IAN WEISS PLUMBING & HEATING LIMITED,06369168,B_COMPLIANCE_DROWNED,micro filer (micro-entity),ltd,corporate subscriber,2007-09-12,micro-entity,"accounts category, NOT turnover",43220,"53 King Edwards Road, Ascot, Berkshire",SL5 8NY,https://find-and-update.company-information.service.gov.uk/company/06369168,,TO BE ENRICHED — not held by Companies House,legitimate interests (LIA required before contact),Companies House public API,2026-07-12T04:32:48+00:00
FIXED WIRE TESTERS LIMITED,14118156,B_COMPLIANCE_DROWNED,"young (2022), total-exemption-full filer",ltd,corporate subscriber,2022-05-19,total-exemption-full,"accounts category, NOT turnover",43210,"Lace House, 2 Olsen Rise, Lincoln",LN2 4UZ,https://find-and-update.company-information.service.gov.uk/company/14118156,,TO BE ENRICHED — not held by Companies House,legitimate interests (LIA required before contact),Companies House public API,2026-07-12T04:32:48+00:00
LORD COMBUSTION SERVICES LIMITED,01625008,A_CEILING_HIT,"established 1982, total-exemption-full filer",ltd,corporate subscriber,1982-03-26,total-exemption-full,"accounts category, NOT turnover",43220,"Senator House, 131 Dudley Road East, Oldbury, West Midlands",B69 3DU,https://find-and-update.company-information.service.gov.uk/company/01625008,,TO BE ENRICHED — not held by Companies House,legitimate interests (LIA required before contact),Companies House public API,2026-07-12T04:32:49+00:00
MAINTENANCE PLUMBING AND GAS LTD,10165858,B_COMPLIANCE_DROWNED,micro filer (micro-entity),ltd,corporate subscriber,2016-05-06,micro-entity,"accounts category, NOT turnover",43220,"The Castle Mill Minneymoor Hill, Conisbrough, Doncaster",DN12 3EN,https://find-and-update.company-information.service.gov.uk/company/10165858,,TO BE ENRICHED — not held by Companies House,legitimate interests (LIA required before contact),Companies House public API,2026-07-12T04:32:50+00:00
4EVER FLASH LTD,12136208,A_CEILING_HIT,"established 2019, total-exemption-full filer",ltd,corporate subscriber,2019-08-02,total-exemption-full,"accounts category, NOT turnover",43210,"34-44 London Road, Peel House, Office 203, Floor 2, Morden",SM4 5BX,https://find-and-update.company-information.service.gov.uk/company/12136208,,TO BE ENRICHED — not held by Companies House,legitimate interests (LIA required before contact),Companies House public API,2026-07-12T04:32:50+00:00
BRICKS ART CONSTRUCTION LIMITED,12562068,B_COMPLIANCE_DROWNED,micro filer (micro-entity),ltd,corporate subscriber,2020-04-17,micro-entity,"accounts category, NOT turnover",41202; 43290,"73 Marney Road, Grange Park, Swindon",SN5 6AN,https://find-and-update.company-information.service.gov.uk/company/12562068,,TO BE ENRICHED — not held by Companies House,legitimate interests (LIA required before contact),Companies House public API,2026-07-12T04:32:51+00:00
J.B ELECTRICAL SERVICES LTD,13373879,A_CEILING_HIT,"established 2021, total-exemption-full filer",ltd,corporate subscriber,2021-05-04,total-exemption-full,"accounts category, NOT turnover",43210,"34b Charles Street, Sileby, Loughborough",LE12 7RJ,https://find-and-update.company-information.service.gov.uk/company/13373879,,TO BE ENRICHED — not held by Companies House,legitimate interests (LIA required before contact),Companies House public API,2026-07-12T04:32:52+00:00
OSLO BUILDING SERVICES LIMITED,14190932,EXCLUDED_DORMANT,"dormant — not trading, not a buyer",ltd,corporate subscriber,2022-06-23,dormant,"accounts category, NOT turnover",41100; 41202; 43290,"71-75 Shelton Street, Covent Garden, London",WC2H 9JQ,https://find-and-update.company-information.service.gov.uk/company/14190932,,TO BE ENRICHED — not held by Companies House,legitimate interests (LIA required before contact),Companies House public API,2026-07-12T04:32:53+00:00
MM ELECTRICAL CONTRACTING LIMITED,08398253,A_CEILING_HIT,"established 2013, total-exemption-full filer",ltd,corporate subscriber,2013-02-11,total-exemption-full,"accounts category, NOT turnover",43210,"7 Tissington Drive, Waverley, Rotherham",S60 8AP,https://find-and-update.company-information.service.gov.uk/company/08398253,,TO BE ENRICHED — not held by Companies House,legitimate interests (LIA required before contact),Companies House public API,2026-07-12T04:32:53+00:00
PAUL SWANWICK LIMITED,09139367,B_COMPLIANCE_DROWNED,micro filer (micro-entity),ltd,corporate subscriber,2014-07-21,micro-entity,"accounts category, NOT turnover",43210,"3 Chapel Close, Gotham, Nottingham",NG11 0GZ,https://find-and-update.company-information.service.gov.uk/company/09139367,,TO BE ENRICHED — not held by Companies House,legitimate interests (LIA required before contact),Companies House public API,2026-07-12T04:32:54+00:00
PIVOTAL SPRINKLER SYSTEMS LTD,12424636,B_COMPLIANCE_DROWNED,micro filer (micro-entity),ltd,corporate subscriber,2020-01-27,micro-entity,"accounts category, NOT turnover",43290,"Street House, Llandysilio, Llanymynech",SY22 6RB,https://find-and-update.company-information.service.gov.uk/company/12424636,,TO BE ENRICHED — not held by Companies House,legitimate interests (LIA required before contact),Companies House public API,2026-07-12T04:32:55+00:00
PRIME PLUMBING & HEATING SOLUTIONS LIMITED,14716838,B_COMPLIANCE_DROWNED,micro filer (micro-entity),ltd,corporate subscriber,2023-03-08,micro-entity,"accounts category, NOT turnover",43220,"8 Hawthorne Terrace, Nuneaton",CV10 9BH,https://find-and-update.company-information.service.gov.uk/company/14716838,,TO BE ENRICHED — not held by Companies House,legitimate interests (LIA required before contact),Companies House public API,2026-07-12T04:32:55+00:00
NORTH WALES PROPERTY SERVICES LTD,14193703,EXCLUDED_DORMANT,"dormant — not trading, not a buyer",ltd,corporate subscriber,2022-06-24,dormant,"accounts category, NOT turnover",43290,"45 Frederick Street, Y Rhyl, Denbighshire",LL18 2AP,https://find-and-update.company-information.service.gov.uk/company/14193703,,TO BE ENRICHED — not held by Companies House,legitimate interests (LIA required before contact),Companies House public API,2026-07-12T04:32:56+00:00
OMNI ELECTRICAL SERVICES LTD,13961417,B_COMPLIANCE_DROWNED,micro filer (micro-entity),ltd,corporate subscriber,2022-03-07,micro-entity,"accounts category, NOT turnover",43210; 43390,"101 Buckingham Gardens, West Molesey",KT8 1TN,https://find-and-update.company-information.service.gov.uk/company/13961417,,TO BE ENRICHED — not held by Companies House,legitimate interests (LIA required before contact),Companies House public API,2026-07-12T04:32:57+00:00
PENDLE PERFORMANCE LTD,06876456,A_CEILING_HIT,"established 2009, total-exemption-full filer",ltd,corporate subscriber,2009-04-14,total-exemption-full,"accounts category, NOT turnover",43210,"Hope Mill, Calf Hall Road, Barnoldswick",BB18 5PX,https://find-and-update.company-information.service.gov.uk/company/06876456,,TO BE ENRICHED — not held by Companies House,legitimate interests (LIA required before contact),Companies House public API,2026-07-12T04:32:57+00:00
ROBBINS BUILDING SERVICES LIMITED,07689005,B_COMPLIANCE_DROWNED,micro filer (micro-entity),ltd,corporate subscriber,2011-06-30,micro-entity,"accounts category, NOT turnover",43290,"St Georges Cottage Staites Orchard, Upton St. Leonards, Gloucester",GL4 8BG,https://find-and-update.company-information.service.gov.uk/company/07689005,,TO BE ENRICHED — not held by Companies House,legitimate interests (LIA required before contact),Companies House public API,2026-07-12T04:32:58+00:00
STEVE SIMPSON LIMITED,09360205,A_CEILING_HIT,"established 2014, total-exemption-full filer",ltd,corporate subscriber,2014-12-18,total-exemption-full,"accounts category, NOT turnover",43290; 43342,"397 Baker Street, Alvaston, Derby",DE24 8SJ,https://find-and-update.company-information.service.gov.uk/company/09360205,,TO BE ENRICHED — not held by Companies House,legitimate interests (LIA required before contact),Companies House public API,2026-07-12T04:32:59+00:00
RENE PLUMBING & HEATING LIMITED,08098409,B_COMPLIANCE_DROWNED,micro filer (micro-entity),ltd,corporate subscriber,2012-06-08,micro-entity,"accounts category, NOT turnover",43220,"54a Waterloo Road, Bedford",MK40 3PG,https://find-and-update.company-information.service.gov.uk/company/08098409,,TO BE ENRICHED — not held by Companies House,legitimate interests (LIA required before contact),Companies House public API,2026-07-12T04:32:59+00:00
SBC ELECTRICIANS LTD,10215282,A_CEILING_HIT,"established 2016, total-exemption-full filer",ltd,corporate subscriber,2016-06-06,total-exemption-full,"accounts category, NOT turnover",43210,"Flat 13 The Lanterns, Moss Hall Grove, London, London",N12 8PG,https://find-and-update.company-information.service.gov.uk/company/10215282,,TO BE ENRICHED — not held by Companies House,legitimate interests (LIA required before contact),Companies House public API,2026-07-12T04:33:00+00:00
RK HEATING & PLUMBING LIMITED,11232610,EXCLUDED_DORMANT,"dormant — not trading, not a buyer",ltd,corporate subscriber,2018-03-05,dormant,"accounts category, NOT turnover",43220,"5 Orchard Green, Northampton, Northamptonshire",NN3 2TB,https://find-and-update.company-information.service.gov.uk/company/11232610,,TO BE ENRICHED — not held by Companies House,legitimate interests (LIA required before contact),Companies House public API,2026-07-12T04:33:01+00:00
VELEC LTD,13244940,A_CEILING_HIT,"established 2021, total-exemption-full filer",ltd,corporate subscriber,2021-03-04,total-exemption-full,"accounts category, NOT turnover",43210,"Brook House Church Lane, Garforth, Leeds",LS25 1HB,https://find-and-update.company-information.service.gov.uk/company/13244940,,TO BE ENRICHED — not held by Companies House,legitimate interests (LIA required before contact),Companies House public API,2026-07-12T04:33:01+00:00
WORKPLACE CHARGING LIMITED,10940177,A_CEILING_HIT,"established 2017, total-exemption-full filer",ltd,corporate subscriber,2017-08-31,total-exemption-full,"accounts category, NOT turnover",43210,"Heath Farm House Loddon Road, Broome, Bungay",NR35 2RJ,https://find-and-update.company-information.service.gov.uk/company/10940177,,TO BE ENRICHED — not held by Companies House,legitimate interests (LIA required before contact),Companies House public API,2026-07-12T04:33:02+00:00
SFD CONSTRUCTION LIMITED,10798169,A_CEILING_HIT,"established 2017, total-exemption-full filer",ltd,corporate subscriber,2017-06-01,total-exemption-full,"accounts category, NOT turnover",43290,"18 Botany Road, Walsall",WS5 4ND,https://find-and-update.company-information.service.gov.uk/company/10798169,,TO BE ENRICHED — not held by Companies House,legitimate interests (LIA required before contact),Companies House public API,2026-07-12T04:33:03+00:00
TPM (LINCS) LIMITED,11341696,A_CEILING_HIT,"established 2018, total-exemption-full filer",ltd,corporate subscriber,2018-05-02,total-exemption-full,"accounts category, NOT turnover",43290,"32 The Crescent, Spalding",PE11 1AF,https://find-and-update.company-information.service.gov.uk/company/11341696,,TO BE ENRICHED — not held by Companies House,legitimate interests (LIA required before contact),Companies House public API,2026-07-12T04:33:04+00:00
TAUNTON ELECTRICAL SOLUTIONS LIMITED,12048428,B_COMPLIANCE_DROWNED,micro filer (micro-entity),ltd,corporate subscriber,2019-06-13,micro-entity,"accounts category, NOT turnover",43210,"Goodwood House, Blackbrook Park Avenue, Taunton, Somerset",TA1 2PX,https://find-and-update.company-information.service.gov.uk/company/12048428,,TO BE ENRICHED — not held by Companies House,legitimate interests (LIA required before contact),Companies House public API,2026-07-12T04:33:04+00:00
TIDEY CONSTRUCTION LTD,11856483,B_COMPLIANCE_DROWNED,micro filer (micro-entity),ltd,corporate subscriber,2019-03-04,micro-entity,"accounts category, NOT turnover",43290,"63 Nutfield Road, Redhill, Surrey",RH1 3ER,https://find-and-update.company-information.service.gov.uk/company/11856483,,TO BE ENRICHED — not held by Companies House,legitimate interests (LIA required before contact),Companies House public API,2026-07-12T04:33:05+00:00
VIPS ELECTRICAL CONTRACTOR AND PROPERTY DEVELOPMENT LIMITED,14705932,B_COMPLIANCE_DROWNED,micro filer (micro-entity),ltd,corporate subscriber,2023-03-05,micro-entity,"accounts category, NOT turnover",16230; 41202; 43210,"36 Richmond Road, Wolverhampton",WV3 9JD,https://find-and-update.company-information.service.gov.uk/company/14705932,,TO BE ENRICHED — not held by Companies House,legitimate interests (LIA required before contact),Companies House public API,2026-07-12T04:33:06+00:00
BROOKHILL617 LTD,14052475,B_COMPLIANCE_DROWNED,micro filer (micro-entity),ltd,corporate subscriber,2022-04-19,micro-entity,"accounts category, NOT turnover",43220,"2 Church Lane, Wickersley, Rotherham",S66 1ES,https://find-and-update.company-information.service.gov.uk/company/14052475,,TO BE ENRICHED — not held by Companies House,legitimate interests (LIA required before contact),Companies House public API,2026-07-12T04:33:06+00:00
ELITE FIRE & ELECTRICAL LTD,14815595,B_COMPLIANCE_DROWNED,"young (2023), total-exemption-full filer",ltd,corporate subscriber,2023-04-19,total-exemption-full,"accounts category, NOT turnover",43210; 84250,"Unit 1-4 Crossley Farm Business Centre Swan Lane, Winterbourne, Bristol",BS36 1RH,https://find-and-update.company-information.service.gov.uk/company/14815595,,TO BE ENRICHED — not held by Companies House,legitimate interests (LIA required before contact),Companies House public API,2026-07-12T04:33:07+00:00
FINEST ELECTRICAL LIMITED,13344667,B_COMPLIANCE_DROWNED,micro filer (micro-entity),ltd,corporate subscriber,2021-04-19,micro-entity,"accounts category, NOT turnover",43210; 70229; 74100,"Weylode Tetbury Road, Old Sodbury, Bristol",BS37 6RJ,https://find-and-update.company-information.service.gov.uk/company/13344667,,TO BE ENRICHED — not held by Companies House,legitimate interests (LIA required before contact),Companies House public API,2026-07-12T04:33:08+00:00
BESPOKE SERVICE SOLUTIONS LIMITED,08035640,B_COMPLIANCE_DROWNED,micro filer (micro-entity),ltd,corporate subscriber,2012-04-18,micro-entity,"accounts category, NOT turnover",43210; 70229; 71200,"27 Old Gloucester Street, London",WC1N 3AX,https://find-and-update.company-information.service.gov.uk/company/08035640,,TO BE ENRICHED — not held by Companies House,legitimate interests (LIA required before contact),Companies House public API,2026-07-12T04:33:08+00:00
ROGER BUDGE (ELECTRICAL ENGINEERING) LIMITED,01194153,A_CEILING_HIT,"established 1974, total-exemption-full filer",ltd,corporate subscriber,1974-12-17,total-exemption-full,"accounts category, NOT turnover",43210,"6a Bittern Way, Boston, Lincolnshire",PE21 7NX,https://find-and-update.company-information.service.gov.uk/company/01194153,,TO BE ENRICHED — not held by Companies House,legitimate interests (LIA required before contact),Companies House public API,2026-07-12T04:33:09+00:00
KEY PROPERTY GROUP HOLDINGS LTD,SC696100,EXCLUDED_DORMANT,"dormant — not trading, not a buyer",ltd,corporate subscriber,2021-04-19,dormant,"accounts category, NOT turnover",43220,"9g Highholm Street, Port Glasgow",PA14 5HG,https://find-and-update.company-information.service.gov.uk/company/SC696100,,TO BE ENRICHED — not held by Companies House,legitimate interests (LIA required before contact),Companies House public API,2026-07-12T04:33:10+00:00
SKINNER PLUMBING & HEATING LTD,SC760699,B_COMPLIANCE_DROWNED,"young (2023), total-exemption-full filer",ltd,corporate subscriber,2023-03-01,total-exemption-full,"accounts category, NOT turnover",43220,"27 Queen Street, Grangemouth",FK3 9AU,https://find-and-update.company-information.service.gov.uk/company/SC760699,,TO BE ENRICHED — not held by Companies House,legitimate interests (LIA required before contact),Companies House public API,2026-07-12T04:33:10+00:00
GASMAN (GARRY JOHNS) LIMITED,04745965,B_COMPLIANCE_DROWNED,micro filer (micro-entity),ltd,corporate subscriber,2003-04-28,micro-entity,"accounts category, NOT turnover",43220,"Hill Cottage Worlebury Hill Road, Worlebury, Weston-Super-Mare, Somerset",BS22 9TL,https://find-and-update.company-information.service.gov.uk/company/04745965,,TO BE ENRICHED — not held by Companies House,legitimate interests (LIA required before contact),Companies House public API,2026-07-12T04:33:11+00:00
EZ CONTRACTORS LTD,11319033,A_CEILING_HIT,"established 2018, total-exemption-full filer",ltd,corporate subscriber,2018-04-19,total-exemption-full,"accounts category, NOT turnover",43290; 43390,"31 Bloemfontein Road Bloemfontein Road, London",W12 7BH,https://find-and-update.company-information.service.gov.uk/company/11319033,,TO BE ENRICHED — not held by Companies House,legitimate interests (LIA required before contact),Companies House public API,2026-07-12T04:33:12+00:00
SBC ELECTRICAL SERVICES LIMITED,03982489,B_COMPLIANCE_DROWNED,micro filer (micro-entity),ltd,corporate subscriber,2000-04-28,micro-entity,"accounts category, NOT turnover",43210,"17 Duckmoor Road, Ashton, Bristol",BS3 2DD,https://find-and-update.company-information.service.gov.uk/company/03982489,,TO BE ENRICHED — not held by Companies House,legitimate interests (LIA required before contact),Companies House public API,2026-07-12T04:33:12+00:00
J.E.D PLUMBING & HEATING LTD,10730487,A_CEILING_HIT,"established 2017, total-exemption-full filer",ltd,corporate subscriber,2017-04-19,total-exemption-full,"accounts category, NOT turnover",43220,"4 Sherwood Green, Hailsham",BN27 3TU,https://find-and-update.company-information.service.gov.uk/company/10730487,,TO BE ENRICHED — not held by Companies House,legitimate interests (LIA required before contact),Companies House public API,2026-07-12T04:33:13+00:00
CAMBRIDGE SMART LTD,14813524,EXCLUDED_DORMANT,"dormant — not trading, not a buyer",ltd,corporate subscriber,2023-04-19,dormant,"accounts category, NOT turnover",43210,"Office, 31 Cattle Market Street, Norwich, Norfolk",NR1 3DY,https://find-and-update.company-information.service.gov.uk/company/14813524,,TO BE ENRICHED — not held by Companies House,legitimate interests (LIA required before contact),Companies House public API,2026-07-12T04:33:14+00:00
NCP PLUMBING & HEATING LTD,11873649,A_CEILING_HIT,"established 2019, total-exemption-full filer",ltd,corporate subscriber,2019-03-11,total-exemption-full,"accounts category, NOT turnover",43220; 43290; 43999,"34 Great Grove, Bushey",WD23 3BH,https://find-and-update.company-information.service.gov.uk/company/11873649,,TO BE ENRICHED — not held by Companies House,legitimate interests (LIA required before contact),Companies House public API,2026-07-12T04:33:15+00:00
CITY HEATING AND PLUMBING LTD,08495197,A_CEILING_HIT,"established 2013, unaudited-abridged filer",ltd,corporate subscriber,2013-04-18,unaudited-abridged,"accounts category, NOT turnover",43220,"Belfry House, Bell Lane, Hertford, Herts",SG14 1BP,https://find-and-update.company-information.service.gov.uk/company/08495197,,TO BE ENRICHED — not held by Companies House,legitimate interests (LIA required before contact),Companies House public API,2026-07-12T04:33:15+00:00
NEW CITY GAS HEATING LTD,14814968,B_COMPLIANCE_DROWNED,micro filer (micro-entity),ltd,corporate subscriber,2023-04-19,micro-entity,"accounts category, NOT turnover",43220,"141 Dorchester Waye, Hayes, Middlesex",UB4 0HZ,https://find-and-update.company-information.service.gov.uk/company/14814968,,TO BE ENRICHED — not held by Companies House,legitimate interests (LIA required before contact),Companies House public API,2026-07-12T04:33:16+00:00
PG CONSTRUCTION RK LTD,14814378,B_COMPLIANCE_DROWNED,micro filer (micro-entity),ltd,corporate subscriber,2023-04-19,micro-entity,"accounts category, NOT turnover",43290,"43 Becher Street, Derby",DE23 8NP,https://find-and-update.company-information.service.gov.uk/company/14814378,,TO BE ENRICHED — not held by Companies House,legitimate interests (LIA required before contact),Companies House public API,2026-07-12T04:33:17+00:00
DW VENTURES LIMITED,10102978,B_COMPLIANCE_DROWNED,micro filer (micro-entity),ltd,corporate subscriber,2016-04-05,micro-entity,"accounts category, NOT turnover",43210,"Suite 215 Waterhouse Business Centre,, Cromar Way, Chelmsford, Essex",CM1 2QE,https://find-and-update.company-information.service.gov.uk/company/10102978,,TO BE ENRICHED — not held by Companies House,legitimate interests (LIA required before contact),Companies House public API,2026-07-12T04:33:17+00:00
MCNALLY RENEWABLES LIMITED,13704965,B_COMPLIANCE_DROWNED,micro filer (micro-entity),ltd,corporate subscriber,2021-10-26,micro-entity,"accounts category, NOT turnover",43210,"Middle Mearbeck Farm, Long Preston, Skipton",BD23 4QP,https://find-and-update.company-information.service.gov.uk/company/13704965,,TO BE ENRICHED — not held by Companies House,legitimate interests (LIA required before contact),Companies House public API,2026-07-12T04:33:18+00:00
SMARTWORKS DYNAMICS LTD,14848644,EXCLUDED_DORMANT,"dormant — not trading, not a buyer",ltd,corporate subscriber,2023-05-05,dormant,"accounts category, NOT turnover",33200; 43290,"125a Upper Brook Street, Manchester",M13 9JS,https://find-and-update.company-information.service.gov.uk/company/14848644,,TO BE ENRICHED — not held by Companies House,legitimate interests (LIA required before contact),Companies House public API,2026-07-12T04:33:19+00:00
GEO-NEL PLUMBING LTD,11468856,A_CEILING_HIT,"established 2018, unaudited-abridged filer",ltd,corporate subscriber,2018-07-17,unaudited-abridged,"accounts category, NOT turnover",43220,"9 Chadville Gardens, Romford",RM6 5TX,https://find-and-update.company-information.service.gov.uk/company/11468856,,TO BE ENRICHED — not held by Companies House,legitimate interests (LIA required before contact),Companies House public API,2026-07-12T04:33:19+00:00
CDR ELECTRICAL (MIDLANDS) LTD,07125916,B_COMPLIANCE_DROWNED,micro filer (micro-entity),ltd,corporate subscriber,2010-01-14,micro-entity,"accounts category, NOT turnover",43210,"347 Barston Lane, Catherine De Barnes, Solihull",B91 2SX,https://find-and-update.company-information.service.gov.uk/company/07125916,,TO BE ENRICHED — not held by Companies House,legitimate interests (LIA required before contact),Companies House public API,2026-07-12T04:33:20+00:00
SIMLEC LIMITED,07336653,B_COMPLIANCE_DROWNED,micro filer (micro-entity),ltd,corporate subscriber,2010-08-05,micro-entity,"accounts category, NOT turnover",43210,"145 Harewood Gardens, South Croydon",CR2 9BW,https://find-and-update.company-information.service.gov.uk/company/07336653,,TO BE ENRICHED — not held by Companies House,legitimate interests (LIA required before contact),Companies House public API,2026-07-12T04:33:21+00:00
TDPF LTD,14785777,B_COMPLIANCE_DROWNED,"young (2023), unaudited-abridged filer",ltd,corporate subscriber,2023-04-06,unaudited-abridged,"accounts category, NOT turnover",43290,"204 Marston Lane, Nuneaton",CV11 4RH,https://find-and-update.company-information.service.gov.uk/company/14785777,,TO BE ENRICHED — not held by Companies House,legitimate interests (LIA required before contact),Companies House public API,2026-07-12T04:33:21+00:00
L A K ELECTRICAL SERVICES LIMITED,10178952,B_COMPLIANCE_DROWNED,micro filer (micro-entity),ltd,corporate subscriber,2016-05-13,micro-entity,"accounts category, NOT turnover",43210; 43999,"17 Foulgers Opening, Norwich, Norfolk",NR1 3GE,https://find-and-update.company-information.service.gov.uk/company/10178952,,TO BE ENRICHED — not held by Companies House,legitimate interests (LIA required before contact),Companies House public API,2026-07-12T04:33:22+00:00
DIALEX LTD,11787550,B_COMPLIANCE_DROWNED,micro filer (micro-entity),ltd,corporate subscriber,2019-01-25,micro-entity,"accounts category, NOT turnover",43290; 52219; 52290,"73 Sandringham Court, Slough",SL1 6JU,https://find-and-update.company-information.service.gov.uk/company/11787550,,TO BE ENRICHED — not held by Companies House,legitimate interests (LIA required before contact),Companies House public API,2026-07-12T04:33:23+00:00
VASILE UK CONSTRUCTION LTD,11954070,UNCLASSIFIED,no accounts filed yet — cannot size,private-limited-guarant-nsc,corporate subscriber,2019-04-18,none,"accounts category, NOT turnover",41201; 41202; 43290,"148 Mawney Road, Romford",RM7 7BE,https://find-and-update.company-information.service.gov.uk/company/11954070,,TO BE ENRICHED — not held by Companies House,legitimate interests (LIA required before contact),Companies House public API,2026-07-12T04:33:23+00:00
TAGG INSTALLATIONS LTD,08033997,A_CEILING_HIT,"established 2012, total-exemption-full filer",ltd,corporate subscriber,2012-04-17,total-exemption-full,"accounts category, NOT turnover",43210,"Onega House, 112 Main Road, Sidcup, Kent",DA14 6NE,https://find-and-update.company-information.service.gov.uk/company/08033997,,TO BE ENRICHED — not held by Companies House,legitimate interests (LIA required before contact),Companies House public API,2026-07-12T04:33:24+00:00
CME CONTRACTORS LTD,09548041,A_CEILING_HIT,"established 2015, total-exemption-full filer",ltd,corporate subscriber,2015-04-17,total-exemption-full,"accounts category, NOT turnover",43210,"12 Roosevelt Avenue, Charlton Kings, Cheltenham",GL52 6JL,https://find-and-update.company-information.service.gov.uk/company/09548041,,TO BE ENRICHED — not held by Companies House,legitimate interests (LIA required before contact),Companies House public API,2026-07-12T04:33:25+00:00
ALECT ELECTRICAL SERVICES LIMITED,10632372,A_CEILING_HIT,"established 2017, total-exemption-full filer",ltd,corporate subscriber,2017-02-22,total-exemption-full,"accounts category, NOT turnover",43210; 55209; 68100; 68209,"Unit 6 Soloman Road, Ilkeston",DE7 5UE,https://find-and-update.company-information.service.gov.uk/company/10632372,,TO BE ENRICHED — not held by Companies House,legitimate interests (LIA required before contact),Companies House public API,2026-07-12T04:33:25+00:00
3C ELECTRICAL LTD,10129233,EXCLUDED_DORMANT,"dormant — not trading, not a buyer",ltd,corporate subscriber,2016-04-18,dormant,"accounts category, NOT turnover",43210,"28 Priors Way, Coggeshall, Colchester, Essex",CO6 1TW,https://find-and-update.company-information.service.gov.uk/company/10129233,,TO BE ENRICHED — not held by Companies House,legitimate interests (LIA required before contact),Companies House public API,2026-07-12T04:33:26+00:00
G LENNIE PLUMBING & HEATING LIMITED,SC666581,A_CEILING_HIT,"established 2020, total-exemption-full filer",ltd,corporate subscriber,2020-07-07,total-exemption-full,"accounts category, NOT turnover",43220,"30 Glasgow Road, Edinburgh",EH12 8HL,https://find-and-update.company-information.service.gov.uk/company/SC666581,,TO BE ENRICHED — not held by Companies House,legitimate interests (LIA required before contact),Companies House public API,2026-07-12T04:33:27+00:00
AA GAS SERVICES YORKSHIRE LTD,14295699,B_COMPLIANCE_DROWNED,micro filer (micro-entity),ltd,corporate subscriber,2022-08-15,micro-entity,"accounts category, NOT turnover",43220,"1 Red Hall Court, Leeds",LS14 1EL,https://find-and-update.company-information.service.gov.uk/company/14295699,,TO BE ENRICHED — not held by Companies House,legitimate interests (LIA required before contact),Companies House public API,2026-07-12T04:33:28+00:00
BLACKWOOD HEATING LTD,12966443,B_COMPLIANCE_DROWNED,micro filer (micro-entity),ltd,corporate subscriber,2020-10-21,micro-entity,"accounts category, NOT turnover",43220,"Aykley Vale Chambers, Durham Road, Aykley Heads, Durham",DH1 5NE,https://find-and-update.company-information.service.gov.uk/company/12966443,,TO BE ENRICHED — not held by Companies House,legitimate interests (LIA required before contact),Companies House public API,2026-07-12T04:33:28+00:00
M & R ELECTRICAL SERVICES LIMITED,04841773,B_COMPLIANCE_DROWNED,micro filer (micro-entity),ltd,corporate subscriber,2003-07-22,micro-entity,"accounts category, NOT turnover",43210,"28 Rumbridge Street, Totton, Southampton, Hampshire",SO40 9DP,https://find-and-update.company-information.service.gov.uk/company/04841773,,TO BE ENRICHED — not held by Companies House,legitimate interests (LIA required before contact),Companies House public API,2026-07-12T04:33:29+00:00
HMI TILING LIMITED,14840095,B_COMPLIANCE_DROWNED,micro filer (micro-entity),ltd,corporate subscriber,2023-05-02,micro-entity,"accounts category, NOT turnover",43110; 43120; 43220; 43330,"31 Lytton Road, Grays",RM16 4EU,https://find-and-update.company-information.service.gov.uk/company/14840095,,TO BE ENRICHED — not held by Companies House,legitimate interests (LIA required before contact),Companies House public API,2026-07-12T04:33:30+00:00
INFUSED ELECTRICAL SERVICES LTD,14404692,B_COMPLIANCE_DROWNED,micro filer (micro-entity),ltd,corporate subscriber,2022-10-07,micro-entity,"accounts category, NOT turnover",43210,"Littlehaven House, 24-26 Littlehaven Lane, Horsham, West Sussex",RH12 4HT,https://find-and-update.company-information.service.gov.uk/company/14404692,,TO BE ENRICHED — not held by Companies House,legitimate interests (LIA required before contact),Companies House public API,2026-07-12T04:33:30+00:00
K.D.J. PLUMBING & HEATING LIMITED,10694140,B_COMPLIANCE_DROWNED,micro filer (micro-entity),ltd,corporate subscriber,2017-03-28,micro-entity,"accounts category, NOT turnover",43220,"Building 18, Gateway 1000 Arlington Business Park, Whittle Way, Stevenage",SG1 2FP,https://find-and-update.company-information.service.gov.uk/company/10694140,,TO BE ENRICHED — not held by Companies House,legitimate interests (LIA required before contact),Companies House public API,2026-07-12T04:33:31+00:00
PROTECTORCOMMS LIMITED,05799110,A_CEILING_HIT,"established 2006, total-exemption-full filer",ltd,corporate subscriber,2006-04-27,total-exemption-full,"accounts category, NOT turnover",43210,"Unit C2/C3 - De Clare House, 4 St Alfred Owen Way Pontygwindy Industrial Estate, Caerphilly",CF83 3HU,https://find-and-update.company-information.service.gov.uk/company/05799110,,TO BE ENRICHED — not held by Companies House,legitimate interests (LIA required before contact),Companies House public API,2026-07-12T04:33:32+00:00
WATSON ELECTRICAL (SW) LTD,11333441,B_COMPLIANCE_DROWNED,micro filer (micro-entity),ltd,corporate subscriber,2018-04-27,micro-entity,"accounts category, NOT turnover",43210,"Tarr Farm Tarr Farm, Liscombe, Dulverton",TA22 9PY,https://find-and-update.company-information.service.gov.uk/company/11333441,,TO BE ENRICHED — not held by Companies House,legitimate interests (LIA required before contact),Companies House public API,2026-07-12T04:33:32+00:00
A DENNIS CONTRACTING LIMITED,13702266,B_COMPLIANCE_DROWNED,"young (2021), total-exemption-full filer",ltd,corporate subscriber,2021-10-25,total-exemption-full,"accounts category, NOT turnover",43210; 43320,"Kensington House, 3 Kensington, Bishop Auckland, Co Durham",DL14 6HX,https://find-and-update.company-information.service.gov.uk/company/13702266,,TO BE ENRICHED — not held by Companies House,legitimate interests (LIA required before contact),Companies House public API,2026-07-12T04:33:33+00:00
HIBBS ELECTRICS LIMITED,09045652,B_COMPLIANCE_DROWNED,micro filer (micro-entity),ltd,corporate subscriber,2014-05-19,micro-entity,"accounts category, NOT turnover",43210,"16 Crowther Road, Birmingham",B23 7DL,https://find-and-update.company-information.service.gov.uk/company/09045652,,TO BE ENRICHED — not held by Companies House,legitimate interests (LIA required before contact),Companies House public API,2026-07-12T04:33:34+00:00
JCD ELECTRICAL SERVICES LTD,10316791,EXCLUDED_DORMANT,"dormant — not trading, not a buyer",ltd,corporate subscriber,2016-08-08,dormant,"accounts category, NOT turnover",43210,"Warwick Business Centre Warwick Business Centre, Hawkes Drive, Heathcote Ind Est, Warwick, W Midlands",CV34 6LX,https://find-and-update.company-information.service.gov.uk/company/10316791,,TO BE ENRICHED — not held by Companies House,legitimate interests (LIA required before contact),Companies House public API,2026-07-12T04:33:34+00:00
BRASSINGTON COMMUNITY HEATING CIC,13658114,B_COMPLIANCE_DROWNED,micro filer (micro-entity),private-limited-guarant-nsc,corporate subscriber,2021-10-04,micro-entity,"accounts category, NOT turnover",43220,"The Lodge Kings Hill, Brassington, Matlock",DE4 4HA,https://find-and-update.company-information.service.gov.uk/company/13658114,,TO BE ENRICHED — not held by Companies House,legitimate interests (LIA required before contact),Companies House public API,2026-07-12T04:33:35+00:00
AMP ELECTRICAL CONTRACTING MCR LIMITED,15721912,EXCLUDED_DORMANT,"dormant — not trading, not a buyer",ltd,corporate subscriber,2024-05-15,dormant,"accounts category, NOT turnover",43210,"105-107 1st Floor, Market Street, Farnworth, Bolton",BL4 7NS,https://find-and-update.company-information.service.gov.uk/company/15721912,,TO BE ENRICHED — not held by Companies House,legitimate interests (LIA required before contact),Companies House public API,2026-07-12T04:33:36+00:00
LAC INSTALLATIONS LIMITED,05653523,A_CEILING_HIT,"established 2005, total-exemption-full filer",ltd,corporate subscriber,2005-12-14,total-exemption-full,"accounts category, NOT turnover",43220,"Northmoor Works, Higginshaw Road, Oldham, Lancs",OL1 3JY,https://find-and-update.company-information.service.gov.uk/company/05653523,,TO BE ENRICHED — not held by Companies House,legitimate interests (LIA required before contact),Companies House public API,2026-07-12T04:33:36+00:00
AC HEATING LTD,14106609,B_COMPLIANCE_DROWNED,micro filer (micro-entity),ltd,corporate subscriber,2022-05-13,micro-entity,"accounts category, NOT turnover",43220,"16 Charlton Crescent, Barking",IG11 0NP,https://find-and-update.company-information.service.gov.uk/company/14106609,,TO BE ENRICHED — not held by Companies House,legitimate interests (LIA required before contact),Companies House public API,2026-07-12T04:33:37+00:00
OIL INSTALLATIONS LIMITED,04765403,A_CEILING_HIT,"established 2003, total-exemption-full filer",ltd,corporate subscriber,2003-05-15,total-exemption-full,"accounts category, NOT turnover",43220,"28 Wilton Road, Bexhill-On-Sea, East Sussex",TN40 1EZ,https://find-and-update.company-information.service.gov.uk/company/04765403,,TO BE ENRICHED — not held by Companies House,legitimate interests (LIA required before contact),Companies House public API,2026-07-12T04:33:38+00:00
KMP PLUMBING AND HEATING LIMITED,05526609,A_CEILING_HIT,"established 2005, total-exemption-full filer",ltd,corporate subscriber,2005-08-03,total-exemption-full,"accounts category, NOT turnover",43220,"89 Folly Lane, Hockley, Essex",SS5 4SR,https://find-and-update.company-information.service.gov.uk/company/05526609,,TO BE ENRICHED — not held by Companies House,legitimate interests (LIA required before contact),Companies House public API,2026-07-12T04:33:39+00:00
S.J.S. INTERIOR SOLUTIONS LIMITED,05773835,B_COMPLIANCE_DROWNED,micro filer (micro-entity),ltd,corporate subscriber,2006-04-07,micro-entity,"accounts category, NOT turnover",43290,"The Poplars, Station Road, Lichfield, Staffordshire",WS13 6HZ,https://find-and-update.company-information.service.gov.uk/company/05773835,,TO BE ENRICHED — not held by Companies House,legitimate interests (LIA required before contact),Companies House public API,2026-07-12T04:33:39+00:00
M A L CONTRACT SERVICES LIMITED,03554881,A_CEILING_HIT,"established 1998, total-exemption-full filer",ltd,corporate subscriber,1998-04-29,total-exemption-full,"accounts category, NOT turnover",43210,"C/O Francis Clarks, 1 London Road, Ipswich",IP1 2HA,https://find-and-update.company-information.service.gov.uk/company/03554881,,TO BE ENRICHED — not held by Companies House,legitimate interests (LIA required before contact),Companies House public API,2026-07-12T04:33:40+00:00
AV GAS LTD,SC669619,B_COMPLIANCE_DROWNED,micro filer (micro-entity),ltd,corporate subscriber,2020-08-03,micro-entity,"accounts category, NOT turnover",43220,"272 Bath Street, Glasgow",G2 4JR,https://find-and-update.company-information.service.gov.uk/company/SC669619,,TO BE ENRICHED — not held by Companies House,legitimate interests (LIA required before contact),Companies House public API,2026-07-12T04:33:41+00:00
ADVANTAGE ENGINEERING LIMITED,02350402,A_CEILING_HIT,"established 1989, total-exemption-full filer",ltd,corporate subscriber,1989-02-21,total-exemption-full,"accounts category, NOT turnover",43290; 93191,"Morton House, 9 Beacon Court, Pitstone Green Business Park, Pitstone",LU7 9GY,https://find-and-update.company-information.service.gov.uk/company/02350402,,TO BE ENRICHED — not held by Companies House,legitimate interests (LIA required before contact),Companies House public API,2026-07-12T04:33:41+00:00
TYKO ELECTRICAL SERVICES LTD,07011441,A_CEILING_HIT,"established 2009, unaudited-abridged filer",ltd,corporate subscriber,2009-09-07,unaudited-abridged,"accounts category, NOT turnover",43210,"102-105 Lichfield Street, Tamworth, Staffordshire",B79 7QB,https://find-and-update.company-information.service.gov.uk/company/07011441,,TO BE ENRICHED — not held by Companies House,legitimate interests (LIA required before contact),Companies House public API,2026-07-12T04:33:42+00:00
LONDON GAS CERTS LTD,11337656,B_COMPLIANCE_DROWNED,micro filer (micro-entity),ltd,corporate subscriber,2018-04-30,micro-entity,"accounts category, NOT turnover",43220,"92 The Campions, Borehamwood",WD6 5QF,https://find-and-update.company-information.service.gov.uk/company/11337656,,TO BE ENRICHED — not held by Companies House,legitimate interests (LIA required before contact),Companies House public API,2026-07-12T04:33:43+00:00
SJCOEN ELECTRICAL SERVICES LIMITED,11986948,B_COMPLIANCE_DROWNED,micro filer (micro-entity),ltd,corporate subscriber,2019-05-09,micro-entity,"accounts category, NOT turnover",43210,"47 Green Park Road, Birmingham",B31 5AX,https://find-and-update.company-information.service.gov.uk/company/11986948,,TO BE ENRICHED — not held by Companies House,legitimate interests (LIA required before contact),Companies House public API,2026-07-12T04:33:43+00:00
METRO GAS & HEATING LTD,14071820,B_COMPLIANCE_DROWNED,micro filer (micro-entity),ltd,corporate subscriber,2022-04-27,micro-entity,"accounts category, NOT turnover",43220,"52 Mellitus Street, London",W12 0AS,https://find-and-update.company-information.service.gov.uk/company/14071820,,TO BE ENRICHED — not held by Companies House,legitimate interests (LIA required before contact),Companies House public API,2026-07-12T04:33:44+00:00
W.R.R. (UK) LIMITED,03894706,A_CEILING_HIT,"established 1999, total-exemption-full filer",ltd,corporate subscriber,1999-12-15,total-exemption-full,"accounts category, NOT turnover",43290; 93191,"Morton House, 9 Beacon Court, Pitstone Green Business Park, Pitstone",LU7 9GY,https://find-and-update.company-information.service.gov.uk/company/03894706,,TO BE ENRICHED — not held by Companies House,legitimate interests (LIA required before contact),Companies House public API,2026-07-12T04:33:45+00:00
LEES ELECTRICAL CONTRACTORS LIMITED,04713536,A_CEILING_HIT,"established 2003, total-exemption-full filer",ltd,corporate subscriber,2003-03-27,total-exemption-full,"accounts category, NOT turnover",43210,"105 Norleane Crescent, Runcorn, Cheshire",WA7 5EU,https://find-and-update.company-information.service.gov.uk/company/04713536,,TO BE ENRICHED — not held by Companies House,legitimate interests (LIA required before contact),Companies House public API,2026-07-12T04:33:45+00:00
MLW ELECTRICAL CONTRACTORS LIMITED,12800422,A_CEILING_HIT,"established 2020, unaudited-abridged filer",ltd,corporate subscriber,2020-08-07,unaudited-abridged,"accounts category, NOT turnover",43210,"470 Hucknall Road, Nottingham, Nottinghamshire",NG5 1FX,https://find-and-update.company-information.service.gov.uk/company/12800422,,TO BE ENRICHED — not held by Companies House,legitimate interests (LIA required before contact),Companies House public API,2026-07-12T04:33:46+00:00
ROBON LIMITED,SC253721,A_CEILING_HIT,"established 2003, total-exemption-full filer",ltd,corporate subscriber,2003-08-04,total-exemption-full,"accounts category, NOT turnover",43210,"8 Douglas Street, Hamilton",ML3 0BP,https://find-and-update.company-information.service.gov.uk/company/SC253721,,TO BE ENRICHED — not held by Companies House,legitimate interests (LIA required before contact),Companies House public API,2026-07-12T04:33:47+00:00
TAB ELECTRICIANS LIMITED,14082736,B_COMPLIANCE_DROWNED,micro filer (micro-entity),ltd,corporate subscriber,2022-05-03,micro-entity,"accounts category, NOT turnover",43210,"118 Lavington Road, Worthing",BN14 7SJ,https://find-and-update.company-information.service.gov.uk/company/14082736,,TO BE ENRICHED — not held by Companies House,legitimate interests (LIA required before contact),Companies House public API,2026-07-12T04:33:48+00:00
LCM LYNOTT LIMITED,06244924,A_CEILING_HIT,"established 2007, total-exemption-full filer",ltd,corporate subscriber,2007-05-11,total-exemption-full,"accounts category, NOT turnover",43290,"1&2 Mercia Village Torwood Close, Westwood Business Park, Coventry",CV4 8HX,https://find-and-update.company-information.service.gov.uk/company/06244924,,TO BE ENRICHED — not held by Companies House,legitimate interests (LIA required before contact),Companies House public API,2026-07-12T04:33:48+00:00
TASTIES LIMITED,13979214,B_COMPLIANCE_DROWNED,micro filer (micro-entity),ltd,corporate subscriber,2022-03-16,micro-entity,"accounts category, NOT turnover",43290; 43390; 81229; 81299,"63 Nutfield Road, Merstham, Redhill",RH1 3ER,https://find-and-update.company-information.service.gov.uk/company/13979214,,TO BE ENRICHED — not held by Companies House,legitimate interests (LIA required before contact),Companies House public API,2026-07-12T04:33:49+00:00
S HUGHES & SONS LTD,09522448,A_CEILING_HIT,"established 2015, total-exemption-full filer",ltd,corporate subscriber,2015-04-01,total-exemption-full,"accounts category, NOT turnover",43220,"97 High Street, Lees, Oldham, Lancashire",OL4 4LY,https://find-and-update.company-information.service.gov.uk/company/09522448,,TO BE ENRICHED — not held by Companies House,legitimate interests (LIA required before contact),Companies House public API,2026-07-12T04:33:50+00:00
OLDHAM HEATING REPAIRS LTD,06866892,EXCLUDED_DORMANT,"dormant — not trading, not a buyer",ltd,corporate subscriber,2009-04-01,dormant,"accounts category, NOT turnover",43220,"Broadway House, 74 Broadway Street, Oldham",OL8 1LR,https://find-and-update.company-information.service.gov.uk/company/06866892,,TO BE ENRICHED — not held by Companies House,legitimate interests (LIA required before contact),Companies House public API,2026-07-12T04:33:50+00:00
AJD GROUP LIMITED,10111920,B_COMPLIANCE_DROWNED,micro filer (micro-entity),ltd,corporate subscriber,2016-04-08,micro-entity,"accounts category, NOT turnover",43210,"84 Nuns Moor Road, Newcastle Upon Tyne",NE4 9BA,https://find-and-update.company-information.service.gov.uk/company/10111920,,TO BE ENRICHED — not held by Companies House,legitimate interests (LIA required before contact),Companies House public API,2026-07-12T04:33:51+00:00
HIQ HEATING & PLUMBING LTD,11953970,B_COMPLIANCE_DROWNED,micro filer (micro-entity),ltd,corporate subscriber,2019-04-18,micro-entity,"accounts category, NOT turnover",43220,"17 Waverley, Bracknell",RG12 8UJ,https://find-and-update.company-information.service.gov.uk/company/11953970,,TO BE ENRICHED — not held by Companies House,legitimate interests (LIA required before contact),Companies House public API,2026-07-12T04:33:52+00:00
FROM SCRATCH CONSTRUCTION LTD,12134009,B_COMPLIANCE_DROWNED,micro filer (micro-entity),ltd,corporate subscriber,2019-08-01,micro-entity,"accounts category, NOT turnover",16230; 41202; 43290,"5a Station Terrace, East Boldon",NE36 0LJ,https://find-and-update.company-information.service.gov.uk/company/12134009,,TO BE ENRICHED — not held by Companies House,legitimate interests (LIA required before contact),Companies House public API,2026-07-12T04:33:52+00:00
COMPLETE CONSTRUCTION SERVICES NORTH EAST LTD,09402773,A_CEILING_HIT,"established 2015, total-exemption-full filer",ltd,corporate subscriber,2015-01-22,total-exemption-full,"accounts category, NOT turnover",43290,"9 Breton Drive, Ingleby Manor, Ingleby Barwick",TS17 0BD,https://find-and-update.company-information.service.gov.uk/company/09402773,,TO BE ENRICHED — not held by Companies House,legitimate interests (LIA required before contact),Companies House public API,2026-07-12T04:33:53+00:00
HLC TRADING LTD,10524737,A_CEILING_HIT,"established 2016, unaudited-abridged filer",ltd,corporate subscriber,2016-12-14,unaudited-abridged,"accounts category, NOT turnover",43290,"C/O Michael Heaven & Associates Limited 47 Calthorpe Road, Edgbaston, Birmingham, West Midlands",B15 1TH,https://find-and-update.company-information.service.gov.uk/company/10524737,,TO BE ENRICHED — not held by Companies House,legitimate interests (LIA required before contact),Companies House public API,2026-07-12T04:33:54+00:00
ESSENTIAL ELECTRICAL NORTH EAST LIMITED,13180321,B_COMPLIANCE_DROWNED,micro filer (micro-entity),ltd,corporate subscriber,2021-02-04,micro-entity,"accounts category, NOT turnover",43210,"7 Carlton Crescent, Sunderland",SR3 3PJ,https://find-and-update.company-information.service.gov.uk/company/13180321,,TO BE ENRICHED — not held by Companies House,legitimate interests (LIA required before contact),Companies House public API,2026-07-12T04:33:54+00:00
A JONES ELECTRICS LTD,12193847,B_COMPLIANCE_DROWNED,micro filer (micro-entity),ltd,corporate subscriber,2019-09-06,micro-entity,"accounts category, NOT turnover",43210,"15 Sandpiper Close, Wirral",CH49 4QD,https://find-and-update.company-information.service.gov.uk/company/12193847,,TO BE ENRICHED — not held by Companies House,legitimate interests (LIA required before contact),Companies House public API,2026-07-12T04:33:55+00:00
LM ELECTRICS LTD,14696041,B_COMPLIANCE_DROWNED,micro filer (micro-entity),ltd,corporate subscriber,2023-02-28,micro-entity,"accounts category, NOT turnover",43210,"20-22 Wenlock Road, London",N1 7GU,https://find-and-update.company-information.service.gov.uk/company/14696041,,TO BE ENRICHED — not held by Companies House,legitimate interests (LIA required before contact),Companies House public API,2026-07-12T04:33:56+00:00
C H PLUMBING & HEATING SERVICES LTD,11953076,B_COMPLIANCE_DROWNED,micro filer (micro-entity),ltd,corporate subscriber,2019-04-18,micro-entity,"accounts category, NOT turnover",41202; 43220,"7 Darlington Avenue, Crewe",CW1 3NN,https://find-and-update.company-information.service.gov.uk/company/11953076,,TO BE ENRICHED — not held by Companies House,legitimate interests (LIA required before contact),Companies House public API,2026-07-12T04:33:56+00:00
ABE1875 LIMITED,SC628155,EXCLUDED_DORMANT,"dormant — not trading, not a buyer",ltd,corporate subscriber,2019-04-18,dormant,"accounts category, NOT turnover",43210,"Woodburn Gardens, 36 Woodburn Gardens, Dalkeith",EH22 2BL,https://find-and-update.company-information.service.gov.uk/company/SC628155,,TO BE ENRICHED — not held by Companies House,legitimate interests (LIA required before contact),Companies House public API,2026-07-12T04:33:57+00:00
DN22 PLUMBING SOLUTIONS LIMITED,11667477,B_COMPLIANCE_DROWNED,micro filer (micro-entity),ltd,corporate subscriber,2018-11-08,micro-entity,"accounts category, NOT turnover",43220; 43390,"13 Trinity Road, Retford",DN22 7QB,https://find-and-update.company-information.service.gov.uk/company/11667477,,TO BE ENRICHED — not held by Companies House,legitimate interests (LIA required before contact),Companies House public API,2026-07-12T04:33:58+00:00
D MUSTAFOFF LTD,11954483,A_CEILING_HIT,"established 2019, total-exemption-full filer",ltd,corporate subscriber,2019-04-18,total-exemption-full,"accounts category, NOT turnover",43290,"2 Townley Road, Bexleyheath",DA6 7HL,https://find-and-update.company-information.service.gov.uk/company/11954483,,TO BE ENRICHED — not held by Companies House,legitimate interests (LIA required before contact),Companies House public API,2026-07-12T04:33:58+00:00
1GLF LIMITED,12284261,B_COMPLIANCE_DROWNED,micro filer (micro-entity),ltd,corporate subscriber,2019-10-28,micro-entity,"accounts category, NOT turnover",43120; 43290; 43390; 43999,"20 Craythorne Avenue, Birmingham",B20 1LG,https://find-and-update.company-information.service.gov.uk/company/12284261,,TO BE ENRICHED — not held by Companies House,legitimate interests (LIA required before contact),Companies House public API,2026-07-12T04:33:59+00:00
FLUEGAS LIMITED,10143192,B_COMPLIANCE_DROWNED,micro filer (micro-entity),ltd,corporate subscriber,2016-04-24,micro-entity,"accounts category, NOT turnover",43220,"The Old Court House, 26a Church Street, Bishop's Stortford",CM23 2LY,https://find-and-update.company-information.service.gov.uk/company/10143192,,TO BE ENRICHED — not held by Companies House,legitimate interests (LIA required before contact),Companies House public API,2026-07-12T04:34:00+00:00
CONTENT ENERGY LTD,12741451,A_CEILING_HIT,"established 2020, total-exemption-full filer",ltd,corporate subscriber,2020-07-14,total-exemption-full,"accounts category, NOT turnover",43220,"Suite 4102, Charlotte House Norfolk Street, Liverpool",L1 0BG,https://find-and-update.company-information.service.gov.uk/company/12741451,,TO BE ENRICHED — not held by Companies House,legitimate interests (LIA required before contact),Companies House public API,2026-07-12T04:34:01+00:00
COMBI CARE AND REPAIR LTD,07090914,A_CEILING_HIT,"established 2009, total-exemption-full filer",ltd,corporate subscriber,2009-11-30,total-exemption-full,"accounts category, NOT turnover",43220,"The Old Creamery, North Barrow, Yeovil, Somerset",BA22 7LZ,https://find-and-update.company-information.service.gov.uk/company/07090914,,TO BE ENRICHED — not held by Companies House,legitimate interests (LIA required before contact),Companies House public API,2026-07-12T04:34:01+00:00
J ADIE HEATING AND PLUMBING LIMITED,SC439084,A_CEILING_HIT,"established 2012, total-exemption-full filer",ltd,corporate subscriber,2012-12-18,total-exemption-full,"accounts category, NOT turnover",43220,"The Farmhouse, No. 8 Blairfordel Steadings, Kelty",KY4 0HP,https://find-and-update.company-information.service.gov.uk/company/SC439084,,TO BE ENRICHED — not held by Companies House,legitimate interests (LIA required before contact),Companies House public API,2026-07-12T04:34:02+00:00
VERTIPORTS ENTERPRISE LTD,14851860,EXCLUDED_DORMANT,"dormant — not trading, not a buyer",ltd,corporate subscriber,2023-05-08,dormant,"accounts category, NOT turnover",43290; 71112; 74901; 77351,"150 Fleet Street, London",EC4A 2DQ,https://find-and-update.company-information.service.gov.uk/company/14851860,,TO BE ENRICHED — not held by Companies House,legitimate interests (LIA required before contact),Companies House public API,2026-07-12T04:34:03+00:00
ROBERT ALEXANDER ELECTRICAL LTD,12387025,A_CEILING_HIT,"established 2020, total-exemption-full filer",ltd,corporate subscriber,2020-01-06,total-exemption-full,"accounts category, NOT turnover",43210,"7 Mill Stream Rise, Leigh, Tonbridge, Kent",TN11 9FD,https://find-and-update.company-information.service.gov.uk/company/12387025,,TO BE ENRICHED — not held by Companies House,legitimate interests (LIA required before contact),Companies House public API,2026-07-12T04:34:03+00:00
BATEMAN EXTRACTION SERVICES LTD,11052766,A_CEILING_HIT,"established 2017, total-exemption-full filer",ltd,corporate subscriber,2017-11-08,total-exemption-full,"accounts category, NOT turnover",43290,"12 Phoenix Business Park, Avenue Close, Birmingham",B7 4NU,https://find-and-update.company-information.service.gov.uk/company/11052766,,TO BE ENRICHED — not held by Companies House,legitimate interests (LIA required before contact),Companies House public API,2026-07-12T04:34:04+00:00
BAILEY POWER SERVICES LTD,13103541,A_CEILING_HIT,"established 2020, total-exemption-full filer",ltd,corporate subscriber,2020-12-30,total-exemption-full,"accounts category, NOT turnover",43210,"Unit B6 Meridian Industrial Estate, Newton Road, Peacehaven, East Sussex",BN10 8JQ,https://find-and-update.company-information.service.gov.uk/company/13103541,,TO BE ENRICHED — not held by Companies House,legitimate interests (LIA required before contact),Companies House public API,2026-07-12T04:34:05+00:00
RWM ELECTRICAL SOLUTIONS LTD,SC477026,B_COMPLIANCE_DROWNED,micro filer (micro-entity),ltd,corporate subscriber,2014-05-07,micro-entity,"accounts category, NOT turnover",43210,"23 Briargrove Drive, Inshes, Inverness",IV2 5AF,https://find-and-update.company-information.service.gov.uk/company/SC477026,,TO BE ENRICHED — not held by Companies House,legitimate interests (LIA required before contact),Companies House public API,2026-07-12T04:34:05+00:00
W T OLLINGTON SERVICES LTD,10750126,A_CEILING_HIT,"established 2017, total-exemption-full filer",ltd,corporate subscriber,2017-05-02,total-exemption-full,"accounts category, NOT turnover",43210,"18 Bloomsfield, Burwell, Cambridge",CB25 0RA,https://find-and-update.company-information.service.gov.uk/company/10750126,,TO BE ENRICHED — not held by Companies House,legitimate interests (LIA required before contact),Companies House public API,2026-07-12T04:34:06+00:00
ANYSA SA / LTD,14073713,EXCLUDED_DORMANT,"dormant — not trading, not a buyer",ltd,corporate subscriber,2022-04-27,dormant,"accounts category, NOT turnover",43290; 43910; 43999,"Third Floor, 207 Regent Street, London",W1B 3HH,https://find-and-update.company-information.service.gov.uk/company/14073713,,TO BE ENRICHED — not held by Companies House,legitimate interests (LIA required before contact),Companies House public API,2026-07-12T04:34:07+00:00
STRUCTURE ENGINEERING LIMITED,09991716,A_CEILING_HIT,"established 2016, total-exemption-full filer",ltd,corporate subscriber,2016-02-08,total-exemption-full,"accounts category, NOT turnover",42990; 43220,"84 High Street, Harlesden, London",NW10 4SJ,https://find-and-update.company-information.service.gov.uk/company/09991716,,TO BE ENRICHED — not held by Companies House,legitimate interests (LIA required before contact),Companies House public API,2026-07-12T04:34:07+00:00
TERRY & IRELAND LTD,04982722,A_CEILING_HIT,"established 2003, total-exemption-full filer",ltd,corporate subscriber,2003-12-02,total-exemption-full,"accounts category, NOT turnover",43220,"3 Bonnar Close, Selsey, Chichester, West Sussex",PO20 9AS,https://find-and-update.company-information.service.gov.uk/company/04982722,,TO BE ENRICHED — not held by Companies House,legitimate interests (LIA required before contact),Companies House public API,2026-07-12T04:34:08+00:00
MO POWER ELECTRICAL LTD,11788905,A_CEILING_HIT,"established 2019, unaudited-abridged filer",ltd,corporate subscriber,2019-01-25,unaudited-abridged,"accounts category, NOT turnover",43210,"171 Ibscott Close Ibscott Close, Dagenham",RM10 9YX,https://find-and-update.company-information.service.gov.uk/company/11788905,,TO BE ENRICHED — not held by Companies House,legitimate interests (LIA required before contact),Companies House public API,2026-07-12T04:34:09+00:00
ESSEX GROUP HOLDINGS LIMITED,06446815,C_ENTERPRISE,files full/group/medium accounts,ltd,corporate subscriber,2007-12-06,full,"accounts category, NOT turnover",43210,"Viking Business Centre, Danes Road, Romford, Essex",RM7 0HL,https://find-and-update.company-information.service.gov.uk/company/06446815,,TO BE ENRICHED — not held by Companies House,legitimate interests (LIA required before contact),Companies House public API,2026-07-12T04:34:10+00:00
DESA CONTRACTORS LIMITED,14679111,B_COMPLIANCE_DROWNED,micro filer (micro-entity),ltd,corporate subscriber,2023-02-21,micro-entity,"accounts category, NOT turnover",43210; 43310; 43341; 43999,"8 Gainsborough Road, London",E11 1HT,https://find-and-update.company-information.service.gov.uk/company/14679111,,TO BE ENRICHED — not held by Companies House,legitimate interests (LIA required before contact),Companies House public API,2026-07-12T04:34:10+00:00
WHISPA ELECTRICAL SERVICES LTD,14040453,EXCLUDED_DORMANT,"dormant — not trading, not a buyer",ltd,corporate subscriber,2022-04-11,dormant,"accounts category, NOT turnover",43210,"2 Elmbank Road, Kenilworth",CV8 1AL,https://find-and-update.company-information.service.gov.uk/company/14040453,,TO BE ENRICHED — not held by Companies House,legitimate interests (LIA required before contact),Companies House public API,2026-07-12T04:34:11+00:00
A.S.K BRICKWORK LTD,14745770,B_COMPLIANCE_DROWNED,micro filer (micro-entity),ltd,corporate subscriber,2023-03-21,micro-entity,"accounts category, NOT turnover",41202; 43290,"112 Urmston Lane, Stretford, Manchester",M32 9BQ,https://find-and-update.company-information.service.gov.uk/company/14745770,,TO BE ENRICHED — not held by Companies House,legitimate interests (LIA required before contact),Companies House public API,2026-07-12T04:34:12+00:00
SURREY STEEL INSTALLATIONS LIMITED,13201094,A_CEILING_HIT,"established 2021, total-exemption-full filer",ltd,corporate subscriber,2021-02-15,total-exemption-full,"accounts category, NOT turnover",43290,"83 Fairlane Drive, South Ockendon",RM15 5FA,https://find-and-update.company-information.service.gov.uk/company/13201094,,TO BE ENRICHED — not held by Companies House,legitimate interests (LIA required before contact),Companies House public API,2026-07-12T04:34:12+00:00
WORLD PROPERTY DEVELOPERS LTD,10847938,B_COMPLIANCE_DROWNED,micro filer (micro-entity),ltd,corporate subscriber,2017-07-03,micro-entity,"accounts category, NOT turnover",41202; 43210,"155 Seymour Place, London",W1H 4PF,https://find-and-update.company-information.service.gov.uk/company/10847938,,TO BE ENRICHED — not held by Companies House,legitimate interests (LIA required before contact),Companies House public API,2026-07-12T04:34:13+00:00
DRIVENERGY LTD,09053276,A_CEILING_HIT,"established 2014, total-exemption-full filer",ltd,corporate subscriber,2014-05-22,total-exemption-full,"accounts category, NOT turnover",43210,"Lowin House, Tregolls Road, Truro, Cornwall",TR1 2NA,https://find-and-update.company-information.service.gov.uk/company/09053276,,TO BE ENRICHED — not held by Companies House,legitimate interests (LIA required before contact),Companies House public API,2026-07-12T04:34:14+00:00
VFL CONTRACTORS LTD,14843736,B_COMPLIANCE_DROWNED,micro filer (micro-entity),ltd,corporate subscriber,2023-05-03,micro-entity,"accounts category, NOT turnover",43220,"8 West Court Lane, Gravesend",DA12 2FQ,https://find-and-update.company-information.service.gov.uk/company/14843736,,TO BE ENRICHED — not held by Companies House,legitimate interests (LIA required before contact),Companies House public API,2026-07-12T04:34:14+00:00
KFF ELECTRICAL LTD,10159360,B_COMPLIANCE_DROWNED,micro filer (micro-entity),ltd,corporate subscriber,2016-05-03,micro-entity,"accounts category, NOT turnover",43210,"Unit 20 Fall Bank Industrial Estate, Dodworth, Barnsley",S75 3LS,https://find-and-update.company-information.service.gov.uk/company/10159360,,TO BE ENRICHED — not held by Companies House,legitimate interests (LIA required before contact),Companies House public API,2026-07-12T04:34:15+00:00
SEVEN HILLS SOLAR LTD,15722127,B_COMPLIANCE_DROWNED,"young (2024), total-exemption-full filer",ltd,corporate subscriber,2024-05-15,total-exemption-full,"accounts category, NOT turnover",43210,"The Circle, 33 Rockingham Lane, Sheffield",S1 4FW,https://find-and-update.company-information.service.gov.uk/company/15722127,,TO BE ENRICHED — not held by Companies House,legitimate interests (LIA required before contact),Companies House public API,2026-07-12T04:34:16+00:00
BEECHWOOD ELECTRICAL CONTRACTING LIMITED,08021656,EXCLUDED_DORMANT,"dormant — not trading, not a buyer",ltd,corporate subscriber,2012-04-05,dormant,"accounts category, NOT turnover",43210,"99 Stanley Road, Bootle, Liverpool",L20 7DA,https://find-and-update.company-information.service.gov.uk/company/08021656,,TO BE ENRICHED — not held by Companies House,legitimate interests (LIA required before contact),Companies House public API,2026-07-12T04:34:17+00:00
BOCH LIMITED,SC728154,EXCLUDED_DORMANT,"dormant — not trading, not a buyer",ltd,corporate subscriber,2022-03-31,dormant,"accounts category, NOT turnover",43220,"4th Floor Metropolitan House, 31-33 High Street, Inverness",IV1 1HT,https://find-and-update.company-information.service.gov.uk/company/SC728154,,TO BE ENRICHED — not held by Companies House,legitimate interests (LIA required before contact),Companies House public API,2026-07-12T04:34:17+00:00
KG PLUMBING & HEATING & OTHER SERVICES LTD,15722275,EXCLUDED_DORMANT,"dormant — not trading, not a buyer",ltd,corporate subscriber,2024-05-15,dormant,"accounts category, NOT turnover",43220,"139 Stamford Avenue, Springfield, Milton Keynes, Buckinghamshire",MK6 3LG,https://find-and-update.company-information.service.gov.uk/company/15722275,,TO BE ENRICHED — not held by Companies House,legitimate interests (LIA required before contact),Companies House public API,2026-07-12T04:34:18+00:00
REACTIVE MAINTENANCE CERTIFICATES LTD,12683074,B_COMPLIANCE_DROWNED,micro filer (micro-entity),ltd,corporate subscriber,2020-06-19,micro-entity,"accounts category, NOT turnover",43220,"219 Ashton Old Road, Manchester",M11 3WU,https://find-and-update.company-information.service.gov.uk/company/12683074,,TO BE ENRICHED — not held by Companies House,legitimate interests (LIA required before contact),Companies House public API,2026-07-12T04:34:19+00:00
MARKEY ELECTRICAL SOLUTIONS LTD,15269722,EXCLUDED_DORMANT,"dormant — not trading, not a buyer",ltd,corporate subscriber,2023-11-08,dormant,"accounts category, NOT turnover",43290,"Unit Q1 Quadrant Distribution Centre Quadrant Way, Hardwicke, Gloucester",GL2 2RN,https://find-and-update.company-information.service.gov.uk/company/15269722,,TO BE ENRICHED — not held by Companies House,legitimate interests (LIA required before contact),Companies House public API,2026-07-12T04:34:19+00:00
ELVAC CONTROLS LTD,07643708,A_CEILING_HIT,"established 2011, total-exemption-full filer",ltd,corporate subscriber,2011-05-23,total-exemption-full,"accounts category, NOT turnover",43210; 43290,"Unit 12 Newlin Business Park, Exchange Road North Hykeham, Lincoln",LN6 3AB,https://find-and-update.company-information.service.gov.uk/company/07643708,,TO BE ENRICHED — not held by Companies House,legitimate interests (LIA required before contact),Companies House public API,2026-07-12T04:34:20+00:00
ECOSMART FIT LTD,07800145,A_CEILING_HIT,"established 2011, total-exemption-full filer",ltd,corporate subscriber,2011-10-06,total-exemption-full,"accounts category, NOT turnover",43290; 43342,"15 Towcester Road, Old Stratford, Milton Keynes",MK19 6AN,https://find-and-update.company-information.service.gov.uk/company/07800145,,TO BE ENRICHED — not held by Companies House,legitimate interests (LIA required before contact),Companies House public API,2026-07-12T04:34:21+00:00
BARRY SMITH INSTALLATIONS LIMITED,SC543013,B_COMPLIANCE_DROWNED,micro filer (micro-entity),ltd,corporate subscriber,2016-08-17,micro-entity,"accounts category, NOT turnover",43290,"30 Selkirk Avenue, Cowdenbeath, Fife",KY4 8NT,https://find-and-update.company-information.service.gov.uk/company/SC543013,,TO BE ENRICHED — not held by Companies House,legitimate interests (LIA required before contact),Companies House public API,2026-07-12T04:34:21+00:00
TOPSPARKS (UK) LIMITED,05767082,A_CEILING_HIT,"established 2006, total-exemption-full filer",ltd,corporate subscriber,2006-04-03,total-exemption-full,"accounts category, NOT turnover",43210,"Unit 3-5 East Road Business Park, Bridport, Dorset",DT6 4RZ,https://find-and-update.company-information.service.gov.uk/company/05767082,,TO BE ENRICHED — not held by Companies House,legitimate interests (LIA required before contact),Companies House public API,2026-07-12T04:34:22+00:00
PH INSTALL LIMITED,10736457,B_COMPLIANCE_DROWNED,micro filer (micro-entity),ltd,corporate subscriber,2017-04-24,micro-entity,"accounts category, NOT turnover",43210,"160 Eureka Park Upper Pemberton, Kennington, Ashford",TN25 4AZ,https://find-and-update.company-information.service.gov.uk/company/10736457,,TO BE ENRICHED — not held by Companies House,legitimate interests (LIA required before contact),Companies House public API,2026-07-12T04:34:23+00:00
ROYSTON ELECTRICAL SERVICES LIMITED,09574297,A_CEILING_HIT,"established 2015, total-exemption-full filer",ltd,corporate subscriber,2015-05-05,total-exemption-full,"accounts category, NOT turnover",43210,"3 Oaks Wood Drive, Darton, Barnsley, South Yorkshire",S75 5PT,https://find-and-update.company-information.service.gov.uk/company/09574297,,TO BE ENRICHED — not held by Companies House,legitimate interests (LIA required before contact),Companies House public API,2026-07-12T04:34:23+00:00
STEVE DURR PLUMBING & HEATING LTD,11332133,B_COMPLIANCE_DROWNED,micro filer (micro-entity),ltd,corporate subscriber,2018-04-26,micro-entity,"accounts category, NOT turnover",43210; 43220,"Homeleigh The Green, Woodditton Green, Kirtling",CB8 9PG,https://find-and-update.company-information.service.gov.uk/company/11332133,,TO BE ENRICHED — not held by Companies House,legitimate interests (LIA required before contact),Companies House public API,2026-07-12T04:34:24+00:00
PRO 2 CONSTRUCTION LTD,11131932,A_CEILING_HIT,"established 2018, total-exemption-full filer",ltd,corporate subscriber,2018-01-03,total-exemption-full,"accounts category, NOT turnover",43290,"Aston House, Cornwall Avenue, London",N3 1LF,https://find-and-update.company-information.service.gov.uk/company/11131932,,TO BE ENRICHED — not held by Companies House,legitimate interests (LIA required before contact),Companies House public API,2026-07-12T04:34:25+00:00
ABE ELECTRICAL LTD,12896914,B_COMPLIANCE_DROWNED,micro filer (micro-entity),ltd,corporate subscriber,2020-09-22,micro-entity,"accounts category, NOT turnover",43210; 71200,"25 Garrick Way Frimley Green, Camberley, Surrey",GU16 6LY,https://find-and-update.company-information.service.gov.uk/company/12896914,,TO BE ENRICHED — not held by Companies House,legitimate interests (LIA required before contact),Companies House public API,2026-07-12T04:34:26+00:00
JHP SERVICES (SCOT) LIMITED,SC751065,EXCLUDED_DORMANT,"dormant — not trading, not a buyer",ltd,corporate subscriber,2022-11-22,dormant,"accounts category, NOT turnover",43220,"3 West Shore Road, Unit 5, Edinburgh",EH5 1QB,https://find-and-update.company-information.service.gov.uk/company/SC751065,,TO BE ENRICHED — not held by Companies House,legitimate interests (LIA required before contact),Companies House public API,2026-07-12T04:34:26+00:00
JLT ELECTRICAL CONTRACTORS LIMITED,12533058,B_COMPLIANCE_DROWNED,micro filer (micro-entity),ltd,corporate subscriber,2020-03-25,micro-entity,"accounts category, NOT turnover",43210,"Unit 30 Judson Road, North West Industrial Estate, Peterlee",SR8 2QJ,https://find-and-update.company-information.service.gov.uk/company/12533058,,TO BE ENRICHED — not held by Companies House,legitimate interests (LIA required before contact),Companies House public API,2026-07-12T04:34:27+00:00
ROCKWELL ELECTRICAL LIMITED,05887339,A_CEILING_HIT,"established 2006, total-exemption-full filer",ltd,corporate subscriber,2006-07-26,total-exemption-full,"accounts category, NOT turnover",43210,"The Old Coach House 6 Stannary, Stainland, Halifax, West Yorkshire",HX4 9EJ,https://find-and-update.company-information.service.gov.uk/company/05887339,,TO BE ENRICHED — not held by Companies House,legitimate interests (LIA required before contact),Companies House public API,2026-07-12T04:34:28+00:00
KENSINGTON AND CHELSEA PLUMBING AND HEATING LIMITED,10176734,B_COMPLIANCE_DROWNED,micro filer (micro-entity),ltd,corporate subscriber,2016-05-12,micro-entity,"accounts category, NOT turnover",43220,"30 Bowfell Drive, Langdon Hills, Basildon, Essex",SS16 6SE,https://find-and-update.company-information.service.gov.uk/company/10176734,,TO BE ENRICHED — not held by Companies House,legitimate interests (LIA required before contact),Companies House public API,2026-07-12T04:34:28+00:00
TOM JENKINS ELECTRICAL LTD,11978211,EXCLUDED_DORMANT,"dormant — not trading, not a buyer",ltd,corporate subscriber,2019-05-03,dormant,"accounts category, NOT turnover",43210,"8 Axis Court Mallard Way, Riverside Business Park, Swansea",SA7 0AJ,https://find-and-update.company-information.service.gov.uk/company/11978211,,TO BE ENRICHED — not held by Companies House,legitimate interests (LIA required before contact),Companies House public API,2026-07-12T04:34:29+00:00
T-CONNECT ELECTRICAL LIMITED,07333088,B_COMPLIANCE_DROWNED,micro filer (micro-entity),ltd,corporate subscriber,2010-08-02,micro-entity,"accounts category, NOT turnover",43210,"37 Tressall Road, Whitwick, Coalville, Leicestershire",LE67 5QB,https://find-and-update.company-information.service.gov.uk/company/07333088,,TO BE ENRICHED — not held by Companies House,legitimate interests (LIA required before contact),Companies House public API,2026-07-12T04:34:30+00:00
FINLAY ELECTRICAL LTD,NI681980,B_COMPLIANCE_DROWNED,"young (2021), total-exemption-full filer",ltd,corporate subscriber,2021-08-31,total-exemption-full,"accounts category, NOT turnover",43210,"Unit 1, 13a Frances Street, Newtownards",BT23 7DW,https://find-and-update.company-information.service.gov.uk/company/NI681980,,TO BE ENRICHED — not held by Companies House,legitimate interests (LIA required before contact),Companies House public API,2026-07-12T04:34:30+00:00
GATESHEAD LOFTS LTD,15527825,EXCLUDED_DORMANT,"dormant — not trading, not a buyer",ltd,corporate subscriber,2024-02-28,dormant,"accounts category, NOT turnover",41202; 43290; 43999,"218 Sunderland Road, Gateshead",NE8 3ED,https://find-and-update.company-information.service.gov.uk/company/15527825,,TO BE ENRICHED — not held by Companies House,legitimate interests (LIA required before contact),Companies House public API,2026-07-12T04:34:31+00:00
BROTHWELL IRVINE LIMITED,03702250,C_ENTERPRISE,files full/group/medium accounts,ltd,corporate subscriber,1999-01-27,medium,"accounts category, NOT turnover",43220,"Moorgate House, King Street, Newton Abbot, Devon",TQ12 2LG,https://find-and-update.company-information.service.gov.uk/company/03702250,,TO BE ENRICHED — not held by Companies House,legitimate interests (LIA required before contact),Companies House public API,2026-07-12T04:34:32+00:00
PHOENIX PLUMBING & HEATING SERVICES LTD,15722916,B_COMPLIANCE_DROWNED,micro filer (micro-entity),ltd,corporate subscriber,2024-05-15,micro-entity,"accounts category, NOT turnover",43220,"16 Elston Road, Aldershot",GU12 4HX,https://find-and-update.company-information.service.gov.uk/company/15722916,,TO BE ENRICHED — not held by Companies House,legitimate interests (LIA required before contact),Companies House public API,2026-07-12T04:34:33+00:00
EUROFLAM LIMITED,02685568,EXCLUDED_DORMANT,"dormant — not trading, not a buyer",ltd,corporate subscriber,1992-02-07,dormant,"accounts category, NOT turnover",43210; 43999,"Queensway, Rochdale, Lancashire",OL11 2SL,https://find-and-update.company-information.service.gov.uk/company/02685568,,TO BE ENRICHED — not held by Companies House,legitimate interests (LIA required before contact),Companies House public API,2026-07-12T04:34:33+00:00
K J BELL ELECTRICAL LIMITED,05893432,B_COMPLIANCE_DROWNED,micro filer (micro-entity),ltd,corporate subscriber,2006-08-01,micro-entity,"accounts category, NOT turnover",43210,"Greenleaves Broadwath Road, Great Corby, Carlisle",CA4 8ND,https://find-and-update.company-information.service.gov.uk/company/05893432,,TO BE ENRICHED — not held by Companies House,legitimate interests (LIA required before contact),Companies House public API,2026-07-12T04:34:34+00:00
CALDER ELECTRICS LIMITED,SC286174,A_CEILING_HIT,"established 2005, total-exemption-full filer",ltd,corporate subscriber,2005-06-14,total-exemption-full,"accounts category, NOT turnover",43210,"19-21 Main Street, Lochwinnoch",PA12 4AH,https://find-and-update.company-information.service.gov.uk/company/SC286174,,TO BE ENRICHED — not held by Companies House,legitimate interests (LIA required before contact),Companies House public API,2026-07-12T04:34:35+00:00
KHARAZM LTD,14092609,B_COMPLIANCE_DROWNED,micro filer (micro-entity),ltd,corporate subscriber,2022-05-08,micro-entity,"accounts category, NOT turnover",43210; 71122; 71129; 82990,"9 Laurel Hill View, Leeds",LS15 9EN,https://find-and-update.company-information.service.gov.uk/company/14092609,,TO BE ENRICHED — not held by Companies House,legitimate interests (LIA required before contact),Companies House public API,2026-07-12T04:34:35+00:00
RJ BRICKWORK (MIDLANDS) LIMITED,13761263,B_COMPLIANCE_DROWNED,"young (2021), unaudited-abridged filer",ltd,corporate subscriber,2021-11-23,unaudited-abridged,"accounts category, NOT turnover",43290,"1 Derby Road, Eastwood, Nottingham",NG16 3PA,https://find-and-update.company-information.service.gov.uk/company/13761263,,TO BE ENRICHED — not held by Companies House,legitimate interests (LIA required before contact),Companies House public API,2026-07-12T04:34:36+00:00
CHARGED 4 LIMITED,05457756,B_COMPLIANCE_DROWNED,micro filer (micro-entity),ltd,corporate subscriber,2005-05-20,micro-entity,"accounts category, NOT turnover",43210,"38 Oaks Avenue, Collier Row, Romford, Essex",RM5 3BS,https://find-and-update.company-information.service.gov.uk/company/05457756,,TO BE ENRICHED — not held by Companies House,legitimate interests (LIA required before contact),Companies House public API,2026-07-12T04:34:37+00:00
PLUMBFAST DES LTD,07723377,B_COMPLIANCE_DROWNED,micro filer (micro-entity),ltd,corporate subscriber,2011-08-01,micro-entity,"accounts category, NOT turnover",43210; 43220,"31 North Parade, Bradford",BD1 3JL,https://find-and-update.company-information.service.gov.uk/company/07723377,,TO BE ENRICHED — not held by Companies House,legitimate interests (LIA required before contact),Companies House public API,2026-07-12T04:34:37+00:00
WILLIAMSWOOD LIMITED,04751321,A_CEILING_HIT,"established 2003, total-exemption-full filer",ltd,corporate subscriber,2003-05-01,total-exemption-full,"accounts category, NOT turnover",43220; 43390,"Granville House, 2 Tettenhall Road, Wolverhampton, West Midlands",WV1 4SB,https://find-and-update.company-information.service.gov.uk/company/04751321,,TO BE ENRICHED — not held by Companies House,legitimate interests (LIA required before contact),Companies House public API,2026-07-12T04:34:38+00:00
ADVANCED ELECTRICAL LIMITED,03272889,A_CEILING_HIT,"established 1996, total-exemption-full filer",ltd,corporate subscriber,1996-11-01,total-exemption-full,"accounts category, NOT turnover",43210,"12/13 The Crescent, Wisbech, Cambridgeshire",PE13 1EH,https://find-and-update.company-information.service.gov.uk/company/03272889,,TO BE ENRICHED — not held by Companies House,legitimate interests (LIA required before contact),Companies House public API,2026-07-12T04:34:39+00:00
COS GAS PLUMBING & HEATING LIMITED,09572653,B_COMPLIANCE_DROWNED,micro filer (micro-entity),ltd,corporate subscriber,2015-05-05,micro-entity,"accounts category, NOT turnover",43220,"129 Colney Hatch Lane, London",N10 1HD,https://find-and-update.company-information.service.gov.uk/company/09572653,,TO BE ENRICHED — not held by Companies House,legitimate interests (LIA required before contact),Companies House public API,2026-07-12T04:34:39+00:00
FLEXIBLE FIRE PROTECTION LIMITED,09716863,B_COMPLIANCE_DROWNED,micro filer (micro-entity),ltd,corporate subscriber,2015-08-04,micro-entity,"accounts category, NOT turnover",43290,"Unit 27 The Gables, Fyfield Road, Ongar, Essex",CM5 0GA,https://find-and-update.company-information.service.gov.uk/company/09716863,,TO BE ENRICHED — not held by Companies House,legitimate interests (LIA required before contact),Companies House public API,2026-07-12T04:34:40+00:00
SHERIDAN DEVELOPERS LIMITED,13943249,EXCLUDED_DORMANT,"dormant — not trading, not a buyer",ltd,corporate subscriber,2022-02-28,dormant,"accounts category, NOT turnover",43290; 43999,"A M S South Street House, 51 South Street, Isleworth, Middlesex",TW7 7AA,https://find-and-update.company-information.service.gov.uk/company/13943249,,TO BE ENRICHED — not held by Companies House,legitimate interests (LIA required before contact),Companies House public API,2026-07-12T04:34:41+00:00
HLD CONSULTANTS LIMITED,09593764,A_CEILING_HIT,"established 2015, total-exemption-full filer",ltd,corporate subscriber,2015-05-15,total-exemption-full,"accounts category, NOT turnover",43210,"Hillcroft Broadhurst Lane, Wrightington, Wigan",WN6 9RX,https://find-and-update.company-information.service.gov.uk/company/09593764,,TO BE ENRICHED — not held by Companies House,legitimate interests (LIA required before contact),Companies House public API,2026-07-12T04:34:42+00:00
TERRY BAKER ELECTRICAL CONTRACTOR LIMITED,03769187,A_CEILING_HIT,"established 1999, total-exemption-full filer",ltd,corporate subscriber,1999-05-12,total-exemption-full,"accounts category, NOT turnover",43210,"130a Godinton Road, Ashford, Kent",TN23 1LJ,https://find-and-update.company-information.service.gov.uk/company/03769187,,TO BE ENRICHED — not held by Companies House,legitimate interests (LIA required before contact),Companies House public API,2026-07-12T04:34:42+00:00
FAIRMAN MANAGEMENT LTD,07962379,A_CEILING_HIT,"established 2012, total-exemption-full filer",ltd,corporate subscriber,2012-02-23,total-exemption-full,"accounts category, NOT turnover",43290,"The Retreat, 406 Roding Lane South, Woodford Green, Essex",IG8 8EY,https://find-and-update.company-information.service.gov.uk/company/07962379,,TO BE ENRICHED — not held by Companies House,legitimate interests (LIA required before contact),Companies House public API,2026-07-12T04:34:43+00:00
CLEARCASE LIMITED,04982807,C_ENTERPRISE,files full/group/medium accounts,ltd,corporate subscriber,2003-12-02,full,"accounts category, NOT turnover",43290; 43390,"400 Rochdale Road, Oldham, Lancashire",OL1 2LW,https://find-and-update.company-information.service.gov.uk/company/04982807,,TO BE ENRICHED — not held by Companies House,legitimate interests (LIA required before contact),Companies House public API,2026-07-12T04:34:44+00:00
J BRACEY ELECTRICAL LIMITED,07013647,A_CEILING_HIT,"established 2009, unaudited-abridged filer",ltd,corporate subscriber,2009-09-09,unaudited-abridged,"accounts category, NOT turnover",43210,"The Island House, The Island, Midsomer Norton, Radstock",BA3 2DZ,https://find-and-update.company-information.service.gov.uk/company/07013647,,TO BE ENRICHED — not held by Companies House,legitimate interests (LIA required before contact),Companies House public API,2026-07-12T04:34:44+00:00
DENDRO CONSTRUCTION LIMITED,08202763,A_CEILING_HIT,"established 2012, total-exemption-full filer",ltd,corporate subscriber,2012-09-05,total-exemption-full,"accounts category, NOT turnover",43290,"16 Coed Aben, Wrexham, Clwyd",LL13 9NT,https://find-and-update.company-information.service.gov.uk/company/08202763,,TO BE ENRICHED — not held by Companies House,legitimate interests (LIA required before contact),Companies House public API,2026-07-12T04:34:45+00:00
NEC FM LTD,13545572,B_COMPLIANCE_DROWNED,micro filer (micro-entity),ltd,corporate subscriber,2021-08-03,micro-entity,"accounts category, NOT turnover",35300; 38220; 43220; 43310,"128 City Road, London",EC1V 2NX,https://find-and-update.company-information.service.gov.uk/company/13545572,,TO BE ENRICHED — not held by Companies House,legitimate interests (LIA required before contact),Companies House public API,2026-07-12T04:34:46+00:00
SP PLUMBING & BATHROOMS LTD,13457718,B_COMPLIANCE_DROWNED,micro filer (micro-entity),ltd,corporate subscriber,2021-06-15,micro-entity,"accounts category, NOT turnover",43220,"9 Park Lane Business Centre Park Lane, Langham, Colchester",CO4 5WR,https://find-and-update.company-information.service.gov.uk/company/13457718,,TO BE ENRICHED — not held by Companies House,legitimate interests (LIA required before contact),Companies House public API,2026-07-12T04:34:46+00:00
RYDER ELECTRICAL LIMITED,05145686,B_COMPLIANCE_DROWNED,micro filer (micro-entity),ltd,corporate subscriber,2004-06-04,micro-entity,"accounts category, NOT turnover",43210,"12 Milton Avenue, Braintree, Essex",CM7 1AD,https://find-and-update.company-information.service.gov.uk/company/05145686,,TO BE ENRICHED — not held by Companies House,legitimate interests (LIA required before contact),Companies House public API,2026-07-12T04:34:47+00:00
ONTECH COMMUNICATIONS LIMITED,12825208,A_CEILING_HIT,"established 2020, unaudited-abridged filer",ltd,corporate subscriber,2020-08-19,unaudited-abridged,"accounts category, NOT turnover",43290,"8 Faircross Way, St. Albans",AL1 4SD,https://find-and-update.company-information.service.gov.uk/company/12825208,,TO BE ENRICHED — not held by Companies House,legitimate interests (LIA required before contact),Companies House public API,2026-07-12T04:34:48+00:00
HEATKEY INSTALLATIONS LTD,08667815,B_COMPLIANCE_DROWNED,micro filer (micro-entity),ltd,corporate subscriber,2013-08-29,micro-entity,"accounts category, NOT turnover",43220,"Marchwiel Centre Bryn Lane, Wrexham Industrial Estate, Wrexham",LL13 9UT,https://find-and-update.company-information.service.gov.uk/company/08667815,,TO BE ENRICHED — not held by Companies House,legitimate interests (LIA required before contact),Companies House public API,2026-07-12T04:34:49+00:00
M.A.C. INSTALL LTD,09723797,EXCLUDED_DORMANT,"dormant — not trading, not a buyer",ltd,corporate subscriber,2015-08-08,dormant,"accounts category, NOT turnover",43210,"62 Bridport Road Thornton Heath, Surrey",CR7 7QG,https://find-and-update.company-information.service.gov.uk/company/09723797,,TO BE ENRICHED — not held by Companies House,legitimate interests (LIA required before contact),Companies House public API,2026-07-12T04:34:49+00:00
ARMA CONTRACTS LTD,NI715809,B_COMPLIANCE_DROWNED,"young (2024), unaudited-abridged filer",ltd,corporate subscriber,2024-05-15,unaudited-abridged,"accounts category, NOT turnover",43290,"11 Corrinare Road, Loughgilly, Co. Armagh",BT60 2DW,https://find-and-update.company-information.service.gov.uk/company/NI715809,,TO BE ENRICHED — not held by Companies House,legitimate interests (LIA required before contact),Companies House public API,2026-07-12T04:34:50+00:00
WYE MANAGE LIMITED,05118536,A_CEILING_HIT,"established 2004, total-exemption-full filer",ltd,corporate subscriber,2004-05-04,total-exemption-full,"accounts category, NOT turnover",43290,"C/O Chandler & Georges, 75 Westow Hill, London",SE19 1TX,https://find-and-update.company-information.service.gov.uk/company/05118536,,TO BE ENRICHED — not held by Companies House,legitimate interests (LIA required before contact),Companies House public API,2026-07-12T04:34:51+00:00
ARCHITECTURAL GLASS & METALWORK LTD,14520680,B_COMPLIANCE_DROWNED,micro filer (micro-entity),ltd,corporate subscriber,2022-12-02,micro-entity,"accounts category, NOT turnover",43290,"Azets Ventura Park Road, Tamworth, Staffs",B78 3HL,https://find-and-update.company-information.service.gov.uk/company/14520680,,TO BE ENRICHED — not held by Companies House,legitimate interests (LIA required before contact),Companies House public API,2026-07-12T04:34:51+00:00
AIRE & WHARFE ELECTRICAL SERVICES LIMITED,15721439,B_COMPLIANCE_DROWNED,micro filer (micro-entity),ltd,corporate subscriber,2024-05-15,micro-entity,"accounts category, NOT turnover",43210,"5 Pennygate, Bingley, West Yorkshire",BD16 3BN,https://find-and-update.company-information.service.gov.uk/company/15721439,,TO BE ENRICHED — not held by Companies House,legitimate interests (LIA required before contact),Companies House public API,2026-07-12T04:34:52+00:00
ALEX BURGES PLUMBING & HEATING LTD,09021488,B_COMPLIANCE_DROWNED,micro filer (micro-entity),ltd,corporate subscriber,2014-05-01,micro-entity,"accounts category, NOT turnover",43220,"Hamilton Lodge, Colyford Road, Seaton",EX12 2SN,https://find-and-update.company-information.service.gov.uk/company/09021488,,TO BE ENRICHED — not held by Companies House,legitimate interests (LIA required before contact),Companies House public API,2026-07-12T04:34:53+00:00
NORTHGATE RENEWABLE HEATING SOLUTIONS LTD,09790411,B_COMPLIANCE_DROWNED,micro filer (micro-entity),ltd,corporate subscriber,2015-09-23,micro-entity,"accounts category, NOT turnover",43220,"73 Northgate, Guisborough, Cleveland",TS14 6JP,https://find-and-update.company-information.service.gov.uk/company/09790411,,TO BE ENRICHED — not held by Companies House,legitimate interests (LIA required before contact),Companies House public API,2026-07-12T04:34:53+00:00
G ROBERTS HEATING & PLUMBING LIMITED,SC399373,B_COMPLIANCE_DROWNED,micro filer (micro-entity),ltd,corporate subscriber,2011-05-12,micro-entity,"accounts category, NOT turnover",43220,"Fairness, Comrie, Crieff, Perth And Kinross",PH6 2JA,https://find-and-update.company-information.service.gov.uk/company/SC399373,,TO BE ENRICHED — not held by Companies House,legitimate interests (LIA required before contact),Companies House public API,2026-07-12T04:34:54+00:00
JJ INTERIOR CONTRACTS LTD,13899325,B_COMPLIANCE_DROWNED,micro filer (micro-entity),ltd,corporate subscriber,2022-02-07,micro-entity,"accounts category, NOT turnover",43290,"4 Grocott Close, Penkridge, Stafford",ST19 5SN,https://find-and-update.company-information.service.gov.uk/company/13899325,,TO BE ENRICHED — not held by Companies House,legitimate interests (LIA required before contact),Companies House public API,2026-07-12T04:34:55+00:00
WTF ELECTRICAL SERVICES LTD,13396193,A_CEILING_HIT,"established 2021, total-exemption-full filer",ltd,corporate subscriber,2021-05-14,total-exemption-full,"accounts category, NOT turnover",43210,"Mountbatten House, Grosvenor Square, Southampton",SO15 2JU,https://find-and-update.company-information.service.gov.uk/company/13396193,,TO BE ENRICHED — not held by Companies House,legitimate interests (LIA required before contact),Companies House public API,2026-07-12T04:34:55+00:00
CCS ELECTRICAL COMPANY LTD,10671428,B_COMPLIANCE_DROWNED,micro filer (micro-entity),ltd,corporate subscriber,2017-03-15,micro-entity,"accounts category, NOT turnover",43210,"33 Hail Mary Drive, Woodhouse Mill, Sheffield, South Yorkshire",S13 9XW,https://find-and-update.company-information.service.gov.uk/company/10671428,,TO BE ENRICHED — not held by Companies House,legitimate interests (LIA required before contact),Companies House public API,2026-07-12T04:34:56+00:00
SETPOINT SOLUTIONS LTD,10757890,A_CEILING_HIT,"established 2017, unaudited-abridged filer",ltd,corporate subscriber,2017-05-08,unaudited-abridged,"accounts category, NOT turnover",43220,"Unit B1 Dunkeswell Business Park, Dunkeswell, Honiton, Devon",EX14 4PF,https://find-and-update.company-information.service.gov.uk/company/10757890,,TO BE ENRICHED — not held by Companies House,legitimate interests (LIA required before contact),Companies House public API,2026-07-12T04:34:57+00:00
MAXIM SPRINKLER SYSTEMS LIMITED,10758419,A_CEILING_HIT,"established 2017, total-exemption-full filer",ltd,corporate subscriber,2017-05-08,total-exemption-full,"accounts category, NOT turnover",43290,"Unit 1 Maritime Workshops, Maritime Industrial Estate, Pontypridd, Rct",CF37 1NY,https://find-and-update.company-information.service.gov.uk/company/10758419,,TO BE ENRICHED — not held by Companies House,legitimate interests (LIA required before contact),Companies House public API,2026-07-12T04:34:58+00:00
GALES ELECTRICAL SERVICES LTD,14382037,B_COMPLIANCE_DROWNED,micro filer (micro-entity),ltd,corporate subscriber,2022-09-28,micro-entity,"accounts category, NOT turnover",43210,"310-312 Charminster Road, Bournemouth, Dorset",BH8 9RT,https://find-and-update.company-information.service.gov.uk/company/14382037,,TO BE ENRICHED — not held by Companies House,legitimate interests (LIA required before contact),Companies House public API,2026-07-12T04:34:58+00:00
LCW ELECTRICIANS LTD,14635815,B_COMPLIANCE_DROWNED,"young (2023), total-exemption-full filer",ltd,corporate subscriber,2023-02-02,total-exemption-full,"accounts category, NOT turnover",43210,"65 Telford Road, London",SE9 3RE,https://find-and-update.company-information.service.gov.uk/company/14635815,,TO BE ENRICHED — not held by Companies House,legitimate interests (LIA required before contact),Companies House public API,2026-07-12T04:34:59+00:00
EGR SERVICES (ESSEX) LIMITED,08458266,B_COMPLIANCE_DROWNED,micro filer (micro-entity),ltd,corporate subscriber,2013-03-22,micro-entity,"accounts category, NOT turnover",43220,"13/17 High Beech Road, Loughton, Essex",IG10 4BN,https://find-and-update.company-information.service.gov.uk/company/08458266,,TO BE ENRICHED — not held by Companies House,legitimate interests (LIA required before contact),Companies House public API,2026-07-12T04:35:00+00:00
BGS MAINTAIN LIMITED,13400705,B_COMPLIANCE_DROWNED,micro filer (micro-entity),ltd,corporate subscriber,2021-05-16,micro-entity,"accounts category, NOT turnover",43290,"Cuckstool House 3a High Street, Sutton-On-Trent, Newark, Nottinghamshire",NG23 6QA,https://find-and-update.company-information.service.gov.uk/company/13400705,,TO BE ENRICHED — not held by Companies House,legitimate interests (LIA required before contact),Companies House public API,2026-07-12T04:35:00+00:00
C MAIN ELECTRICAL SERVICES LTD,SC639314,B_COMPLIANCE_DROWNED,micro filer (micro-entity),ltd,corporate subscriber,2019-08-20,micro-entity,"accounts category, NOT turnover",43210; 61200,"Flat 0/2 10 Gryffe St, Glasgow",G44 4BD,https://find-and-update.company-information.service.gov.uk/company/SC639314,,TO BE ENRICHED — not held by Companies House,legitimate interests (LIA required before contact),Companies House public API,2026-07-12T04:35:01+00:00
KENNY EVANS ELECTRICAL LTD,10771023,B_COMPLIANCE_DROWNED,micro filer (micro-entity),ltd,corporate subscriber,2017-05-15,micro-entity,"accounts category, NOT turnover",43210,"O-I Building, First Floor, The West Wing, Edinburgh Way, Harlow, Essex",CM20 2DB,https://find-and-update.company-information.service.gov.uk/company/10771023,,TO BE ENRICHED — not held by Companies House,legitimate interests (LIA required before contact),Companies House public API,2026-07-12T04:35:02+00:00
NIGHTINGALE GARDEN & HOME LTD,11617403,B_COMPLIANCE_DROWNED,micro filer (micro-entity),ltd,corporate subscriber,2018-10-11,micro-entity,"accounts category, NOT turnover",43290; 43320; 81300,"Flat 1 29 Deronda Road, London",SE24 9BQ,https://find-and-update.company-information.service.gov.uk/company/11617403,,TO BE ENRICHED — not held by Companies House,legitimate interests (LIA required before contact),Companies House public API,2026-07-12T04:35:02+00:00
N & T'S QUALITY CONSERVATORIES LIMITED,06237544,B_COMPLIANCE_DROWNED,micro filer (micro-entity),ltd,corporate subscriber,2007-05-04,micro-entity,"accounts category, NOT turnover",43290,"11 Evans Avenue, Sutton-In-Ashfield, Nottinghamshire",NG17 2GF,https://find-and-update.company-information.service.gov.uk/company/06237544,,TO BE ENRICHED — not held by Companies House,legitimate interests (LIA required before contact),Companies House public API,2026-07-12T04:35:03+00:00
T & J CONTRACTING LTD,09497781,B_COMPLIANCE_DROWNED,micro filer (micro-entity),ltd,corporate subscriber,2015-03-19,micro-entity,"accounts category, NOT turnover",43290,"Hawkstone House, Valley Road, Hebden Bridge, West Yorkshire",HX7 7BL,https://find-and-update.company-information.service.gov.uk/company/09497781,,TO BE ENRICHED — not held by Companies House,legitimate interests (LIA required before contact),Companies House public API,2026-07-12T04:35:04+00:00
PV PLUMBING AND HEATING LTD,13366173,A_CEILING_HIT,"established 2021, total-exemption-full filer",ltd,corporate subscriber,2021-04-29,total-exemption-full,"accounts category, NOT turnover",43220,"16 Radford Drive, Irlam, Manchester",M44 6LA,https://find-and-update.company-information.service.gov.uk/company/13366173,,TO BE ENRICHED — not held by Companies House,legitimate interests (LIA required before contact),Companies House public API,2026-07-12T04:35:05+00:00
GL ELECTRICAL CONTRACTORS LIMITED,SC484334,B_COMPLIANCE_DROWNED,micro filer (micro-entity),ltd,corporate subscriber,2014-08-14,micro-entity,"accounts category, NOT turnover",43210,"Pavilion 2 Finnieston Business Park, Minerva Way, Glasgow",G3 8AU,https://find-and-update.company-information.service.gov.uk/company/SC484334,,TO BE ENRICHED — not held by Companies House,legitimate interests (LIA required before contact),Companies House public API,2026-07-12T04:35:05+00:00
SNK BUILDING SOLUTIONS LTD,14163381,B_COMPLIANCE_DROWNED,"young (2022), total-exemption-full filer",ltd,corporate subscriber,2022-06-09,total-exemption-full,"accounts category, NOT turnover",43220; 43320; 43330; 43341,"92 Oxlow Lane, Dagenham",RM9 5XD,https://find-and-update.company-information.service.gov.uk/company/14163381,,TO BE ENRICHED — not held by Companies House,legitimate interests (LIA required before contact),Companies House public API,2026-07-12T04:35:06+00:00
THE CONCRETE CORNER LIMITED,12824932,A_CEILING_HIT,"established 2020, unaudited-abridged filer",ltd,corporate subscriber,2020-08-19,unaudited-abridged,"accounts category, NOT turnover",43290,"Robin Hill Cardiff Road, Creigiau, Cardiff",CF15 9NL,https://find-and-update.company-information.service.gov.uk/company/12824932,,TO BE ENRICHED — not held by Companies House,legitimate interests (LIA required before contact),Companies House public API,2026-07-12T04:35:07+00:00
ALLWRIGHT PROJECTS LIMITED,09593071,A_CEILING_HIT,"established 2015, total-exemption-full filer",ltd,corporate subscriber,2015-05-15,total-exemption-full,"accounts category, NOT turnover",43290,"The Stables, 23b Lenten Street, Alton, Hampshire",GU34 1HG,https://find-and-update.company-information.service.gov.uk/company/09593071,,TO BE ENRICHED — not held by Companies House,legitimate interests (LIA required before contact),Companies House public API,2026-07-12T04:35:07+00:00
EARTHRISE ENERGY LIMITED,14876955,B_COMPLIANCE_DROWNED,micro filer (micro-entity),ltd,corporate subscriber,2023-05-17,micro-entity,"accounts category, NOT turnover",42220; 43210; 43290,"5 Brayford Square, London",E1 0SG,https://find-and-update.company-information.service.gov.uk/company/14876955,,TO BE ENRICHED — not held by Companies House,legitimate interests (LIA required before contact),Companies House public API,2026-07-12T04:35:08+00:00
J & J HOMES LTD,04534075,B_COMPLIANCE_DROWNED,micro filer (micro-entity),ltd,corporate subscriber,2002-09-12,micro-entity,"accounts category, NOT turnover",41100; 43210; 68209; 68320,"48 - 52 Penny Lane Mossley Hill, Liverpool, Merseyside",L18 1DG,https://find-and-update.company-information.service.gov.uk/company/04534075,,TO BE ENRICHED — not held by Companies House,legitimate interests (LIA required before contact),Companies House public API,2026-07-12T04:35:09+00:00
EFFICIENT ENERGY (NEWCASTLE) LTD,12409095,B_COMPLIANCE_DROWNED,micro filer (micro-entity),ltd,corporate subscriber,2020-01-17,micro-entity,"accounts category, NOT turnover",43210,"1-3 Portland Place, Marylebone, London",W1B 1PN,https://find-and-update.company-information.service.gov.uk/company/12409095,,TO BE ENRICHED — not held by Companies House,legitimate interests (LIA required before contact),Companies House public API,2026-07-12T04:35:09+00:00
OPTIMUS INSTALLATIONS LIMITED,09216096,B_COMPLIANCE_DROWNED,micro filer (micro-entity),ltd,corporate subscriber,2014-09-12,micro-entity,"accounts category, NOT turnover",43290,"Unit 16, Anderstaff Industrial Estate, Hawkins Lane, Burton-On-Trent, Staffordshire",DE14 1QH,https://find-and-update.company-information.service.gov.uk/company/09216096,,TO BE ENRICHED — not held by Companies House,legitimate interests (LIA required before contact),Companies House public API,2026-07-12T04:35:10+00:00
POWERMANN LTD,15723081,B_COMPLIANCE_DROWNED,"young (2024), total-exemption-full filer",ltd,corporate subscriber,2024-05-15,total-exemption-full,"accounts category, NOT turnover",43210,"18 Ormonde Road, Poole",BH13 6DF,https://find-and-update.company-information.service.gov.uk/company/15723081,,TO BE ENRICHED — not held by Companies House,legitimate interests (LIA required before contact),Companies House public API,2026-07-12T04:35:11+00:00
NRG SUSSEX LTD,11022419,B_COMPLIANCE_DROWNED,micro filer (micro-entity),ltd,corporate subscriber,2017-10-19,micro-entity,"accounts category, NOT turnover",43210,"36a Goring Road, Goring By Sea, Worthing, West Sussex",BN12 4AD,https://find-and-update.company-information.service.gov.uk/company/11022419,,TO BE ENRICHED — not held by Companies House,legitimate interests (LIA required before contact),Companies House public API,2026-07-12T04:35:11+00:00
"H2O GAS, HEATING & PLUMBING SERVICES LIMITED",04830943,A_CEILING_HIT,"established 2003, total-exemption-full filer",ltd,corporate subscriber,2003-07-11,total-exemption-full,"accounts category, NOT turnover",43220,"76 Redwing Rise, Royston",SG8 7XE,https://find-and-update.company-information.service.gov.uk/company/04830943,,TO BE ENRICHED — not held by Companies House,legitimate interests (LIA required before contact),Companies House public API,2026-07-12T04:35:12+00:00
BUYSCO LIMITED,08027438,EXCLUDED_DORMANT,"dormant — not trading, not a buyer",ltd,corporate subscriber,2012-04-12,dormant,"accounts category, NOT turnover",43210; 43220; 43290; 47910,"83 Malvern Way, Croxley Green, Rickmansworth, Hertfordshire",WD3 3QQ,https://find-and-update.company-information.service.gov.uk/company/08027438,,TO BE ENRICHED — not held by Companies House,legitimate interests (LIA required before contact),Companies House public API,2026-07-12T04:35:13+00:00
IJL ELECTRICAL SERVICES LIMITED,14077494,B_COMPLIANCE_DROWNED,"young (2022), unaudited-abridged filer",ltd,corporate subscriber,2022-04-29,unaudited-abridged,"accounts category, NOT turnover",43210,"1 The Grove, Shelf, Halifax",HX3 7PD,https://find-and-update.company-information.service.gov.uk/company/14077494,,TO BE ENRICHED — not held by Companies House,legitimate interests (LIA required before contact),Companies House public API,2026-07-12T04:35:14+00:00
BARR HOLDINGS LTD,14269626,B_COMPLIANCE_DROWNED,"young (2022), total-exemption-full filer",ltd,corporate subscriber,2022-08-02,total-exemption-full,"accounts category, NOT turnover",43290,"3 Brickfields Business Park Old Stowmarket Road, Woolpit, Bury St Edmunds",IP30 9QS,https://find-and-update.company-information.service.gov.uk/company/14269626,,TO BE ENRICHED — not held by Companies House,legitimate interests (LIA required before contact),Companies House public API,2026-07-12T04:35:14+00:00
STAUNCH AND FLOW LIMITED,04787903,A_CEILING_HIT,"established 2003, total-exemption-full filer",ltd,corporate subscriber,2003-06-05,total-exemption-full,"accounts category, NOT turnover",43220,"Number 28 2 Exmoor Street, Ladbroke Grove, London",W10 6BD,https://find-and-update.company-information.service.gov.uk/company/04787903,,TO BE ENRICHED — not held by Companies House,legitimate interests (LIA required before contact),Companies House public API,2026-07-12T04:35:15+00:00
STAR BUILDING MAINTENANCE LIMITED,10750364,A_CEILING_HIT,"established 2017, total-exemption-full filer",ltd,corporate subscriber,2017-05-03,total-exemption-full,"accounts category, NOT turnover",43290,"Flat 9, Sherbrooke House, Bonner Road, London",E2 9NE,https://find-and-update.company-information.service.gov.uk/company/10750364,,TO BE ENRICHED — not held by Companies House,legitimate interests (LIA required before contact),Companies House public API,2026-07-12T04:35:16+00:00
K. SUNG LIMITED,09030900,B_COMPLIANCE_DROWNED,micro filer (micro-entity),ltd,corporate subscriber,2014-05-08,micro-entity,"accounts category, NOT turnover",33200; 43210; 71121,"47 Heathfield Road, Penenden Heath, Maidstone, Kent",ME14 2AD,https://find-and-update.company-information.service.gov.uk/company/09030900,,TO BE ENRICHED — not held by Companies House,legitimate interests (LIA required before contact),Companies House public API,2026-07-12T04:35:16+00:00
POINTON PRESTIGE MAINTENANCE LTD,11505264,EXCLUDED_DORMANT,"dormant — not trading, not a buyer",ltd,corporate subscriber,2018-08-08,dormant,"accounts category, NOT turnover",43290,"39 Glebe Road, Sandbach",CW11 3SQ,https://find-and-update.company-information.service.gov.uk/company/11505264,,TO BE ENRICHED — not held by Companies House,legitimate interests (LIA required before contact),Companies House public API,2026-07-12T04:35:17+00:00
BROOKS ELECTRICAL ENGINEERING SERVICES LTD,03575411,B_COMPLIANCE_DROWNED,micro filer (micro-entity),ltd,corporate subscriber,1998-06-04,micro-entity,"accounts category, NOT turnover",43210,"Green Doors, Horton Road, Staines, Middlesex",TW19 6BD,https://find-and-update.company-information.service.gov.uk/company/03575411,,TO BE ENRICHED — not held by Companies House,legitimate interests (LIA required before contact),Companies House public API,2026-07-12T04:35:18+00:00
ARMAGRILLO LTD,11509222,EXCLUDED_DORMANT,"dormant — not trading, not a buyer",ltd,corporate subscriber,2018-08-09,dormant,"accounts category, NOT turnover",43290,"Carlton House, Grammar School Street, Bradford, West Yorkshire",BD1 4NS,https://find-and-update.company-information.service.gov.uk/company/11509222,,TO BE ENRICHED — not held by Companies House,legitimate interests (LIA required before contact),Companies House public API,2026-07-12T04:35:18+00:00
SP SUPPLIES LTD,14092250,B_COMPLIANCE_DROWNED,micro filer (micro-entity),ltd,corporate subscriber,2022-05-07,micro-entity,"accounts category, NOT turnover",43220,"51 Archers Ride, Welwyn Garden City",AL7 4PR,https://find-and-update.company-information.service.gov.uk/company/14092250,,TO BE ENRICHED — not held by Companies House,legitimate interests (LIA required before contact),Companies House public API,2026-07-12T04:35:19+00:00
MDCORRICK PLUMBING & HEATING LTD,07237550,B_COMPLIANCE_DROWNED,micro filer (micro-entity),ltd,corporate subscriber,2010-04-28,micro-entity,"accounts category, NOT turnover",43220,"Mayfield, 14 Sunnybank, Marlow, Bucks",SL7 3BL,https://find-and-update.company-information.service.gov.uk/company/07237550,,TO BE ENRICHED — not held by Companies House,legitimate interests (LIA required before contact),Companies House public API,2026-07-12T04:35:20+00:00
BICS(NW) LTD,14308177,B_COMPLIANCE_DROWNED,micro filer (micro-entity),ltd,corporate subscriber,2022-08-19,micro-entity,"accounts category, NOT turnover",43210,"37 Birch Avenue, Rochdale",OL12 9QH,https://find-and-update.company-information.service.gov.uk/company/14308177,,TO BE ENRICHED — not held by Companies House,legitimate interests (LIA required before contact),Companies House public API,2026-07-12T04:35:20+00:00
UNIELECTRIC SERVICES LTD,09185588,B_COMPLIANCE_DROWNED,micro filer (micro-entity),ltd,corporate subscriber,2014-08-21,micro-entity,"accounts category, NOT turnover",43210,"12 Sandfield Road Sandfield Road, Thornton Heath",CR7 8AU,https://find-and-update.company-information.service.gov.uk/company/09185588,,TO BE ENRICHED — not held by Companies House,legitimate interests (LIA required before contact),Companies House public API,2026-07-12T04:35:21+00:00
NORTH DEVON ELECTRICAL SERVICES LTD,13567706,B_COMPLIANCE_DROWNED,micro filer (micro-entity),ltd,corporate subscriber,2021-08-16,micro-entity,"accounts category, NOT turnover",43210,"Stonehaven West Kentisbury Farm, Kentisbury, Barnstaple, Devon",EX31 4NQ,https://find-and-update.company-information.service.gov.uk/company/13567706,,TO BE ENRICHED — not held by Companies House,legitimate interests (LIA required before contact),Companies House public API,2026-07-12T04:35:22+00:00
K DYSON ELECTRICAL LTD.,09004276,B_COMPLIANCE_DROWNED,micro filer (micro-entity),ltd,corporate subscriber,2014-04-22,micro-entity,"accounts category, NOT turnover",43210,"30 Carr Lane, Castleford",WF10 4PL,https://find-and-update.company-information.service.gov.uk/company/09004276,,TO BE ENRICHED — not held by Companies House,legitimate interests (LIA required before contact),Companies House public API,2026-07-12T04:35:23+00:00
WILSHER PLUMBING & HEATING LTD,11419034,A_CEILING_HIT,"established 2018, total-exemption-full filer",ltd,corporate subscriber,2018-06-18,total-exemption-full,"accounts category, NOT turnover",43220,"Havendale Bath Road, Padworth, Reading, Berkshire",RG7 5HR,https://find-and-update.company-information.service.gov.uk/company/11419034,,TO BE ENRICHED — not held by Companies House,legitimate interests (LIA required before contact),Companies House public API,2026-07-12T04:35:23+00:00
ALL NEW ULTIMATE U.K. LTD,10749111,A_CEILING_HIT,"established 2017, total-exemption-full filer",ltd,corporate subscriber,2017-05-02,total-exemption-full,"accounts category, NOT turnover",43290; 43342; 43390; 43910,"Station Works, Hind Heath Road, Sandbach, Cheshire",CW11 3LZ,https://find-and-update.company-information.service.gov.uk/company/10749111,,TO BE ENRICHED — not held by Companies House,legitimate interests (LIA required before contact),Companies House public API,2026-07-12T04:35:24+00:00
PLUGS OF ELECTRICS LTD,15723248,B_COMPLIANCE_DROWNED,micro filer (micro-entity),ltd,corporate subscriber,2024-05-15,micro-entity,"accounts category, NOT turnover",43210,"214 Leven Road, London",E14 0GQ,https://find-and-update.company-information.service.gov.uk/company/15723248,,TO BE ENRICHED — not held by Companies House,legitimate interests (LIA required before contact),Companies House public API,2026-07-12T04:35:25+00:00
STAFFORDSHIRE ARTIFICIAL GRASS LIMITED,12423728,B_COMPLIANCE_DROWNED,micro filer (micro-entity),ltd,corporate subscriber,2020-01-24,micro-entity,"accounts category, NOT turnover",43290,"712 Leek Road Leek Road, Stoke-On-Trent",ST1 3NQ,https://find-and-update.company-information.service.gov.uk/company/12423728,,TO BE ENRICHED — not held by Companies House,legitimate interests (LIA required before contact),Companies House public API,2026-07-12T04:35:25+00:00
PINFOLDS MECHANICAL LTD,10759050,A_CEILING_HIT,"established 2017, total-exemption-full filer",ltd,corporate subscriber,2017-05-08,total-exemption-full,"accounts category, NOT turnover",43220,"237 Manor Farm Road, Southampton",SO18 1NY,https://find-and-update.company-information.service.gov.uk/company/10759050,,TO BE ENRICHED — not held by Companies House,legitimate interests (LIA required before contact),Companies House public API,2026-07-12T04:35:26+00:00
NIO SPARK LTD,13942672,B_COMPLIANCE_DROWNED,"young (2022), unaudited-abridged filer",ltd,corporate subscriber,2022-02-27,unaudited-abridged,"accounts category, NOT turnover",43290,"56 Cantle Avenue, Downs Barn, Milton Keynes",MK14 7QS,https://find-and-update.company-information.service.gov.uk/company/13942672,,TO BE ENRICHED — not held by Companies House,legitimate interests (LIA required before contact),Companies House public API,2026-07-12T04:35:27+00:00
CIVILINX LTD,14080319,EXCLUDED_DORMANT,"dormant — not trading, not a buyer",ltd,corporate subscriber,2022-05-02,dormant,"accounts category, NOT turnover",41201; 41202; 43290; 64203,"15 Ferns Close, Enfield",EN3 6JZ,https://find-and-update.company-information.service.gov.uk/company/14080319,,TO BE ENRICHED — not held by Companies House,legitimate interests (LIA required before contact),Companies House public API,2026-07-12T04:35:27+00:00
B A CABLING LTD,13937338,B_COMPLIANCE_DROWNED,"young (2022), total-exemption-full filer",ltd,corporate subscriber,2022-02-24,total-exemption-full,"accounts category, NOT turnover",43210,"Swiss House, Beckingham Street, Tolleshunt Major, Essex",CM9 8LZ,https://find-and-update.company-information.service.gov.uk/company/13937338,,TO BE ENRICHED — not held by Companies House,legitimate interests (LIA required before contact),Companies House public API,2026-07-12T04:35:28+00:00
AKJ ELECTRICAL LIMITED,10403431,EXCLUDED_DORMANT,"dormant — not trading, not a buyer",ltd,corporate subscriber,2016-09-30,dormant,"accounts category, NOT turnover",43210,"44 Mallard Road, Bournemouth",BH8 9PL,https://find-and-update.company-information.service.gov.uk/company/10403431,,TO BE ENRICHED — not held by Companies House,legitimate interests (LIA required before contact),Companies House public API,2026-07-12T04:35:29+00:00
HANROW CONTRACTORS LIMITED,14807214,B_COMPLIANCE_DROWNED,micro filer (micro-entity),ltd,corporate subscriber,2023-04-17,micro-entity,"accounts category, NOT turnover",43290,"4-5 Hyde Park Place, London",W2 2LH,https://find-and-update.company-information.service.gov.uk/company/14807214,,TO BE ENRICHED — not held by Companies House,legitimate interests (LIA required before contact),Companies House public API,2026-07-12T04:35:29+00:00
WIN A BUILDER UK LIMITED,14029911,B_COMPLIANCE_DROWNED,micro filer (micro-entity),ltd,corporate subscriber,2022-04-06,micro-entity,"accounts category, NOT turnover",41100; 43210; 43220; 96090,"101 North Mersey Business Park, Woodward Road, Liverpool",L33 7UY,https://find-and-update.company-information.service.gov.uk/company/14029911,,TO BE ENRICHED — not held by Companies House,legitimate interests (LIA required before contact),Companies House public API,2026-07-12T04:35:30+00:00
VINES PROPERTY SERVICES LTD,11913766,B_COMPLIANCE_DROWNED,micro filer (micro-entity),ltd,corporate subscriber,2019-03-29,micro-entity,"accounts category, NOT turnover",43220,"67 Conifer Walk, Stevenage, Hertfordshire",SG2 7QS,https://find-and-update.company-information.service.gov.uk/company/11913766,,TO BE ENRICHED — not held by Companies House,legitimate interests (LIA required before contact),Companies House public API,2026-07-12T04:35:31+00:00
COOPER & CO PLUMBING AND HEATING SERVICES LTD,07744439,A_CEILING_HIT,"established 2011, unaudited-abridged filer",ltd,corporate subscriber,2011-08-17,unaudited-abridged,"accounts category, NOT turnover",43220,"West Suite, 1 Tolherst Court, Turkey Mill, Ashford Road, Maidstone, Kent",ME14 5SF,https://find-and-update.company-information.service.gov.uk/company/07744439,,TO BE ENRICHED — not held by Companies House,legitimate interests (LIA required before contact),Companies House public API,2026-07-12T04:35:32+00:00
HOMEDOC LIMITED,11176407,B_COMPLIANCE_DROWNED,micro filer (micro-entity),ltd,corporate subscriber,2018-01-30,micro-entity,"accounts category, NOT turnover",43220,"Office 3, 4th Floor 81-83 Humberstone Gate, Humberstone House, Leicester",LE1 1WB,https://find-and-update.company-information.service.gov.uk/company/11176407,,TO BE ENRICHED — not held by Companies House,legitimate interests (LIA required before contact),Companies House public API,2026-07-12T04:35:32+00:00
LUQMAR LIMITED,09749890,A_CEILING_HIT,"established 2015, unaudited-abridged filer",ltd,corporate subscriber,2015-08-26,unaudited-abridged,"accounts category, NOT turnover",43210,"41 Kildare Road, London",E16 4AJ,https://find-and-update.company-information.service.gov.uk/company/09749890,,TO BE ENRICHED — not held by Companies House,legitimate interests (LIA required before contact),Companies House public API,2026-07-12T04:35:33+00:00
SAM SAUNDERS LIMITED,14072910,B_COMPLIANCE_DROWNED,"young (2022), total-exemption-full filer",ltd,corporate subscriber,2022-04-27,total-exemption-full,"accounts category, NOT turnover",43210,"Ivory Tower, Well Hill, Orpington",BR6 7PR,https://find-and-update.company-information.service.gov.uk/company/14072910,,TO BE ENRICHED — not held by Companies House,legitimate interests (LIA required before contact),Companies House public API,2026-07-12T04:35:34+00:00
HURRELL SOLUTIONS LTD,12091044,B_COMPLIANCE_DROWNED,micro filer (micro-entity),ltd,corporate subscriber,2019-07-08,micro-entity,"accounts category, NOT turnover",33140; 41202; 43210; 43220,"9 Canford Court, Aylesbury",HP21 7NZ,https://find-and-update.company-information.service.gov.uk/company/12091044,,TO BE ENRICHED — not held by Companies House,legitimate interests (LIA required before contact),Companies House public API,2026-07-12T04:35:34+00:00
ALMA ELECTRICAL LTD,14846836,B_COMPLIANCE_DROWNED,"young (2023), total-exemption-full filer",ltd,corporate subscriber,2023-05-04,total-exemption-full,"accounts category, NOT turnover",43210,"3 Ethelbert Road, Orpington",BR5 3JN,https://find-and-update.company-information.service.gov.uk/company/14846836,,TO BE ENRICHED — not held by Companies House,legitimate interests (LIA required before contact),Companies House public API,2026-07-12T04:35:35+00:00
NART ELECTRICAL LTD,14652387,B_COMPLIANCE_DROWNED,"young (2023), total-exemption-full filer",ltd,corporate subscriber,2023-02-09,total-exemption-full,"accounts category, NOT turnover",43210,"266a Pickhurst Lane, West Wickham",BR4 0HR,https://find-and-update.company-information.service.gov.uk/company/14652387,,TO BE ENRICHED — not held by Companies House,legitimate interests (LIA required before contact),Companies House public API,2026-07-12T04:35:36+00:00
ECLIPSE SHUTTERS LTD,14833766,B_COMPLIANCE_DROWNED,micro filer (micro-entity),ltd,corporate subscriber,2023-04-28,micro-entity,"accounts category, NOT turnover",43290,"281a Ewell Road, Surbiton",KT6 7AB,https://find-and-update.company-information.service.gov.uk/company/14833766,,TO BE ENRICHED — not held by Companies House,legitimate interests (LIA required before contact),Companies House public API,2026-07-12T04:35:36+00:00
IPH (2016) LIMITED,13056677,B_COMPLIANCE_DROWNED,micro filer (micro-entity),ltd,corporate subscriber,2020-12-02,micro-entity,"accounts category, NOT turnover",43220,"8 Milligans Chase, Galleywood, Chelmsford",CM2 8QD,https://find-and-update.company-information.service.gov.uk/company/13056677,,TO BE ENRICHED — not held by Companies House,legitimate interests (LIA required before contact),Companies House public API,2026-07-12T04:35:37+00:00
MANOR HEATING AND PLUMBING SERVICES LIMITED,05540431,A_CEILING_HIT,"established 2005, total-exemption-full filer",ltd,corporate subscriber,2005-08-18,total-exemption-full,"accounts category, NOT turnover",43220,"26 Palmer Avenue, Willerby, Hill, East Yorkshire",HU10 6LJ,https://find-and-update.company-information.service.gov.uk/company/05540431,,TO BE ENRICHED — not held by Companies House,legitimate interests (LIA required before contact),Companies House public API,2026-07-12T04:35:38+00:00
ALL YOUR GAS PLUMBING & ELECTRIC NEEDS LTD,14553748,B_COMPLIANCE_DROWNED,micro filer (micro-entity),ltd,corporate subscriber,2022-12-21,micro-entity,"accounts category, NOT turnover",43210; 43220,"Flat 15 Raglan Court, Mountbatten Road, Eastleigh",SO50 4RR,https://find-and-update.company-information.service.gov.uk/company/14553748,,TO BE ENRICHED — not held by Companies House,legitimate interests (LIA required before contact),Companies House public API,2026-07-12T04:35:38+00:00
AM ELECTRICAL GROUP LTD,14297363,B_COMPLIANCE_DROWNED,"young (2022), total-exemption-full filer",ltd,corporate subscriber,2022-08-15,total-exemption-full,"accounts category, NOT turnover",43210,"18 Crown Hill, Rayleigh, Essex",SS6 7HG,https://find-and-update.company-information.service.gov.uk/company/14297363,,TO BE ENRICHED — not held by Companies House,legitimate interests (LIA required before contact),Companies House public API,2026-07-12T04:35:39+00:00
KLM HEATING LTD,09184787,B_COMPLIANCE_DROWNED,micro filer (micro-entity),ltd,corporate subscriber,2014-08-21,micro-entity,"accounts category, NOT turnover",43220,"16 Martins Way, Orton Waterville, Peterborough",PE2 5DY,https://find-and-update.company-information.service.gov.uk/company/09184787,,TO BE ENRICHED — not held by Companies House,legitimate interests (LIA required before contact),Companies House public API,2026-07-12T04:35:40+00:00
SOBIE SPARK LTD,SC810529,B_COMPLIANCE_DROWNED,micro filer (micro-entity),ltd,corporate subscriber,2024-05-14,micro-entity,"accounts category, NOT turnover",43210,"30 Braeside, Keith",AB55 5AT,https://find-and-update.company-information.service.gov.uk/company/SC810529,,TO BE ENRICHED — not held by Companies House,legitimate interests (LIA required before contact),Companies House public API,2026-07-12T04:35:40+00:00
POWERLINK HOUSE LIMITED,04275232,A_CEILING_HIT,"established 2001, total-exemption-full filer",ltd,corporate subscriber,2001-08-22,total-exemption-full,"accounts category, NOT turnover",43210; 47990; 69202; 82110,"23 Harlech Close, Durrington, Worthing, West Sussex",BN13 3QS,https://find-and-update.company-information.service.gov.uk/company/04275232,,TO BE ENRICHED — not held by Companies House,legitimate interests (LIA required before contact),Companies House public API,2026-07-12T04:35:41+00:00
PLUMB SAFE DORSET LTD,11176768,B_COMPLIANCE_DROWNED,micro filer (micro-entity),ltd,corporate subscriber,2018-01-30,micro-entity,"accounts category, NOT turnover",43220,"4 Thornley Road, Bournemouth, Dorset",BH10 6DZ,https://find-and-update.company-information.service.gov.uk/company/11176768,,TO BE ENRICHED — not held by Companies House,legitimate interests (LIA required before contact),Companies House public API,2026-07-12T04:35:42+00:00
HOBKIRK ELECTRICAL LIMITED,12009755,B_COMPLIANCE_DROWNED,micro filer (micro-entity),ltd,corporate subscriber,2019-05-21,micro-entity,"accounts category, NOT turnover",43210,"13 Westwick Road, Sheffield, South Yorkshire",S8 7BS,https://find-and-update.company-information.service.gov.uk/company/12009755,,TO BE ENRICHED — not held by Companies House,legitimate interests (LIA required before contact),Companies House public API,2026-07-12T04:35:43+00:00
NORRIS WHITE SERVICES LTD,12279359,B_COMPLIANCE_DROWNED,micro filer (micro-entity),ltd,corporate subscriber,2019-10-24,micro-entity,"accounts category, NOT turnover",43210,"C/O Accountants For Good Minuteman House, 8 Langley Road, Watford",WD17 4PT,https://find-and-update.company-information.service.gov.uk/company/12279359,,TO BE ENRICHED — not held by Companies House,legitimate interests (LIA required before contact),Companies House public API,2026-07-12T04:35:43+00:00
CUTTS ELECTRICAL LTD,08009670,B_COMPLIANCE_DROWNED,micro filer (micro-entity),ltd,corporate subscriber,2012-03-28,micro-entity,"accounts category, NOT turnover",43210,"77a Kings Road, Fleet, Hampshire",GU51 3AR,https://find-and-update.company-information.service.gov.uk/company/08009670,,TO BE ENRICHED — not held by Companies House,legitimate interests (LIA required before contact),Companies House public API,2026-07-12T04:35:44+00:00
JJP GAS AND HEATING SERVICES LIMITED,13513515,B_COMPLIANCE_DROWNED,micro filer (micro-entity),ltd,corporate subscriber,2021-07-15,micro-entity,"accounts category, NOT turnover",43220,"27 Beechwood Avenue, Woodley, Reading",RG5 3DE,https://find-and-update.company-information.service.gov.uk/company/13513515,,TO BE ENRICHED — not held by Companies House,legitimate interests (LIA required before contact),Companies House public API,2026-07-12T04:35:45+00:00
COOL INC LTD,06700265,A_CEILING_HIT,"established 2008, total-exemption-full filer",ltd,corporate subscriber,2008-09-17,total-exemption-full,"accounts category, NOT turnover",43220,"56 Home Hill, Hextable, Kent",BR8 7RR,https://find-and-update.company-information.service.gov.uk/company/06700265,,TO BE ENRICHED — not held by Companies House,legitimate interests (LIA required before contact),Companies House public API,2026-07-12T04:35:45+00:00
HADEN DUCTWORK LTD,08041460,A_CEILING_HIT,"established 2012, total-exemption-full filer",ltd,corporate subscriber,2012-04-23,total-exemption-full,"accounts category, NOT turnover",43220; 43290; 43390,"253 Conniburrow Boulevard, Conniburrow, Milton Keynes, Buckinghamshire",MK14 7AE,https://find-and-update.company-information.service.gov.uk/company/08041460,,TO BE ENRICHED — not held by Companies House,legitimate interests (LIA required before contact),Companies House public API,2026-07-12T04:35:46+00:00
WOODWARD MECHANICAL LTD,SC730281,B_COMPLIANCE_DROWNED,"young (2022), total-exemption-full filer",ltd,corporate subscriber,2022-04-22,total-exemption-full,"accounts category, NOT turnover",43220,"14 Windmill Road, Hamilton",ML3 6LU,https://find-and-update.company-information.service.gov.uk/company/SC730281,,TO BE ENRICHED — not held by Companies House,legitimate interests (LIA required before contact),Companies House public API,2026-07-12T04:35:47+00:00
REGNLL DRY LINNING LTD,14283359,B_COMPLIANCE_DROWNED,micro filer (micro-entity),ltd,corporate subscriber,2022-08-08,micro-entity,"accounts category, NOT turnover",41202; 43290,"14 All Saints Close, Bristol",BS30 9XQ,https://find-and-update.company-information.service.gov.uk/company/14283359,,TO BE ENRICHED — not held by Companies House,legitimate interests (LIA required before contact),Companies House public API,2026-07-12T04:35:47+00:00
MODULAR BUILDINGS AND CABINS LIMITED,14284014,B_COMPLIANCE_DROWNED,micro filer (micro-entity),ltd,corporate subscriber,2022-08-08,micro-entity,"accounts category, NOT turnover",43290,"1 The Rise, Pateley Place, York",YO26 4LA,https://find-and-update.company-information.service.gov.uk/company/14284014,,TO BE ENRICHED — not held by Companies House,legitimate interests (LIA required before contact),Companies House public API,2026-07-12T04:35:48+00:00
WARMING HOMES LIMITED,14281581,B_COMPLIANCE_DROWNED,micro filer (micro-entity),ltd,corporate subscriber,2022-08-08,micro-entity,"accounts category, NOT turnover",43220,"18 Hembury Avenue, Manchester",M19 1FH,https://find-and-update.company-information.service.gov.uk/company/14281581,,TO BE ENRICHED — not held by Companies House,legitimate interests (LIA required before contact),Companies House public API,2026-07-12T04:35:49+00:00
KENT DUCTWORK LIMITED,02959285,A_CEILING_HIT,"established 1994, total-exemption-full filer",ltd,corporate subscriber,1994-08-16,total-exemption-full,"accounts category, NOT turnover",43290,"Baywood, 4 Brittains Lane, Sevenoaks, Kent",TN13 2ND,https://find-and-update.company-information.service.gov.uk/company/02959285,,TO BE ENRICHED — not held by Companies House,legitimate interests (LIA required before contact),Companies House public API,2026-07-12T04:35:49+00:00
ELECTRIC MANN LIMITED,13271573,A_CEILING_HIT,"established 2021, total-exemption-full filer",ltd,corporate subscriber,2021-03-16,total-exemption-full,"accounts category, NOT turnover",43210,"2nd Floor, One Hobbs House Harrovian Business Village, Bessborough Road, Harrow, Middlesex",HA1 3EX,https://find-and-update.company-information.service.gov.uk/company/13271573,,TO BE ENRICHED — not held by Companies House,legitimate interests (LIA required before contact),Companies House public API,2026-07-12T04:35:50+00:00
MARK HENDEN ELECTRICAL LIMITED,08419605,A_CEILING_HIT,"established 2013, total-exemption-full filer",ltd,corporate subscriber,2013-02-26,total-exemption-full,"accounts category, NOT turnover",43210,"3 Edgar Buildings, Bath",BA1 2FJ,https://find-and-update.company-information.service.gov.uk/company/08419605,,TO BE ENRICHED — not held by Companies House,legitimate interests (LIA required before contact),Companies House public API,2026-07-12T04:35:51+00:00
MACLEC LIMITED,09328513,B_COMPLIANCE_DROWNED,micro filer (micro-entity),ltd,corporate subscriber,2014-11-26,micro-entity,"accounts category, NOT turnover",43210,"21 Cheapside, Liverpool",L2 2DY,https://find-and-update.company-information.service.gov.uk/company/09328513,,TO BE ENRICHED — not held by Companies House,legitimate interests (LIA required before contact),Companies House public API,2026-07-12T04:35:52+00:00
CJC PLUMBING LIMITED,10772803,B_COMPLIANCE_DROWNED,micro filer (micro-entity),ltd,corporate subscriber,2017-05-16,micro-entity,"accounts category, NOT turnover",43220,"17 Victoria Road East, Thornton Cleveleys, Lancashire",FY5 5HT,https://find-and-update.company-information.service.gov.uk/company/10772803,,TO BE ENRICHED — not held by Companies House,legitimate interests (LIA required before contact),Companies House public API,2026-07-12T04:35:52+00:00
HARRISON ELECTRICAL CONTRACTORS LTD,07217781,A_CEILING_HIT,"established 2010, total-exemption-full filer",ltd,corporate subscriber,2010-04-08,total-exemption-full,"accounts category, NOT turnover",43210,"4 Lowerfold Crescent, Rochdale, Lancashire",OL12 7HZ,https://find-and-update.company-information.service.gov.uk/company/07217781,,TO BE ENRICHED — not held by Companies House,legitimate interests (LIA required before contact),Companies House public API,2026-07-12T04:35:53+00:00
DW ELECTRICS LTD,08176987,A_CEILING_HIT,"established 2012, unaudited-abridged filer",ltd,corporate subscriber,2012-08-13,unaudited-abridged,"accounts category, NOT turnover",43210,"Flat B 2, Nova Road, Croydon, Surrey",CR0 2TL,https://find-and-update.company-information.service.gov.uk/company/08176987,,TO BE ENRICHED — not held by Companies House,legitimate interests (LIA required before contact),Companies House public API,2026-07-12T04:35:54+00:00
PREMIER LABORATORY SYSTEMS LIMITED,02194175,A_CEILING_HIT,"established 1987, total-exemption-full filer",ltd,corporate subscriber,1987-11-16,total-exemption-full,"accounts category, NOT turnover",25110; 43220,"50/60 Station Road, Cambridge",CB1 2JH,https://find-and-update.company-information.service.gov.uk/company/02194175,,TO BE ENRICHED — not held by Companies House,legitimate interests (LIA required before contact),Companies House public API,2026-07-12T04:35:54+00:00
M.B.F.M. LIMITED,06418131,B_COMPLIANCE_DROWNED,micro filer (micro-entity),ltd,corporate subscriber,2007-11-05,micro-entity,"accounts category, NOT turnover",43290,"Units 11 & 12 Upminster Trading Park, Warley Street, Upminster",RM14 3PJ,https://find-and-update.company-information.service.gov.uk/company/06418131,,TO BE ENRICHED — not held by Companies House,legitimate interests (LIA required before contact),Companies House public API,2026-07-12T04:35:55+00:00
TS PLUMBING & HEATING CONTRACTORS LTD,11402399,B_COMPLIANCE_DROWNED,micro filer (micro-entity),ltd,corporate subscriber,2018-06-07,micro-entity,"accounts category, NOT turnover",43220,"My Trusted Accountant Limited Unit 6, Balfour Court, Leyland, Preston, Lancashire",PR25 2TF,https://find-and-update.company-information.service.gov.uk/company/11402399,,TO BE ENRICHED — not held by Companies House,legitimate interests (LIA required before contact),Companies House public API,2026-07-12T04:35:56+00:00
HARRISON CONSTRUCTION GROUP LTD,14127900,B_COMPLIANCE_DROWNED,"young (2022), total-exemption-full filer",ltd,corporate subscriber,2022-05-24,total-exemption-full,"accounts category, NOT turnover",41202; 43290,"28 Alexandra Terrace, Exmouth, Devon",EX8 1BD,https://find-and-update.company-information.service.gov.uk/company/14127900,,TO BE ENRICHED — not held by Companies House,legitimate interests (LIA required before contact),Companies House public API,2026-07-12T04:35:56+00:00
NORTH POINT ELECTRICAL LTD,11373426,B_COMPLIANCE_DROWNED,micro filer (micro-entity),ltd,corporate subscriber,2018-05-21,micro-entity,"accounts category, NOT turnover",43210,"26 Willow Way, Begbroke, Oxford, Oxfordshire",OX5 1SD,https://find-and-update.company-information.service.gov.uk/company/11373426,,TO BE ENRICHED — not held by Companies House,legitimate interests (LIA required before contact),Companies House public API,2026-07-12T04:35:57+00:00
SJ NEWTON ELECTRICAL LIMITED,07349100,A_CEILING_HIT,"established 2010, total-exemption-full filer",ltd,corporate subscriber,2010-08-18,total-exemption-full,"accounts category, NOT turnover",43210,"The Mill, Kingsteignton Road, Newton Abbot, Devon",TQ12 2QA,https://find-and-update.company-information.service.gov.uk/company/07349100,,TO BE ENRICHED — not held by Companies House,legitimate interests (LIA required before contact),Companies House public API,2026-07-12T04:35:58+00:00
AMP ELECTRICAL SERVICES LIMITED,06895527,B_COMPLIANCE_DROWNED,micro filer (micro-entity),ltd,corporate subscriber,2009-05-05,micro-entity,"accounts category, NOT turnover",43210,"591 London Road, Cheam, Sutton, Surrey",SM3 9AG,https://find-and-update.company-information.service.gov.uk/company/06895527,,TO BE ENRICHED — not held by Companies House,legitimate interests (LIA required before contact),Companies House public API,2026-07-12T04:35:58+00:00
DM WELDING SERVICES LIMITED,10893640,B_COMPLIANCE_DROWNED,micro filer (micro-entity),ltd,corporate subscriber,2017-08-01,micro-entity,"accounts category, NOT turnover",43290,"Unit M228 Trident Business Centre, 89 Bickersteth Road, London",SW17 9SH,https://find-and-update.company-information.service.gov.uk/company/10893640,,TO BE ENRICHED — not held by Companies House,legitimate interests (LIA required before contact),Companies House public API,2026-07-12T04:35:59+00:00
PAUL BUCKLEY ENGINEERING SERVICES LIMITED,10796647,EXCLUDED_DORMANT,"dormant — not trading, not a buyer",ltd,corporate subscriber,2017-05-31,dormant,"accounts category, NOT turnover",43210,"38 Milverton Drive, Ickenham, Uxbridge",UB10 8PP,https://find-and-update.company-information.service.gov.uk/company/10796647,,TO BE ENRICHED — not held by Companies House,legitimate interests (LIA required before contact),Companies House public API,2026-07-12T04:36:00+00:00
LEWIS CONTRACTORS LIMITED,08548902,A_CEILING_HIT,"established 2013, total-exemption-full filer",ltd,corporate subscriber,2013-05-30,total-exemption-full,"accounts category, NOT turnover",43210,"Office 12, 19 Moorfield Road, Slyfield Industrial Estate, Guildford",GU1 1RU,https://find-and-update.company-information.service.gov.uk/company/08548902,,TO BE ENRICHED — not held by Companies House,legitimate interests (LIA required before contact),Companies House public API,2026-07-12T04:36:00+00:00
MCB ELECTRICAL LIMITED,SC447025,B_COMPLIANCE_DROWNED,micro filer (micro-entity),ltd,corporate subscriber,2013-04-08,micro-entity,"accounts category, NOT turnover",43210,"152a High Street, Irvine, Ayrshire",KA12 8AN,https://find-and-update.company-information.service.gov.uk/company/SC447025,,TO BE ENRICHED — not held by Companies House,legitimate interests (LIA required before contact),Companies House public API,2026-07-12T04:36:01+00:00
LSC ELECTRICAL LIMITED,05420786,B_COMPLIANCE_DROWNED,micro filer (micro-entity),ltd,corporate subscriber,2005-04-11,micro-entity,"accounts category, NOT turnover",43210,"12 West Links Tollgate, Chandler's Ford, Eastleigh",SO53 3TG,https://find-and-update.company-information.service.gov.uk/company/05420786,,TO BE ENRICHED — not held by Companies House,legitimate interests (LIA required before contact),Companies House public API,2026-07-12T04:36:02+00:00
ALPHA ELECTRICAL CONTRACTOR LTD,08367533,B_COMPLIANCE_DROWNED,micro filer (micro-entity),ltd,corporate subscriber,2013-01-21,micro-entity,"accounts category, NOT turnover",43210,"17 Whitworth Place, Whitton, Hounslow",TW4 5ER,https://find-and-update.company-information.service.gov.uk/company/08367533,,TO BE ENRICHED — not held by Companies House,legitimate interests (LIA required before contact),Companies House public API,2026-07-12T04:36:03+00:00
CURTIS & CARDER SERVICES SUPPLIES LTD,08651827,EXCLUDED_DORMANT,"dormant — not trading, not a buyer",ltd,corporate subscriber,2013-08-15,dormant,"accounts category, NOT turnover",43220; 43999; 70229,"Unit 1 Church Lane, Hardwick, Bicester, Oxfordshire",OX27 8SS,https://find-and-update.company-information.service.gov.uk/company/08651827,,TO BE ENRICHED — not held by Companies House,legitimate interests (LIA required before contact),Companies House public API,2026-07-12T04:36:03+00:00
SCL MANAGED SERVICES LIMITED,04441132,A_CEILING_HIT,"established 2002, unaudited-abridged filer",ltd,corporate subscriber,2002-05-17,unaudited-abridged,"accounts category, NOT turnover",43210; 43220; 43290; 81100,"167-169 Great Portland Street, 5th Floor Great Portland Street, London",W1W 5PF,https://find-and-update.company-information.service.gov.uk/company/04441132,,TO BE ENRICHED — not held by Companies House,legitimate interests (LIA required before contact),Companies House public API,2026-07-12T04:36:04+00:00
HATHOR AUDIO LIMITED,06254704,A_CEILING_HIT,"established 2007, total-exemption-full filer",ltd,corporate subscriber,2007-05-21,total-exemption-full,"accounts category, NOT turnover",43290,"12 Hatherley Road, Sidcup, Kent",DA14 4DT,https://find-and-update.company-information.service.gov.uk/company/06254704,,TO BE ENRICHED — not held by Companies House,legitimate interests (LIA required before contact),Companies House public API,2026-07-12T04:36:05+00:00
ADM ELECTRICAL SUSSEX LTD,13224764,A_CEILING_HIT,"established 2021, total-exemption-full filer",ltd,corporate subscriber,2021-02-25,total-exemption-full,"accounts category, NOT turnover",43210,"Demar House 14 Church Road, East Wittering, Chichester, West Sussex",PO20 8PS,https://find-and-update.company-information.service.gov.uk/company/13224764,,TO BE ENRICHED — not held by Companies House,legitimate interests (LIA required before contact),Companies House public API,2026-07-12T04:36:05+00:00
SPARTAN MECHANICAL LTD,07673658,A_CEILING_HIT,"established 2011, total-exemption-full filer",ltd,corporate subscriber,2011-06-17,total-exemption-full,"accounts category, NOT turnover",43220,"Unit 3 Winkworth Business Park London Road, Hartley Wintney, Hook, Hampshire",RG27 8WP,https://find-and-update.company-information.service.gov.uk/company/07673658,,TO BE ENRICHED — not held by Companies House,legitimate interests (LIA required before contact),Companies House public API,2026-07-12T04:36:06+00:00
MATT BROWNING LIMITED,06896734,A_CEILING_HIT,"established 2009, total-exemption-full filer",ltd,corporate subscriber,2009-05-06,total-exemption-full,"accounts category, NOT turnover",43210; 43290; 43999,"54 Red Rose, Binfield, Bracknell, Berkshire",RG42 5LD,https://find-and-update.company-information.service.gov.uk/company/06896734,,TO BE ENRICHED — not held by Companies House,legitimate interests (LIA required before contact),Companies House public API,2026-07-12T04:36:07+00:00
VALLEYTECH LTD,SC404481,A_CEILING_HIT,"established 2011, total-exemption-full filer",ltd,corporate subscriber,2011-08-01,total-exemption-full,"accounts category, NOT turnover",43220,"2&6 Wellgatehead, Lanark, South Lanarkshire",ML11 9AA,https://find-and-update.company-information.service.gov.uk/company/SC404481,,TO BE ENRICHED — not held by Companies House,legitimate interests (LIA required before contact),Companies House public API,2026-07-12T04:36:07+00:00
S E MANSFIELD ELECTRICAL SERVICES LTD.,08164200,B_COMPLIANCE_DROWNED,micro filer (micro-entity),ltd,corporate subscriber,2012-08-01,micro-entity,"accounts category, NOT turnover",43210,"26 High Street, Haslemere, Surrey",GU27 2HW,https://find-and-update.company-information.service.gov.uk/company/08164200,,TO BE ENRICHED — not held by Companies House,legitimate interests (LIA required before contact),Companies House public API,2026-07-12T04:36:08+00:00
MITCHELL’S LIFTING LIMITED,14149504,B_COMPLIANCE_DROWNED,"young (2022), total-exemption-full filer",ltd,corporate subscriber,2022-06-06,total-exemption-full,"accounts category, NOT turnover",43290,"21 Carradale Close, Eaglescliffe, Stockton-On-Tees",TS16 9HF,https://find-and-update.company-information.service.gov.uk/company/14149504,,TO BE ENRICHED — not held by Companies House,legitimate interests (LIA required before contact),Companies House public API,2026-07-12T04:36:09+00:00
JP JACOBS INTERNATIONAL ENGINEERING UK LTD,13604650,B_COMPLIANCE_DROWNED,"young (2021), total-exemption-full filer",ltd,corporate subscriber,2021-09-06,total-exemption-full,"accounts category, NOT turnover",41100; 42220; 43220; 43999,"128 City Road, London",EC1V 2NX,https://find-and-update.company-information.service.gov.uk/company/13604650,,TO BE ENRICHED — not held by Companies House,legitimate interests (LIA required before contact),Companies House public API,2026-07-12T04:36:09+00:00
KINGS OF NOTTINGHAM LIMITED,11525532,A_CEILING_HIT,"established 2018, total-exemption-full filer",ltd,corporate subscriber,2018-08-20,total-exemption-full,"accounts category, NOT turnover",43220,"10 Kingswell Avenue, Arnold, Nottingham",NG5 6SY,https://find-and-update.company-information.service.gov.uk/company/11525532,,TO BE ENRICHED — not held by Companies House,legitimate interests (LIA required before contact),Companies House public API,2026-07-12T04:36:10+00:00
POLARITY ELECTRICAL LIMITED,06683415,A_CEILING_HIT,"established 2008, total-exemption-full filer",ltd,corporate subscriber,2008-08-28,total-exemption-full,"accounts category, NOT turnover",43210,"898-902 Wimborne Road, Moordown, Bournemouth, Dorset",BH9 2DW,https://find-and-update.company-information.service.gov.uk/company/06683415,,TO BE ENRICHED — not held by Companies House,legitimate interests (LIA required before contact),Companies House public API,2026-07-12T04:36:11+00:00
REDE GROUP LTD,12786769,B_COMPLIANCE_DROWNED,micro filer (micro-entity),ltd,corporate subscriber,2020-08-02,micro-entity,"accounts category, NOT turnover",43220,"37 High Street, Chatham, Kent",ME4 4EN,https://find-and-update.company-information.service.gov.uk/company/12786769,,TO BE ENRICHED — not held by Companies House,legitimate interests (LIA required before contact),Companies House public API,2026-07-12T04:36:11+00:00
J PLAN OFFICE CONTRACTS LIMITED,07914554,B_COMPLIANCE_DROWNED,micro filer (micro-entity),ltd,corporate subscriber,2012-01-18,micro-entity,"accounts category, NOT turnover",43290,"Styles House, Wood Street, Waddeson, Buckinghamshire",HP18 0NN,https://find-and-update.company-information.service.gov.uk/company/07914554,,TO BE ENRICHED — not held by Companies House,legitimate interests (LIA required before contact),Companies House public API,2026-07-12T04:36:12+00:00
SJ GAS AND HEATING SOLUTIONS LTD,14136389,B_COMPLIANCE_DROWNED,micro filer (micro-entity),ltd,corporate subscriber,2022-05-27,micro-entity,"accounts category, NOT turnover",43220,"100 Trinity Road, Birmingham",B6 6NH,https://find-and-update.company-information.service.gov.uk/company/14136389,,TO BE ENRICHED — not held by Companies House,legitimate interests (LIA required before contact),Companies House public API,2026-07-12T04:36:13+00:00
JD ELECTRICAL SOLUTIONS LIMITED,04782767,B_COMPLIANCE_DROWNED,micro filer (micro-entity),ltd,corporate subscriber,2003-05-30,micro-entity,"accounts category, NOT turnover",43210,"78 Marrowbrook Lane, Farnborough, Hampshire",GU14 0AA,https://find-and-update.company-information.service.gov.uk/company/04782767,,TO BE ENRICHED — not held by Companies House,legitimate interests (LIA required before contact),Companies House public API,2026-07-12T04:36:14+00:00
HM ELECTRICAL CONTRACTORS LIMITED,10904305,A_CEILING_HIT,"established 2017, total-exemption-full filer",ltd,corporate subscriber,2017-08-08,total-exemption-full,"accounts category, NOT turnover",43210,"6 Ladbrooke Drive, Ladbrooke Drive, Potters Bar",EN6 1QP,https://find-and-update.company-information.service.gov.uk/company/10904305,,TO BE ENRICHED — not held by Companies House,legitimate interests (LIA required before contact),Companies House public API,2026-07-12T04:36:14+00:00
MH SCREENING LIMITED,12026235,A_CEILING_HIT,"established 2019, total-exemption-full filer",ltd,corporate subscriber,2019-05-31,total-exemption-full,"accounts category, NOT turnover",43290,"7 Haggerston Road, Borehamwood",WD6 4BU,https://find-and-update.company-information.service.gov.uk/company/12026235,,TO BE ENRICHED — not held by Companies House,legitimate interests (LIA required before contact),Companies House public API,2026-07-12T04:36:15+00:00
TLS ELECTRICAL LIMITED,06830343,A_CEILING_HIT,"established 2009, total-exemption-full filer",ltd,corporate subscriber,2009-02-25,total-exemption-full,"accounts category, NOT turnover",43210,"16 Forge Avenue, Coulsdon",CR5 1LR,https://find-and-update.company-information.service.gov.uk/company/06830343,,TO BE ENRICHED — not held by Companies House,legitimate interests (LIA required before contact),Companies House public API,2026-07-12T04:36:16+00:00
CAM JOINERY LIMITED,04449701,B_COMPLIANCE_DROWNED,micro filer (micro-entity),ltd,corporate subscriber,2002-05-29,micro-entity,"accounts category, NOT turnover",41202; 43210; 43320,"31 Wilmslow Road, Cheadle, Cheshire",SK8 1DR,https://find-and-update.company-information.service.gov.uk/company/04449701,,TO BE ENRICHED — not held by Companies House,legitimate interests (LIA required before contact),Companies House public API,2026-07-12T04:36:16+00:00
ASHR LTD,04511431,B_COMPLIANCE_DROWNED,micro filer (micro-entity),ltd,corporate subscriber,2002-08-14,micro-entity,"accounts category, NOT turnover",43220,"2 Clover Drive, Thrapston, Kettering, Northamptonshire",NN14 4RN,https://find-and-update.company-information.service.gov.uk/company/04511431,,TO BE ENRICHED — not held by Companies House,legitimate interests (LIA required before contact),Companies House public API,2026-07-12T04:36:17+00:00
AP PLUMBING CONTRACTORS LTD,12138239,A_CEILING_HIT,"established 2019, total-exemption-full filer",ltd,corporate subscriber,2019-08-05,total-exemption-full,"accounts category, NOT turnover",41201; 41202; 43220,"32 Brooks Avenue, London",E6 3PJ,https://find-and-update.company-information.service.gov.uk/company/12138239,,TO BE ENRICHED — not held by Companies House,legitimate interests (LIA required before contact),Companies House public API,2026-07-12T04:36:18+00:00
CAF ATKINSRÉALIS DIGITAL SIGNALLING LIMITED,15733136,B_COMPLIANCE_DROWNED,"young (2024), unaudited-abridged filer",ltd,corporate subscriber,2024-05-21,unaudited-abridged,"accounts category, NOT turnover",43290,"Coventry Techno Centre, Puma Way, Coventry",CV1 2TT,https://find-and-update.company-information.service.gov.uk/company/15733136,,TO BE ENRICHED — not held by Companies House,legitimate interests (LIA required before contact),Companies House public API,2026-07-12T04:36:18+00:00
P & J SECURITY & ELECTRICAL SYSTEMS LIMITED,05083838,A_CEILING_HIT,"established 2004, total-exemption-full filer",ltd,corporate subscriber,2004-03-25,total-exemption-full,"accounts category, NOT turnover",43210,"154 Broughton Road, Coppenhall, Crewe, Cheshire",CW1 4NR,https://find-and-update.company-information.service.gov.uk/company/05083838,,TO BE ENRICHED — not held by Companies House,legitimate interests (LIA required before contact),Companies House public API,2026-07-12T04:36:19+00:00
FEHU-KAUNAN LTD,14339516,B_COMPLIANCE_DROWNED,micro filer (micro-entity),ltd,corporate subscriber,2022-09-06,micro-entity,"accounts category, NOT turnover",43220; 46900; 49410; 53202,"76 Crown Street, Smethwick",B66 4SP,https://find-and-update.company-information.service.gov.uk/company/14339516,,TO BE ENRICHED — not held by Companies House,legitimate interests (LIA required before contact),Companies House public API,2026-07-12T04:36:20+00:00
NATIONWIDE RETROFIT LTD,09102971,B_COMPLIANCE_DROWNED,micro filer (micro-entity),ltd,corporate subscriber,2014-06-25,micro-entity,"accounts category, NOT turnover",43220; 43290; 43999,"28 Sophia House Cathedral Road, Cardiff",CF11 9LJ,https://find-and-update.company-information.service.gov.uk/company/09102971,,TO BE ENRICHED — not held by Companies House,legitimate interests (LIA required before contact),Companies House public API,2026-07-12T04:36:20+00:00
W. M. B. (INSTALLATIONS) LIMITED,01636820,A_CEILING_HIT,"established 1982, total-exemption-full filer",ltd,corporate subscriber,1982-05-20,total-exemption-full,"accounts category, NOT turnover",43210,"Ventures House, 11a Claremont Road, Salford",M6 7NW,https://find-and-update.company-information.service.gov.uk/company/01636820,,TO BE ENRICHED — not held by Companies House,legitimate interests (LIA required before contact),Companies House public API,2026-07-12T04:36:21+00:00
THERMAL ANGELL LTD,10921684,B_COMPLIANCE_DROWNED,micro filer (micro-entity),ltd,corporate subscriber,2017-08-18,micro-entity,"accounts category, NOT turnover",43290,"30 Aylesbury Drive, Houghton Regis, Dunstable",LU5 6FX,https://find-and-update.company-information.service.gov.uk/company/10921684,,TO BE ENRICHED — not held by Companies House,legitimate interests (LIA required before contact),Companies House public API,2026-07-12T04:36:22+00:00
POWERWORKS EVC LTD,14345982,EXCLUDED_DORMANT,"dormant — not trading, not a buyer",ltd,corporate subscriber,2022-09-08,dormant,"accounts category, NOT turnover",43210,"1st Floor, 119 High Street, Selsey, Chichester, West Sussex",PO20 0QB,https://find-and-update.company-information.service.gov.uk/company/14345982,,TO BE ENRICHED — not held by Companies House,legitimate interests (LIA required before contact),Companies House public API,2026-07-12T04:36:22+00:00
MS CONTRACTS (SCOT) LTD,SC624166,UNCLASSIFIED,no accounts filed yet — cannot size,ltd,corporate subscriber,2019-03-12,none,"accounts category, NOT turnover",43290,"4/1 91 Mitchell Street, Glasgow",G1 3LN,https://find-and-update.company-information.service.gov.uk/company/SC624166,,TO BE ENRICHED — not held by Companies House,legitimate interests (LIA required before contact),Companies House public API,2026-07-12T04:36:23+00:00
JAC INSTALLATIONS LTD,11368459,B_COMPLIANCE_DROWNED,micro filer (micro-entity),ltd,corporate subscriber,2018-05-17,micro-entity,"accounts category, NOT turnover",43210,"9 Woodstock Road, Gateshead",NE9 7TS,https://find-and-update.company-information.service.gov.uk/company/11368459,,TO BE ENRICHED — not held by Companies House,legitimate interests (LIA required before contact),Companies House public API,2026-07-12T04:36:24+00:00
FRANCIS HOMES SUSSEX LTD,14049257,B_COMPLIANCE_DROWNED,"young (2022), total-exemption-full filer",ltd,corporate subscriber,2022-04-14,total-exemption-full,"accounts category, NOT turnover",43220,"325a Goring Road, Goring-By-Sea, Worthing",BN12 4NX,https://find-and-update.company-information.service.gov.uk/company/14049257,,TO BE ENRICHED — not held by Companies House,legitimate interests (LIA required before contact),Companies House public API,2026-07-12T04:36:25+00:00
P H D ELECTRICAL SERVICES (LEEDS) LIMITED,07604546,A_CEILING_HIT,"established 2011, total-exemption-full filer",ltd,corporate subscriber,2011-04-14,total-exemption-full,"accounts category, NOT turnover",43210,"Office 12, Pickups Business Park Grangefield Road, Stanningley, Pudsey",LS28 6JP,https://find-and-update.company-information.service.gov.uk/company/07604546,,TO BE ENRICHED — not held by Companies House,legitimate interests (LIA required before contact),Companies House public API,2026-07-12T04:36:25+00:00
K1 ELECTRICAL SERVICES LTD,08924084,B_COMPLIANCE_DROWNED,micro filer (micro-entity),ltd,corporate subscriber,2014-03-05,micro-entity,"accounts category, NOT turnover",43210,"24 Pendragon Road, Bromley",BR1 5JY,https://find-and-update.company-information.service.gov.uk/company/08924084,,TO BE ENRICHED — not held by Companies House,legitimate interests (LIA required before contact),Companies House public API,2026-07-12T04:36:26+00:00
MALCOLM FAULDER GAS SERVICES LIMITED,14322845,B_COMPLIANCE_DROWNED,micro filer (micro-entity),ltd,corporate subscriber,2022-08-30,micro-entity,"accounts category, NOT turnover",43220,"13 North Lane, Navenby, Lincoln",LN5 0EH,https://find-and-update.company-information.service.gov.uk/company/14322845,,TO BE ENRICHED — not held by Companies House,legitimate interests (LIA required before contact),Companies House public API,2026-07-12T04:36:27+00:00
BAILEY SPARKS LTD,12222813,B_COMPLIANCE_DROWNED,micro filer (micro-entity),ltd,corporate subscriber,2019-09-23,micro-entity,"accounts category, NOT turnover",43210; 43999,"18 Royce Close, Dunstable",LU6 2NT,https://find-and-update.company-information.service.gov.uk/company/12222813,,TO BE ENRICHED — not held by Companies House,legitimate interests (LIA required before contact),Companies House public API,2026-07-12T04:36:27+00:00
REACTIVE PLUMBING AND DRAINAGE LIMITED,09747938,A_CEILING_HIT,"established 2015, unaudited-abridged filer",ltd,corporate subscriber,2015-08-25,unaudited-abridged,"accounts category, NOT turnover",43220,"2 Upton Road, Birkenhead",CH41 0DF,https://find-and-update.company-information.service.gov.uk/company/09747938,,TO BE ENRICHED — not held by Companies House,legitimate interests (LIA required before contact),Companies House public API,2026-07-12T04:36:28+00:00
ALMEIDA PLUMBING LTD,11855049,B_COMPLIANCE_DROWNED,micro filer (micro-entity),ltd,corporate subscriber,2019-03-01,micro-entity,"accounts category, NOT turnover",43220,"38 Downs Road, Slough",SL3 7DF,https://find-and-update.company-information.service.gov.uk/company/11855049,,TO BE ENRICHED — not held by Companies House,legitimate interests (LIA required before contact),Companies House public API,2026-07-12T04:36:29+00:00
WAVE CONSTRUCTION LTD,11855079,B_COMPLIANCE_DROWNED,micro filer (micro-entity),ltd,corporate subscriber,2019-03-01,micro-entity,"accounts category, NOT turnover",41201; 41202; 43290,"6 Hall Lane, Harlington, Hayes",UB3 5LB,https://find-and-update.company-information.service.gov.uk/company/11855079,,TO BE ENRICHED — not held by Companies House,legitimate interests (LIA required before contact),Companies House public API,2026-07-12T04:36:29+00:00
TOWN CENTRE HOUSING (SCOTLAND) LTD,SC561195,B_COMPLIANCE_DROWNED,micro filer (micro-entity),ltd,corporate subscriber,2017-03-22,micro-entity,"accounts category, NOT turnover",43290,"7 Blackthorn Grove, Kirkintilloch, Glasgow",G66 4DA,https://find-and-update.company-information.service.gov.uk/company/SC561195,,TO BE ENRICHED — not held by Companies House,legitimate interests (LIA required before contact),Companies House public API,2026-07-12T04:36:30+00:00
TRL ELECTRICAL SERVICES LTD,14339953,EXCLUDED_DORMANT,"dormant — not trading, not a buyer",ltd,corporate subscriber,2022-09-06,dormant,"accounts category, NOT turnover",43210,"24 Rye Crescent, Orpington, Kent",BR5 4NE,https://find-and-update.company-information.service.gov.uk/company/14339953,,TO BE ENRICHED — not held by Companies House,legitimate interests (LIA required before contact),Companies House public API,2026-07-12T04:36:31+00:00
GAS LINK (MIDLANDS) LTD,10116425,B_COMPLIANCE_DROWNED,micro filer (micro-entity),ltd,corporate subscriber,2016-04-11,micro-entity,"accounts category, NOT turnover",43220,"12 Ashdown Close, Loughborough, Leicestershire",LE11 4TQ,https://find-and-update.company-information.service.gov.uk/company/10116425,,TO BE ENRICHED — not held by Companies House,legitimate interests (LIA required before contact),Companies House public API,2026-07-12T04:36:31+00:00
LAWSON E&I SERVICES LTD,SC617467,UNCLASSIFIED,no accounts filed yet — cannot size,ltd,corporate subscriber,2019-01-08,none,"accounts category, NOT turnover",43210,"272 Bath Street, Glasgow",G2 4JR,https://find-and-update.company-information.service.gov.uk/company/SC617467,,TO BE ENRICHED — not held by Companies House,legitimate interests (LIA required before contact),Companies House public API,2026-07-12T04:36:32+00:00
CIRRUS ELECTRICAL LIMITED,11965431,B_COMPLIANCE_DROWNED,micro filer (micro-entity),ltd,corporate subscriber,2019-04-26,micro-entity,"accounts category, NOT turnover",43210,"45 Crescent Road, Stonehouse",GL10 2AR,https://find-and-update.company-information.service.gov.uk/company/11965431,,TO BE ENRICHED — not held by Companies House,legitimate interests (LIA required before contact),Companies House public API,2026-07-12T04:36:33+00:00
BEE ELECTRICAL LIMITED,06381705,A_CEILING_HIT,"established 2007, total-exemption-full filer",ltd,corporate subscriber,2007-09-26,total-exemption-full,"accounts category, NOT turnover",43210,"16 Heath Road, Hanham, Bristol",BS15 3JT,https://find-and-update.company-information.service.gov.uk/company/06381705,,TO BE ENRICHED — not held by Companies House,legitimate interests (LIA required before contact),Companies House public API,2026-07-12T04:36:34+00:00
EDSP SOLUTIONS LIMITED,14365436,B_COMPLIANCE_DROWNED,"young (2022), total-exemption-full filer",ltd,corporate subscriber,2022-09-20,total-exemption-full,"accounts category, NOT turnover",43210,"3 Gadwall Road, Houghton Le Spring",DH4 5NL,https://find-and-update.company-information.service.gov.uk/company/14365436,,TO BE ENRICHED — not held by Companies House,legitimate interests (LIA required before contact),Companies House public API,2026-07-12T04:36:34+00:00
PHS (NI) LIMITED,NI614750,B_COMPLIANCE_DROWNED,micro filer (micro-entity),ltd,corporate subscriber,2012-10-02,micro-entity,"accounts category, NOT turnover",43220,"37 Annaghmakeown Road, Dungannon, County Tyrone",BT70 3DQ,https://find-and-update.company-information.service.gov.uk/company/NI614750,,TO BE ENRICHED — not held by Companies House,legitimate interests (LIA required before contact),Companies House public API,2026-07-12T04:36:35+00:00
R W P SOLUTIONS (MIDLANDS) LIMITED,09195391,B_COMPLIANCE_DROWNED,micro filer (micro-entity),ltd,corporate subscriber,2014-08-29,micro-entity,"accounts category, NOT turnover",43210,"Suite 3 Watling Chambers, 214 Watling Street, Bridgtown, Cannock",WS11 0DB,https://find-and-update.company-information.service.gov.uk/company/09195391,,TO BE ENRICHED — not held by Companies House,legitimate interests (LIA required before contact),Companies House public API,2026-07-12T04:36:36+00:00
ECOLECT TECHNICAL SERVICES UK LTD,14904137,EXCLUDED_DORMANT,"dormant — not trading, not a buyer",ltd,corporate subscriber,2023-05-30,dormant,"accounts category, NOT turnover",43210,"Dept 849a, 43 Owston Road, Carcroft, Doncaster",DN6 8DA,https://find-and-update.company-information.service.gov.uk/company/14904137,,TO BE ENRICHED — not held by Companies House,legitimate interests (LIA required before contact),Companies House public API,2026-07-12T04:36:36+00:00
MCB ELECTRICAL CONTRACTORS LTD,14449930,B_COMPLIANCE_DROWNED,"young (2022), total-exemption-full filer",ltd,corporate subscriber,2022-10-28,total-exemption-full,"accounts category, NOT turnover",43210,"Unit 12 Common Road, Low Moor, Bradford",BD12 0NB,https://find-and-update.company-information.service.gov.uk/company/14449930,,TO BE ENRICHED — not held by Companies House,legitimate interests (LIA required before contact),Companies House public API,2026-07-12T04:36:37+00:00
T. J. E ELECTRICAL SERVICES LIMITED,09187996,B_COMPLIANCE_DROWNED,micro filer (micro-entity),ltd,corporate subscriber,2014-08-28,micro-entity,"accounts category, NOT turnover",43210,"Suite 3 Watling Chambers, 214 Watling Street, Bridgtown,, Cannock",WS11 0DB,https://find-and-update.company-information.service.gov.uk/company/09187996,,TO BE ENRICHED — not held by Companies House,legitimate interests (LIA required before contact),Companies House public API,2026-07-12T04:36:38+00:00
ELECTRICAL MANAGEMENT LTD,11379119,B_COMPLIANCE_DROWNED,micro filer (micro-entity),ltd,corporate subscriber,2018-05-23,micro-entity,"accounts category, NOT turnover",43210,"16a Revenge Road, Chatham",ME5 8UD,https://find-and-update.company-information.service.gov.uk/company/11379119,,TO BE ENRICHED — not held by Companies House,legitimate interests (LIA required before contact),Companies House public API,2026-07-12T04:36:38+00:00
ECHO ENGINEERING IRELAND LTD,NI663817,A_CEILING_HIT,"established 2019, total-exemption-full filer",ltd,corporate subscriber,2019-08-20,total-exemption-full,"accounts category, NOT turnover",41100; 42990; 43290; 43999,"208 Magheraveely Road, Magheraveely, Enniskillen",BT92 6LZ,https://find-and-update.company-information.service.gov.uk/company/NI663817,,TO BE ENRICHED — not held by Companies House,legitimate interests (LIA required before contact),Companies House public API,2026-07-12T04:36:39+00:00
LIU LIU SHUN LTD,13586392,B_COMPLIANCE_DROWNED,micro filer (micro-entity),ltd,corporate subscriber,2021-08-25,micro-entity,"accounts category, NOT turnover",41202; 43290; 43390,"75 Southview Crescent, Sheffield",S7 1DG,https://find-and-update.company-information.service.gov.uk/company/13586392,,TO BE ENRICHED — not held by Companies House,legitimate interests (LIA required before contact),Companies House public API,2026-07-12T04:36:40+00:00
ONE CALL LIMITED,SC151215,A_CEILING_HIT,"established 1994, total-exemption-full filer",ltd,corporate subscriber,1994-06-02,total-exemption-full,"accounts category, NOT turnover",41201; 43210; 43320,"C/O Johnston Carmichael Bishop's Court, 29 Albyn Place, Aberdeen",AB10 1YL,https://find-and-update.company-information.service.gov.uk/company/SC151215,,TO BE ENRICHED — not held by Companies House,legitimate interests (LIA required before contact),Companies House public API,2026-07-12T04:36:40+00:00
DAVE GRIFFITHS PIPE FITTING LTD,08171513,B_COMPLIANCE_DROWNED,micro filer (micro-entity),ltd,corporate subscriber,2012-08-08,micro-entity,"accounts category, NOT turnover",43220,"89 Broad Street, Bromsgrove, Worcestershire",B61 8LN,https://find-and-update.company-information.service.gov.uk/company/08171513,,TO BE ENRICHED — not held by Companies House,legitimate interests (LIA required before contact),Companies House public API,2026-07-12T04:36:41+00:00
MAY CONNECTIONS LTD,12481783,A_CEILING_HIT,"established 2020, total-exemption-full filer",ltd,corporate subscriber,2020-02-25,total-exemption-full,"accounts category, NOT turnover",43210,"Unit A6 Chaucer Business Park, Dittons Road, Polegate, East Sussex",BN26 6QH,https://find-and-update.company-information.service.gov.uk/company/12481783,,TO BE ENRICHED — not held by Companies House,legitimate interests (LIA required before contact),Companies House public API,2026-07-12T04:36:42+00:00
A&P ELECTRICAL SERVICES LTD,12012437,A_CEILING_HIT,"established 2019, total-exemption-full filer",ltd,corporate subscriber,2019-05-22,total-exemption-full,"accounts category, NOT turnover",43210,"Steward House, 14 Commercial Way, Woking",GU21 6ET,https://find-and-update.company-information.service.gov.uk/company/12012437,,TO BE ENRICHED — not held by Companies House,legitimate interests (LIA required before contact),Companies House public API,2026-07-12T04:36:42+00:00
HAMPTONS ELECTRICAL LTD,12143790,A_CEILING_HIT,"established 2019, total-exemption-full filer",ltd,corporate subscriber,2019-08-07,total-exemption-full,"accounts category, NOT turnover",43210,"223 Hadley Park Road, Leegomery, Telford",TF1 6QG,https://find-and-update.company-information.service.gov.uk/company/12143790,,TO BE ENRICHED — not held by Companies House,legitimate interests (LIA required before contact),Companies House public API,2026-07-12T04:36:43+00:00
A.J. ROBSON (ELECTRICAL) LIMITED,SC103346,A_CEILING_HIT,"established 1987, total-exemption-full filer",ltd,corporate subscriber,1987-02-25,total-exemption-full,"accounts category, NOT turnover",43210,"14 Carden Place, Aberdeen",AB10 1UR,https://find-and-update.company-information.service.gov.uk/company/SC103346,,TO BE ENRICHED — not held by Companies House,legitimate interests (LIA required before contact),Companies House public API,2026-07-12T04:36:44+00:00
BB PLUMBING LTD,SC662889,A_CEILING_HIT,"established 2020, total-exemption-full filer",ltd,corporate subscriber,2020-06-02,total-exemption-full,"accounts category, NOT turnover",43220,"Office Suite 15 Glenbervie Business Centre, Ramoyle House, Larbert",FK5 4RB,https://find-and-update.company-information.service.gov.uk/company/SC662889,,TO BE ENRICHED — not held by Companies House,legitimate interests (LIA required before contact),Companies House public API,2026-07-12T04:36:45+00:00
SOLEC GENERATION LTD,14879126,B_COMPLIANCE_DROWNED,micro filer (micro-entity),ltd,corporate subscriber,2023-05-18,micro-entity,"accounts category, NOT turnover",43210,"31 The Willows, Dudley",DY2 9HB,https://find-and-update.company-information.service.gov.uk/company/14879126,,TO BE ENRICHED — not held by Companies House,legitimate interests (LIA required before contact),Companies House public API,2026-07-12T04:36:45+00:00
PRIME MEP SOLUTIONS LTD.,12827259,EXCLUDED_DORMANT,"dormant — not trading, not a buyer",ltd,corporate subscriber,2020-08-20,dormant,"accounts category, NOT turnover",43210; 71129,"24 Pavement Square, Croydon",CR0 6TL,https://find-and-update.company-information.service.gov.uk/company/12827259,,TO BE ENRICHED — not held by Companies House,legitimate interests (LIA required before contact),Companies House public API,2026-07-12T04:36:46+00:00
JDL PLUMBING & HEATING LTD,09278573,B_COMPLIANCE_DROWNED,micro filer (micro-entity),ltd,corporate subscriber,2014-10-24,micro-entity,"accounts category, NOT turnover",43220,"5a Pickford Street, Huddersfield",HD3 4LQ,https://find-and-update.company-information.service.gov.uk/company/09278573,,TO BE ENRICHED — not held by Companies House,legitimate interests (LIA required before contact),Companies House public API,2026-07-12T04:36:47+00:00
VITA GROUP (NW) LTD,12166693,B_COMPLIANCE_DROWNED,micro filer (micro-entity),ltd,corporate subscriber,2019-08-21,micro-entity,"accounts category, NOT turnover",43210,"Crown House, 4 High Street, Tyldesley, Manchester",M29 8AL,https://find-and-update.company-information.service.gov.uk/company/12166693,,TO BE ENRICHED — not held by Companies House,legitimate interests (LIA required before contact),Companies House public API,2026-07-12T04:36:47+00:00
HALSALL SECURITY LIMITED,06047759,A_CEILING_HIT,"established 2007, total-exemption-full filer",ltd,corporate subscriber,2007-01-10,total-exemption-full,"accounts category, NOT turnover",43290,"The Graduation Centre, Progress Drive, Cannock, Staffordshire",WS11 0JF,https://find-and-update.company-information.service.gov.uk/company/06047759,,TO BE ENRICHED — not held by Companies House,legitimate interests (LIA required before contact),Companies House public API,2026-07-12T04:36:48+00:00
S PHILLIPS PLUMBING AND HEATING LTD,10781268,B_COMPLIANCE_DROWNED,micro filer (micro-entity),ltd,corporate subscriber,2017-05-20,micro-entity,"accounts category, NOT turnover",43220,"29 Cuckfield Crescent, Worthing",BN13 2ED,https://find-and-update.company-information.service.gov.uk/company/10781268,,TO BE ENRICHED — not held by Companies House,legitimate interests (LIA required before contact),Companies House public API,2026-07-12T04:36:49+00:00
RIVERS ELECTRICAL LIMITED,06260569,B_COMPLIANCE_DROWNED,micro filer (micro-entity),ltd,corporate subscriber,2007-05-29,micro-entity,"accounts category, NOT turnover",43210,"15 Fir Street, Burnley",BB10 4AL,https://find-and-update.company-information.service.gov.uk/company/06260569,,TO BE ENRICHED — not held by Companies House,legitimate interests (LIA required before contact),Companies House public API,2026-07-12T04:36:49+00:00
EDUCATION DATA SERVICES (UK) LIMITED,06125873,B_COMPLIANCE_DROWNED,micro filer (micro-entity),ltd,corporate subscriber,2007-02-23,micro-entity,"accounts category, NOT turnover",43210,"46 Devonshire Road, London",SE23 3SR,https://find-and-update.company-information.service.gov.uk/company/06125873,,TO BE ENRICHED — not held by Companies House,legitimate interests (LIA required before contact),Companies House public API,2026-07-12T04:36:50+00:00
GOS HEATING SERVICES LIMITED,11537685,B_COMPLIANCE_DROWNED,micro filer (micro-entity),ltd,corporate subscriber,2018-08-25,micro-entity,"accounts category, NOT turnover",43220,"Unit C1 The Maltings, Station Road, Sawbridgeworth, Hertfordshire",CM21 9JX,https://find-and-update.company-information.service.gov.uk/company/11537685,,TO BE ENRICHED — not held by Companies House,legitimate interests (LIA required before contact),Companies House public API,2026-07-12T04:36:51+00:00
HANDY ELECTRICS LTD,13523877,EXCLUDED_DORMANT,"dormant — not trading, not a buyer",ltd,corporate subscriber,2021-07-22,dormant,"accounts category, NOT turnover",43210,"172 172 Church Street, Witham, Essex",CM8 2JJ,https://find-and-update.company-information.service.gov.uk/company/13523877,,TO BE ENRICHED — not held by Companies House,legitimate interests (LIA required before contact),Companies House public API,2026-07-12T04:36:51+00:00
GHOST FIRE & SECURITY LTD,13423737,B_COMPLIANCE_DROWNED,micro filer (micro-entity),ltd,corporate subscriber,2021-05-27,micro-entity,"accounts category, NOT turnover",43210,"52 Woodcroft Avenue, Rossendale",BB4 8NF,https://find-and-update.company-information.service.gov.uk/company/13423737,,TO BE ENRICHED — not held by Companies House,legitimate interests (LIA required before contact),Companies House public API,2026-07-12T04:36:52+00:00
H2O AND GAS LIMITED,09720049,B_COMPLIANCE_DROWNED,micro filer (micro-entity),ltd,corporate subscriber,2015-08-06,micro-entity,"accounts category, NOT turnover",43220,"Millennium House, London Road, East Grinstead, West Sussex",RH19 1QE,https://find-and-update.company-information.service.gov.uk/company/09720049,,TO BE ENRICHED — not held by Companies House,legitimate interests (LIA required before contact),Companies House public API,2026-07-12T04:36:53+00:00
STOKE ASH LTD,12179284,B_COMPLIANCE_DROWNED,micro filer (micro-entity),ltd,corporate subscriber,2019-08-29,micro-entity,"accounts category, NOT turnover",41202; 43290,"14 Chalfont Close, Leigh-On-Sea, Essex",SS9 4NF,https://find-and-update.company-information.service.gov.uk/company/12179284,,TO BE ENRICHED — not held by Companies House,legitimate interests (LIA required before contact),Companies House public API,2026-07-12T04:36:53+00:00
VG HOME IMPROVEMENTS LTD,14568139,B_COMPLIANCE_DROWNED,micro filer (micro-entity),ltd,corporate subscriber,2023-01-03,micro-entity,"accounts category, NOT turnover",43220; 43330; 43341; 43390,"6 Gammon Close, Hemel Hempstead",HP3 8EB,https://find-and-update.company-information.service.gov.uk/company/14568139,,TO BE ENRICHED — not held by Companies House,legitimate interests (LIA required before contact),Companies House public API,2026-07-12T04:36:54+00:00
DANTECH MEDIA LIMITED,10793251,B_COMPLIANCE_DROWNED,micro filer (micro-entity),ltd,corporate subscriber,2017-05-30,micro-entity,"accounts category, NOT turnover",43210,"10 Mossfield Drive, Biddulph, Stoke-On-Trent",ST8 6UL,https://find-and-update.company-information.service.gov.uk/company/10793251,,TO BE ENRICHED — not held by Companies House,legitimate interests (LIA required before contact),Companies House public API,2026-07-12T04:36:55+00:00
H-MARC SAFETY SOLUTIONS LTD,12822174,B_COMPLIANCE_DROWNED,micro filer (micro-entity),ltd,corporate subscriber,2020-08-18,micro-entity,"accounts category, NOT turnover",43210; 61100; 61200; 80200,"128 City Road, London",EC1V 2NX,https://find-and-update.company-information.service.gov.uk/company/12822174,,TO BE ENRICHED — not held by Companies House,legitimate interests (LIA required before contact),Companies House public API,2026-07-12T04:36:55+00:00
DWM CONSTRUCTION LTD,13318094,B_COMPLIANCE_DROWNED,micro filer (micro-entity),ltd,corporate subscriber,2021-04-07,micro-entity,"accounts category, NOT turnover",43220; 43330; 43910; 43999,"27 Findon Road, London",N9 7QB,https://find-and-update.company-information.service.gov.uk/company/13318094,,TO BE ENRICHED — not held by Companies House,legitimate interests (LIA required before contact),Companies House public API,2026-07-12T04:36:56+00:00
PASCO BUILDINGS SERVICES LIMITED,13371698,B_COMPLIANCE_DROWNED,micro filer (micro-entity),ltd,corporate subscriber,2021-05-03,micro-entity,"accounts category, NOT turnover",43290,"7 Framfield Road, Mitcham",CR4 2AU,https://find-and-update.company-information.service.gov.uk/company/13371698,,TO BE ENRICHED — not held by Companies House,legitimate interests (LIA required before contact),Companies House public API,2026-07-12T04:36:57+00:00
CAMS INSTALLATIONS LTD,10750890,B_COMPLIANCE_DROWNED,micro filer (micro-entity),ltd,corporate subscriber,2017-05-03,micro-entity,"accounts category, NOT turnover",43210,"32 Kingfisher Drive Greenhithe, Dartford, Kent",DA9 9RS,https://find-and-update.company-information.service.gov.uk/company/10750890,,TO BE ENRICHED — not held by Companies House,legitimate interests (LIA required before contact),Companies House public API,2026-07-12T04:36:58+00:00
ATLAS SERVICES SOLUTIONS (SCOTLAND) LTD,SC704009,B_COMPLIANCE_DROWNED,"young (2021), total-exemption-full filer",ltd,corporate subscriber,2021-07-13,total-exemption-full,"accounts category, NOT turnover",43220,"3 Dava Street, Glasgow",G51 2JA,https://find-and-update.company-information.service.gov.uk/company/SC704009,,TO BE ENRICHED — not held by Companies House,legitimate interests (LIA required before contact),Companies House public API,2026-07-12T04:36:58+00:00
EDWARDS POWER LIMITED,14082725,B_COMPLIANCE_DROWNED,micro filer (micro-entity),ltd,corporate subscriber,2022-05-03,micro-entity,"accounts category, NOT turnover",43210; 70229,"152 Sheerstock Haddenham, Aylesbury, Buckinghamshire",HP17 8EX,https://find-and-update.company-information.service.gov.uk/company/14082725,,TO BE ENRICHED — not held by Companies House,legitimate interests (LIA required before contact),Companies House public API,2026-07-12T04:36:59+00:00
HEIGHT-EX NORTH WEST LIMITED,10751785,B_COMPLIANCE_DROWNED,micro filer (micro-entity),ltd,corporate subscriber,2017-05-03,micro-entity,"accounts category, NOT turnover",43210,"17 Victoria Road East, Thornton Cleveleys, Lancashire",FY5 5HT,https://find-and-update.company-information.service.gov.uk/company/10751785,,TO BE ENRICHED — not held by Companies House,legitimate interests (LIA required before contact),Companies House public API,2026-07-12T04:37:00+00:00
AL RASEF ROADS CONTRACTING UK LIMITED,14119817,EXCLUDED_DORMANT,"dormant — not trading, not a buyer",ltd,corporate subscriber,2022-05-20,dormant,"accounts category, NOT turnover",41100; 42110; 43210; 43999,"C/O Blake And Ernst 25 Cabot Square, 14th Floor, London",E14 4QA,https://find-and-update.company-information.service.gov.uk/company/14119817,,TO BE ENRICHED — not held by Companies House,legitimate interests (LIA required before contact),Companies House public API,2026-07-12T04:37:00+00:00
P & P PLUMBING AND HEATING INSTALLATIONS LIMITED,11962983,B_COMPLIANCE_DROWNED,micro filer (micro-entity),ltd,corporate subscriber,2019-04-25,micro-entity,"accounts category, NOT turnover",43220,"145 Grimsby Road, Cleethorpes",DN35 7DG,https://find-and-update.company-information.service.gov.uk/company/11962983,,TO BE ENRICHED — not held by Companies House,legitimate interests (LIA required before contact),Companies House public API,2026-07-12T04:37:01+00:00
GO WITH THE FLOW PLUMBING AND HEATING LTD,07090461,B_COMPLIANCE_DROWNED,micro filer (micro-entity),ltd,corporate subscriber,2009-11-30,micro-entity,"accounts category, NOT turnover",43220,"40c Longrdge Road, Earls Court, London",SW5 9SJ,https://find-and-update.company-information.service.gov.uk/company/07090461,,TO BE ENRICHED — not held by Companies House,legitimate interests (LIA required before contact),Companies House public API,2026-07-12T04:37:02+00:00
LEON CARPENTRY LIMITED,10751232,B_COMPLIANCE_DROWNED,micro filer (micro-entity),ltd,corporate subscriber,2017-05-03,micro-entity,"accounts category, NOT turnover",43290; 43320; 43390,"92 New Road, London",E4 9SY,https://find-and-update.company-information.service.gov.uk/company/10751232,,TO BE ENRICHED — not held by Companies House,legitimate interests (LIA required before contact),Companies House public API,2026-07-12T04:37:02+00:00
AJM PLUMBING & HEATING NI LIMITED,NI668324,B_COMPLIANCE_DROWNED,micro filer (micro-entity),ltd,corporate subscriber,2020-03-09,micro-entity,"accounts category, NOT turnover",43220,"Aisling House, 50 Stranmillis Embankment, Belfast",BT9 5FL,https://find-and-update.company-information.service.gov.uk/company/NI668324,,TO BE ENRICHED — not held by Companies House,legitimate interests (LIA required before contact),Companies House public API,2026-07-12T04:37:03+00:00
A.J.L. MIDLANDS ELECTRICAL SERVICES LTD,05831940,A_CEILING_HIT,"established 2006, total-exemption-full filer",ltd,corporate subscriber,2006-05-30,total-exemption-full,"accounts category, NOT turnover",43210,"1034 Old Lode Lane, Solihull, West Midlands",B92 8LJ,https://find-and-update.company-information.service.gov.uk/company/05831940,,TO BE ENRICHED — not held by Companies House,legitimate interests (LIA required before contact),Companies House public API,2026-07-12T04:37:04+00:00
ARTEL ELECTRIC LIMITED,14327980,EXCLUDED_DORMANT,"dormant — not trading, not a buyer",ltd,corporate subscriber,2022-08-31,dormant,"accounts category, NOT turnover",42220; 43210; 43290; 96090,"Fiboard House, 5 Oakleigh Gardens, London",N20 9AB,https://find-and-update.company-information.service.gov.uk/company/14327980,,TO BE ENRICHED — not held by Companies House,legitimate interests (LIA required before contact),Companies House public API,2026-07-12T04:37:04+00:00
USE SOLAR LTD,14326883,B_COMPLIANCE_DROWNED,micro filer (micro-entity),ltd,corporate subscriber,2022-08-31,micro-entity,"accounts category, NOT turnover",43290,"24 Unit 24 Britannia Way, Park Royal Metro Centre, London",NW10 7PA,https://find-and-update.company-information.service.gov.uk/company/14326883,,TO BE ENRICHED — not held by Companies House,legitimate interests (LIA required before contact),Companies House public API,2026-07-12T04:37:05+00:00
MB PLUMBING AND HEATING SERVICES LIMITED,SC630087,A_CEILING_HIT,"established 2019, total-exemption-full filer",ltd,corporate subscriber,2019-05-10,total-exemption-full,"accounts category, NOT turnover",43220,"C/O Mclay, Mcalister & Mcgibbon Llp, 145 St Vincent Street, Glasgow",G2 5JF,https://find-and-update.company-information.service.gov.uk/company/SC630087,,TO BE ENRICHED — not held by Companies House,legitimate interests (LIA required before contact),Companies House public API,2026-07-12T04:37:06+00:00
ELLIS INTEGRATED SYSTEMS LIMITED,03206124,A_CEILING_HIT,"established 1996, total-exemption-full filer",ltd,corporate subscriber,1996-05-31,total-exemption-full,"accounts category, NOT turnover",43210,"Ellis House E6 Fareham Heights, Standard Way, Fareham, Hampshire",PO16 8XT,https://find-and-update.company-information.service.gov.uk/company/03206124,,TO BE ENRICHED — not held by Companies House,legitimate interests (LIA required before contact),Companies House public API,2026-07-12T04:37:06+00:00
C K SERVICES (HORNCASTLE) LIMITED,05229434,B_COMPLIANCE_DROWNED,micro filer (micro-entity),ltd,corporate subscriber,2004-09-13,micro-entity,"accounts category, NOT turnover",43220,"10 Park Road, Horncastle",LN9 5EF,https://find-and-update.company-information.service.gov.uk/company/05229434,,TO BE ENRICHED — not held by Companies House,legitimate interests (LIA required before contact),Companies House public API,2026-07-12T04:37:07+00:00
CERTIFIER LTD,09165077,A_CEILING_HIT,"established 2014, total-exemption-full filer",ltd,corporate subscriber,2014-08-06,total-exemption-full,"accounts category, NOT turnover",43210,"324 Southend Road, Wickford, Essex",SS11 8QS,https://find-and-update.company-information.service.gov.uk/company/09165077,,TO BE ENRICHED — not held by Companies House,legitimate interests (LIA required before contact),Companies House public API,2026-07-12T04:37:08+00:00
ETJ ELECTRICAL LIMITED,10338730,A_CEILING_HIT,"established 2016, total-exemption-full filer",ltd,corporate subscriber,2016-08-19,total-exemption-full,"accounts category, NOT turnover",43210,"11 Cross Keys, Bearsted, Maidstone, Kent",ME14 4HR,https://find-and-update.company-information.service.gov.uk/company/10338730,,TO BE ENRICHED — not held by Companies House,legitimate interests (LIA required before contact),Companies House public API,2026-07-12T04:37:09+00:00
BSF CONSUMABLES LTD,09170952,A_CEILING_HIT,"established 2014, total-exemption-full filer",ltd,corporate subscriber,2014-08-11,total-exemption-full,"accounts category, NOT turnover",43290; 43390,"58 Upper Mulgrave Road, Cheam, Sutton, Surrey",SM2 7AJ,https://find-and-update.company-information.service.gov.uk/company/09170952,,TO BE ENRICHED — not held by Companies House,legitimate interests (LIA required before contact),Companies House public API,2026-07-12T04:37:09+00:00
ICAN PROJECT SOLUTIONS LTD,05472261,B_COMPLIANCE_DROWNED,micro filer (micro-entity),ltd,corporate subscriber,2005-06-06,micro-entity,"accounts category, NOT turnover",43210,"7 Bankside, The Watermark, Gateshead",NE11 9SY,https://find-and-update.company-information.service.gov.uk/company/05472261,,TO BE ENRICHED — not held by Companies House,legitimate interests (LIA required before contact),Companies House public API,2026-07-12T04:37:10+00:00
J SUTCLIFFE (BOLTON) LTD,12452293,B_COMPLIANCE_DROWNED,micro filer (micro-entity),ltd,corporate subscriber,2020-02-10,micro-entity,"accounts category, NOT turnover",43220,"35 Denstone Crescent, Bolton",BL2 5DE,https://find-and-update.company-information.service.gov.uk/company/12452293,,TO BE ENRICHED — not held by Companies House,legitimate interests (LIA required before contact),Companies House public API,2026-07-12T04:37:11+00:00
HAYK CORPORATION LTD,11545901,B_COMPLIANCE_DROWNED,micro filer (micro-entity),ltd,corporate subscriber,2018-08-31,micro-entity,"accounts category, NOT turnover",33140; 33200; 43210,"627 Field End Road, Ruislip",HA4 0RF,https://find-and-update.company-information.service.gov.uk/company/11545901,,TO BE ENRICHED — not held by Companies House,legitimate interests (LIA required before contact),Companies House public API,2026-07-12T04:37:11+00:00
MELTON MOWBRAY AIR CONDITIONING LIMITED,15128962,EXCLUDED_DORMANT,"dormant — not trading, not a buyer",ltd,corporate subscriber,2023-09-11,dormant,"accounts category, NOT turnover",43220,"4 Grosvenor Close, Radcliffe-On-Trent, Nottingham",NG12 2NN,https://find-and-update.company-information.service.gov.uk/company/15128962,,TO BE ENRICHED — not held by Companies House,legitimate interests (LIA required before contact),Companies House public API,2026-07-12T04:37:12+00:00
SHINNIE ELECTRICAL LIMITED,SC544212,B_COMPLIANCE_DROWNED,micro filer (micro-entity),ltd,corporate subscriber,2016-08-31,micro-entity,"accounts category, NOT turnover",43210,"9 Fassiefern Avenue, Bridge Of Don, Aberdeen",AB23 8BZ,https://find-and-update.company-information.service.gov.uk/company/SC544212,,TO BE ENRICHED — not held by Companies House,legitimate interests (LIA required before contact),Companies House public API,2026-07-12T04:37:13+00:00
L B SYSTEMS LIMITED,09181923,A_CEILING_HIT,"established 2014, total-exemption-full filer",ltd,corporate subscriber,2014-08-19,total-exemption-full,"accounts category, NOT turnover",43290,"4 Whitworth Drive, Randlay, Telford, Shropshire",TF3 2NN,https://find-and-update.company-information.service.gov.uk/company/09181923,,TO BE ENRICHED — not held by Companies House,legitimate interests (LIA required before contact),Companies House public API,2026-07-12T04:37:13+00:00
S. C. ELECTRICAL (NORTH WEST) LIMITED,10178707,B_COMPLIANCE_DROWNED,micro filer (micro-entity),ltd,corporate subscriber,2016-05-13,micro-entity,"accounts category, NOT turnover",43210,"Toy Farm Washington Lane, Euxton, Chorley",PR7 6DE,https://find-and-update.company-information.service.gov.uk/company/10178707,,TO BE ENRICHED — not held by Companies House,legitimate interests (LIA required before contact),Companies House public API,2026-07-12T04:37:14+00:00
ELECTROMATION LIMITED,03378239,A_CEILING_HIT,"established 1997, total-exemption-full filer",ltd,corporate subscriber,1997-05-30,total-exemption-full,"accounts category, NOT turnover",43210,"The Old Post Office, 41-43 Market Place, Chippenham, Wiltshire",SN15 3HR,https://find-and-update.company-information.service.gov.uk/company/03378239,,TO BE ENRICHED — not held by Companies House,legitimate interests (LIA required before contact),Companies House public API,2026-07-12T04:37:15+00:00
S&S ELECTRICAL INSTALLATIONS LTD,10720861,A_CEILING_HIT,"established 2017, total-exemption-full filer",ltd,corporate subscriber,2017-04-11,total-exemption-full,"accounts category, NOT turnover",43210,"310 Wellingborough Road, Northampton",NN1 4EP,https://find-and-update.company-information.service.gov.uk/company/10720861,,TO BE ENRICHED — not held by Companies House,legitimate interests (LIA required before contact),Companies House public API,2026-07-12T04:37:15+00:00
LBC NEW HOMES LTD,12020127,B_COMPLIANCE_DROWNED,micro filer (micro-entity),ltd,corporate subscriber,2019-05-28,micro-entity,"accounts category, NOT turnover",43210,"59 Chantry Ave, Kempston, Beds",MK42 7QX,https://find-and-update.company-information.service.gov.uk/company/12020127,,TO BE ENRICHED — not held by Companies House,legitimate interests (LIA required before contact),Companies House public API,2026-07-12T04:37:16+00:00
ABBEY SOLAR RENEWABLES LIMITED,08543143,B_COMPLIANCE_DROWNED,micro filer (micro-entity),ltd,corporate subscriber,2013-05-24,micro-entity,"accounts category, NOT turnover",35110; 43220,"Church Court, Stourbridge Road, Halesowen, West Midlands",B63 3TT,https://find-and-update.company-information.service.gov.uk/company/08543143,,TO BE ENRICHED — not held by Companies House,legitimate interests (LIA required before contact),Companies House public API,2026-07-12T04:37:17+00:00
EBS ELECTRICAL LIMITED,04478289,B_COMPLIANCE_DROWNED,micro filer (micro-entity),ltd,corporate subscriber,2002-07-05,micro-entity,"accounts category, NOT turnover",43210,"8 Holly Walk, Silsoe, Bedford",MK45 4EB,https://find-and-update.company-information.service.gov.uk/company/04478289,,TO BE ENRICHED — not held by Companies House,legitimate interests (LIA required before contact),Companies House public API,2026-07-12T04:37:18+00:00
BLAYMIRES PLUMBING & HEATING LIMITED,11549828,B_COMPLIANCE_DROWNED,micro filer (micro-entity),ltd,corporate subscriber,2018-09-03,micro-entity,"accounts category, NOT turnover",43220,"Office 010 Upper Wortley Business Centre, 127 Upper Wortley Road, Leeds",LS12 4JG,https://find-and-update.company-information.service.gov.uk/company/11549828,,TO BE ENRICHED — not held by Companies House,legitimate interests (LIA required before contact),Companies House public API,2026-07-12T04:37:19+00:00
INVICTA ELECTRICAL & BUILDING SERVICES LIMITED,10184690,A_CEILING_HIT,"established 2016, total-exemption-full filer",ltd,corporate subscriber,2016-05-17,total-exemption-full,"accounts category, NOT turnover",43210; 43390,"Suite 3 Falcon Court Business Centre, College Road, Maidstone, Kent",ME15 6TF,https://find-and-update.company-information.service.gov.uk/company/10184690,,TO BE ENRICHED — not held by Companies House,legitimate interests (LIA required before contact),Companies House public API,2026-07-12T04:37:19+00:00
HOME DESIGN ELECTRICAL LTD,13258810,B_COMPLIANCE_DROWNED,micro filer (micro-entity),ltd,corporate subscriber,2021-03-11,micro-entity,"accounts category, NOT turnover",43210,"466 Hammondstreet Road, Cheshunt, Waltham Cross",EN7 6PQ,https://find-and-update.company-information.service.gov.uk/company/13258810,,TO BE ENRICHED — not held by Companies House,legitimate interests (LIA required before contact),Companies House public API,2026-07-12T04:37:20+00:00
JLO PROJECTS LTD,12216048,A_CEILING_HIT,"established 2019, total-exemption-full filer",ltd,corporate subscriber,2019-09-19,total-exemption-full,"accounts category, NOT turnover",43210; 43320; 70229,"50 Moorland View, Stoke-On-Trent",ST6 7NG,https://find-and-update.company-information.service.gov.uk/company/12216048,,TO BE ENRICHED — not held by Companies House,legitimate interests (LIA required before contact),Companies House public API,2026-07-12T04:37:21+00:00
AC KITCHENS & BATHROOMS LTD,09626308,B_COMPLIANCE_DROWNED,micro filer (micro-entity),ltd,corporate subscriber,2015-06-05,micro-entity,"accounts category, NOT turnover",43290,"Suite 3, Falcon Court Business Centre, College Road, Maidstone",ME15 6TF,https://find-and-update.company-information.service.gov.uk/company/09626308,,TO BE ENRICHED — not held by Companies House,legitimate interests (LIA required before contact),Companies House public API,2026-07-12T04:37:21+00:00
STUART YOUNG HEATING SERVICES LIMITED,12004530,B_COMPLIANCE_DROWNED,micro filer (micro-entity),ltd,corporate subscriber,2019-05-20,micro-entity,"accounts category, NOT turnover",43220,"Suite 1 Telford House, Warwick Road, Carlisle",CA1 2BT,https://find-and-update.company-information.service.gov.uk/company/12004530,,TO BE ENRICHED — not held by Companies House,legitimate interests (LIA required before contact),Companies House public API,2026-07-12T04:37:22+00:00
SC ECO GROUP LTD,09748522,B_COMPLIANCE_DROWNED,micro filer (micro-entity),ltd,corporate subscriber,2015-08-25,micro-entity,"accounts category, NOT turnover",43220,"73 Broad Lane South, Wednesfield, Wolverhampton",WV11 3RX,https://find-and-update.company-information.service.gov.uk/company/09748522,,TO BE ENRICHED — not held by Companies House,legitimate interests (LIA required before contact),Companies House public API,2026-07-12T04:37:23+00:00
I A MORELAND LIMITED,05797096,B_COMPLIANCE_DROWNED,micro filer (micro-entity),ltd,corporate subscriber,2006-04-26,micro-entity,"accounts category, NOT turnover",43220,"1 Heather Lane, Packington, Ashby-De-La-Zouch, Leicestershire",LE65 1WF,https://find-and-update.company-information.service.gov.uk/company/05797096,,TO BE ENRICHED — not held by Companies House,legitimate interests (LIA required before contact),Companies House public API,2026-07-12T04:37:24+00:00
M-LEX LONDON LIMITED,13996142,B_COMPLIANCE_DROWNED,micro filer (micro-entity),ltd,corporate subscriber,2022-03-22,micro-entity,"accounts category, NOT turnover",43210,"188 Mitcham Road, London",SW17 9NJ,https://find-and-update.company-information.service.gov.uk/company/13996142,,TO BE ENRICHED — not held by Companies House,legitimate interests (LIA required before contact),Companies House public API,2026-07-12T04:37:24+00:00
SPEEDY PLUMBING LTD,13831363,B_COMPLIANCE_DROWNED,micro filer (micro-entity),ltd,corporate subscriber,2022-01-06,micro-entity,"accounts category, NOT turnover",43220,"24 Swanland Grove, Hull",HU6 8NY,https://find-and-update.company-information.service.gov.uk/company/13831363,,TO BE ENRICHED — not held by Companies House,legitimate interests (LIA required before contact),Companies House public API,2026-07-12T04:37:25+00:00
LONG'S ELECTRICAL SERVICES LTD,14907250,EXCLUDED_DORMANT,"dormant — not trading, not a buyer",ltd,corporate subscriber,2023-05-31,dormant,"accounts category, NOT turnover",43210,"Unit 7a Radford Crescent, Billericay, Essex",CM12 0DU,https://find-and-update.company-information.service.gov.uk/company/14907250,,TO BE ENRICHED — not held by Companies House,legitimate interests (LIA required before contact),Companies House public API,2026-07-12T04:37:26+00:00
GJK PLUMBING & HEATING LTD,NI697696,B_COMPLIANCE_DROWNED,"young (2023), total-exemption-full filer",ltd,corporate subscriber,2023-05-26,total-exemption-full,"accounts category, NOT turnover",43220,"86 Aughnagurgan Road, Newtownhamilton, Newry",BT35 0DY,https://find-and-update.company-information.service.gov.uk/company/NI697696,,TO BE ENRICHED — not held by Companies House,legitimate interests (LIA required before contact),Companies House public API,2026-07-12T04:37:26+00:00
BUTLER BATHROOM & KITCHEN SOLUTIONS LIMITED,08195691,A_CEILING_HIT,"established 2012, total-exemption-full filer",ltd,corporate subscriber,2012-08-30,total-exemption-full,"accounts category, NOT turnover",43290,"30 Hamilton Road, Ashton-In-Makerfield, Wigan, Lancashire",WN4 0SU,https://find-and-update.company-information.service.gov.uk/company/08195691,,TO BE ENRICHED — not held by Companies House,legitimate interests (LIA required before contact),Companies House public API,2026-07-12T04:37:27+00:00
HARLINGTON ELECTRICAL SERVICE LTD,10319360,A_CEILING_HIT,"established 2016, total-exemption-full filer",ltd,corporate subscriber,2016-08-09,total-exemption-full,"accounts category, NOT turnover",43210,"34 Iverna Gardens, Feltham",TW14 9RQ,https://find-and-update.company-information.service.gov.uk/company/10319360,,TO BE ENRICHED — not held by Companies House,legitimate interests (LIA required before contact),Companies House public API,2026-07-12T04:37:28+00:00
R HUGHES PLUMBING & HEATING LIMITED,10325932,A_CEILING_HIT,"established 2016, total-exemption-full filer",ltd,corporate subscriber,2016-08-11,total-exemption-full,"accounts category, NOT turnover",43220,"7 Laureate Paddocks, Newmarket",CB8 0AP,https://find-and-update.company-information.service.gov.uk/company/10325932,,TO BE ENRICHED — not held by Companies House,legitimate interests (LIA required before contact),Companies House public API,2026-07-12T04:37:29+00:00
ANGMERING ELECTRICAL SERVICES LTD,11746865,B_COMPLIANCE_DROWNED,micro filer (micro-entity),ltd,corporate subscriber,2019-01-02,micro-entity,"accounts category, NOT turnover",43210,"158 Littlehampton Road, Ferring, Worthing",BN12 6PH,https://find-and-update.company-information.service.gov.uk/company/11746865,,TO BE ENRICHED — not held by Companies House,legitimate interests (LIA required before contact),Companies House public API,2026-07-12T04:37:29+00:00
FIXITCO LTD,08668033,A_CEILING_HIT,"established 2013, unaudited-abridged filer",ltd,corporate subscriber,2013-08-29,unaudited-abridged,"accounts category, NOT turnover",43220,"110 Carlton Avenue East, Wembley, Middlesex",HA9 8LY,https://find-and-update.company-information.service.gov.uk/company/08668033,,TO BE ENRICHED — not held by Companies House,legitimate interests (LIA required before contact),Companies House public API,2026-07-12T04:37:30+00:00
PT NETWORKS LTD,SC531319,B_COMPLIANCE_DROWNED,micro filer (micro-entity),ltd,corporate subscriber,2016-03-31,micro-entity,"accounts category, NOT turnover",43210,"3 Prospect Place, Westhill, Aberdeenshire",AB32 6SY,https://find-and-update.company-information.service.gov.uk/company/SC531319,,TO BE ENRICHED — not held by Companies House,legitimate interests (LIA required before contact),Companies House public API,2026-07-12T04:37:31+00:00
S & S SHETLIFFE LIMITED,05199528,A_CEILING_HIT,"established 2004, unaudited-abridged filer",ltd,corporate subscriber,2004-08-06,unaudited-abridged,"accounts category, NOT turnover",43220,"8 Chapel Street, Belper, Derbyshire",DE56 1AR,https://find-and-update.company-information.service.gov.uk/company/05199528,,TO BE ENRICHED — not held by Companies House,legitimate interests (LIA required before contact),Companies House public API,2026-07-12T04:37:31+00:00
J & M ELECTRICAL WEST LONDON LTD,08646108,B_COMPLIANCE_DROWNED,micro filer (micro-entity),ltd,corporate subscriber,2013-08-12,micro-entity,"accounts category, NOT turnover",43210,"30 Ruffle Close, West Drayton",UB7 9BP,https://find-and-update.company-information.service.gov.uk/company/08646108,,TO BE ENRICHED — not held by Companies House,legitimate interests (LIA required before contact),Companies House public API,2026-07-12T04:37:32+00:00
DPM PLUMBING AND HEATING LIMITED,09607882,A_CEILING_HIT,"established 2015, unaudited-abridged filer",ltd,corporate subscriber,2015-05-26,unaudited-abridged,"accounts category, NOT turnover",43220,"38 St. Marys Way, Longfield, Kent",DA3 7PD,https://find-and-update.company-information.service.gov.uk/company/09607882,,TO BE ENRICHED — not held by Companies House,legitimate interests (LIA required before contact),Companies House public API,2026-07-12T04:37:33+00:00
MJL PLUMBING AND BATHROOMS LTD,14855020,B_COMPLIANCE_DROWNED,micro filer (micro-entity),ltd,corporate subscriber,2023-05-09,micro-entity,"accounts category, NOT turnover",43220,"62 Penybont Road, Pencoed, Bridgend, Mid Glamorgan",CF35 5RA,https://find-and-update.company-information.service.gov.uk/company/14855020,,TO BE ENRICHED — not held by Companies House,legitimate interests (LIA required before contact),Companies House public API,2026-07-12T04:37:33+00:00
NATIONWIDE HEATING AND COOLING LIMITED,07249143,A_CEILING_HIT,"established 2010, total-exemption-full filer",ltd,corporate subscriber,2010-05-11,total-exemption-full,"accounts category, NOT turnover",43220,"37 Atley Business Park, Cramlington, Northumberland",NE23 1WP,https://find-and-update.company-information.service.gov.uk/company/07249143,,TO BE ENRICHED — not held by Companies House,legitimate interests (LIA required before contact),Companies House public API,2026-07-12T04:37:34+00:00
NEW WAVE PLUMBING & HEATING SERVICES LTD,12177959,B_COMPLIANCE_DROWNED,micro filer (micro-entity),ltd,corporate subscriber,2019-08-28,micro-entity,"accounts category, NOT turnover",43220,"65 Sorrell Square, Clipstone Village, Nottinghamshire",NG21 9GX,https://find-and-update.company-information.service.gov.uk/company/12177959,,TO BE ENRICHED — not held by Companies House,legitimate interests (LIA required before contact),Companies House public API,2026-07-12T04:37:35+00:00
M25 DRAINAGE LIMITED,12000265,EXCLUDED_DORMANT,"dormant — not trading, not a buyer",ltd,corporate subscriber,2019-05-16,dormant,"accounts category, NOT turnover",43220,"30 Ladyfields, Northfleet, Gravesend",DA11 8NU,https://find-and-update.company-information.service.gov.uk/company/12000265,,TO BE ENRICHED — not held by Companies House,legitimate interests (LIA required before contact),Companies House public API,2026-07-12T04:37:35+00:00
C & J ELECTRICAL INSTALLATIONS LTD.,SC281917,A_CEILING_HIT,"established 2005, total-exemption-full filer",ltd,corporate subscriber,2005-03-21,total-exemption-full,"accounts category, NOT turnover",43210,"Unit 5, Strathclyde Business Centre 416 Hamilton Road, Cambuslang, Glasgow",G72 7XR,https://find-and-update.company-information.service.gov.uk/company/SC281917,,TO BE ENRICHED — not held by Companies House,legitimate interests (LIA required before contact),Companies House public API,2026-07-12T04:37:36+00:00
A WEAVER ELECTRICAL LIMITED,09043137,A_CEILING_HIT,"established 2014, total-exemption-full filer",ltd,corporate subscriber,2014-05-16,total-exemption-full,"accounts category, NOT turnover",43210,"39 Berrowside Road, Birmingham",B34 7LD,https://find-and-update.company-information.service.gov.uk/company/09043137,,TO BE ENRICHED — not held by Companies House,legitimate interests (LIA required before contact),Companies House public API,2026-07-12T04:37:37+00:00
T.O. SKILLETER LIMITED,07641307,B_COMPLIANCE_DROWNED,micro filer (micro-entity),ltd,corporate subscriber,2011-05-20,micro-entity,"accounts category, NOT turnover",43220,"Wychwood, 123 Busbridge Lane, Godalming",GU7 1QJ,https://find-and-update.company-information.service.gov.uk/company/07641307,,TO BE ENRICHED — not held by Companies House,legitimate interests (LIA required before contact),Companies House public API,2026-07-12T04:37:37+00:00
T G AIR-CONDITIONING LTD,07734363,A_CEILING_HIT,"established 2011, total-exemption-full filer",ltd,corporate subscriber,2011-08-09,total-exemption-full,"accounts category, NOT turnover",43220,"37 Norton Hall Lane, Norton Canes, Cannock",WS11 9PG,https://find-and-update.company-information.service.gov.uk/company/07734363,,TO BE ENRICHED — not held by Companies House,legitimate interests (LIA required before contact),Companies House public API,2026-07-12T04:37:38+00:00
OAKTREE MAINTENANCE & DESIGN LIMITED,10921454,B_COMPLIANCE_DROWNED,micro filer (micro-entity),ltd,corporate subscriber,2017-08-17,micro-entity,"accounts category, NOT turnover",43290,"6 Chatsworth Avenue, Warton, Preston",PR4 1BQ,https://find-and-update.company-information.service.gov.uk/company/10921454,,TO BE ENRICHED — not held by Companies House,legitimate interests (LIA required before contact),Companies House public API,2026-07-12T04:37:39+00:00
IRH ELECTRICAL SERVICES LTD,07597723,A_CEILING_HIT,"established 2011, total-exemption-full filer",ltd,corporate subscriber,2011-04-08,total-exemption-full,"accounts category, NOT turnover",43210,"75 Bournemouth Road, Chandlers Ford, Eastleigh, Hampshire",SO53 3AP,https://find-and-update.company-information.service.gov.uk/company/07597723,,TO BE ENRICHED — not held by Companies House,legitimate interests (LIA required before contact),Companies House public API,2026-07-12T04:37:40+00:00
GLENFIELD INSTALLATIONS LTD,07884811,A_CEILING_HIT,"established 2011, total-exemption-full filer",ltd,corporate subscriber,2011-12-16,total-exemption-full,"accounts category, NOT turnover",43290,"35 Grace Dieu Road, Whitwick, Coalville",LE67 5AN,https://find-and-update.company-information.service.gov.uk/company/07884811,,TO BE ENRICHED — not held by Companies House,legitimate interests (LIA required before contact),Companies House public API,2026-07-12T04:37:40+00:00
MITCHELL PLUMBING & HEATING SERVICES LTD,11871075,B_COMPLIANCE_DROWNED,micro filer (micro-entity),ltd,corporate subscriber,2019-03-08,micro-entity,"accounts category, NOT turnover",43220,"5 Philip Road, Staines-Upon-Thames",TW18 1PW,https://find-and-update.company-information.service.gov.uk/company/11871075,,TO BE ENRICHED — not held by Companies House,legitimate interests (LIA required before contact),Companies House public API,2026-07-12T04:37:41+00:00
RINSED BATHROOMS LTD,15748302,EXCLUDED_DORMANT,"dormant — not trading, not a buyer",ltd,corporate subscriber,2024-05-29,dormant,"accounts category, NOT turnover",43220,"5 Chyngton Road, Seaford",BN25 4HA,https://find-and-update.company-information.service.gov.uk/company/15748302,,TO BE ENRICHED — not held by Companies House,legitimate interests (LIA required before contact),Companies House public API,2026-07-12T04:37:42+00:00
O J GAS SERVICES LTD,11434306,A_CEILING_HIT,"established 2018, total-exemption-full filer",ltd,corporate subscriber,2018-06-26,total-exemption-full,"accounts category, NOT turnover",43220,"86 Welham Road, Norton, Malton",YO17 9DS,https://find-and-update.company-information.service.gov.uk/company/11434306,,TO BE ENRICHED — not held by Companies House,legitimate interests (LIA required before contact),Companies House public API,2026-07-12T04:37:42+00:00
RFG ELEC SERVICES LIMITED,14356152,B_COMPLIANCE_DROWNED,micro filer (micro-entity),ltd,corporate subscriber,2022-09-14,micro-entity,"accounts category, NOT turnover",43210,"168 Lee Lane Horwich, Bolton, Greater Manchester",BL6 7AF,https://find-and-update.company-information.service.gov.uk/company/14356152,,TO BE ENRICHED — not held by Companies House,legitimate interests (LIA required before contact),Companies House public API,2026-07-12T04:37:43+00:00
J. BOLAS & SON LIMITED,01170852,B_COMPLIANCE_DROWNED,micro filer (micro-entity),ltd,corporate subscriber,1974-05-20,micro-entity,"accounts category, NOT turnover",43220,"84-90 Market Street, Hednesford, Cannock",WS12 1AG,https://find-and-update.company-information.service.gov.uk/company/01170852,,TO BE ENRICHED — not held by Companies House,legitimate interests (LIA required before contact),Companies House public API,2026-07-12T04:37:44+00:00
CROFT BANK DEVELOPMENTS LIMITED,07098527,B_COMPLIANCE_DROWNED,micro filer (micro-entity),ltd,corporate subscriber,2009-12-08,micro-entity,"accounts category, NOT turnover",43290,"Plantation House Lynn Road, Littleport, Ely, Cambridgeshire",CB7 4TD,https://find-and-update.company-information.service.gov.uk/company/07098527,,TO BE ENRICHED — not held by Companies House,legitimate interests (LIA required before contact),Companies House public API,2026-07-12T04:37:44+00:00
DTC ELECTRICS LIMITED,10925113,B_COMPLIANCE_DROWNED,micro filer (micro-entity),ltd,corporate subscriber,2017-08-21,micro-entity,"accounts category, NOT turnover",43210,"123 South Park Crescent, London",SE6 1JL,https://find-and-update.company-information.service.gov.uk/company/10925113,,TO BE ENRICHED — not held by Companies House,legitimate interests (LIA required before contact),Companies House public API,2026-07-12T04:37:45+00:00
DMG PLUMBING & HEATING LIMITED,08987352,A_CEILING_HIT,"established 2014, total-exemption-full filer",ltd,corporate subscriber,2014-04-09,total-exemption-full,"accounts category, NOT turnover",43220,"4 Capricorn Centre, Cranes Farm Road, Basildon, Essex",SS14 3JJ,https://find-and-update.company-information.service.gov.uk/company/08987352,,TO BE ENRICHED — not held by Companies House,legitimate interests (LIA required before contact),Companies House public API,2026-07-12T04:37:46+00:00
ENERGY PERFORMANCE INITIATIVES LTD,15748695,B_COMPLIANCE_DROWNED,micro filer (micro-entity),ltd,corporate subscriber,2024-05-29,micro-entity,"accounts category, NOT turnover",43290,"18 Ravenshurst Avenue, London",NW4 4EE,https://find-and-update.company-information.service.gov.uk/company/15748695,,TO BE ENRICHED — not held by Companies House,legitimate interests (LIA required before contact),Companies House public API,2026-07-12T04:37:46+00:00
GRITIRON LTD,15748813,B_COMPLIANCE_DROWNED,micro filer (micro-entity),ltd,corporate subscriber,2024-05-29,micro-entity,"accounts category, NOT turnover",43290; 70229,"18 Langley Hill, Calcot, Reading, Berkshire",RG31 4QU,https://find-and-update.company-information.service.gov.uk/company/15748813,,TO BE ENRICHED — not held by Companies House,legitimate interests (LIA required before contact),Companies House public API,2026-07-12T04:37:47+00:00
EASYJETTING SOLUTIONS LIMITED,13426186,A_CEILING_HIT,"established 2021, total-exemption-full filer",ltd,corporate subscriber,2021-05-28,total-exemption-full,"accounts category, NOT turnover",43220,"60 Barnacres Road, Hemel Hempstead",HP3 8JQ,https://find-and-update.company-information.service.gov.uk/company/13426186,,TO BE ENRICHED — not held by Companies House,legitimate interests (LIA required before contact),Companies House public API,2026-07-12T04:37:48+00:00
GRANGE HOME SOLUTIONS LTD,10774373,A_CEILING_HIT,"established 2017, total-exemption-full filer",ltd,corporate subscriber,2017-05-17,total-exemption-full,"accounts category, NOT turnover",43210,"20 West Grange, Sunderland",SR5 1NT,https://find-and-update.company-information.service.gov.uk/company/10774373,,TO BE ENRICHED — not held by Companies House,legitimate interests (LIA required before contact),Companies House public API,2026-07-12T04:37:48+00:00
GRAY SCOTT LTD,05816238,A_CEILING_HIT,"established 2006, total-exemption-full filer",ltd,corporate subscriber,2006-05-15,total-exemption-full,"accounts category, NOT turnover",43210,"Fisher Granary Fisher Lane, South Mundham, Chichester, West Sussex",PO20 1ND,https://find-and-update.company-information.service.gov.uk/company/05816238,,TO BE ENRICHED — not held by Companies House,legitimate interests (LIA required before contact),Companies House public API,2026-07-12T04:37:49+00:00
RAYLEIGH SERVICES LTD,14340140,B_COMPLIANCE_DROWNED,micro filer (micro-entity),ltd,corporate subscriber,2022-09-06,micro-entity,"accounts category, NOT turnover",43210,"Unit 7a Radford Crescent, Radford Crescent, Billericay, Essex",CM12 0DU,https://find-and-update.company-information.service.gov.uk/company/14340140,,TO BE ENRICHED — not held by Companies House,legitimate interests (LIA required before contact),Companies House public API,2026-07-12T04:37:50+00:00
J AND R PLUMBING & HEATING LIMITED,06918591,B_COMPLIANCE_DROWNED,micro filer (micro-entity),ltd,corporate subscriber,2009-05-29,micro-entity,"accounts category, NOT turnover",43220,"112 Urmston Lane, Stretford, Manchester",M32 9BQ,https://find-and-update.company-information.service.gov.uk/company/06918591,,TO BE ENRICHED — not held by Companies House,legitimate interests (LIA required before contact),Companies House public API,2026-07-12T04:37:51+00:00
ACCTIVE SYSTEMS LIMITED,03202850,A_CEILING_HIT,"established 1996, total-exemption-full filer",ltd,corporate subscriber,1996-05-23,total-exemption-full,"accounts category, NOT turnover",43210,"Capscade Yard, Station Road, Edenbridge, Kent",TN8 5NB,https://find-and-update.company-information.service.gov.uk/company/03202850,,TO BE ENRICHED — not held by Companies House,legitimate interests (LIA required before contact),Companies House public API,2026-07-12T04:37:51+00:00
INGERLITE ELECTRICAL & PROPERTY SERVICES LIMITED,11864632,B_COMPLIANCE_DROWNED,micro filer (micro-entity),ltd,corporate subscriber,2019-03-06,micro-entity,"accounts category, NOT turnover",43210,"Tickton Lodge, 8 Bellevue Road, Clevedon, North Somerset",BS21 7NR,https://find-and-update.company-information.service.gov.uk/company/11864632,,TO BE ENRICHED — not held by Companies House,legitimate interests (LIA required before contact),Companies House public API,2026-07-12T04:37:52+00:00
A BOOTH PLUMBING LTD,10352156,B_COMPLIANCE_DROWNED,micro filer (micro-entity),ltd,corporate subscriber,2016-08-31,micro-entity,"accounts category, NOT turnover",43220; 98000,"Tremayne, London Road, Retford",DN22 7HZ,https://find-and-update.company-information.service.gov.uk/company/10352156,,TO BE ENRICHED — not held by Companies House,legitimate interests (LIA required before contact),Companies House public API,2026-07-12T04:37:53+00:00
RICHARD YARDY (2002) LIMITED,04505601,B_COMPLIANCE_DROWNED,micro filer (micro-entity),ltd,corporate subscriber,2002-08-07,micro-entity,"accounts category, NOT turnover",43210,"55 March Road, Wimblington, March, Cambridgeshire",PE15 0RW,https://find-and-update.company-information.service.gov.uk/company/04505601,,TO BE ENRICHED — not held by Companies House,legitimate interests (LIA required before contact),Companies House public API,2026-07-12T04:37:53+00:00
BIG BEN PLUMBING LTD,13797894,B_COMPLIANCE_DROWNED,micro filer (micro-entity),ltd,corporate subscriber,2021-12-13,micro-entity,"accounts category, NOT turnover",43220,"76e Chaplin Road, Wembley",HA0 4UL,https://find-and-update.company-information.service.gov.uk/company/13797894,,TO BE ENRICHED — not held by Companies House,legitimate interests (LIA required before contact),Companies House public API,2026-07-12T04:37:54+00:00
TUONO TECH SERVICES LTD,14322771,B_COMPLIANCE_DROWNED,"young (2022), total-exemption-full filer",ltd,corporate subscriber,2022-08-30,total-exemption-full,"accounts category, NOT turnover",43210; 43390; 71129,"C/O Connect Accounting Llp Rear Of Raydean House, 15 Western Parade, Herts, England",EN5 1AH,https://find-and-update.company-information.service.gov.uk/company/14322771,,TO BE ENRICHED — not held by Companies House,legitimate interests (LIA required before contact),Companies House public API,2026-07-12T04:37:55+00:00
TJ ELECTRICAL SOLUTIONS LTD,13405725,A_CEILING_HIT,"established 2021, total-exemption-full filer",ltd,corporate subscriber,2021-05-18,total-exemption-full,"accounts category, NOT turnover",43210,"Unit A3, Worsley Bridge Road, London",SE26 5BN,https://find-and-update.company-information.service.gov.uk/company/13405725,,TO BE ENRICHED — not held by Companies House,legitimate interests (LIA required before contact),Companies House public API,2026-07-12T04:37:55+00:00
DECO MECHANICAL LTD,09721300,B_COMPLIANCE_DROWNED,micro filer (micro-entity),ltd,corporate subscriber,2015-08-06,micro-entity,"accounts category, NOT turnover",43220,"160 Eureka Park Upper Pemberton, Kennington, Ashford",TN25 4AZ,https://find-and-update.company-information.service.gov.uk/company/09721300,,TO BE ENRICHED — not held by Companies House,legitimate interests (LIA required before contact),Companies House public API,2026-07-12T04:37:56+00:00
TNS ELECTRICAL CONTRACTORS LTD,11587237,A_CEILING_HIT,"established 2018, total-exemption-full filer",ltd,corporate subscriber,2018-09-25,total-exemption-full,"accounts category, NOT turnover",43210,"Unit 1 2a Foulden Road, London",N16 7UR,https://find-and-update.company-information.service.gov.uk/company/11587237,,TO BE ENRICHED — not held by Companies House,legitimate interests (LIA required before contact),Companies House public API,2026-07-12T04:37:57+00:00
SF ELECTRICS LIMITED,NI647228,B_COMPLIANCE_DROWNED,micro filer (micro-entity),ltd,corporate subscriber,2017-08-02,micro-entity,"accounts category, NOT turnover",43210,"38a Low Rd, Ayallogue, Newry, Down",BT35 8RH,https://find-and-update.company-information.service.gov.uk/company/NI647228,,TO BE ENRICHED — not held by Companies House,legitimate interests (LIA required before contact),Companies House public API,2026-07-12T04:37:57+00:00
NOTTING HILL ELECTRICAL SERVICES LIMITED,12011087,B_COMPLIANCE_DROWNED,micro filer (micro-entity),ltd,corporate subscriber,2019-05-22,micro-entity,"accounts category, NOT turnover",43210,"77 St. Anns Road, London",W11 4SH,https://find-and-update.company-information.service.gov.uk/company/12011087,,TO BE ENRICHED — not held by Companies House,legitimate interests (LIA required before contact),Companies House public API,2026-07-12T04:37:58+00:00
LOCAL PLUMBERS GLASGOW LTD,SC710080,EXCLUDED_DORMANT,"dormant — not trading, not a buyer",ltd,corporate subscriber,2021-09-21,dormant,"accounts category, NOT turnover",43220,"25 Dunglass Avenue, East Kilbride, Glasgow",G74 4EG,https://find-and-update.company-information.service.gov.uk/company/SC710080,,TO BE ENRICHED — not held by Companies House,legitimate interests (LIA required before contact),Companies House public API,2026-07-12T04:37:59+00:00
K.W. ELECTRICAL (HEREFORD) LTD,09057476,A_CEILING_HIT,"established 2014, total-exemption-full filer",ltd,corporate subscriber,2014-05-27,total-exemption-full,"accounts category, NOT turnover",43210,"First Floor Hereford House, 3 Offa Street, Hereford",HR1 2LL,https://find-and-update.company-information.service.gov.uk/company/09057476,,TO BE ENRICHED — not held by Companies House,legitimate interests (LIA required before contact),Companies House public API,2026-07-12T04:38:00+00:00
LOCAL PLUMBERS EAST KILBRIDE LTD,SC708769,EXCLUDED_DORMANT,"dormant — not trading, not a buyer",ltd,corporate subscriber,2021-09-07,dormant,"accounts category, NOT turnover",43220,"25 Dunglass Avenue, East Kilbride, Glasgow",G74 4EG,https://find-and-update.company-information.service.gov.uk/company/SC708769,,TO BE ENRICHED — not held by Companies House,legitimate interests (LIA required before contact),Companies House public API,2026-07-12T04:38:00+00:00
APS ELECTRICAL (LONDON) LTD,09220326,A_CEILING_HIT,"established 2014, total-exemption-full filer",ltd,corporate subscriber,2014-09-16,total-exemption-full,"accounts category, NOT turnover",43210,"123 Cross Lane East, Gravesend, Kent",DA12 5HA,https://find-and-update.company-information.service.gov.uk/company/09220326,,TO BE ENRICHED — not held by Companies House,legitimate interests (LIA required before contact),Companies House public API,2026-07-12T04:38:01+00:00
ONSITE ELECTRICAL LIMITED,06391033,A_CEILING_HIT,"established 2007, total-exemption-full filer",ltd,corporate subscriber,2007-10-05,total-exemption-full,"accounts category, NOT turnover",43210,"Lydmore House, St Ann's Fort, Kings Lynn, Norfolk",PE30 2EU,https://find-and-update.company-information.service.gov.uk/company/06391033,,TO BE ENRICHED — not held by Companies House,legitimate interests (LIA required before contact),Companies House public API,2026-07-12T04:38:02+00:00
WOLLATON ELECTRICAL LTD,13552515,B_COMPLIANCE_DROWNED,micro filer (micro-entity),ltd,corporate subscriber,2021-08-06,micro-entity,"accounts category, NOT turnover",43210,"6 Beverley Close, Nottingham",NG8 2JH,https://find-and-update.company-information.service.gov.uk/company/13552515,,TO BE ENRICHED — not held by Companies House,legitimate interests (LIA required before contact),Companies House public API,2026-07-12T04:38:02+00:00
APEX HEAT LTD,12830629,B_COMPLIANCE_DROWNED,micro filer (micro-entity),ltd,corporate subscriber,2020-08-21,micro-entity,"accounts category, NOT turnover",43220,"6 Poplar Close, Burstwick, Hull",HU12 9HZ,https://find-and-update.company-information.service.gov.uk/company/12830629,,TO BE ENRICHED — not held by Companies House,legitimate interests (LIA required before contact),Companies House public API,2026-07-12T04:38:03+00:00
JASMAN ELECTRICS LTD,13582816,B_COMPLIANCE_DROWNED,"young (2021), total-exemption-full filer",ltd,corporate subscriber,2021-08-24,total-exemption-full,"accounts category, NOT turnover",33140; 43210,"6 The Riding, Leicester",LE4 1DW,https://find-and-update.company-information.service.gov.uk/company/13582816,,TO BE ENRICHED — not held by Companies House,legitimate interests (LIA required before contact),Companies House public API,2026-07-12T04:38:04+00:00
MPT HEATING & PLUMBING LTD,14116039,B_COMPLIANCE_DROWNED,micro filer (micro-entity),ltd,corporate subscriber,2022-05-18,micro-entity,"accounts category, NOT turnover",43220,"22 Sunbury Road, Cheam, Sutton",SM3 9AR,https://find-and-update.company-information.service.gov.uk/company/14116039,,TO BE ENRICHED — not held by Companies House,legitimate interests (LIA required before contact),Companies House public API,2026-07-12T04:38:04+00:00
L W UFH HEATING LIMITED,11517036,B_COMPLIANCE_DROWNED,micro filer (micro-entity),ltd,corporate subscriber,2018-08-14,micro-entity,"accounts category, NOT turnover",43220,"Fairways Cliff Walk, Pendine, Carmarthen",SA33 4PA,https://find-and-update.company-information.service.gov.uk/company/11517036,,TO BE ENRICHED — not held by Companies House,legitimate interests (LIA required before contact),Companies House public API,2026-07-12T04:38:05+00:00
COMPLETE PARTITIONS LIMITED,SC574397,B_COMPLIANCE_DROWNED,micro filer (micro-entity),ltd,corporate subscriber,2017-08-22,micro-entity,"accounts category, NOT turnover",43290,"C/O Grimley And Company, 172 Kelvinhaugh Street, Glasgow",G3 8PR,https://find-and-update.company-information.service.gov.uk/company/SC574397,,TO BE ENRICHED — not held by Companies House,legitimate interests (LIA required before contact),Companies House public API,2026-07-12T04:38:06+00:00
THORNDEAN PROJECTS LTD,11162832,B_COMPLIANCE_DROWNED,micro filer (micro-entity),ltd,corporate subscriber,2018-01-22,micro-entity,"accounts category, NOT turnover",43210,"Great Thorndean Farm Gables Slough Green Lane, Warninglid, Haywards Heath",RH17 5SL,https://find-and-update.company-information.service.gov.uk/company/11162832,,TO BE ENRICHED — not held by Companies House,legitimate interests (LIA required before contact),Companies House public API,2026-07-12T04:38:06+00:00
KRASI 23 ELECTRICAL LIMITED,09540310,A_CEILING_HIT,"established 2015, unaudited-abridged filer",ltd,corporate subscriber,2015-04-14,unaudited-abridged,"accounts category, NOT turnover",43210,"36 Freshfield Drive, London",N14 4QW,https://find-and-update.company-information.service.gov.uk/company/09540310,,TO BE ENRICHED — not held by Companies House,legitimate interests (LIA required before contact),Companies House public API,2026-07-12T04:38:07+00:00
M & S MOORE LIMITED,05524444,B_COMPLIANCE_DROWNED,micro filer (micro-entity),ltd,corporate subscriber,2005-08-01,micro-entity,"accounts category, NOT turnover",43220,"Copperfield Chapel Lane, Broughton, Brigg, North Lincolnshire",DN20 0HP,https://find-and-update.company-information.service.gov.uk/company/05524444,,TO BE ENRICHED — not held by Companies House,legitimate interests (LIA required before contact),Companies House public API,2026-07-12T04:38:08+00:00
DFB ELECTRICS LTD,13583466,EXCLUDED_DORMANT,"dormant — not trading, not a buyer",ltd,corporate subscriber,2021-08-24,dormant,"accounts category, NOT turnover",43210,"5 The Slades, Basildon",SS16 4SG,https://find-and-update.company-information.service.gov.uk/company/13583466,,TO BE ENRICHED — not held by Companies House,legitimate interests (LIA required before contact),Companies House public API,2026-07-12T04:38:09+00:00
DAVIS PLUMBING GROUP LIMITED,14293405,B_COMPLIANCE_DROWNED,"young (2022), total-exemption-full filer",ltd,corporate subscriber,2022-08-12,total-exemption-full,"accounts category, NOT turnover",43220,"Worthy House, 14 Winchester Road, Basingstoke, Hampshire",RG21 8UQ,https://find-and-update.company-information.service.gov.uk/company/14293405,,TO BE ENRICHED — not held by Companies House,legitimate interests (LIA required before contact),Companies House public API,2026-07-12T04:38:09+00:00
HAARP BUILDING LTD,14367101,B_COMPLIANCE_DROWNED,micro filer (micro-entity),ltd,corporate subscriber,2022-09-21,micro-entity,"accounts category, NOT turnover",43290,"205 Keedonwood Road, Bromley",BR1 4QW,https://find-and-update.company-information.service.gov.uk/company/14367101,,TO BE ENRICHED — not held by Companies House,legitimate interests (LIA required before contact),Companies House public API,2026-07-12T04:38:10+00:00
DCL DOORS AND WINDOWS LTD,13466933,B_COMPLIANCE_DROWNED,micro filer (micro-entity),ltd,corporate subscriber,2021-06-21,micro-entity,"accounts category, NOT turnover",43290,"7 Badger Road, Thornbury, Bristol",BS35 1AB,https://find-and-update.company-information.service.gov.uk/company/13466933,,TO BE ENRICHED — not held by Companies House,legitimate interests (LIA required before contact),Companies House public API,2026-07-12T04:38:11+00:00
LOGOS CONTROLS LTD,13574474,B_COMPLIANCE_DROWNED,micro filer (micro-entity),ltd,corporate subscriber,2021-08-19,micro-entity,"accounts category, NOT turnover",43210; 63990,"33 Harecastle Way, Sandbach",CW11 3DQ,https://find-and-update.company-information.service.gov.uk/company/13574474,,TO BE ENRICHED — not held by Companies House,legitimate interests (LIA required before contact),Companies House public API,2026-07-12T04:38:11+00:00
MV ELECTRICS LTD,13590816,B_COMPLIANCE_DROWNED,"young (2021), unaudited-abridged filer",ltd,corporate subscriber,2021-08-27,unaudited-abridged,"accounts category, NOT turnover",43210,"28 Berryfield Park, Melksham",SN12 6EE,https://find-and-update.company-information.service.gov.uk/company/13590816,,TO BE ENRICHED — not held by Companies House,legitimate interests (LIA required before contact),Companies House public API,2026-07-12T04:38:12+00:00
T.BARRETT ALL TRADE CONTRACTORS LIMITED,10921140,B_COMPLIANCE_DROWNED,micro filer (micro-entity),ltd,corporate subscriber,2017-08-17,micro-entity,"accounts category, NOT turnover",43220; 43290,"21 Shibden Head Lane, Queensbury, Bradford",BD13 2NH,https://find-and-update.company-information.service.gov.uk/company/10921140,,TO BE ENRICHED — not held by Companies House,legitimate interests (LIA required before contact),Companies House public API,2026-07-12T04:38:13+00:00
PLUMB AND TILE LIMITED,10343822,B_COMPLIANCE_DROWNED,micro filer (micro-entity),ltd,corporate subscriber,2016-08-24,micro-entity,"accounts category, NOT turnover",43220; 43330,"27 West Belvedere, Danbury, Chelmsford",CM3 4RF,https://find-and-update.company-information.service.gov.uk/company/10343822,,TO BE ENRICHED — not held by Companies House,legitimate interests (LIA required before contact),Companies House public API,2026-07-12T04:38:13+00:00
INSIDE RENOVATIONS LTD,SC629427,B_COMPLIANCE_DROWNED,micro filer (micro-entity),ltd,corporate subscriber,2019-05-03,micro-entity,"accounts category, NOT turnover",43220; 43310; 43320; 43390,"15 Hillwood Rise, Ratho Station, Newbridge",EH28 8QB,https://find-and-update.company-information.service.gov.uk/company/SC629427,,TO BE ENRICHED — not held by Companies House,legitimate interests (LIA required before contact),Companies House public API,2026-07-12T04:38:14+00:00
CARROLL ELECTRICAL CONTRACTORS LTD,14014243,B_COMPLIANCE_DROWNED,"young (2022), total-exemption-full filer",ltd,corporate subscriber,2022-03-30,total-exemption-full,"accounts category, NOT turnover",43210,"4 Robin Close, Abbeydale, Gloucester",GL4 4UY,https://find-and-update.company-information.service.gov.uk/company/14014243,,TO BE ENRICHED — not held by Companies House,legitimate interests (LIA required before contact),Companies House public API,2026-07-12T04:38:15+00:00
BUILDING MAINTENANCE AND ELECTRICAL LTD,14081082,B_COMPLIANCE_DROWNED,micro filer (micro-entity),ltd,corporate subscriber,2022-05-03,micro-entity,"accounts category, NOT turnover",43210,"Chestnut Field House, Chestnut Field, Rugby",CV21 2PD,https://find-and-update.company-information.service.gov.uk/company/14081082,,TO BE ENRICHED — not held by Companies House,legitimate interests (LIA required before contact),Companies House public API,2026-07-12T04:38:15+00:00
MILSON SERVICES LIMITED,11979553,B_COMPLIANCE_DROWNED,micro filer (micro-entity),ltd,corporate subscriber,2019-05-03,micro-entity,"accounts category, NOT turnover",43220,"29 Malvern Avenue, Grimsby",DN33 1EQ,https://find-and-update.company-information.service.gov.uk/company/11979553,,TO BE ENRICHED — not held by Companies House,legitimate interests (LIA required before contact),Companies House public API,2026-07-12T04:38:16+00:00
MAPH LIMITED,10753060,B_COMPLIANCE_DROWNED,micro filer (micro-entity),ltd,corporate subscriber,2017-05-03,micro-entity,"accounts category, NOT turnover",43220,"35 Church Road, Moseley, Birmingham, West Midlands",B13 9ED,https://find-and-update.company-information.service.gov.uk/company/10753060,,TO BE ENRICHED — not held by Companies House,legitimate interests (LIA required before contact),Companies House public API,2026-07-12T04:38:17+00:00
CROSSBOW SECURITY LTD,14844364,EXCLUDED_DORMANT,"dormant — not trading, not a buyer",ltd,corporate subscriber,2023-05-03,dormant,"accounts category, NOT turnover",43210; 80100,"71-75 Shelton Street, Covent Garden, London",WC2H 9JQ,https://find-and-update.company-information.service.gov.uk/company/14844364,,TO BE ENRICHED — not held by Companies House,legitimate interests (LIA required before contact),Companies House public API,2026-07-12T04:38:17+00:00
MELLEX GROUP LIMITED,SC423284,A_CEILING_HIT,"established 2012, small filer",ltd,corporate subscriber,2012-05-02,small,"accounts category, NOT turnover",43290,"Crossmill , Glasgow Road, Barrhead, Glasgow",G78 1TG,https://find-and-update.company-information.service.gov.uk/company/SC423284,,TO BE ENRICHED — not held by Companies House,legitimate interests (LIA required before contact),Companies House public API,2026-07-12T04:38:18+00:00
THE UTILITY SOLUTIONS GROUP LTD,SC624784,A_CEILING_HIT,"established 2019, total-exemption-full filer",ltd,corporate subscriber,2019-03-18,total-exemption-full,"accounts category, NOT turnover",43290,"34 Union Street, Stonehouse, Larkhall",ML9 3LF,https://find-and-update.company-information.service.gov.uk/company/SC624784,,TO BE ENRICHED — not held by Companies House,legitimate interests (LIA required before contact),Companies House public API,2026-07-12T04:38:19+00:00
ROSEBURN LTD,SC740511,B_COMPLIANCE_DROWNED,micro filer (micro-entity),ltd,corporate subscriber,2022-08-06,micro-entity,"accounts category, NOT turnover",43290,"6 Hopepark Drive, Glasgow",G68 9FH,https://find-and-update.company-information.service.gov.uk/company/SC740511,,TO BE ENRICHED — not held by Companies House,legitimate interests (LIA required before contact),Companies House public API,2026-07-12T04:38:19+00:00
CHS GLASGOW LTD,SC591538,B_COMPLIANCE_DROWNED,micro filer (micro-entity),ltd,corporate subscriber,2018-03-15,micro-entity,"accounts category, NOT turnover",43220,"Caledonia House, 89 Seaward Street, Glasgow",G41 1HJ,https://find-and-update.company-information.service.gov.uk/company/SC591538,,TO BE ENRICHED — not held by Companies House,legitimate interests (LIA required before contact),Companies House public API,2026-07-12T04:38:20+00:00
MARK TIBBS LIMITED,03358942,A_CEILING_HIT,"established 1997, total-exemption-full filer",ltd,corporate subscriber,1997-04-23,total-exemption-full,"accounts category, NOT turnover",43220,"333a Limpsfield Road, Hamsey Green, South Croydon, Surrey",CR2 9DH,https://find-and-update.company-information.service.gov.uk/company/03358942,,TO BE ENRICHED — not held by Companies House,legitimate interests (LIA required before contact),Companies House public API,2026-07-12T04:38:21+00:00
RETROFIT CONSULTANCY LIMITED,13277125,B_COMPLIANCE_DROWNED,micro filer (micro-entity),ltd,corporate subscriber,2021-03-19,micro-entity,"accounts category, NOT turnover",43290,"5 Wheelwright Close, Leeds",LS12 4UP,https://find-and-update.company-information.service.gov.uk/company/13277125,,TO BE ENRICHED — not held by Companies House,legitimate interests (LIA required before contact),Companies House public API,2026-07-12T04:38:22+00:00
DART ELECTRICS LIMITED,04459649,A_CEILING_HIT,"established 2002, total-exemption-full filer",ltd,corporate subscriber,2002-06-12,total-exemption-full,"accounts category, NOT turnover",43210,"Unit 6 Old Market Field Industrial Estate, Witheridge, Tiverton, Devon",EX16 8TA,https://find-and-update.company-information.service.gov.uk/company/04459649,,TO BE ENRICHED — not held by Companies House,legitimate interests (LIA required before contact),Companies House public API,2026-07-12T04:38:22+00:00
LSB FENCING LTD,10171077,B_COMPLIANCE_DROWNED,micro filer (micro-entity),ltd,corporate subscriber,2016-05-09,micro-entity,"accounts category, NOT turnover",43290,"The Old Dairy Lodge Lees Farm, Lodge Lees, Denton Nr Canterbury, Kent",CT4 6NS,https://find-and-update.company-information.service.gov.uk/company/10171077,,TO BE ENRICHED — not held by Companies House,legitimate interests (LIA required before contact),Companies House public API,2026-07-12T04:38:23+00:00
ASHLEY MALLABURN PLUMBING & HEATING SERVICES LTD,10200143,A_CEILING_HIT,"established 2016, total-exemption-full filer",ltd,corporate subscriber,2016-05-26,total-exemption-full,"accounts category, NOT turnover",43220,"7 & 8 Kingfisher Way, Silverlink Business Park, Wallsend, Tyne And Wear",NE28 9NX,https://find-and-update.company-information.service.gov.uk/company/10200143,,TO BE ENRICHED — not held by Companies House,legitimate interests (LIA required before contact),Companies House public API,2026-07-12T04:38:24+00:00
DELRON SERVICES LIMITED,01873018,C_ENTERPRISE,files full/group/medium accounts,ltd,corporate subscriber,1984-12-19,full,"accounts category, NOT turnover",43210; 43220; 43999,"8 Viewpoint, Boxley Road Penenden Heath, Maidstone, Kent",ME14 2DZ,https://find-and-update.company-information.service.gov.uk/company/01873018,,TO BE ENRICHED — not held by Companies House,legitimate interests (LIA required before contact),Companies House public API,2026-07-12T04:38:24+00:00
CC ELECTRICS LTD,09002284,A_CEILING_HIT,"established 2014, total-exemption-full filer",ltd,corporate subscriber,2014-04-17,total-exemption-full,"accounts category, NOT turnover",43210,"71-75 Shelton Street, Covent Garden, London",WC2H 9JQ,https://find-and-update.company-information.service.gov.uk/company/09002284,,TO BE ENRICHED — not held by Companies House,legitimate interests (LIA required before contact),Companies House public API,2026-07-12T04:38:25+00:00
RD ELECTRICAL & MAINTENANCE SERVICES LTD,14887260,B_COMPLIANCE_DROWNED,micro filer (micro-entity),ltd,corporate subscriber,2023-05-23,micro-entity,"accounts category, NOT turnover",33140; 43210; 95210,"Croft Barn, Coniston Cold, Skipton",BD23 4EA,https://find-and-update.company-information.service.gov.uk/company/14887260,,TO BE ENRICHED — not held by Companies House,legitimate interests (LIA required before contact),Companies House public API,2026-07-12T04:38:26+00:00
SHARPLES & WHITE LIMITED,07075320,A_CEILING_HIT,"established 2009, unaudited-abridged filer",ltd,corporate subscriber,2009-11-13,unaudited-abridged,"accounts category, NOT turnover",43220,"11 Whitbeam Grove, Hindley, Wigan",WN2 3SQ,https://find-and-update.company-information.service.gov.uk/company/07075320,,TO BE ENRICHED — not held by Companies House,legitimate interests (LIA required before contact),Companies House public API,2026-07-12T04:38:26+00:00
HODGSONCOM LIMITED,09514688,B_COMPLIANCE_DROWNED,micro filer (micro-entity),ltd,corporate subscriber,2015-03-27,micro-entity,"accounts category, NOT turnover",43220,"45 Rose Green Road, Bognor Regis, West Sussex",PO21 3ES,https://find-and-update.company-information.service.gov.uk/company/09514688,,TO BE ENRICHED — not held by Companies House,legitimate interests (LIA required before contact),Companies House public API,2026-07-12T04:38:27+00:00
AFH ELECTRICAL LIMITED,12610272,B_COMPLIANCE_DROWNED,micro filer (micro-entity),ltd,corporate subscriber,2020-05-19,micro-entity,"accounts category, NOT turnover",43210,"Natwest Chambers, 143-146 High Street, Cradley Heath",B64 5HJ,https://find-and-update.company-information.service.gov.uk/company/12610272,,TO BE ENRICHED — not held by Companies House,legitimate interests (LIA required before contact),Companies House public API,2026-07-12T04:38:28+00:00
KDT PROPERTY SERVICES LTD,09598865,B_COMPLIANCE_DROWNED,micro filer (micro-entity),ltd,corporate subscriber,2015-05-19,micro-entity,"accounts category, NOT turnover",43220; 43290,"22 Binswood Avenue, Newcastle Upon Tyne",NE5 3PN,https://find-and-update.company-information.service.gov.uk/company/09598865,,TO BE ENRICHED — not held by Companies House,legitimate interests (LIA required before contact),Companies House public API,2026-07-12T04:38:29+00:00
BERKS & HANTS PROPERTY MAINTENANCE LTD,14381699,B_COMPLIANCE_DROWNED,micro filer (micro-entity),ltd,corporate subscriber,2022-09-28,micro-entity,"accounts category, NOT turnover",43120; 43290; 43910; 81300,"23a The Precinct, London Road, Waterlooville, Hampshire",PO7 7DT,https://find-and-update.company-information.service.gov.uk/company/14381699,,TO BE ENRICHED — not held by Companies House,legitimate interests (LIA required before contact),Companies House public API,2026-07-12T04:38:29+00:00
IM MCCLUSKEY LTD,NI046205,B_COMPLIANCE_DROWNED,micro filer (micro-entity),ltd,corporate subscriber,2003-04-14,micro-entity,"accounts category, NOT turnover",43220,"Lisnagleer, Carland, Dungannon",BT70 3LN,https://find-and-update.company-information.service.gov.uk/company/NI046205,,TO BE ENRICHED — not held by Companies House,legitimate interests (LIA required before contact),Companies House public API,2026-07-12T04:38:30+00:00
APPROVED AIR LIMITED,05040908,A_CEILING_HIT,"established 2004, total-exemption-full filer",ltd,corporate subscriber,2004-02-11,total-exemption-full,"accounts category, NOT turnover",43290,"The Mill House The Stables Business Park, Bristol Road, Rooksbridge, Somerset",BS26 2TT,https://find-and-update.company-information.service.gov.uk/company/05040908,,TO BE ENRICHED — not held by Companies House,legitimate interests (LIA required before contact),Companies House public API,2026-07-12T04:38:31+00:00
D. PROUDFOOT PLUMBING & HEATING LIMITED,12012188,EXCLUDED_DORMANT,"dormant — not trading, not a buyer",ltd,corporate subscriber,2019-05-22,dormant,"accounts category, NOT turnover",43220,"21 Guildford Road, Rustington, West Sussex",BN16 3JB,https://find-and-update.company-information.service.gov.uk/company/12012188,,TO BE ENRICHED — not held by Companies House,legitimate interests (LIA required before contact),Companies House public API,2026-07-12T04:38:31+00:00
ARBEROZE PLUMBING & HEATING LTD,13266483,A_CEILING_HIT,"established 2021, total-exemption-full filer",ltd,corporate subscriber,2021-03-15,total-exemption-full,"accounts category, NOT turnover",41202; 43220; 43999,"596 Green Lanes London Green Lanes, London",N13 5RY,https://find-and-update.company-information.service.gov.uk/company/13266483,,TO BE ENRICHED — not held by Companies House,legitimate interests (LIA required before contact),Companies House public API,2026-07-12T04:38:32+00:00
CCM MECHANICAL SOLUTIONS LIMITED,14887995,B_COMPLIANCE_DROWNED,micro filer (micro-entity),ltd,corporate subscriber,2023-05-23,micro-entity,"accounts category, NOT turnover",43210,"17 Victoria Road East, Thornton Cleveleys, Lancashire",FY5 5HT,https://find-and-update.company-information.service.gov.uk/company/14887995,,TO BE ENRICHED — not held by Companies House,legitimate interests (LIA required before contact),Companies House public API,2026-07-12T04:38:33+00:00
DESIGN BY CLARKSTON INTERIORS LTD,SC709732,B_COMPLIANCE_DROWNED,"young (2021), total-exemption-full filer",ltd,corporate subscriber,2021-09-17,total-exemption-full,"accounts category, NOT turnover",43290; 43320; 43390,"4 Newton Place, C/O Hawthorn Tax, Glasgow",G3 7PR,https://find-and-update.company-information.service.gov.uk/company/SC709732,,TO BE ENRICHED — not held by Companies House,legitimate interests (LIA required before contact),Companies House public API,2026-07-12T04:38:33+00:00
SYCAMORE SERVICES - SOUTH LIMITED,10426712,A_CEILING_HIT,"established 2016, total-exemption-full filer",ltd,corporate subscriber,2016-10-13,total-exemption-full,"accounts category, NOT turnover",16230; 43220,"3 Sycamore Close, North Baddesley, Southampton",SO52 9DG,https://find-and-update.company-information.service.gov.uk/company/10426712,,TO BE ENRICHED — not held by Companies House,legitimate interests (LIA required before contact),Companies House public API,2026-07-12T04:38:34+00:00
PRIME ELECTRICAL ENERGY LTD,11881677,B_COMPLIANCE_DROWNED,micro filer (micro-entity),ltd,corporate subscriber,2019-03-14,micro-entity,"accounts category, NOT turnover",43210,"10 Kenilworth Drive, Aylesbury",HP19 9QE,https://find-and-update.company-information.service.gov.uk/company/11881677,,TO BE ENRICHED — not held by Companies House,legitimate interests (LIA required before contact),Companies House public API,2026-07-12T04:38:35+00:00
M. LEVERIDGE PROPERTY SERVICES LIMITED,14868213,B_COMPLIANCE_DROWNED,"young (2023), total-exemption-full filer",ltd,corporate subscriber,2023-05-15,total-exemption-full,"accounts category, NOT turnover",43220; 43390,"Unit 3 Lees Hall Farm, Lees Hall Road, Thornhill Lees, West Yorkshrie",WF12 9EQ,https://find-and-update.company-information.service.gov.uk/company/14868213,,TO BE ENRICHED — not held by Companies House,legitimate interests (LIA required before contact),Companies House public API,2026-07-12T04:38:35+00:00
AMPLE ELECTRICAL SERVICES LIMITED,13983290,B_COMPLIANCE_DROWNED,"young (2022), total-exemption-full filer",ltd,corporate subscriber,2022-03-17,total-exemption-full,"accounts category, NOT turnover",43210,"3 Aldridge Close, Chelmsford",CM2 6QG,https://find-and-update.company-information.service.gov.uk/company/13983290,,TO BE ENRICHED — not held by Companies House,legitimate interests (LIA required before contact),Companies House public API,2026-07-12T04:38:36+00:00
S.L.H.C. ELECTRICAL LTD,09224291,B_COMPLIANCE_DROWNED,micro filer (micro-entity),ltd,corporate subscriber,2014-09-18,micro-entity,"accounts category, NOT turnover",43210,"44 Broadleas Road, Devizes, Wiltshire",SN10 5DQ,https://find-and-update.company-information.service.gov.uk/company/09224291,,TO BE ENRICHED — not held by Companies House,legitimate interests (LIA required before contact),Companies House public API,2026-07-12T04:38:37+00:00
S.P. MARKS SERVICES LTD.,03294164,A_CEILING_HIT,"established 1996, total-exemption-full filer",ltd,corporate subscriber,1996-12-18,total-exemption-full,"accounts category, NOT turnover",43220,"Artisans House, 7 Queensbridge, Northampton, Northamptonshire",NN4 7BF,https://find-and-update.company-information.service.gov.uk/company/03294164,,TO BE ENRICHED — not held by Companies House,legitimate interests (LIA required before contact),Companies House public API,2026-07-12T04:38:37+00:00
REPUFIT WINDOWS AND DOORS LTD,SC782675,B_COMPLIANCE_DROWNED,micro filer (micro-entity),ltd,corporate subscriber,2023-09-15,micro-entity,"accounts category, NOT turnover",43290,"37 Wedderburn Street, Dunfermline, Fife",KY11 4PL,https://find-and-update.company-information.service.gov.uk/company/SC782675,,TO BE ENRICHED — not held by Companies House,legitimate interests (LIA required before contact),Companies House public API,2026-07-12T04:38:38+00:00
S. HARRISON PLUMBING LIMITED,10830590,B_COMPLIANCE_DROWNED,micro filer (micro-entity),ltd,corporate subscriber,2017-06-22,micro-entity,"accounts category, NOT turnover",43220,"The Old Granary Comby Heugh Farm, Wark, Hexham, Northumberland",NE48 3PD,https://find-and-update.company-information.service.gov.uk/company/10830590,,TO BE ENRICHED — not held by Companies House,legitimate interests (LIA required before contact),Companies House public API,2026-07-12T04:38:39+00:00
ARK FMS PLC,13696556,C_ENTERPRISE,files full/group/medium accounts,plc,corporate subscriber,2021-10-21,full,"accounts category, NOT turnover",43290; 81100,"Unit12 Loughton Business Centre, Langston Road, Loughton, Essex",IG10 3FL,https://find-and-update.company-information.service.gov.uk/company/13696556,,TO BE ENRICHED — not held by Companies House,legitimate interests (LIA required before contact),Companies House public API,2026-07-12T04:38:40+00:00
BROMLEY PLUMBERS LIMITED,10708023,B_COMPLIANCE_DROWNED,micro filer (micro-entity),ltd,corporate subscriber,2017-04-04,micro-entity,"accounts category, NOT turnover",43220,"C/O Azets River House, 1 Maidstone Road, Sidcup, Kent",DA14 5RH,https://find-and-update.company-information.service.gov.uk/company/10708023,,TO BE ENRICHED — not held by Companies House,legitimate interests (LIA required before contact),Companies House public API,2026-07-12T04:38:40+00:00
DIRECT COOLING SYSTEMS LIMITED,04118287,A_CEILING_HIT,"established 2000, total-exemption-full filer",ltd,corporate subscriber,2000-12-01,total-exemption-full,"accounts category, NOT turnover",43220,"Oswaldtwistle Mills Business & Conference Centre Clifton Mill, Pickup Street, Accrington",BB5 0EY,https://find-and-update.company-information.service.gov.uk/company/04118287,,TO BE ENRICHED — not held by Companies House,legitimate interests (LIA required before contact),Companies House public API,2026-07-12T04:38:41+00:00
L.A. HARFORD ELECTRICAL LTD,14838858,EXCLUDED_DORMANT,"dormant — not trading, not a buyer",ltd,corporate subscriber,2023-05-02,dormant,"accounts category, NOT turnover",43210,"23-27 Bolton Street, Chorley, Lancashire",PR7 3AA,https://find-and-update.company-information.service.gov.uk/company/14838858,,TO BE ENRICHED — not held by Companies House,legitimate interests (LIA required before contact),Companies House public API,2026-07-12T04:38:42+00:00
K-SPARKS ELECTRICAL SERVICES LTD,08301952,A_CEILING_HIT,"established 2012, total-exemption-full filer",ltd,corporate subscriber,2012-11-21,total-exemption-full,"accounts category, NOT turnover",43210,"5 Ducketts Wharf, South Street, Bishop's Stortford, Hertfordshire",CM23 3AR,https://find-and-update.company-information.service.gov.uk/company/08301952,,TO BE ENRICHED — not held by Companies House,legitimate interests (LIA required before contact),Companies House public API,2026-07-12T04:38:42+00:00
HA ENTERPRISES LONDON LTD,11191903,B_COMPLIANCE_DROWNED,micro filer (micro-entity),ltd,corporate subscriber,2018-02-07,micro-entity,"accounts category, NOT turnover",43220; 43290; 43999,"90 Shrewsbury Road, London",E7 8AL,https://find-and-update.company-information.service.gov.uk/company/11191903,,TO BE ENRICHED — not held by Companies House,legitimate interests (LIA required before contact),Companies House public API,2026-07-12T04:38:43+00:00
M1 INTERIOR SYSTEMS LTD,11976769,B_COMPLIANCE_DROWNED,micro filer (micro-entity),ltd,corporate subscriber,2019-05-02,micro-entity,"accounts category, NOT turnover",43290,"10 Cliff Parade, Wakefield",WF1 2TA,https://find-and-update.company-information.service.gov.uk/company/11976769,,TO BE ENRICHED — not held by Companies House,legitimate interests (LIA required before contact),Companies House public API,2026-07-12T04:38:44+00:00
COLDPOINT LIMITED,04768942,B_COMPLIANCE_DROWNED,micro filer (micro-entity),ltd,corporate subscriber,2003-05-18,micro-entity,"accounts category, NOT turnover",33120; 33140; 43220,"Clay Shaw Butler, Chartered Acountants, 24 Lammas Street Carmarthen, Carmarthenshire",SA31 3AL,https://find-and-update.company-information.service.gov.uk/company/04768942,,TO BE ENRICHED — not held by Companies House,legitimate interests (LIA required before contact),Companies House public API,2026-07-12T04:38:44+00:00
DR HEATING SERVICES LIMITED,10866290,B_COMPLIANCE_DROWNED,micro filer (micro-entity),ltd,corporate subscriber,2017-07-14,micro-entity,"accounts category, NOT turnover",43220,"24e Norwich Street, Dereham, Norfolk",NR19 1BX,https://find-and-update.company-information.service.gov.uk/company/10866290,,TO BE ENRICHED — not held by Companies House,legitimate interests (LIA required before contact),Companies House public API,2026-07-12T04:38:45+00:00
S F FENCING LIMITED,13563555,B_COMPLIANCE_DROWNED,micro filer (micro-entity),ltd,corporate subscriber,2021-08-12,micro-entity,"accounts category, NOT turnover",43290,"Beaumont Accountancy 1st Floor Enterprise House, 202-206 Linthorpe Road, Middlesbrough, Cleveland",TS1 3QW,https://find-and-update.company-information.service.gov.uk/company/13563555,,TO BE ENRICHED — not held by Companies House,legitimate interests (LIA required before contact),Companies House public API,2026-07-12T04:38:46+00:00
ELITE PLUMBING & JOINERY LIMITED,SC723302,B_COMPLIANCE_DROWNED,"young (2022), total-exemption-full filer",ltd,corporate subscriber,2022-02-16,total-exemption-full,"accounts category, NOT turnover",43220; 43320,"62 Woodlea Gardens, Bonnybridge",FK4 1DF,https://find-and-update.company-information.service.gov.uk/company/SC723302,,TO BE ENRICHED — not held by Companies House,legitimate interests (LIA required before contact),Companies House public API,2026-07-12T04:38:46+00:00
SGR PLUMBING & HEATING LIMITED,12180959,B_COMPLIANCE_DROWNED,micro filer (micro-entity),ltd,corporate subscriber,2019-08-30,micro-entity,"accounts category, NOT turnover",43220,"31a King Street, Stanford-Le-Hope",SS17 0HJ,https://find-and-update.company-information.service.gov.uk/company/12180959,,TO BE ENRICHED — not held by Companies House,legitimate interests (LIA required before contact),Companies House public API,2026-07-12T04:38:47+00:00
CASS ELECTRIC COMPANY LIMITED,02000305,A_CEILING_HIT,"established 1986, total-exemption-full filer",ltd,corporate subscriber,1986-03-14,total-exemption-full,"accounts category, NOT turnover",43210,"Units 10-11 Gateway Place, Parkgate, Rotherham",S62 6LL,https://find-and-update.company-information.service.gov.uk/company/02000305,,TO BE ENRICHED — not held by Companies House,legitimate interests (LIA required before contact),Companies House public API,2026-07-12T04:38:48+00:00
CM1 PLUMBING AND HEATING LTD,11980392,EXCLUDED_DORMANT,"dormant — not trading, not a buyer",ltd,corporate subscriber,2019-05-07,dormant,"accounts category, NOT turnover",43220,"31 Goldlay Road, Chelmsford",CM2 0EL,https://find-and-update.company-information.service.gov.uk/company/11980392,,TO BE ENRICHED — not held by Companies House,legitimate interests (LIA required before contact),Companies House public API,2026-07-12T04:38:48+00:00
AVONVIEW DESIGN & BUILD LIMITED,09045453,A_CEILING_HIT,"established 2014, total-exemption-full filer",ltd,corporate subscriber,2014-05-19,total-exemption-full,"accounts category, NOT turnover",43290,"Lumaneri House Blythe Valley Business Park, Blythe Gate, Solihull",B90 8AH,https://find-and-update.company-information.service.gov.uk/company/09045453,,TO BE ENRICHED — not held by Companies House,legitimate interests (LIA required before contact),Companies House public API,2026-07-12T04:38:49+00:00
P J BROCKBANK LTD,04436832,A_CEILING_HIT,"established 2002, total-exemption-full filer",ltd,corporate subscriber,2002-05-13,total-exemption-full,"accounts category, NOT turnover",43290,"2 Toomers Wharf, Canal Walk, Newbury, Berkshire",RG14 1DY,https://find-and-update.company-information.service.gov.uk/company/04436832,,TO BE ENRICHED — not held by Companies House,legitimate interests (LIA required before contact),Companies House public API,2026-07-12T04:38:50+00:00
MIKE FREER PLUMBING & HEATING SERVICES LTD,06911556,B_COMPLIANCE_DROWNED,micro filer (micro-entity),ltd,corporate subscriber,2009-05-20,micro-entity,"accounts category, NOT turnover",43220,"107 Cleethorpe Road, Grimsby, North East Lincolnshire",DN31 3ER,https://find-and-update.company-information.service.gov.uk/company/06911556,,TO BE ENRICHED — not held by Companies House,legitimate interests (LIA required before contact),Companies House public API,2026-07-12T04:38:50+00:00
EXCEL GAS SERVICES LIMITED,04852764,A_CEILING_HIT,"established 2003, total-exemption-full filer",ltd,corporate subscriber,2003-07-31,total-exemption-full,"accounts category, NOT turnover",43210,"2 Clifton Moor Business Village, James Nicolson Link, York, North Yorkshire",YO30 4XG,https://find-and-update.company-information.service.gov.uk/company/04852764,,TO BE ENRICHED — not held by Companies House,legitimate interests (LIA required before contact),Companies House public API,2026-07-12T04:38:51+00:00
CMC ELECTRICAL SERVICES LIMITED,SC568307,B_COMPLIANCE_DROWNED,micro filer (micro-entity),ltd,corporate subscriber,2017-06-08,micro-entity,"accounts category, NOT turnover",43210,"107 Allander Road, Bearsden, Glasgow",G61 1LY,https://find-and-update.company-information.service.gov.uk/company/SC568307,,TO BE ENRICHED — not held by Companies House,legitimate interests (LIA required before contact),Companies House public API,2026-07-12T04:38:52+00:00
BOILERPOINT LTD,13410292,A_CEILING_HIT,"established 2021, total-exemption-full filer",ltd,corporate subscriber,2021-05-20,total-exemption-full,"accounts category, NOT turnover",43220,"Unit 1 The Cam Centre, Wilbury Way, Hitchin, Hertfordshire",SG4 0TW,https://find-and-update.company-information.service.gov.uk/company/13410292,,TO BE ENRICHED — not held by Companies House,legitimate interests (LIA required before contact),Companies House public API,2026-07-12T04:38:53+00:00
AJD ELECTRICS LTD,10722312,A_CEILING_HIT,"established 2017, total-exemption-full filer",ltd,corporate subscriber,2017-04-12,total-exemption-full,"accounts category, NOT turnover",33140; 43210,"30 Meadow Road, Coventry, Warwickshire",CV6 4GU,https://find-and-update.company-information.service.gov.uk/company/10722312,,TO BE ENRICHED — not held by Companies House,legitimate interests (LIA required before contact),Companies House public API,2026-07-12T04:38:53+00:00
KARAM RENOVATION LIMITED,SC574871,A_CEILING_HIT,"established 2017, total-exemption-full filer",ltd,corporate subscriber,2017-08-29,total-exemption-full,"accounts category, NOT turnover",43290; 43330; 43390; 43999,"Flat 0/2 60 Ark Lane, Glasgow",G31 2NG,https://find-and-update.company-information.service.gov.uk/company/SC574871,,TO BE ENRICHED — not held by Companies House,legitimate interests (LIA required before contact),Companies House public API,2026-07-12T04:38:54+00:00
RNR BESPOKE SPACES LTD,14321284,B_COMPLIANCE_DROWNED,micro filer (micro-entity),ltd,corporate subscriber,2022-08-27,micro-entity,"accounts category, NOT turnover",43290; 43999,"7 Ashton Close, Middlewich, Cheshire",CW10 0SF,https://find-and-update.company-information.service.gov.uk/company/14321284,,TO BE ENRICHED — not held by Companies House,legitimate interests (LIA required before contact),Companies House public API,2026-07-12T04:38:55+00:00
M D P ELECTRICAL SERVICES LIMITED,05712942,A_CEILING_HIT,"established 2006, total-exemption-full filer",ltd,corporate subscriber,2006-02-17,total-exemption-full,"accounts category, NOT turnover",43210,"Lothing House, 7 Quay View Business Park, Barnards Way Lowestoft, Suffolk",NR32 2HD,https://find-and-update.company-information.service.gov.uk/company/05712942,,TO BE ENRICHED — not held by Companies House,legitimate interests (LIA required before contact),Companies House public API,2026-07-12T04:38:55+00:00
A&S ELECTRICAL SERVICES (MIDLANDS) LIMITED,06251485,A_CEILING_HIT,"established 2007, total-exemption-full filer",ltd,corporate subscriber,2007-05-17,total-exemption-full,"accounts category, NOT turnover",43210,"1 Rushbrook Lane, Tanworth In Arden, Solihull, West Midlands",B94 5HW,https://find-and-update.company-information.service.gov.uk/company/06251485,,TO BE ENRICHED — not held by Companies House,legitimate interests (LIA required before contact),Companies House public API,2026-07-12T04:38:56+00:00
BLACKROCK ELECTRICAL ENGINEERS LTD,15737233,B_COMPLIANCE_DROWNED,"young (2024), total-exemption-full filer",ltd,corporate subscriber,2024-05-23,total-exemption-full,"accounts category, NOT turnover",43210,"133 Gosport Road, London",E17 7LX,https://find-and-update.company-information.service.gov.uk/company/15737233,,TO BE ENRICHED — not held by Companies House,legitimate interests (LIA required before contact),Companies House public API,2026-07-12T04:38:57+00:00
DRS GAS SERVICES LIMITED,10796120,B_COMPLIANCE_DROWNED,micro filer (micro-entity),ltd,corporate subscriber,2017-05-31,micro-entity,"accounts category, NOT turnover",43220,"10 Western Road, Romford, Essex",RM1 3JT,https://find-and-update.company-information.service.gov.uk/company/10796120,,TO BE ENRICHED — not held by Companies House,legitimate interests (LIA required before contact),Companies House public API,2026-07-12T04:38:57+00:00
S G ELECTRICAL(SUFFOLK) LTD,08064529,B_COMPLIANCE_DROWNED,micro filer (micro-entity),ltd,corporate subscriber,2012-05-10,micro-entity,"accounts category, NOT turnover",43210,"5 Hopton Rise, Haverhill",CB9 7FS,https://find-and-update.company-information.service.gov.uk/company/08064529,,TO BE ENRICHED — not held by Companies House,legitimate interests (LIA required before contact),Companies House public API,2026-07-12T04:38:58+00:00
S G BUILD LTD,10338432,B_COMPLIANCE_DROWNED,micro filer (micro-entity),ltd,corporate subscriber,2016-08-19,micro-entity,"accounts category, NOT turnover",43290,"25 Green Lane, Crawley",RH10 8JX,https://find-and-update.company-information.service.gov.uk/company/10338432,,TO BE ENRICHED — not held by Companies House,legitimate interests (LIA required before contact),Companies House public API,2026-07-12T04:38:59+00:00
KELGAS LIMITED,06350282,B_COMPLIANCE_DROWNED,micro filer (micro-entity),ltd,corporate subscriber,2007-08-22,micro-entity,"accounts category, NOT turnover",43220,"2 Hill Top Green, Tingley, Wakefield, West Yorkshire",WF3 1HS,https://find-and-update.company-information.service.gov.uk/company/06350282,,TO BE ENRICHED — not held by Companies House,legitimate interests (LIA required before contact),Companies House public API,2026-07-12T04:38:59+00:00
KESSY STEEL STRUCTURES LIMITED,05133668,B_COMPLIANCE_DROWNED,micro filer (micro-entity),ltd,corporate subscriber,2004-05-20,micro-entity,"accounts category, NOT turnover",41202; 43210,"59 Court Way, London",NW9 6JG,https://find-and-update.company-information.service.gov.uk/company/05133668,,TO BE ENRICHED — not held by Companies House,legitimate interests (LIA required before contact),Companies House public API,2026-07-12T04:39:00+00:00
ELECTRIX CELUTIONS (LINCS) LIMITED,09591552,A_CEILING_HIT,"established 2015, total-exemption-full filer",ltd,corporate subscriber,2015-05-14,total-exemption-full,"accounts category, NOT turnover",43210,"The Old Rectory, Hall Lane, Algarkirk, Lincolnshire",PE20 2HG,https://find-and-update.company-information.service.gov.uk/company/09591552,,TO BE ENRICHED — not held by Companies House,legitimate interests (LIA required before contact),Companies House public API,2026-07-12T04:39:01+00:00
PHOENIX SOLAR ENERGY LIMITED,SC811472,EXCLUDED_DORMANT,"dormant — not trading, not a buyer",ltd,corporate subscriber,2024-05-23,dormant,"accounts category, NOT turnover",43210,"Office Block 1, Station Yard Industrial Estate, Newton Stewart, Dumfries And Galloway",DG8 6ND,https://find-and-update.company-information.service.gov.uk/company/SC811472,,TO BE ENRICHED — not held by Companies House,legitimate interests (LIA required before contact),Companies House public API,2026-07-12T04:39:02+00:00
S & H BUILDING SERVICES & PROPERTY MAINTENANCE LIMITED,09093291,A_CEILING_HIT,"established 2014, total-exemption-full filer",ltd,corporate subscriber,2014-06-19,total-exemption-full,"accounts category, NOT turnover",43290,"1-3 Manor Road, Chatham, Kent",ME4 6AE,https://find-and-update.company-information.service.gov.uk/company/09093291,,TO BE ENRICHED — not held by Companies House,legitimate interests (LIA required before contact),Companies House public API,2026-07-12T04:39:02+00:00
FIX FIRST HEATING LTD,12810115,B_COMPLIANCE_DROWNED,micro filer (micro-entity),ltd,corporate subscriber,2020-08-13,micro-entity,"accounts category, NOT turnover",43220,"7 Princes Street, Peterborough",PE1 2QP,https://find-and-update.company-information.service.gov.uk/company/12810115,,TO BE ENRICHED — not held by Companies House,legitimate interests (LIA required before contact),Companies House public API,2026-07-12T04:39:03+00:00
EXCELSIOR ELECTRICAL LTD,14804035,EXCLUDED_DORMANT,"dormant — not trading, not a buyer",ltd,corporate subscriber,2023-04-15,dormant,"accounts category, NOT turnover",43210,"34 Harrop Streer, Abbey Hey",M18 8RN,https://find-and-update.company-information.service.gov.uk/company/14804035,,TO BE ENRICHED — not held by Companies House,legitimate interests (LIA required before contact),Companies House public API,2026-07-12T04:39:04+00:00
THE WILTSHIRE GROUP LTD,11836442,EXCLUDED_DORMANT,"dormant — not trading, not a buyer",ltd,corporate subscriber,2019-02-20,dormant,"accounts category, NOT turnover",43210,"Rear Yard, 2 Cheltenham Villas, Bath Road, Devizes",SN10 1PW,https://find-and-update.company-information.service.gov.uk/company/11836442,,TO BE ENRICHED — not held by Companies House,legitimate interests (LIA required before contact),Companies House public API,2026-07-12T04:39:04+00:00
ROY GELL ELECTRICAL INSTALLATIONS LTD,12155791,A_CEILING_HIT,"established 2019, total-exemption-full filer",ltd,corporate subscriber,2019-08-14,total-exemption-full,"accounts category, NOT turnover",43210,"37-38 Market Street, Ferryhill",DL17 8JH,https://find-and-update.company-information.service.gov.uk/company/12155791,,TO BE ENRICHED — not held by Companies House,legitimate interests (LIA required before contact),Companies House public API,2026-07-12T04:39:05+00:00
P&K CONTRACTING LIMITED,13887950,B_COMPLIANCE_DROWNED,micro filer (micro-entity),ltd,corporate subscriber,2022-02-02,micro-entity,"accounts category, NOT turnover",41100; 41202; 43210; 43220,"1 Waxwing Court, Scunthorpe",DN16 3GY,https://find-and-update.company-information.service.gov.uk/company/13887950,,TO BE ENRICHED — not held by Companies House,legitimate interests (LIA required before contact),Companies House public API,2026-07-12T04:39:06+00:00
PAUL MOSEY PLUMBING & HEATING LIMITED,06591246,B_COMPLIANCE_DROWNED,micro filer (micro-entity),ltd,corporate subscriber,2008-05-13,micro-entity,"accounts category, NOT turnover",43220,"2 Low Score Crag, Grasmere, Ambleside, Cumbria",LA22 9QB,https://find-and-update.company-information.service.gov.uk/company/06591246,,TO BE ENRICHED — not held by Companies House,legitimate interests (LIA required before contact),Companies House public API,2026-07-12T04:39:06+00:00
KEVIN KELLY WINDOWS LIMITED,03767485,A_CEILING_HIT,"established 1999, total-exemption-full filer",ltd,corporate subscriber,1999-05-10,total-exemption-full,"accounts category, NOT turnover",25120; 43290; 43342,"Unit D Oaktree Business Park, Limewood Court Seacroft, Leeds, West Yorkshire",LS14 1NF,https://find-and-update.company-information.service.gov.uk/company/03767485,,TO BE ENRICHED — not held by Companies House,legitimate interests (LIA required before contact),Companies House public API,2026-07-12T04:39:07+00:00
OJ GAS AND HEATING LTD,14601423,B_COMPLIANCE_DROWNED,"young (2023), total-exemption-full filer",ltd,corporate subscriber,2023-01-18,total-exemption-full,"accounts category, NOT turnover",43220,"2 Greenacres Close, Orpington, Kent",BR6 7TS,https://find-and-update.company-information.service.gov.uk/company/14601423,,TO BE ENRICHED — not held by Companies House,legitimate interests (LIA required before contact),Companies House public API,2026-07-12T04:39:08+00:00
LEECH MECHANICAL SERVICES LIMITED,02772557,A_CEILING_HIT,"established 1992, total-exemption-full filer",ltd,corporate subscriber,1992-12-10,total-exemption-full,"accounts category, NOT turnover",43210; 43220; 82990,"Unit 17 Mapledean Works, Maldon Road, Latchingdon, Essex",CM3 6LG,https://find-and-update.company-information.service.gov.uk/company/02772557,,TO BE ENRICHED — not held by Companies House,legitimate interests (LIA required before contact),Companies House public API,2026-07-12T04:39:09+00:00
POSITIVE FACILITIES MAINTENANCE LTD,04623720,B_COMPLIANCE_DROWNED,micro filer (micro-entity),ltd,corporate subscriber,2002-12-23,micro-entity,"accounts category, NOT turnover",43210,"Unit 17 Mapledean Works, Maldon Road, Latchingdon, Essex",CM3 6LG,https://find-and-update.company-information.service.gov.uk/company/04623720,,TO BE ENRICHED — not held by Companies House,legitimate interests (LIA required before contact),Companies House public API,2026-07-12T04:39:09+00:00
RK GAS INSTALLATIONS LTD,NI044613,B_COMPLIANCE_DROWNED,micro filer (micro-entity),ltd,corporate subscriber,2002-11-06,micro-entity,"accounts category, NOT turnover",43220,"219 Glenshane Road, Londonderry",BT47 3EW,https://find-and-update.company-information.service.gov.uk/company/NI044613,,TO BE ENRICHED — not held by Companies House,legitimate interests (LIA required before contact),Companies House public API,2026-07-12T04:39:10+00:00
OWENS HEATING & PLUMBING LIMITED,11907484,B_COMPLIANCE_DROWNED,micro filer (micro-entity),ltd,corporate subscriber,2019-03-27,micro-entity,"accounts category, NOT turnover",43220,"40 Wansford Close, Billingham",TS23 3LB,https://find-and-update.company-information.service.gov.uk/company/11907484,,TO BE ENRICHED — not held by Companies House,legitimate interests (LIA required before contact),Companies House public API,2026-07-12T04:39:11+00:00
ISORENOVATE LIMITED,15737857,B_COMPLIANCE_DROWNED,micro filer (micro-entity),ltd,corporate subscriber,2024-05-23,micro-entity,"accounts category, NOT turnover",43210; 43290,"Suite I Business Development Centre, Stafford Park 4, Telford, Shropshire",TF3 3BA,https://find-and-update.company-information.service.gov.uk/company/15737857,,TO BE ENRICHED — not held by Companies House,legitimate interests (LIA required before contact),Companies House public API,2026-07-12T04:39:11+00:00
CEDIX DESIGN LIMITED,12822492,B_COMPLIANCE_DROWNED,micro filer (micro-entity),ltd,corporate subscriber,2020-08-18,micro-entity,"accounts category, NOT turnover",43290,"17 Pleydell Close, Coventry, West Midlands",CV3 3EF,https://find-and-update.company-information.service.gov.uk/company/12822492,,TO BE ENRICHED — not held by Companies House,legitimate interests (LIA required before contact),Companies House public API,2026-07-12T04:39:12+00:00
BASELINE ELECTRICAL CONTRACTING LIMITED,10787589,B_COMPLIANCE_DROWNED,micro filer (micro-entity),ltd,corporate subscriber,2017-05-24,micro-entity,"accounts category, NOT turnover",43210,"36 Malmesbury Road, Cheadle Hulme, Cheadle",SK8 7QH,https://find-and-update.company-information.service.gov.uk/company/10787589,,TO BE ENRICHED — not held by Companies House,legitimate interests (LIA required before contact),Companies House public API,2026-07-12T04:39:13+00:00
MORGAN ELLIS ELECTRICAL LIMITED,12008675,B_COMPLIANCE_DROWNED,micro filer (micro-entity),ltd,corporate subscriber,2019-05-21,micro-entity,"accounts category, NOT turnover",43210,"7 Gresham Mews, 5 Reynolds Road, Chiswick, London",W4 5AZ,https://find-and-update.company-information.service.gov.uk/company/12008675,,TO BE ENRICHED — not held by Companies House,legitimate interests (LIA required before contact),Companies House public API,2026-07-12T04:39:13+00:00
RG ELECTRICAL INSTALLATION AND TESTING LTD,13566599,B_COMPLIANCE_DROWNED,micro filer (micro-entity),ltd,corporate subscriber,2021-08-15,micro-entity,"accounts category, NOT turnover",43210; 43290; 43330,"29 Lan Coed, Winch Wen, Swansea",SA1 7LJ,https://find-and-update.company-information.service.gov.uk/company/13566599,,TO BE ENRICHED — not held by Companies House,legitimate interests (LIA required before contact),Companies House public API,2026-07-12T04:39:14+00:00
B. & K. PLUMBING AND HEATING LIMITED,01752405,A_CEILING_HIT,"established 1983, total-exemption-full filer",ltd,corporate subscriber,1983-09-13,total-exemption-full,"accounts category, NOT turnover",43220,"Bridge House, Vicarage Road, Camberley, Surrey",GU17 9AX,https://find-and-update.company-information.service.gov.uk/company/01752405,,TO BE ENRICHED — not held by Companies House,legitimate interests (LIA required before contact),Companies House public API,2026-07-12T04:39:15+00:00
DANOSA UK LTD,08036125,A_CEILING_HIT,"established 2012, small filer",ltd,corporate subscriber,2012-04-18,small,"accounts category, NOT turnover",20520; 23990; 43290; 43910,"3 Stanbridge Road, Havant",PO9 2NS,https://find-and-update.company-information.service.gov.uk/company/08036125,,TO BE ENRICHED — not held by Companies House,legitimate interests (LIA required before contact),Companies House public API,2026-07-12T04:39:15+00:00
UTILITY PROS (UK) LIMITED,08184031,A_CEILING_HIT,"established 2012, total-exemption-full filer",ltd,corporate subscriber,2012-08-17,total-exemption-full,"accounts category, NOT turnover",43210; 43220,"Unit 1 Lodge Yard Business Centre, Kingswood, Aylesbury",HP18 0QJ,https://find-and-update.company-information.service.gov.uk/company/08184031,,TO BE ENRICHED — not held by Companies House,legitimate interests (LIA required before contact),Companies House public API,2026-07-12T04:39:16+00:00
PLATONOFF & HARRIS LIMITED,02704053,A_CEILING_HIT,"established 1992, total-exemption-full filer",ltd,corporate subscriber,1992-04-06,total-exemption-full,"accounts category, NOT turnover",43290,"1 Tower House, Tower Centre, Hoddesdon, Hertfordshire",EN11 8UR,https://find-and-update.company-information.service.gov.uk/company/02704053,,TO BE ENRICHED — not held by Companies House,legitimate interests (LIA required before contact),Companies House public API,2026-07-12T04:39:17+00:00
ELECTRICALL SERVICES LTD,10075971,B_COMPLIANCE_DROWNED,micro filer (micro-entity),ltd,corporate subscriber,2016-03-21,micro-entity,"accounts category, NOT turnover",43210,"Unit 6 Blackthorn Way Five Mile Business Park, Washingborough, Lincoln",LN4 1BF,https://find-and-update.company-information.service.gov.uk/company/10075971,,TO BE ENRICHED — not held by Companies House,legitimate interests (LIA required before contact),Companies House public API,2026-07-12T04:39:17+00:00
CAMPBELL ELECTRICAL LTD,NI697047,B_COMPLIANCE_DROWNED,micro filer (micro-entity),ltd,corporate subscriber,2023-05-10,micro-entity,"accounts category, NOT turnover",43210,"47 Ballydermot Road, Bellaghy, Co. L'Derry",BT45 8LF,https://find-and-update.company-information.service.gov.uk/company/NI697047,,TO BE ENRICHED — not held by Companies House,legitimate interests (LIA required before contact),Companies House public API,2026-07-12T04:39:18+00:00
YANSH CONSTRUCTION LTD,15750961,B_COMPLIANCE_DROWNED,micro filer (micro-entity),ltd,corporate subscriber,2024-05-30,micro-entity,"accounts category, NOT turnover",43290,"35a Sussex Crescent, Northolt, Middx",UB5 4DP,https://find-and-update.company-information.service.gov.uk/company/15750961,,TO BE ENRICHED — not held by Companies House,legitimate interests (LIA required before contact),Companies House public API,2026-07-12T04:39:19+00:00
MECHURION LIMITED,05350642,B_COMPLIANCE_DROWNED,micro filer (micro-entity),ltd,corporate subscriber,2005-02-02,micro-entity,"accounts category, NOT turnover",43210,"46 Abernant Road, Aberdare, Rhondda Cynon Taff",CF44 0PY,https://find-and-update.company-information.service.gov.uk/company/05350642,,TO BE ENRICHED — not held by Companies House,legitimate interests (LIA required before contact),Companies House public API,2026-07-12T04:39:19+00:00
JACK TAYLOR GAS SERVICES LTD,14330676,B_COMPLIANCE_DROWNED,micro filer (micro-entity),ltd,corporate subscriber,2022-09-01,micro-entity,"accounts category, NOT turnover",43220,"85 Chew Valley Road, Greenfield, Oldham",OL3 7JJ,https://find-and-update.company-information.service.gov.uk/company/14330676,,TO BE ENRICHED — not held by Companies House,legitimate interests (LIA required before contact),Companies House public API,2026-07-12T04:39:20+00:00
YESS ECO SOLUTIONS LTD,15750975,B_COMPLIANCE_DROWNED,micro filer (micro-entity),ltd,corporate subscriber,2024-05-30,micro-entity,"accounts category, NOT turnover",43290; 96090,"414 Barking Road, London",E13 8HJ,https://find-and-update.company-information.service.gov.uk/company/15750975,,TO BE ENRICHED — not held by Companies House,legitimate interests (LIA required before contact),Companies House public API,2026-07-12T04:39:21+00:00
ANGLO COMMERCIAL ELECTRICS LIMITED,12611449,A_CEILING_HIT,"established 2020, total-exemption-full filer",ltd,corporate subscriber,2020-05-19,total-exemption-full,"accounts category, NOT turnover",43210,"5 Queen Street, Great Yarmouth, Norfolk",NR30 2QP,https://find-and-update.company-information.service.gov.uk/company/12611449,,TO BE ENRICHED — not held by Companies House,legitimate interests (LIA required before contact),Companies House public API,2026-07-12T04:39:22+00:00
DMC ELECTRICAL CONTRACTING LTD,13848671,B_COMPLIANCE_DROWNED,micro filer (micro-entity),ltd,corporate subscriber,2022-01-14,micro-entity,"accounts category, NOT turnover",43210,"Flat 3, No.30 Crabton Close Road, Bournemouth",BH5 1HN,https://find-and-update.company-information.service.gov.uk/company/13848671,,TO BE ENRICHED — not held by Companies House,legitimate interests (LIA required before contact),Companies House public API,2026-07-12T04:39:22+00:00
SIGMAA ELECTRICAL LTD,11515131,B_COMPLIANCE_DROWNED,micro filer (micro-entity),ltd,corporate subscriber,2018-08-13,micro-entity,"accounts category, NOT turnover",43210,"28 Armada Way, Flat 7, Dockyard House, London",E6 7AE,https://find-and-update.company-information.service.gov.uk/company/11515131,,TO BE ENRICHED — not held by Companies House,legitimate interests (LIA required before contact),Companies House public API,2026-07-12T04:39:23+00:00
INTEGRITY INSTALLATION SERVICES LIMITED,SC734297,B_COMPLIANCE_DROWNED,micro filer (micro-entity),ltd,corporate subscriber,2022-06-01,micro-entity,"accounts category, NOT turnover",43290,"Caledonia House, 89 Seaward Street, Glasgow",G41 1HJ,https://find-and-update.company-information.service.gov.uk/company/SC734297,,TO BE ENRICHED — not held by Companies House,legitimate interests (LIA required before contact),Companies House public API,2026-07-12T04:39:24+00:00
RAMECO LTD,10787178,A_CEILING_HIT,"established 2017, total-exemption-full filer",ltd,corporate subscriber,2017-05-24,total-exemption-full,"accounts category, NOT turnover",41100; 41202; 43290; 43390,"Unit 2a Charlton Street, Grimsby, N E Lincolnshire",DN31 1SQ,https://find-and-update.company-information.service.gov.uk/company/10787178,,TO BE ENRICHED — not held by Companies House,legitimate interests (LIA required before contact),Companies House public API,2026-07-12T04:39:25+00:00
MARLIN SPRINKLER INSTALLATION LIMITED,SC334454,A_CEILING_HIT,"established 2007, total-exemption-full filer",ltd,corporate subscriber,2007-11-26,total-exemption-full,"accounts category, NOT turnover",43210,"36 Langlook Road, Crookston, Glasgow",G53 7NP,https://find-and-update.company-information.service.gov.uk/company/SC334454,,TO BE ENRICHED — not held by Companies House,legitimate interests (LIA required before contact),Companies House public API,2026-07-12T04:39:25+00:00
ROHAN ELECTRICAL & MECHANICAL LIMITED,12633601,B_COMPLIANCE_DROWNED,micro filer (micro-entity),ltd,corporate subscriber,2020-05-29,micro-entity,"accounts category, NOT turnover",43210,"Unit 1 18 Stafford Street, Leeds",LS10 1NL,https://find-and-update.company-information.service.gov.uk/company/12633601,,TO BE ENRICHED — not held by Companies House,legitimate interests (LIA required before contact),Companies House public API,2026-07-12T04:39:26+00:00
TUDA ELECTRICAL LTD,13514698,B_COMPLIANCE_DROWNED,"young (2021), total-exemption-full filer",ltd,corporate subscriber,2021-07-16,total-exemption-full,"accounts category, NOT turnover",43290,"16b Hadley Road, Barnet",EN5 5HH,https://find-and-update.company-information.service.gov.uk/company/13514698,,TO BE ENRICHED — not held by Companies House,legitimate interests (LIA required before contact),Companies House public API,2026-07-12T04:39:27+00:00
CALDWELL PLUMBING & HEATING LTD,NI653245,B_COMPLIANCE_DROWNED,micro filer (micro-entity),ltd,corporate subscriber,2018-05-23,micro-entity,"accounts category, NOT turnover",43220,"2 Market Place, Carrickfergus, Co.Antrim, Antrim, Carrickfergus",BT38 7AW,https://find-and-update.company-information.service.gov.uk/company/NI653245,,TO BE ENRICHED — not held by Companies House,legitimate interests (LIA required before contact),Companies House public API,2026-07-12T04:39:27+00:00
U-DESIGNSERVICES LTD,08637364,B_COMPLIANCE_DROWNED,micro filer (micro-entity),ltd,corporate subscriber,2013-08-05,micro-entity,"accounts category, NOT turnover",41100; 43290; 43320,"124-128 City Road, London",EC1V 2NX,https://find-and-update.company-information.service.gov.uk/company/08637364,,TO BE ENRICHED — not held by Companies House,legitimate interests (LIA required before contact),Companies House public API,2026-07-12T04:39:28+00:00
RALLY ELECTRICAL SERVICES LTD,11517413,B_COMPLIANCE_DROWNED,micro filer (micro-entity),ltd,corporate subscriber,2018-08-14,micro-entity,"accounts category, NOT turnover",43210,"377 Woodway Lane, Coventry",CV2 2AH,https://find-and-update.company-information.service.gov.uk/company/11517413,,TO BE ENRICHED — not held by Companies House,legitimate interests (LIA required before contact),Companies House public API,2026-07-12T04:39:29+00:00
BETA ELECTRICAL ENGINEERING LIMITED,11485809,B_COMPLIANCE_DROWNED,micro filer (micro-entity),ltd,corporate subscriber,2018-07-26,micro-entity,"accounts category, NOT turnover",43210,"33 Raydons Road, Dagenham",RM9 5JP,https://find-and-update.company-information.service.gov.uk/company/11485809,,TO BE ENRICHED — not held by Companies House,legitimate interests (LIA required before contact),Companies House public API,2026-07-12T04:39:30+00:00
BELL DECORATING AND BUILDING LIMITED,05197475,A_CEILING_HIT,"established 2004, total-exemption-full filer",ltd,corporate subscriber,2004-08-04,total-exemption-full,"accounts category, NOT turnover",43220; 43341; 43910; 43999,"Norman Croft, 13 Bramber Road, London",W14 9PA,https://find-and-update.company-information.service.gov.uk/company/05197475,,TO BE ENRICHED — not held by Companies House,legitimate interests (LIA required before contact),Companies House public API,2026-07-12T04:39:30+00:00
DNS PLUMBING & ELECTRICAL LTD,08651608,A_CEILING_HIT,"established 2013, total-exemption-full filer",ltd,corporate subscriber,2013-08-15,total-exemption-full,"accounts category, NOT turnover",43220,"Abacus House, 68a North Street, Romford, Essex",RM1 1DA,https://find-and-update.company-information.service.gov.uk/company/08651608,,TO BE ENRICHED — not held by Companies House,legitimate interests (LIA required before contact),Companies House public API,2026-07-12T04:39:31+00:00
RG HOLDINGS (NORWICH) LTD,13987397,EXCLUDED_DORMANT,"dormant — not trading, not a buyer",ltd,corporate subscriber,2022-03-18,dormant,"accounts category, NOT turnover",43290,"17-19 St. Georges Street, Norwich",NR3 1AB,https://find-and-update.company-information.service.gov.uk/company/13987397,,TO BE ENRICHED — not held by Companies House,legitimate interests (LIA required before contact),Companies House public API,2026-07-12T04:39:32+00:00
CAW ELECTRICAL SERVICES LTD,15751065,B_COMPLIANCE_DROWNED,"young (2024), total-exemption-full filer",ltd,corporate subscriber,2024-05-30,total-exemption-full,"accounts category, NOT turnover",43210,"22 Cravenwood Road, Manchester",M8 5AE,https://find-and-update.company-information.service.gov.uk/company/15751065,,TO BE ENRICHED — not held by Companies House,legitimate interests (LIA required before contact),Companies House public API,2026-07-12T04:39:33+00:00
MMS ELECTRICAL LTD,12791866,B_COMPLIANCE_DROWNED,micro filer (micro-entity),ltd,corporate subscriber,2020-08-04,micro-entity,"accounts category, NOT turnover",43210,"20-22 Wenlock Road, London",N1 7GU,https://find-and-update.company-information.service.gov.uk/company/12791866,,TO BE ENRICHED — not held by Companies House,legitimate interests (LIA required before contact),Companies House public API,2026-07-12T04:39:33+00:00
GLAMAIG RAIL LIMITED,SC384253,B_COMPLIANCE_DROWNED,micro filer (micro-entity),ltd,corporate subscriber,2010-08-25,micro-entity,"accounts category, NOT turnover",43210; 71122,"21 Neptune Way, Mossend, Bellshill, Lanarkshire",ML4 1JL,https://find-and-update.company-information.service.gov.uk/company/SC384253,,TO BE ENRICHED — not held by Companies House,legitimate interests (LIA required before contact),Companies House public API,2026-07-12T04:39:34+00:00
JW ELECTRICAL STAFFORDSHIRE LIMITED,09045449,A_CEILING_HIT,"established 2014, total-exemption-full filer",ltd,corporate subscriber,2014-05-19,total-exemption-full,"accounts category, NOT turnover",33140; 43210,"10 Carisbrooke Way, Stoke-On-Trent",ST4 8UR,https://find-and-update.company-information.service.gov.uk/company/09045449,,TO BE ENRICHED — not held by Companies House,legitimate interests (LIA required before contact),Companies House public API,2026-07-12T04:39:35+00:00
VINCENT ELECTRICAL SERVICES LIMITED,13410575,B_COMPLIANCE_DROWNED,micro filer (micro-entity),ltd,corporate subscriber,2021-05-20,micro-entity,"accounts category, NOT turnover",43210,"42 Diana Way, Caister-On-Sea, Great Yarmouth",NR30 5TP,https://find-and-update.company-information.service.gov.uk/company/13410575,,TO BE ENRICHED — not held by Companies House,legitimate interests (LIA required before contact),Companies House public API,2026-07-12T04:39:35+00:00
LONDON & ESSEX ELECTRICAL CONTRACTORS LIMITED,03615130,B_COMPLIANCE_DROWNED,micro filer (micro-entity),ltd,corporate subscriber,1998-08-13,micro-entity,"accounts category, NOT turnover",43210,"46 Victoria Road, Worthing, Sussex",BN11 1XE,https://find-and-update.company-information.service.gov.uk/company/03615130,,TO BE ENRICHED — not held by Companies House,legitimate interests (LIA required before contact),Companies House public API,2026-07-12T04:39:36+00:00
OSPREY HEATING SERVICES LIMITED,08897282,B_COMPLIANCE_DROWNED,micro filer (micro-entity),ltd,corporate subscriber,2014-02-17,micro-entity,"accounts category, NOT turnover",43220,"3 Whitfield Avenue, Paddington, Warrington, Cheshire",WA1 3NF,https://find-and-update.company-information.service.gov.uk/company/08897282,,TO BE ENRICHED — not held by Companies House,legitimate interests (LIA required before contact),Companies House public API,2026-07-12T04:39:37+00:00
THERMO-FLOW SERVICES LIMITED,09753324,B_COMPLIANCE_DROWNED,micro filer (micro-entity),ltd,corporate subscriber,2015-08-28,micro-entity,"accounts category, NOT turnover",43220,"Unit J Great North Road, Little Paxton, St. Neots, Cambs",PE19 6EN,https://find-and-update.company-information.service.gov.uk/company/09753324,,TO BE ENRICHED — not held by Companies House,legitimate interests (LIA required before contact),Companies House public API,2026-07-12T04:39:38+00:00
"A.G. MALLINSON GAS, PLUMBING & HEATING LIMITED",10722149,A_CEILING_HIT,"established 2017, total-exemption-full filer",ltd,corporate subscriber,2017-04-12,total-exemption-full,"accounts category, NOT turnover",43220,"16 Windsor Avenue, Gateshead",NE8 4NG,https://find-and-update.company-information.service.gov.uk/company/10722149,,TO BE ENRICHED — not held by Companies House,legitimate interests (LIA required before contact),Companies House public API,2026-07-12T04:39:38+00:00
NICK BALDWIN BUILDING & PLUMBING LIMITED,03808662,B_COMPLIANCE_DROWNED,micro filer (micro-entity),ltd,corporate subscriber,1999-07-16,micro-entity,"accounts category, NOT turnover",43220; 43390,"3 Station Road, Lydney, Gloucestershire",GL15 5EW,https://find-and-update.company-information.service.gov.uk/company/03808662,,TO BE ENRICHED — not held by Companies House,legitimate interests (LIA required before contact),Companies House public API,2026-07-12T04:39:39+00:00
MU2 ELECTRICAL LIMITED,08171663,B_COMPLIANCE_DROWNED,micro filer (micro-entity),ltd,corporate subscriber,2012-08-08,micro-entity,"accounts category, NOT turnover",43210,"11 Illingworth Avenue, Halifax, West Yorkshire",HX2 9RT,https://find-and-update.company-information.service.gov.uk/company/08171663,,TO BE ENRICHED — not held by Companies House,legitimate interests (LIA required before contact),Companies House public API,2026-07-12T04:39:40+00:00
SJA ELECTRICAL & SONS LTD.,11497454,EXCLUDED_DORMANT,"dormant — not trading, not a buyer",ltd,corporate subscriber,2018-08-02,dormant,"accounts category, NOT turnover",43210,"27 Charter Street, Rochdale",OL16 4UD,https://find-and-update.company-information.service.gov.uk/company/11497454,,TO BE ENRICHED — not held by Companies House,legitimate interests (LIA required before contact),Companies House public API,2026-07-12T04:39:40+00:00
GAVINSOUND LIMITED,01717755,B_COMPLIANCE_DROWNED,micro filer (micro-entity),ltd,corporate subscriber,1983-04-25,micro-entity,"accounts category, NOT turnover",43290; 43390,"7 St John Street, Mansfield, Nottinghamshire",NG18 1QH,https://find-and-update.company-information.service.gov.uk/company/01717755,,TO BE ENRICHED — not held by Companies House,legitimate interests (LIA required before contact),Companies House public API,2026-07-12T04:39:41+00:00
PROTEST ELECTRICAL SERVICES LIMITED,12548826,EXCLUDED_DORMANT,"dormant — not trading, not a buyer",ltd,corporate subscriber,2020-04-06,dormant,"accounts category, NOT turnover",43210,"Unit 3, Green Lodge Barn, Nobottle, Northampton, Northamptonshire",NN7 4HD,https://find-and-update.company-information.service.gov.uk/company/12548826,,TO BE ENRICHED — not held by Companies House,legitimate interests (LIA required before contact),Companies House public API,2026-07-12T04:39:42+00:00
AR INCORPORATED CONTRACTORS LIMITED,12844831,B_COMPLIANCE_DROWNED,micro filer (micro-entity),ltd,corporate subscriber,2020-08-28,micro-entity,"accounts category, NOT turnover",43210,"55 Briardene Avenue, Bedworth, Warwickshire",CV12 8RW,https://find-and-update.company-information.service.gov.uk/company/12844831,,TO BE ENRICHED — not held by Companies House,legitimate interests (LIA required before contact),Companies House public API,2026-07-12T04:39:42+00:00
NEXT GENERATION CONSTRUCTION LTD,12166747,B_COMPLIANCE_DROWNED,micro filer (micro-entity),ltd,corporate subscriber,2019-08-21,micro-entity,"accounts category, NOT turnover",43290,"Unit 2, 20 Woodland Avenue, Slough",SL1 3BU,https://find-and-update.company-information.service.gov.uk/company/12166747,,TO BE ENRICHED — not held by Companies House,legitimate interests (LIA required before contact),Companies House public API,2026-07-12T04:39:43+00:00
ECO PLUMBING & HEATING GROUP LTD,13561460,B_COMPLIANCE_DROWNED,micro filer (micro-entity),ltd,corporate subscriber,2021-08-11,micro-entity,"accounts category, NOT turnover",43220; 71129,"23 Bradley Street, Tipton",DY4 7TA,https://find-and-update.company-information.service.gov.uk/company/13561460,,TO BE ENRICHED — not held by Companies House,legitimate interests (LIA required before contact),Companies House public API,2026-07-12T04:39:44+00:00
VOLTLOGIC LIMITED,12673208,EXCLUDED_DORMANT,"dormant — not trading, not a buyer",ltd,corporate subscriber,2020-06-15,dormant,"accounts category, NOT turnover",43210,"Unit 3, Green Lodge Barn, Nobottle, Northampton, Northamptonshire",NN7 4HD,https://find-and-update.company-information.service.gov.uk/company/12673208,,TO BE ENRICHED — not held by Companies House,legitimate interests (LIA required before contact),Companies House public API,2026-07-12T04:39:44+00:00
CLJ DRYLINING LTD,14806517,B_COMPLIANCE_DROWNED,micro filer (micro-entity),ltd,corporate subscriber,2023-04-16,micro-entity,"accounts category, NOT turnover",43290,"3 Gelli Road, Ynysybwl, Pontypridd",CF37 3HP,https://find-and-update.company-information.service.gov.uk/company/14806517,,TO BE ENRICHED — not held by Companies House,legitimate interests (LIA required before contact),Companies House public API,2026-07-12T04:39:45+00:00
TFR FM LTD,12019190,B_COMPLIANCE_DROWNED,micro filer (micro-entity),ltd,corporate subscriber,2019-05-28,micro-entity,"accounts category, NOT turnover",33190; 43220; 43290,"7 Neale Court, Beechfield Road, Corsham",SN13 9YL,https://find-and-update.company-information.service.gov.uk/company/12019190,,TO BE ENRICHED — not held by Companies House,legitimate interests (LIA required before contact),Companies House public API,2026-07-12T04:39:46+00:00
MY WELLNESS ENGINEERING LTD,12172597,B_COMPLIANCE_DROWNED,micro filer (micro-entity),ltd,corporate subscriber,2019-08-23,micro-entity,"accounts category, NOT turnover",36000; 43220; 43330; 49410,"4 Emerald Close, Bilston, West Midlands",WV14 6HQ,https://find-and-update.company-information.service.gov.uk/company/12172597,,TO BE ENRICHED — not held by Companies House,legitimate interests (LIA required before contact),Companies House public API,2026-07-12T04:39:46+00:00
BUNDY SERVICES LTD,12346378,A_CEILING_HIT,"established 2019, total-exemption-full filer",ltd,corporate subscriber,2019-12-03,total-exemption-full,"accounts category, NOT turnover",43210; 69202,"75 Endeavour Way, Hythe Marina Village, Southampton, Hampshire",SO45 6LA,https://find-and-update.company-information.service.gov.uk/company/12346378,,TO BE ENRICHED — not held by Companies House,legitimate interests (LIA required before contact),Companies House public API,2026-07-12T04:39:47+00:00
INTENSE GREEN LTD,11079227,A_CEILING_HIT,"established 2017, total-exemption-full filer",ltd,corporate subscriber,2017-11-23,total-exemption-full,"accounts category, NOT turnover",41201; 41202; 43220; 43290,"58 Starbank Road, Birmingham",B10 9LP,https://find-and-update.company-information.service.gov.uk/company/11079227,,TO BE ENRICHED — not held by Companies House,legitimate interests (LIA required before contact),Companies House public API,2026-07-12T04:39:48+00:00
EDWARDS ELECTRICAL SOUTH COAST LIMITED,11237669,B_COMPLIANCE_DROWNED,micro filer (micro-entity),ltd,corporate subscriber,2018-03-06,micro-entity,"accounts category, NOT turnover",43210,"7 Rotterdam Drive, Christchurch",BH23 1HB,https://find-and-update.company-information.service.gov.uk/company/11237669,,TO BE ENRICHED — not held by Companies House,legitimate interests (LIA required before contact),Companies House public API,2026-07-12T04:39:49+00:00
GAS CHECK MH LTD,11676624,EXCLUDED_DORMANT,"dormant — not trading, not a buyer",ltd,corporate subscriber,2018-11-14,dormant,"accounts category, NOT turnover",43220,"576 Broadway, Chadderton, Oldham",OL9 9NF,https://find-and-update.company-information.service.gov.uk/company/11676624,,TO BE ENRICHED — not held by Companies House,legitimate interests (LIA required before contact),Companies House public API,2026-07-12T04:39:49+00:00
HEATLEX GROUP INSTALLATIONS LTD,11779498,EXCLUDED_DORMANT,"dormant — not trading, not a buyer",ltd,corporate subscriber,2019-01-21,dormant,"accounts category, NOT turnover",43220,"1a Upper Fforest Way Enterprise Park, Llansamlet, Swansea",SA6 8PJ,https://find-and-update.company-information.service.gov.uk/company/11779498,,TO BE ENRICHED — not held by Companies House,legitimate interests (LIA required before contact),Companies House public API,2026-07-12T04:39:50+00:00
HOPWOOD ELECTRICAL SOLUTIONS LTD,07265249,A_CEILING_HIT,"established 2010, total-exemption-full filer",ltd,corporate subscriber,2010-05-26,total-exemption-full,"accounts category, NOT turnover",43210,"The Charmwood Centre Southampton Road, Bartley, Southampton, Hampshire",SO40 2NA,https://find-and-update.company-information.service.gov.uk/company/07265249,,TO BE ENRICHED — not held by Companies House,legitimate interests (LIA required before contact),Companies House public API,2026-07-12T04:39:51+00:00
CBI ELECTRICAL LTD,SC663133,B_COMPLIANCE_DROWNED,micro filer (micro-entity),ltd,corporate subscriber,2020-06-05,micro-entity,"accounts category, NOT turnover",43210,"Dalveen, Windyknowe Road, Galashiels",TD1 1RF,https://find-and-update.company-information.service.gov.uk/company/SC663133,,TO BE ENRICHED — not held by Companies House,legitimate interests (LIA required before contact),Companies House public API,2026-07-12T04:39:51+00:00
MDE ELECTRICAL SERVICES LTD,11056068,A_CEILING_HIT,"established 2017, total-exemption-full filer",ltd,corporate subscriber,2017-11-09,total-exemption-full,"accounts category, NOT turnover",43210,"296 Clipsley Lane, St. Helens",WA11 0JQ,https://find-and-update.company-information.service.gov.uk/company/11056068,,TO BE ENRICHED — not held by Companies House,legitimate interests (LIA required before contact),Companies House public API,2026-07-12T04:39:52+00:00
SH2 LIMITED,10426291,B_COMPLIANCE_DROWNED,micro filer (micro-entity),ltd,corporate subscriber,2016-10-13,micro-entity,"accounts category, NOT turnover",43220,"42 Wall Road, Gwinear, Hayle",TR27 5HA,https://find-and-update.company-information.service.gov.uk/company/10426291,,TO BE ENRICHED — not held by Companies House,legitimate interests (LIA required before contact),Companies House public API,2026-07-12T04:39:53+00:00
EVERYTRADE NUNEATON LIMITED,09817307,B_COMPLIANCE_DROWNED,micro filer (micro-entity),ltd,corporate subscriber,2015-10-09,micro-entity,"accounts category, NOT turnover",43210; 43220; 43310; 43390,"116 Sherbourne Avenue 116 Sherbourne Ave, Nuneaton",CV10 9JL,https://find-and-update.company-information.service.gov.uk/company/09817307,,TO BE ENRICHED — not held by Companies House,legitimate interests (LIA required before contact),Companies House public API,2026-07-12T04:39:53+00:00
HAMMERSMITH ELECTRICAL SERVICES LTD,12502898,B_COMPLIANCE_DROWNED,micro filer (micro-entity),ltd,corporate subscriber,2020-03-06,micro-entity,"accounts category, NOT turnover",43210,"Thomas Harris 1929 Shop Merton Abbey Mills, 18 Watermill Way, London",SW19 2RD,https://find-and-update.company-information.service.gov.uk/company/12502898,,TO BE ENRICHED — not held by Companies House,legitimate interests (LIA required before contact),Companies House public API,2026-07-12T04:39:54+00:00
B BRILL PLUMBING AND HEATING LTD,10238050,A_CEILING_HIT,"established 2016, total-exemption-full filer",ltd,corporate subscriber,2016-06-17,total-exemption-full,"accounts category, NOT turnover",43220,"23 Clifton Moor, Oakhill, Milton Keynes",MK5 6FZ,https://find-and-update.company-information.service.gov.uk/company/10238050,,TO BE ENRICHED — not held by Companies House,legitimate interests (LIA required before contact),Companies House public API,2026-07-12T04:39:55+00:00
"H G BRUCE AND PARTNERS,LIMITED",00478700,A_CEILING_HIT,"established 1950, total-exemption-full filer",ltd,corporate subscriber,1950-02-24,total-exemption-full,"accounts category, NOT turnover",41100; 43220; 68209,"25 Nelson Road, Winchester, Hampshire",SO23 0QG,https://find-and-update.company-information.service.gov.uk/company/00478700,,TO BE ENRICHED — not held by Companies House,legitimate interests (LIA required before contact),Companies House public API,2026-07-12T04:39:55+00:00
UBIQUE ELECTRICS LTD,14418419,EXCLUDED_DORMANT,"dormant — not trading, not a buyer",ltd,corporate subscriber,2022-10-13,dormant,"accounts category, NOT turnover",43210,"87 Nursery Road, Stockport",SK4 2ND,https://find-and-update.company-information.service.gov.uk/company/14418419,,TO BE ENRICHED — not held by Companies House,legitimate interests (LIA required before contact),Companies House public API,2026-07-12T04:39:56+00:00
ELEKTROWE SOLUTIONS LIMITED,11704747,A_CEILING_HIT,"established 2018, total-exemption-full filer",ltd,corporate subscriber,2018-11-30,total-exemption-full,"accounts category, NOT turnover",43210,"3 The Grove, Appley Bridge, Wigan, Lancashire",WN6 9HB,https://find-and-update.company-information.service.gov.uk/company/11704747,,TO BE ENRICHED — not held by Companies House,legitimate interests (LIA required before contact),Companies House public API,2026-07-12T04:39:57+00:00
HEALTHBANK BUILDING SERVICES LIMITED,11030891,B_COMPLIANCE_DROWNED,micro filer (micro-entity),ltd,corporate subscriber,2017-10-25,micro-entity,"accounts category, NOT turnover",43290,"42 C/O Tax Advisors & Accountants Ltd, High Street, Bilston",WV14 0EP,https://find-and-update.company-information.service.gov.uk/company/11030891,,TO BE ENRICHED — not held by Companies House,legitimate interests (LIA required before contact),Companies House public API,2026-07-12T04:39:58+00:00
JET POWER & LIGHT COMMERCIAL LTD,14733526,B_COMPLIANCE_DROWNED,"young (2023), total-exemption-full filer",ltd,corporate subscriber,2023-03-16,total-exemption-full,"accounts category, NOT turnover",43210,"Horley Green House Horley Green Road, Claremount, Halifax, West Yorkshire",HX3 6AS,https://find-and-update.company-information.service.gov.uk/company/14733526,,TO BE ENRICHED — not held by Companies House,legitimate interests (LIA required before contact),Companies House public API,2026-07-12T04:39:58+00:00
J & B (ELECTRICAL) CONTRACTORS LIMITED,03399251,A_CEILING_HIT,"established 1997, total-exemption-full filer",ltd,corporate subscriber,1997-07-07,total-exemption-full,"accounts category, NOT turnover",43210,"142 Kingfield Road, Coventry",CV6 5PL,https://find-and-update.company-information.service.gov.uk/company/03399251,,TO BE ENRICHED — not held by Companies House,legitimate interests (LIA required before contact),Companies House public API,2026-07-12T04:39:59+00:00
ROMAN PLUMBING & HEATING SERVICES LTD,09384153,B_COMPLIANCE_DROWNED,micro filer (micro-entity),ltd,corporate subscriber,2015-01-12,micro-entity,"accounts category, NOT turnover",43220,"Gpg House Walker Avenue, Wolverton Mill, Milton Keynes",MK12 5TW,https://find-and-update.company-information.service.gov.uk/company/09384153,,TO BE ENRICHED — not held by Companies House,legitimate interests (LIA required before contact),Companies House public API,2026-07-12T04:40:00+00:00
FASCIAS 2 TRADE LIMITED,11808955,B_COMPLIANCE_DROWNED,micro filer (micro-entity),ltd,corporate subscriber,2019-02-06,micro-entity,"accounts category, NOT turnover",43290; 71129,"Unit 29 Waterloo Industrial Estate, Derbyshire Street, Bolton, Manchester",BL1 2TN,https://find-and-update.company-information.service.gov.uk/company/11808955,,TO BE ENRICHED — not held by Companies House,legitimate interests (LIA required before contact),Companies House public API,2026-07-12T04:40:00+00:00
STARKSTROM (SCOTLAND) LIMITED,SC536634,A_CEILING_HIT,"established 2016, total-exemption-full filer",ltd,corporate subscriber,2016-05-27,total-exemption-full,"accounts category, NOT turnover",43210,"3 Murray Street, Paisley, Renfrewshire",PA3 1QG,https://find-and-update.company-information.service.gov.uk/company/SC536634,,TO BE ENRICHED — not held by Companies House,legitimate interests (LIA required before contact),Companies House public API,2026-07-12T04:40:01+00:00
ABBOTTS HEATING AND PLUMBING LTD,14931780,B_COMPLIANCE_DROWNED,micro filer (micro-entity),ltd,corporate subscriber,2023-06-13,micro-entity,"accounts category, NOT turnover",43220,"2 Forster Avenue, Sherburn Village, Durham",DH6 1EP,https://find-and-update.company-information.service.gov.uk/company/14931780,,TO BE ENRICHED — not held by Companies House,legitimate interests (LIA required before contact),Companies House public API,2026-07-12T04:40:02+00:00
AUTO-VENT (STOKE-ON-TRENT) LTD,00469582,A_CEILING_HIT,"established 1949, total-exemption-full filer",ltd,corporate subscriber,1949-06-14,total-exemption-full,"accounts category, NOT turnover",43220,"First Floor Sandbach Road, Cobridge,, Stoke On Trent, Staffs",ST6 2DG,https://find-and-update.company-information.service.gov.uk/company/00469582,,TO BE ENRICHED — not held by Companies House,legitimate interests (LIA required before contact),Companies House public API,2026-07-12T04:40:02+00:00
PEAK ACCESS MAINTENANCE SOLUTIONS LIMITED,12189808,A_CEILING_HIT,"established 2019, unaudited-abridged filer",ltd,corporate subscriber,2019-09-04,unaudited-abridged,"accounts category, NOT turnover",43290,"2 Ferndale Road, Romford, Essex",RM5 3ER,https://find-and-update.company-information.service.gov.uk/company/12189808,,TO BE ENRICHED — not held by Companies House,legitimate interests (LIA required before contact),Companies House public API,2026-07-12T04:40:03+00:00
CRESTVIEW TS LTD,15760990,B_COMPLIANCE_DROWNED,micro filer (micro-entity),ltd,corporate subscriber,2024-06-04,micro-entity,"accounts category, NOT turnover",43210; 43220,"163 Herne Hill, London",SE24 9LR,https://find-and-update.company-information.service.gov.uk/company/15760990,,TO BE ENRICHED — not held by Companies House,legitimate interests (LIA required before contact),Companies House public API,2026-07-12T04:40:04+00:00
ATOMIC SMART LTD,12721009,EXCLUDED_DORMANT,"dormant — not trading, not a buyer",ltd,corporate subscriber,2020-07-05,dormant,"accounts category, NOT turnover",43210; 61100; 61200; 62090,"12721009 - COMPANIES HOUSE DEFAULT ADDRESS, Cardiff",CF14 8LH,https://find-and-update.company-information.service.gov.uk/company/12721009,,TO BE ENRICHED — not held by Companies House,legitimate interests (LIA required before contact),Companies House public API,2026-07-12T04:40:04+00:00
SP LUNN ELECTRICAL LTD,08948179,B_COMPLIANCE_DROWNED,micro filer (micro-entity),ltd,corporate subscriber,2014-03-19,micro-entity,"accounts category, NOT turnover",43210,"Three Ways The Street, Coney Weston, Bury St Edmunds, Suffolk",IP31 1HG,https://find-and-update.company-information.service.gov.uk/company/08948179,,TO BE ENRICHED — not held by Companies House,legitimate interests (LIA required before contact),Companies House public API,2026-07-12T04:40:05+00:00
"J, LEWIS & GREGG LTD",NI697525,B_COMPLIANCE_DROWNED,"young (2023), total-exemption-full filer",ltd,corporate subscriber,2023-05-23,total-exemption-full,"accounts category, NOT turnover",43290,"101 Highfield Road, Magherafelt",BT45 5BP,https://find-and-update.company-information.service.gov.uk/company/NI697525,,TO BE ENRICHED — not held by Companies House,legitimate interests (LIA required before contact),Companies House public API,2026-07-12T04:40:06+00:00
LOWE PLUMBING & HEATING SERVICES LIMITED,11986535,B_COMPLIANCE_DROWNED,micro filer (micro-entity),ltd,corporate subscriber,2019-05-09,micro-entity,"accounts category, NOT turnover",43220,"Forget Me Not Stothards Lane, Goxhill, Barrow-Upon-Humber, Sth Humberside",DN19 7JL,https://find-and-update.company-information.service.gov.uk/company/11986535,,TO BE ENRICHED — not held by Companies House,legitimate interests (LIA required before contact),Companies House public API,2026-07-12T04:40:07+00:00
LAW AND LAW CONSTRUCTION AND JOINERY LTD,SC731870,B_COMPLIANCE_DROWNED,micro filer (micro-entity),ltd,corporate subscriber,2022-05-09,micro-entity,"accounts category, NOT turnover",43290; 43320,"25 Overhaven, Limekilns, Dunfermline",KY11 3JH,https://find-and-update.company-information.service.gov.uk/company/SC731870,,TO BE ENRICHED — not held by Companies House,legitimate interests (LIA required before contact),Companies House public API,2026-07-12T04:40:07+00:00
ADM ELECTRICAL & GAS LTD,11346019,A_CEILING_HIT,"established 2018, total-exemption-full filer",ltd,corporate subscriber,2018-05-04,total-exemption-full,"accounts category, NOT turnover",43210; 43220,"798 North Circular Road North Circular Road, London",NW2 7TD,https://find-and-update.company-information.service.gov.uk/company/11346019,,TO BE ENRICHED — not held by Companies House,legitimate interests (LIA required before contact),Companies House public API,2026-07-12T04:40:08+00:00
DANIEL HEATING LIMITED,05288989,A_CEILING_HIT,"established 2004, total-exemption-full filer",ltd,corporate subscriber,2004-11-17,total-exemption-full,"accounts category, NOT turnover",43220,"Bramlea, Balcombe Green, Sedlescombe, East Sussex",TN33 0QL,https://find-and-update.company-information.service.gov.uk/company/05288989,,TO BE ENRICHED — not held by Companies House,legitimate interests (LIA required before contact),Companies House public API,2026-07-12T04:40:09+00:00
GUS MACDONALD ELECTRICAL LTD.,SC289016,A_CEILING_HIT,"established 2005, total-exemption-full filer",ltd,corporate subscriber,2005-08-17,total-exemption-full,"accounts category, NOT turnover",43210,"47 Main Street, Callander, Perthshire",FK17 8DX,https://find-and-update.company-information.service.gov.uk/company/SC289016,,TO BE ENRICHED — not held by Companies House,legitimate interests (LIA required before contact),Companies House public API,2026-07-12T04:40:09+00:00
QUALITY ELECTRICAL (BRISTOL) LIMITED,05831765,B_COMPLIANCE_DROWNED,micro filer (micro-entity),ltd,corporate subscriber,2006-05-30,micro-entity,"accounts category, NOT turnover",43210,"788 Fishponds Road, Fishponds, Bristol",BS16 3TE,https://find-and-update.company-information.service.gov.uk/company/05831765,,TO BE ENRICHED — not held by Companies House,legitimate interests (LIA required before contact),Companies House public API,2026-07-12T04:40:10+00:00
AEROCOM (UK) LIMITED,03981809,A_CEILING_HIT,"established 2000, small filer",ltd,corporate subscriber,2000-04-27,small,"accounts category, NOT turnover",43290,"12 Vickery Way, Chetwynd Business Park, Chilwell, Nottingham",NG9 6RY,https://find-and-update.company-information.service.gov.uk/company/03981809,,TO BE ENRICHED — not held by Companies House,legitimate interests (LIA required before contact),Companies House public API,2026-07-12T04:40:11+00:00
TRACEY MILLS CONSULTING LIMITED,14908744,B_COMPLIANCE_DROWNED,"young (2023), total-exemption-full filer",ltd,corporate subscriber,2023-06-01,total-exemption-full,"accounts category, NOT turnover",43290; 70229,"25 Wilton Crescent, London",SW19 3QY,https://find-and-update.company-information.service.gov.uk/company/14908744,,TO BE ENRICHED — not held by Companies House,legitimate interests (LIA required before contact),Companies House public API,2026-07-12T04:40:12+00:00
SPC HEATING LTD,09264486,A_CEILING_HIT,"established 2014, total-exemption-full filer",ltd,corporate subscriber,2014-10-15,total-exemption-full,"accounts category, NOT turnover",43220,"43 Oswald Road, Scunthorpe, South Humberside",DN15 7PN,https://find-and-update.company-information.service.gov.uk/company/09264486,,TO BE ENRICHED — not held by Companies House,legitimate interests (LIA required before contact),Companies House public API,2026-07-12T04:40:12+00:00
MULTI HEAT SOLUTIONS LTD,12215018,B_COMPLIANCE_DROWNED,micro filer (micro-entity),private-limited-guarant-nsc,corporate subscriber,2019-09-19,micro-entity,"accounts category, NOT turnover",43220,"7 Maes Becca, Llannon, Llanelli",SA14 6AX,https://find-and-update.company-information.service.gov.uk/company/12215018,,TO BE ENRICHED — not held by Companies House,legitimate interests (LIA required before contact),Companies House public API,2026-07-12T04:40:13+00:00
JC ELECTRICAL (BRIGHTON & HOVE) LTD,12858868,A_CEILING_HIT,"established 2020, total-exemption-full filer",ltd,corporate subscriber,2020-09-04,total-exemption-full,"accounts category, NOT turnover",43210,"77 Thornhill Rise, Portslade, Brighton",BN41 2YJ,https://find-and-update.company-information.service.gov.uk/company/12858868,,TO BE ENRICHED — not held by Companies House,legitimate interests (LIA required before contact),Companies House public API,2026-07-12T04:40:14+00:00
ANDOVER GAS ENGINEERS LTD,09555760,B_COMPLIANCE_DROWNED,micro filer (micro-entity),ltd,corporate subscriber,2015-04-22,micro-entity,"accounts category, NOT turnover",43220,"Oaktree Accountants Ltd, Bridge Street, Andover",SP10 1BW,https://find-and-update.company-information.service.gov.uk/company/09555760,,TO BE ENRICHED — not held by Companies House,legitimate interests (LIA required before contact),Companies House public API,2026-07-12T04:40:15+00:00
PITT BUILD LTD,15761052,B_COMPLIANCE_DROWNED,micro filer (micro-entity),ltd,corporate subscriber,2024-06-04,micro-entity,"accounts category, NOT turnover",43290; 43999,"2 Farm Cottages, Brent Pelham, Buntingford, Hertfordshire",SG9 0AP,https://find-and-update.company-information.service.gov.uk/company/15761052,,TO BE ENRICHED — not held by Companies House,legitimate interests (LIA required before contact),Companies House public API,2026-07-12T04:40:15+00:00
SIMMONS ELECTRICAL SERVICES LTD,12794042,B_COMPLIANCE_DROWNED,micro filer (micro-entity),ltd,corporate subscriber,2020-08-05,micro-entity,"accounts category, NOT turnover",43210,"115 Maiden Lane, Dartford, Kent",DA1 4NE,https://find-and-update.company-information.service.gov.uk/company/12794042,,TO BE ENRICHED — not held by Companies House,legitimate interests (LIA required before contact),Companies House public API,2026-07-12T04:40:16+00:00
HK ELECTRICS LIMITED,09612795,B_COMPLIANCE_DROWNED,micro filer (micro-entity),ltd,corporate subscriber,2015-05-28,micro-entity,"accounts category, NOT turnover",43210,"Acklam Hall Hall Drive, Acklam, Middlesbrough",TS5 7DY,https://find-and-update.company-information.service.gov.uk/company/09612795,,TO BE ENRICHED — not held by Companies House,legitimate interests (LIA required before contact),Companies House public API,2026-07-12T04:40:17+00:00
ACC MIDLANDS PLUMBING LTD,14786091,B_COMPLIANCE_DROWNED,micro filer (micro-entity),ltd,corporate subscriber,2023-04-06,micro-entity,"accounts category, NOT turnover",43220,"86-90 Paul Street, London, England",EC2A 4NE,https://find-and-update.company-information.service.gov.uk/company/14786091,,TO BE ENRICHED — not held by Companies House,legitimate interests (LIA required before contact),Companies House public API,2026-07-12T04:40:17+00:00
DESA ELECTRICAL LTD,10113556,EXCLUDED_DORMANT,"dormant — not trading, not a buyer",ltd,corporate subscriber,2016-04-08,dormant,"accounts category, NOT turnover",43210,"15 Milverton Close, Sutton Coldfield, West Midlands",B76 1NB,https://find-and-update.company-information.service.gov.uk/company/10113556,,TO BE ENRICHED — not held by Companies House,legitimate interests (LIA required before contact),Companies House public API,2026-07-12T04:40:18+00:00
GRACES ELECTRICAL LIMITED,08476987,EXCLUDED_DORMANT,"dormant — not trading, not a buyer",ltd,corporate subscriber,2013-04-08,dormant,"accounts category, NOT turnover",43210,"203 Bonham Road, Dagenham",RM8 3BL,https://find-and-update.company-information.service.gov.uk/company/08476987,,TO BE ENRICHED — not held by Companies House,legitimate interests (LIA required before contact),Companies House public API,2026-07-12T04:40:19+00:00
SHABEER PLUMBING LTD,15761584,B_COMPLIANCE_DROWNED,micro filer (micro-entity),ltd,corporate subscriber,2024-06-05,micro-entity,"accounts category, NOT turnover",43220,"72 Basildon Avenue, Ilford",IG5 0QQ,https://find-and-update.company-information.service.gov.uk/company/15761584,,TO BE ENRICHED — not held by Companies House,legitimate interests (LIA required before contact),Companies House public API,2026-07-12T04:40:19+00:00
RFP CONSTRUCTION LTD,11533025,B_COMPLIANCE_DROWNED,micro filer (micro-entity),ltd,corporate subscriber,2018-08-23,micro-entity,"accounts category, NOT turnover",41201; 42220; 43210; 43390,"30 Tranlands Brigg, Heelands, Milton Keynes",MK13 7NZ,https://find-and-update.company-information.service.gov.uk/company/11533025,,TO BE ENRICHED — not held by Companies House,legitimate interests (LIA required before contact),Companies House public API,2026-07-12T04:40:20+00:00
MEITHEAL LTD,NI696969,EXCLUDED_DORMANT,"dormant — not trading, not a buyer",ltd,corporate subscriber,2023-05-09,dormant,"accounts category, NOT turnover",43290,"Suite 4 Commercial Mews, 93-97 Main Street, Larne",BT40 1HJ,https://find-and-update.company-information.service.gov.uk/company/NI696969,,TO BE ENRICHED — not held by Companies House,legitimate interests (LIA required before contact),Companies House public API,2026-07-12T04:40:21+00:00
L AND L FIRE PROTECTION LTD,14857885,B_COMPLIANCE_DROWNED,"young (2023), unaudited-abridged filer",ltd,corporate subscriber,2023-05-09,unaudited-abridged,"accounts category, NOT turnover",43290,"11 Geneva Avenue, Gillingham",ME8 6EJ,https://find-and-update.company-information.service.gov.uk/company/14857885,,TO BE ENRICHED — not held by Companies House,legitimate interests (LIA required before contact),Companies House public API,2026-07-12T04:40:22+00:00
DIVERSE HOME SERVICES LTD,14855500,B_COMPLIANCE_DROWNED,micro filer (micro-entity),ltd,corporate subscriber,2023-05-09,micro-entity,"accounts category, NOT turnover",43220,"20-22 Wenlock Road, London",N1 7GU,https://find-and-update.company-information.service.gov.uk/company/14855500,,TO BE ENRICHED — not held by Companies House,legitimate interests (LIA required before contact),Companies House public API,2026-07-12T04:40:22+00:00
LONDON AND ESSEX ELECTRICAL LIMITED,11987639,UNCLASSIFIED,no accounts filed yet — cannot size,ltd,corporate subscriber,2019-05-09,none,"accounts category, NOT turnover",43210,"28a Wilfred Ave, Rainham, Essex",RM13 9TX,https://find-and-update.company-information.service.gov.uk/company/11987639,,TO BE ENRICHED — not held by Companies House,legitimate interests (LIA required before contact),Companies House public API,2026-07-12T04:40:23+00:00
ATLAS KITCHENS LTD,SC410708,A_CEILING_HIT,"established 2011, total-exemption-full filer",ltd,corporate subscriber,2011-11-07,total-exemption-full,"accounts category, NOT turnover",43290; 43390; 43999; 47599,"120 Queen Margaret Drive, Glasgow",G20 8NZ,https://find-and-update.company-information.service.gov.uk/company/SC410708,,TO BE ENRICHED — not held by Companies House,legitimate interests (LIA required before contact),Companies House public API,2026-07-12T04:40:24+00:00
Q.B.D. LIMITED,04149062,A_CEILING_HIT,"established 2001, unaudited-abridged filer",ltd,corporate subscriber,2001-01-29,unaudited-abridged,"accounts category, NOT turnover",43290,"Unit 5 Church Farm Church Road, Leckhampton, Cheltenham",GL53 0QJ,https://find-and-update.company-information.service.gov.uk/company/04149062,,TO BE ENRICHED — not held by Companies House,legitimate interests (LIA required before contact),Companies House public API,2026-07-12T04:40:24+00:00
SAFER GAS CONTRACTORS LIMITED,10353101,B_COMPLIANCE_DROWNED,micro filer (micro-entity),ltd,corporate subscriber,2016-08-31,micro-entity,"accounts category, NOT turnover",43220,"168 D Ladbroke Grove, London",W10 5NA,https://find-and-update.company-information.service.gov.uk/company/10353101,,TO BE ENRICHED — not held by Companies House,legitimate interests (LIA required before contact),Companies House public API,2026-07-12T04:40:25+00:00
RIM'TAS HANDYMAN LTD,13416702,B_COMPLIANCE_DROWNED,micro filer (micro-entity),ltd,corporate subscriber,2021-05-24,micro-entity,"accounts category, NOT turnover",43220; 43310; 43341,"11 Cherry Gardens, Liverpool",L32 7SE,https://find-and-update.company-information.service.gov.uk/company/13416702,,TO BE ENRICHED — not held by Companies House,legitimate interests (LIA required before contact),Companies House public API,2026-07-12T04:40:26+00:00
6 C'S MECHANICAL SERVICES LIMITED,08076070,A_CEILING_HIT,"established 2012, total-exemption-full filer",ltd,corporate subscriber,2012-05-21,total-exemption-full,"accounts category, NOT turnover",43220,"53 Juniper Way, Gainsborough",DN21 1GW,https://find-and-update.company-information.service.gov.uk/company/08076070,,TO BE ENRICHED — not held by Companies House,legitimate interests (LIA required before contact),Companies House public API,2026-07-12T04:40:26+00:00
AJ PLUMBING & BUILDING LTD,14125188,B_COMPLIANCE_DROWNED,micro filer (micro-entity),ltd,corporate subscriber,2022-05-23,micro-entity,"accounts category, NOT turnover",43220,"52 Victoria Road, Fallings Park, Wolverhampton",WV10 0NG,https://find-and-update.company-information.service.gov.uk/company/14125188,,TO BE ENRICHED — not held by Companies House,legitimate interests (LIA required before contact),Companies House public API,2026-07-12T04:40:27+00:00
A.D. PLUMBING & HEATING (NORTH WALES) LTD,11372859,A_CEILING_HIT,"established 2018, total-exemption-full filer",ltd,corporate subscriber,2018-05-21,total-exemption-full,"accounts category, NOT turnover",43220,"50 High Street, Mold, Flintshire",CH7 1BH,https://find-and-update.company-information.service.gov.uk/company/11372859,,TO BE ENRICHED — not held by Companies House,legitimate interests (LIA required before contact),Companies House public API,2026-07-12T04:40:28+00:00
MAAN HEATING & PLUMBING LTD,09965310,B_COMPLIANCE_DROWNED,micro filer (micro-entity),ltd,corporate subscriber,2016-01-22,micro-entity,"accounts category, NOT turnover",43220,"C/O J&S Associates Ved Court, Alexandra Road, Hounslow",TW3 1LS,https://find-and-update.company-information.service.gov.uk/company/09965310,,TO BE ENRICHED — not held by Companies House,legitimate interests (LIA required before contact),Companies House public API,2026-07-12T04:40:28+00:00
HEATING MATTERS LTD,12322652,B_COMPLIANCE_DROWNED,micro filer (micro-entity),ltd,corporate subscriber,2019-11-19,micro-entity,"accounts category, NOT turnover",43220,"C/O Grit Financials Limited Dartford Business Park, Victoria Road, Dartford, Kent",DA1 5FS,https://find-and-update.company-information.service.gov.uk/company/12322652,,TO BE ENRICHED — not held by Companies House,legitimate interests (LIA required before contact),Companies House public API,2026-07-12T04:40:29+00:00
J G WRIGHT THERMAL SERVICES LTD,13747434,B_COMPLIANCE_DROWNED,"young (2021), unaudited-abridged filer",ltd,corporate subscriber,2021-11-16,unaudited-abridged,"accounts category, NOT turnover",43290,"Lodge Park Lodge Lane, Langham, Colchester, Essex",CO4 5NE,https://find-and-update.company-information.service.gov.uk/company/13747434,,TO BE ENRICHED — not held by Companies House,legitimate interests (LIA required before contact),Companies House public API,2026-07-12T04:40:30+00:00
MSGS HEATING LTD,SC772970,B_COMPLIANCE_DROWNED,micro filer (micro-entity),ltd,corporate subscriber,2023-06-17,micro-entity,"accounts category, NOT turnover",43220,"139 Waverley Drive, Glenrothes",KY6 2LZ,https://find-and-update.company-information.service.gov.uk/company/SC772970,,TO BE ENRICHED — not held by Companies House,legitimate interests (LIA required before contact),Companies House public API,2026-07-12T04:40:31+00:00
MJ HACKETT ELECTRICAL LTD,15761199,B_COMPLIANCE_DROWNED,micro filer (micro-entity),ltd,corporate subscriber,2024-06-04,micro-entity,"accounts category, NOT turnover",43210,"71-75 Shelton Street, Covent Garden, London",WC2H 9JQ,https://find-and-update.company-information.service.gov.uk/company/15761199,,TO BE ENRICHED — not held by Companies House,legitimate interests (LIA required before contact),Companies House public API,2026-07-12T04:40:31+00:00
LITTLE GREEN GRASS CO LTD,13408360,EXCLUDED_DORMANT,"dormant — not trading, not a buyer",ltd,corporate subscriber,2021-05-19,dormant,"accounts category, NOT turnover",43290,"35 Laundry Lane, Thorpe St. Andrew, Norwich, Norfolk",NR7 0XG,https://find-and-update.company-information.service.gov.uk/company/13408360,,TO BE ENRICHED — not held by Companies House,legitimate interests (LIA required before contact),Companies House public API,2026-07-12T04:40:32+00:00
J DREW & SON LIMITED,06260745,A_CEILING_HIT,"established 2007, total-exemption-full filer",ltd,corporate subscriber,2007-05-29,total-exemption-full,"accounts category, NOT turnover",43220,"28 Northgate, Walkington, Beverley",HU17 8ST,https://find-and-update.company-information.service.gov.uk/company/06260745,,TO BE ENRICHED — not held by Companies House,legitimate interests (LIA required before contact),Companies House public API,2026-07-12T04:40:33+00:00
M. B. AIR UK LTD,06012804,A_CEILING_HIT,"established 2006, total-exemption-full filer",ltd,corporate subscriber,2006-11-29,total-exemption-full,"accounts category, NOT turnover",43220,"The Old Bank The Triangle, Paulton, Bristol, Avon",BS39 7LE,https://find-and-update.company-information.service.gov.uk/company/06012804,,TO BE ENRICHED — not held by Companies House,legitimate interests (LIA required before contact),Companies House public API,2026-07-12T04:40:33+00:00
RAW ELECTRICAL ENGINEERING SOLUTIONS LIMITED,11196647,B_COMPLIANCE_DROWNED,micro filer (micro-entity),ltd,corporate subscriber,2018-02-09,micro-entity,"accounts category, NOT turnover",43210,"7 Crud Yr Awel, Heolgerrig, Merthyr Tydfil, Mid Glamorgan",CF48 1SA,https://find-and-update.company-information.service.gov.uk/company/11196647,,TO BE ENRICHED — not held by Companies House,legitimate interests (LIA required before contact),Companies House public API,2026-07-12T04:40:34+00:00
PLAY CENTRE REFURBS LIMITED,11843997,B_COMPLIANCE_DROWNED,micro filer (micro-entity),ltd,corporate subscriber,2019-02-25,micro-entity,"accounts category, NOT turnover",43290,"Unit 26 Cinder Bank, Dudley",DY2 9AP,https://find-and-update.company-information.service.gov.uk/company/11843997,,TO BE ENRICHED — not held by Companies House,legitimate interests (LIA required before contact),Companies House public API,2026-07-12T04:40:35+00:00
SOLARIZON LIMITED,14094566,B_COMPLIANCE_DROWNED,"young (2022), unaudited-abridged filer",ltd,corporate subscriber,2022-05-09,unaudited-abridged,"accounts category, NOT turnover",43290,"25 Garden Close, Poulton-Le-Fylde, Lancashire",FY6 7WG,https://find-and-update.company-information.service.gov.uk/company/14094566,,TO BE ENRICHED — not held by Companies House,legitimate interests (LIA required before contact),Companies House public API,2026-07-12T04:40:35+00:00
CLERVIL PLUMBING LTD,11065446,B_COMPLIANCE_DROWNED,micro filer (micro-entity),ltd,corporate subscriber,2017-11-15,micro-entity,"accounts category, NOT turnover",43220,"391e Durnsford Road, London",SW19 8EE,https://find-and-update.company-information.service.gov.uk/company/11065446,,TO BE ENRICHED — not held by Companies House,legitimate interests (LIA required before contact),Companies House public API,2026-07-12T04:40:36+00:00
PRO AC POWER LTD,14741958,B_COMPLIANCE_DROWNED,micro filer (micro-entity),ltd,corporate subscriber,2023-03-20,micro-entity,"accounts category, NOT turnover",43210; 43290,"8 Garrison Close, Hounslow, Middlesex",TW4 5EZ,https://find-and-update.company-information.service.gov.uk/company/14741958,,TO BE ENRICHED — not held by Companies House,legitimate interests (LIA required before contact),Companies House public API,2026-07-12T04:40:37+00:00
PROHEAT BOILERS LIMITED,14746943,B_COMPLIANCE_DROWNED,micro filer (micro-entity),ltd,corporate subscriber,2023-03-21,micro-entity,"accounts category, NOT turnover",43220,"Unit K2 113 K2 House Heathfield Way, Kings Heath Industrial Estate, Northampton",NN5 7QP,https://find-and-update.company-information.service.gov.uk/company/14746943,,TO BE ENRICHED — not held by Companies House,legitimate interests (LIA required before contact),Companies House public API,2026-07-12T04:40:37+00:00
MRD CONSTRUCTION LTD,08524083,B_COMPLIANCE_DROWNED,micro filer (micro-entity),ltd,corporate subscriber,2013-05-10,micro-entity,"accounts category, NOT turnover",43290,"63-66 Hatton Garden, 5th Floor, Suite 23, London",EC1N 8LE,https://find-and-update.company-information.service.gov.uk/company/08524083,,TO BE ENRICHED — not held by Companies House,legitimate interests (LIA required before contact),Companies House public API,2026-07-12T04:40:38+00:00
FRONTLINE PLUMBING&HEATING LTD,14227358,B_COMPLIANCE_DROWNED,micro filer (micro-entity),ltd,corporate subscriber,2022-07-12,micro-entity,"accounts category, NOT turnover",43220,"45 Long Lane, Chadderton, Oldham",OL9 8AZ,https://find-and-update.company-information.service.gov.uk/company/14227358,,TO BE ENRICHED — not held by Companies House,legitimate interests (LIA required before contact),Companies House public API,2026-07-12T04:40:39+00:00
A & K AIR CONDITIONING LTD,03380234,B_COMPLIANCE_DROWNED,micro filer (micro-entity),ltd,corporate subscriber,1997-06-03,micro-entity,"accounts category, NOT turnover",43220,"Brook House, The Street, Barton Mills, Suffolk",IP28 6AA,https://find-and-update.company-information.service.gov.uk/company/03380234,,TO BE ENRICHED — not held by Companies House,legitimate interests (LIA required before contact),Companies House public API,2026-07-12T04:40:39+00:00
O&L CONSTRUCTION LTD,12615347,A_CEILING_HIT,"established 2020, total-exemption-full filer",ltd,corporate subscriber,2020-05-20,total-exemption-full,"accounts category, NOT turnover",43290,"14/2g Docklands Business Centre 10-16 Tiller Road, London",E14 8PX,https://find-and-update.company-information.service.gov.uk/company/12615347,,TO BE ENRICHED — not held by Companies House,legitimate interests (LIA required before contact),Companies House public API,2026-07-12T04:40:40+00:00
JOEGAV CONSULTANTS LTD,SC561436,A_CEILING_HIT,"established 2017, total-exemption-full filer",ltd,corporate subscriber,2017-03-24,total-exemption-full,"accounts category, NOT turnover",43290,"49 Beech Brae, Elgin, Moray",IV30 4NS,https://find-and-update.company-information.service.gov.uk/company/SC561436,,TO BE ENRICHED — not held by Companies House,legitimate interests (LIA required before contact),Companies House public API,2026-07-12T04:40:41+00:00
ALGETI LIMITED,11644924,B_COMPLIANCE_DROWNED,micro filer (micro-entity),ltd,corporate subscriber,2018-10-26,micro-entity,"accounts category, NOT turnover",41202; 43220,"11 Eleanor Road, London",N11 2QS,https://find-and-update.company-information.service.gov.uk/company/11644924,,TO BE ENRICHED — not held by Companies House,legitimate interests (LIA required before contact),Companies House public API,2026-07-12T04:40:42+00:00
MULTIPLEX SHOPFITTERS LIMITED,12742594,B_COMPLIANCE_DROWNED,micro filer (micro-entity),ltd,corporate subscriber,2020-07-14,micro-entity,"accounts category, NOT turnover",43290; 43342; 43390,"9 Warwick Crescent, Hayes, Middlesex",UB4 8RE,https://find-and-update.company-information.service.gov.uk/company/12742594,,TO BE ENRICHED — not held by Companies House,legitimate interests (LIA required before contact),Companies House public API,2026-07-12T04:40:42+00:00
T J BRICKLAND CONSTRUCTION LIMITED,14353579,B_COMPLIANCE_DROWNED,"young (2022), total-exemption-full filer",ltd,corporate subscriber,2022-09-13,total-exemption-full,"accounts category, NOT turnover",43290,"33 Whitchurch Road, Chester",CH3 5QA,https://find-and-update.company-information.service.gov.uk/company/14353579,,TO BE ENRICHED — not held by Companies House,legitimate interests (LIA required before contact),Companies House public API,2026-07-12T04:40:43+00:00
HEYWOOD FITTING SERVICES LTD,13450358,A_CEILING_HIT,"established 2021, total-exemption-full filer",ltd,corporate subscriber,2021-06-10,total-exemption-full,"accounts category, NOT turnover",43290,"Manor House, 35 St. Thomas's Road, Chorley",PR7 1HP,https://find-and-update.company-information.service.gov.uk/company/13450358,,TO BE ENRICHED — not held by Companies House,legitimate interests (LIA required before contact),Companies House public API,2026-07-12T04:40:44+00:00
GLOWPLUS HOME SERVICES LTD,12641807,B_COMPLIANCE_DROWNED,micro filer (micro-entity),ltd,corporate subscriber,2020-06-03,micro-entity,"accounts category, NOT turnover",43220,"The Glow Group Leafbridge Business Park Unit F3 Freya Court, Castings Way, Lincoln, Lincolnshire",LN6 9WG,https://find-and-update.company-information.service.gov.uk/company/12641807,,TO BE ENRICHED — not held by Companies House,legitimate interests (LIA required before contact),Companies House public API,2026-07-12T04:40:44+00:00
BORDER LIME CONSTRUCTION LTD,11300000,A_CEILING_HIT,"established 2018, total-exemption-full filer",ltd,corporate subscriber,2018-04-09,total-exemption-full,"accounts category, NOT turnover",41100; 43290,"Laurel House, Kirkbride, Wigton, Cumbria",CA7 5JH,https://find-and-update.company-information.service.gov.uk/company/11300000,,TO BE ENRICHED — not held by Companies House,legitimate interests (LIA required before contact),Companies House public API,2026-07-12T04:40:45+00:00
PLANET POWER ELECTRICAL LIMITED,14567904,B_COMPLIANCE_DROWNED,micro filer (micro-entity),ltd,corporate subscriber,2023-01-03,micro-entity,"accounts category, NOT turnover",43210,"6 Lorton Close, Burnley",BB12 8UW,https://find-and-update.company-information.service.gov.uk/company/14567904,,TO BE ENRICHED — not held by Companies House,legitimate interests (LIA required before contact),Companies House public API,2026-07-12T04:40:46+00:00
JPF ELEC LTD,12014561,B_COMPLIANCE_DROWNED,micro filer (micro-entity),ltd,corporate subscriber,2019-05-23,micro-entity,"accounts category, NOT turnover",43210,"25 Queens Drive, Barnsley",S75 2QQ,https://find-and-update.company-information.service.gov.uk/company/12014561,,TO BE ENRICHED — not held by Companies House,legitimate interests (LIA required before contact),Companies House public API,2026-07-12T04:40:46+00:00
SABZZ PLUMBING & HEATING LTD,14778060,B_COMPLIANCE_DROWNED,"young (2023), total-exemption-full filer",ltd,corporate subscriber,2023-04-03,total-exemption-full,"accounts category, NOT turnover",43220,"24 Mersey Road North, Failsworth, Manchester",M35 9FF,https://find-and-update.company-information.service.gov.uk/company/14778060,,TO BE ENRICHED — not held by Companies House,legitimate interests (LIA required before contact),Companies House public API,2026-07-12T04:40:47+00:00
UNIVERSE HOME IMPROVEMENTS LIMITED,13315603,EXCLUDED_DORMANT,"dormant — not trading, not a buyer",ltd,corporate subscriber,2021-04-06,dormant,"accounts category, NOT turnover",43210; 43220; 43342,"Office 392 58 Peregrine Road, Ilford, London",IG6 3SZ,https://find-and-update.company-information.service.gov.uk/company/13315603,,TO BE ENRICHED — not held by Companies House,legitimate interests (LIA required before contact),Companies House public API,2026-07-12T04:40:48+00:00
BLUE WIRE MECHANICAL & ELECTRICAL LTD,08921154,B_COMPLIANCE_DROWNED,micro filer (micro-entity),ltd,corporate subscriber,2014-03-04,micro-entity,"accounts category, NOT turnover",43210,"Unit 3 Wortley Moor Lane, Leeds",LS12 4JD,https://find-and-update.company-information.service.gov.uk/company/08921154,,TO BE ENRICHED — not held by Companies House,legitimate interests (LIA required before contact),Companies House public API,2026-07-12T04:40:48+00:00
RIDGEWELL ELECTRICAL SERVICES LTD,12234433,B_COMPLIANCE_DROWNED,micro filer (micro-entity),ltd,corporate subscriber,2019-09-30,micro-entity,"accounts category, NOT turnover",43210,"11 Ridgewell Grove, Hornchurch",RM12 5AG,https://find-and-update.company-information.service.gov.uk/company/12234433,,TO BE ENRICHED — not held by Companies House,legitimate interests (LIA required before contact),Companies House public API,2026-07-12T04:40:49+00:00
J.L. CLARK & SON LIMITED,05135608,B_COMPLIANCE_DROWNED,micro filer (micro-entity),ltd,corporate subscriber,2004-05-24,micro-entity,"accounts category, NOT turnover",43210,"Unit 16 Alliance Close, Attleborough Fields Industrial, Estate Nuneaton, Warwickshire",CV11 6SD,https://find-and-update.company-information.service.gov.uk/company/05135608,,TO BE ENRICHED — not held by Companies House,legitimate interests (LIA required before contact),Companies House public API,2026-07-12T04:40:50+00:00
OPTIONS ELECTRICAL & MECHANICAL SERVICES LIMITED,11170616,EXCLUDED_DORMANT,"dormant — not trading, not a buyer",ltd,corporate subscriber,2018-01-25,dormant,"accounts category, NOT turnover",43210,"117 Memorial Road, Hanham, Bristol",BS15 3LA,https://find-and-update.company-information.service.gov.uk/company/11170616,,TO BE ENRICHED — not held by Companies House,legitimate interests (LIA required before contact),Companies House public API,2026-07-12T04:40:50+00:00
G & G MAINTENANCE AND ELECTRICAL SERVICES LTD,12001950,B_COMPLIANCE_DROWNED,micro filer (micro-entity),ltd,corporate subscriber,2019-05-17,micro-entity,"accounts category, NOT turnover",33140; 41201; 43210; 47990,"500 White Hart Lane, London",N17 7NA,https://find-and-update.company-information.service.gov.uk/company/12001950,,TO BE ENRICHED — not held by Companies House,legitimate interests (LIA required before contact),Companies House public API,2026-07-12T04:40:51+00:00
J BARKER ELECTRICAL LTD,13419782,A_CEILING_HIT,"established 2021, total-exemption-full filer",ltd,corporate subscriber,2021-05-25,total-exemption-full,"accounts category, NOT turnover",43210,"17 Nalton Drive, Driffield, East Yorkshire",YO25 5GE,https://find-and-update.company-information.service.gov.uk/company/13419782,,TO BE ENRICHED — not held by Companies House,legitimate interests (LIA required before contact),Companies House public API,2026-07-12T04:40:52+00:00
S J DUBAS LIMITED,04005625,B_COMPLIANCE_DROWNED,micro filer (micro-entity),ltd,corporate subscriber,2000-06-01,micro-entity,"accounts category, NOT turnover",43210,"15 The Square, Beaminster, Dorset",DT8 3AU,https://find-and-update.company-information.service.gov.uk/company/04005625,,TO BE ENRICHED — not held by Companies House,legitimate interests (LIA required before contact),Companies House public API,2026-07-12T04:40:53+00:00
"AMT MARSH PLUMBING, HEATING & GAS LTD",13419022,A_CEILING_HIT,"established 2021, unaudited-abridged filer",ltd,corporate subscriber,2021-05-25,unaudited-abridged,"accounts category, NOT turnover",43220,"2 Exeter Street, Cottingham, East Riding Of Yorkshire",HU16 4LU,https://find-and-update.company-information.service.gov.uk/company/13419022,,TO BE ENRICHED — not held by Companies House,legitimate interests (LIA required before contact),Companies House public API,2026-07-12T04:40:53+00:00
JED MASON PLUMBING AND HEATING LIMITED,09878090,A_CEILING_HIT,"established 2015, total-exemption-full filer",ltd,corporate subscriber,2015-11-18,total-exemption-full,"accounts category, NOT turnover",43220,"1 Barlow Road, Barnstaple",EX31 1TR,https://find-and-update.company-information.service.gov.uk/company/09878090,,TO BE ENRICHED — not held by Companies House,legitimate interests (LIA required before contact),Companies House public API,2026-07-12T04:40:54+00:00
PJ ELECTRICAL MIDLANDS LTD,09780839,B_COMPLIANCE_DROWNED,micro filer (micro-entity),ltd,corporate subscriber,2015-09-16,micro-entity,"accounts category, NOT turnover",43210,"80 Norton Hill Drive, Coventry",CV2 3AY,https://find-and-update.company-information.service.gov.uk/company/09780839,,TO BE ENRICHED — not held by Companies House,legitimate interests (LIA required before contact),Companies House public API,2026-07-12T04:40:55+00:00
ONE CALL AIR CONDITIONING LIMITED,05902177,B_COMPLIANCE_DROWNED,micro filer (micro-entity),ltd,corporate subscriber,2006-08-10,micro-entity,"accounts category, NOT turnover",43220,"16 Longlands Drive, Houghton Le Spring, Tyne & Wear",DH5 8LR,https://find-and-update.company-information.service.gov.uk/company/05902177,,TO BE ENRICHED — not held by Companies House,legitimate interests (LIA required before contact),Companies House public API,2026-07-12T04:40:55+00:00
WMB (MECHANICAL) LIMITED,07663146,A_CEILING_HIT,"established 2011, total-exemption-full filer",ltd,corporate subscriber,2011-06-09,total-exemption-full,"accounts category, NOT turnover",43220,"Ventures House, 11a Claremont Road, Salford, Lancashire",M6 7NW,https://find-and-update.company-information.service.gov.uk/company/07663146,,TO BE ENRICHED — not held by Companies House,legitimate interests (LIA required before contact),Companies House public API,2026-07-12T04:40:56+00:00
HEATING UP LTD,11764690,A_CEILING_HIT,"established 2019, total-exemption-full filer",ltd,corporate subscriber,2019-01-14,total-exemption-full,"accounts category, NOT turnover",43220,"68 Benett Drive, Hove",BN3 6UQ,https://find-and-update.company-information.service.gov.uk/company/11764690,,TO BE ENRICHED — not held by Companies House,legitimate interests (LIA required before contact),Companies House public API,2026-07-12T04:40:57+00:00
MULTIFORM CONSULTING LIMITED,08088641,B_COMPLIANCE_DROWNED,micro filer (micro-entity),ltd,corporate subscriber,2012-05-30,micro-entity,"accounts category, NOT turnover",43210; 70229,"168a Palmerston Road, Bowes Park, London",N22 8RB,https://find-and-update.company-information.service.gov.uk/company/08088641,,TO BE ENRICHED — not held by Companies House,legitimate interests (LIA required before contact),Companies House public API,2026-07-12T04:40:57+00:00
HEYWORTH BUILDERS LTD,05684715,B_COMPLIANCE_DROWNED,micro filer (micro-entity),ltd,corporate subscriber,2006-01-23,micro-entity,"accounts category, NOT turnover",43220,"67 Airthrie Road, Ilford, Essex",IG3 9QT,https://find-and-update.company-information.service.gov.uk/company/05684715,,TO BE ENRICHED — not held by Companies House,legitimate interests (LIA required before contact),Companies House public API,2026-07-12T04:40:58+00:00
Y&H ELECTRICAL LTD,11434692,B_COMPLIANCE_DROWNED,micro filer (micro-entity),ltd,corporate subscriber,2018-06-26,micro-entity,"accounts category, NOT turnover",43210,"172 Ellesmere Road, Bolton",BL3 3JN,https://find-and-update.company-information.service.gov.uk/company/11434692,,TO BE ENRICHED — not held by Companies House,legitimate interests (LIA required before contact),Companies House public API,2026-07-12T04:40:59+00:00
RLA ELECTRICAL SERVICES LIMITED,10422782,B_COMPLIANCE_DROWNED,micro filer (micro-entity),ltd,corporate subscriber,2016-10-12,micro-entity,"accounts category, NOT turnover",43210,"9 Parkland Avenue, Blaydon-On-Tyne",NE21 6NA,https://find-and-update.company-information.service.gov.uk/company/10422782,,TO BE ENRICHED — not held by Companies House,legitimate interests (LIA required before contact),Companies House public API,2026-07-12T04:40:59+00:00
PLUMBING SOLUTIONS BY NE PLUMBING LIMITED,11357625,A_CEILING_HIT,"established 2018, total-exemption-full filer",ltd,corporate subscriber,2018-05-11,total-exemption-full,"accounts category, NOT turnover",43220,"20 Russell Avenue, Balderton, Newark",NG24 3BT,https://find-and-update.company-information.service.gov.uk/company/11357625,,TO BE ENRICHED — not held by Companies House,legitimate interests (LIA required before contact),Companies House public API,2026-07-12T04:41:00+00:00
JON WRIGHT ELECTRICAL LTD,06522629,A_CEILING_HIT,"established 2008, total-exemption-full filer",ltd,corporate subscriber,2008-03-04,total-exemption-full,"accounts category, NOT turnover",43210,"76 Meadow Brook, Wigan, Lancashire",WN5 8ED,https://find-and-update.company-information.service.gov.uk/company/06522629,,TO BE ENRICHED — not held by Companies House,legitimate interests (LIA required before contact),Companies House public API,2026-07-12T04:41:01+00:00
PIRNAR LTD,11077344,B_COMPLIANCE_DROWNED,micro filer (micro-entity),ltd,corporate subscriber,2017-11-22,micro-entity,"accounts category, NOT turnover",43290; 47789,"Unit 30 Leigh Commerce Park, Meadowcroft Way, Leigh",WN7 3XZ,https://find-and-update.company-information.service.gov.uk/company/11077344,,TO BE ENRICHED — not held by Companies House,legitimate interests (LIA required before contact),Companies House public API,2026-07-12T04:41:01+00:00
CPR CONTROLS LTD,13121341,B_COMPLIANCE_DROWNED,micro filer (micro-entity),ltd,corporate subscriber,2021-01-08,micro-entity,"accounts category, NOT turnover",43210,"Chart House, 2 Effingham Road, Reigate, Surrey",RH2 7JN,https://find-and-update.company-information.service.gov.uk/company/13121341,,TO BE ENRICHED — not held by Companies House,legitimate interests (LIA required before contact),Companies House public API,2026-07-12T04:41:02+00:00
HEAT (UK) LIMITED,08059393,EXCLUDED_DORMANT,"dormant — not trading, not a buyer",ltd,corporate subscriber,2012-05-08,dormant,"accounts category, NOT turnover",43220,"48 Westoe Road, South Shields, Tyne And Wear",NE33 4NA,https://find-and-update.company-information.service.gov.uk/company/08059393,,TO BE ENRICHED — not held by Companies House,legitimate interests (LIA required before contact),Companies House public API,2026-07-12T04:41:03+00:00
NORFOLK DRY WALL LIMITED,02380590,A_CEILING_HIT,"established 1989, total-exemption-full filer",ltd,corporate subscriber,1989-05-08,total-exemption-full,"accounts category, NOT turnover",43290,"The White House, High Street, Dereham, Norfolk",NR19 1DR,https://find-and-update.company-information.service.gov.uk/company/02380590,,TO BE ENRICHED — not held by Companies House,legitimate interests (LIA required before contact),Companies House public API,2026-07-12T04:41:03+00:00
TRUSTMARK ELECTRICAL LTD,14226314,B_COMPLIANCE_DROWNED,micro filer (micro-entity),ltd,corporate subscriber,2022-07-11,micro-entity,"accounts category, NOT turnover",43210,"8 Ridgley Road, Coventry",CV4 9JX,https://find-and-update.company-information.service.gov.uk/company/14226314,,TO BE ENRICHED — not held by Companies House,legitimate interests (LIA required before contact),Companies House public API,2026-07-12T04:41:04+00:00
DWR ELECTRICAL LIMITED,SC425422,B_COMPLIANCE_DROWNED,micro filer (micro-entity),ltd,corporate subscriber,2012-06-01,micro-entity,"accounts category, NOT turnover",43210,"1 Simonsburn Road, Loreny Industrial Estate, Kilmarnock, Ayrshire",KA1 5LA,https://find-and-update.company-information.service.gov.uk/company/SC425422,,TO BE ENRICHED — not held by Companies House,legitimate interests (LIA required before contact),Companies House public API,2026-07-12T04:41:05+00:00
RESOLVE HEATING & PLUMBING SERVICES LTD,15035340,B_COMPLIANCE_DROWNED,micro filer (micro-entity),ltd,corporate subscriber,2023-07-28,micro-entity,"accounts category, NOT turnover",43220,"35 The Driveway, Canvey Island",SS8 0AB,https://find-and-update.company-information.service.gov.uk/company/15035340,,TO BE ENRICHED — not held by Companies House,legitimate interests (LIA required before contact),Companies House public API,2026-07-12T04:41:06+00:00
G D A ELECTRICAL LIMITED,07025393,A_CEILING_HIT,"established 2009, total-exemption-full filer",ltd,corporate subscriber,2009-09-21,total-exemption-full,"accounts category, NOT turnover",43210,"79 Church Street, Langford, Biggleswade, Bedfordshire",SG18 9QA,https://find-and-update.company-information.service.gov.uk/company/07025393,,TO BE ENRICHED — not held by Companies House,legitimate interests (LIA required before contact),Companies House public API,2026-07-12T04:41:06+00:00
CHOICE CONSTRUCTION LIMITED,02612438,A_CEILING_HIT,"established 1991, total-exemption-full filer",ltd,corporate subscriber,1991-05-20,total-exemption-full,"accounts category, NOT turnover",43290,"The Maltings, Rosemary Lane, Halstead, Essex",CO9 1HZ,https://find-and-update.company-information.service.gov.uk/company/02612438,,TO BE ENRICHED — not held by Companies House,legitimate interests (LIA required before contact),Companies House public API,2026-07-12T04:41:07+00:00
BLUE WATER SYSTEMS LIMITED,08179757,A_CEILING_HIT,"established 2012, total-exemption-full filer",ltd,corporate subscriber,2012-08-14,total-exemption-full,"accounts category, NOT turnover",43220,"Hubspace, Devonshire House C/O Shenkers, Manor Way, Borehamwood, Hertfordshire",WD6 1QQ,https://find-and-update.company-information.service.gov.uk/company/08179757,,TO BE ENRICHED — not held by Companies House,legitimate interests (LIA required before contact),Companies House public API,2026-07-12T04:41:08+00:00
CDM MAINTENANCE AND CONSTRUCTION LIMITED,03421083,B_COMPLIANCE_DROWNED,micro filer (micro-entity),ltd,corporate subscriber,1997-08-18,micro-entity,"accounts category, NOT turnover",43290,"Thames House, Roman Square, Sittingbourne, Kent",ME10 4BJ,https://find-and-update.company-information.service.gov.uk/company/03421083,,TO BE ENRICHED — not held by Companies House,legitimate interests (LIA required before contact),Companies House public API,2026-07-12T04:41:08+00:00
EDWARDS ELECTRICAL INSTALLATIONS LTD,11995566,A_CEILING_HIT,"established 2019, total-exemption-full filer",ltd,corporate subscriber,2019-05-14,total-exemption-full,"accounts category, NOT turnover",33140; 43210; 71200,"6 Moorland Road, Biddulph, Staffordshire",ST8 6EW,https://find-and-update.company-information.service.gov.uk/company/11995566,,TO BE ENRICHED — not held by Companies House,legitimate interests (LIA required before contact),Companies House public API,2026-07-12T04:41:09+00:00
"GARETH LANE PLUMBING, HEATING AND GAS SERVICES LIMITED",09932611,B_COMPLIANCE_DROWNED,micro filer (micro-entity),ltd,corporate subscriber,2015-12-30,micro-entity,"accounts category, NOT turnover",43220,"16 Bryn Terrace, Ystrad, Pentre, Mid Glamorgan",CF41 7RX,https://find-and-update.company-information.service.gov.uk/company/09932611,,TO BE ENRICHED — not held by Companies House,legitimate interests (LIA required before contact),Companies House public API,2026-07-12T04:41:10+00:00
PERFA LIMITED,09646148,A_CEILING_HIT,"established 2015, total-exemption-full filer",ltd,corporate subscriber,2015-06-18,total-exemption-full,"accounts category, NOT turnover",43290,"Unit 5, Joe Pole Storage, Claycliffe Road, Barnsley, South Yorkshire",S75 1HS,https://find-and-update.company-information.service.gov.uk/company/09646148,,TO BE ENRICHED — not held by Companies House,legitimate interests (LIA required before contact),Companies House public API,2026-07-12T04:41:10+00:00
WARD AIR SYSTEMS LIMITED,04486982,A_CEILING_HIT,"established 2002, total-exemption-full filer",ltd,corporate subscriber,2002-07-16,total-exemption-full,"accounts category, NOT turnover",43220,"15 The Waterways, Stratford-Upon-Avon",CV37 0AW,https://find-and-update.company-information.service.gov.uk/company/04486982,,TO BE ENRICHED — not held by Companies House,legitimate interests (LIA required before contact),Companies House public API,2026-07-12T04:41:11+00:00
J BARSBY ELECTRICAL LTD,06610387,B_COMPLIANCE_DROWNED,micro filer (micro-entity),ltd,corporate subscriber,2008-06-04,micro-entity,"accounts category, NOT turnover",43210,"42-44 Nottingham Road, Mansfield, Nottinghamshire",NG18 1BL,https://find-and-update.company-information.service.gov.uk/company/06610387,,TO BE ENRICHED — not held by Companies House,legitimate interests (LIA required before contact),Companies House public API,2026-07-12T04:41:12+00:00
GG PLUMBERS LTD,SC743730,B_COMPLIANCE_DROWNED,micro filer (micro-entity),ltd,corporate subscriber,2022-09-07,micro-entity,"accounts category, NOT turnover",43220,"Torridon House, Torridon Lane, Rosyth, Fife",KY11 2EU,https://find-and-update.company-information.service.gov.uk/company/SC743730,,TO BE ENRICHED — not held by Companies House,legitimate interests (LIA required before contact),Companies House public API,2026-07-12T04:41:12+00:00
SMH PLUMBING LIMITED,09348791,B_COMPLIANCE_DROWNED,micro filer (micro-entity),ltd,corporate subscriber,2014-12-10,micro-entity,"accounts category, NOT turnover",43220; 47190,"Groveland Farm Shop Thorpe Market Road, Roughton, Norwich",NR11 8TB,https://find-and-update.company-information.service.gov.uk/company/09348791,,TO BE ENRICHED — not held by Companies House,legitimate interests (LIA required before contact),Companies House public API,2026-07-12T04:41:13+00:00
LIGHTFANTASIA LIMITED,14614991,B_COMPLIANCE_DROWNED,"young (2023), total-exemption-full filer",ltd,corporate subscriber,2023-01-24,total-exemption-full,"accounts category, NOT turnover",43210; 47540,"41 Cranborne Road, Barking",IG11 7XD,https://find-and-update.company-information.service.gov.uk/company/14614991,,TO BE ENRICHED — not held by Companies House,legitimate interests (LIA required before contact),Companies House public API,2026-07-12T04:41:14+00:00
HVN LIMITED,14335611,EXCLUDED_DORMANT,"dormant — not trading, not a buyer",ltd,corporate subscriber,2022-09-05,dormant,"accounts category, NOT turnover",43210; 43220,"1 The Limes, Frittenden, Cranbrook, Kent",TN17 2DL,https://find-and-update.company-information.service.gov.uk/company/14335611,,TO BE ENRICHED — not held by Companies House,legitimate interests (LIA required before contact),Companies House public API,2026-07-12T04:41:14+00:00
BARNET ELECTRICAL SERVICES LTD,11368761,B_COMPLIANCE_DROWNED,micro filer (micro-entity),ltd,corporate subscriber,2018-05-17,micro-entity,"accounts category, NOT turnover",43210,"Unit 1.04, The Light Box, Power Road, London",W4 5PY,https://find-and-update.company-information.service.gov.uk/company/11368761,,TO BE ENRICHED — not held by Companies House,legitimate interests (LIA required before contact),Companies House public API,2026-07-12T04:41:15+00:00
PEARLEX GROUP LTD,12565382,B_COMPLIANCE_DROWNED,micro filer (micro-entity),ltd,corporate subscriber,2020-04-21,micro-entity,"accounts category, NOT turnover",43290; 63120; 70229,"Level One Base Camp, 49 Jamaica Street, Liverpool",L1 0AH,https://find-and-update.company-information.service.gov.uk/company/12565382,,TO BE ENRICHED — not held by Companies House,legitimate interests (LIA required before contact),Companies House public API,2026-07-12T04:41:16+00:00
J&J ELECTRICAL LTD,10214625,B_COMPLIANCE_DROWNED,micro filer (micro-entity),ltd,corporate subscriber,2016-06-03,micro-entity,"accounts category, NOT turnover",43210,"47 Wordsworth Avenue, Wolverhampton",WV4 6SY,https://find-and-update.company-information.service.gov.uk/company/10214625,,TO BE ENRICHED — not held by Companies House,legitimate interests (LIA required before contact),Companies House public API,2026-07-12T04:41:17+00:00
LANDWORTH ELECTRICAL ENGINEERING LIMITED,12528363,EXCLUDED_DORMANT,"dormant — not trading, not a buyer",ltd,corporate subscriber,2020-03-20,dormant,"accounts category, NOT turnover",43210,"Ingle Lodge, Bridle Lane, Loudwater, Rickmansworth",WD3 4JB,https://find-and-update.company-information.service.gov.uk/company/12528363,,TO BE ENRICHED — not held by Companies House,legitimate interests (LIA required before contact),Companies House public API,2026-07-12T04:41:17+00:00
DIAMOND HOME MODERNISATIONS LIMITED,14230401,B_COMPLIANCE_DROWNED,micro filer (micro-entity),ltd,corporate subscriber,2022-07-12,micro-entity,"accounts category, NOT turnover",43290,"21 Humberstone Road, Coventry",CV6 1BG,https://find-and-update.company-information.service.gov.uk/company/14230401,,TO BE ENRICHED — not held by Companies House,legitimate interests (LIA required before contact),Companies House public API,2026-07-12T04:41:18+00:00
A H BUILDING CONSTRUCTIONS AND SUPPLY LIMITED,14750621,UNCLASSIFIED,no accounts filed yet — cannot size,ltd,corporate subscriber,2023-03-22,none,"accounts category, NOT turnover",41201; 43220; 43390; 46730,"141 Altmore Avenue, London",E6 2BU,https://find-and-update.company-information.service.gov.uk/company/14750621,,TO BE ENRICHED — not held by Companies House,legitimate interests (LIA required before contact),Companies House public API,2026-07-12T04:41:19+00:00
ELEVATE ELECTRICAL SERVICES LIMITED,13998934,B_COMPLIANCE_DROWNED,micro filer (micro-entity),ltd,corporate subscriber,2022-03-23,micro-entity,"accounts category, NOT turnover",43210,"11 Parkwood Drive, Rossendale, Lancashire",BB4 6RP,https://find-and-update.company-information.service.gov.uk/company/13998934,,TO BE ENRICHED — not held by Companies House,legitimate interests (LIA required before contact),Companies House public API,2026-07-12T04:41:20+00:00
LJM ELECTRICAL SERVICES LIMITED,11854689,B_COMPLIANCE_DROWNED,micro filer (micro-entity),ltd,corporate subscriber,2019-03-01,micro-entity,"accounts category, NOT turnover",43210,"1 Beeches Avenue, Worthing",BN14 9JE,https://find-and-update.company-information.service.gov.uk/company/11854689,,TO BE ENRICHED — not held by Companies House,legitimate interests (LIA required before contact),Companies House public API,2026-07-12T04:41:20+00:00
CML ELECTRICAL SOLUTIONS LTD,SC627602,EXCLUDED_DORMANT,"dormant — not trading, not a buyer",ltd,corporate subscriber,2019-04-15,dormant,"accounts category, NOT turnover",43210,"13 St. Andrews Drive, Bearsden, Glasgow",G61 4NW,https://find-and-update.company-information.service.gov.uk/company/SC627602,,TO BE ENRICHED — not held by Companies House,legitimate interests (LIA required before contact),Companies House public API,2026-07-12T04:41:21+00:00
PRO D BUILDERS LTD,14186102,B_COMPLIANCE_DROWNED,"young (2022), unaudited-abridged filer",ltd,corporate subscriber,2022-06-21,unaudited-abridged,"accounts category, NOT turnover",43290,"Unit 116 116 Ballards Lane, London",N3 2DN,https://find-and-update.company-information.service.gov.uk/company/14186102,,TO BE ENRICHED — not held by Companies House,legitimate interests (LIA required before contact),Companies House public API,2026-07-12T04:41:22+00:00
STAR SERVICES & SOLUTIONS LTD,05848289,B_COMPLIANCE_DROWNED,micro filer (micro-entity),ltd,corporate subscriber,2006-06-15,micro-entity,"accounts category, NOT turnover",43220,"430 Legacy Centre, Hanworth Trading Estate Hampton Road West, Feltham, Middlesex",TW13 6DH,https://find-and-update.company-information.service.gov.uk/company/05848289,,TO BE ENRICHED — not held by Companies House,legitimate interests (LIA required before contact),Companies House public API,2026-07-12T04:41:22+00:00
MARK STRINGER BUILDING LIMITED,04112173,B_COMPLIANCE_DROWNED,micro filer (micro-entity),ltd,corporate subscriber,2000-11-22,micro-entity,"accounts category, NOT turnover",43210; 43320; 43390,"6 Southlands Avenue, Whitby, North Yorkshire",YO21 3DY,https://find-and-update.company-information.service.gov.uk/company/04112173,,TO BE ENRICHED — not held by Companies House,legitimate interests (LIA required before contact),Companies House public API,2026-07-12T04:41:23+00:00
AC ELECTRICAL CONTRACTS (UK) LTD,06623965,A_CEILING_HIT,"established 2008, total-exemption-full filer",ltd,corporate subscriber,2008-06-18,total-exemption-full,"accounts category, NOT turnover",43210,"195a Kenton Road, Harrow, Middlesex",HA3 0HD,https://find-and-update.company-information.service.gov.uk/company/06623965,,TO BE ENRICHED — not held by Companies House,legitimate interests (LIA required before contact),Companies House public API,2026-07-12T04:41:24+00:00
A B ELECTRICAL & REFRIGERATION LIMITED,05145652,B_COMPLIANCE_DROWNED,micro filer (micro-entity),ltd,corporate subscriber,2004-06-04,micro-entity,"accounts category, NOT turnover",43220,"37 Heaton Street, Gainsborough, Lincolnshire",DN21 2EA,https://find-and-update.company-information.service.gov.uk/company/05145652,,TO BE ENRICHED — not held by Companies House,legitimate interests (LIA required before contact),Companies House public API,2026-07-12T04:41:24+00:00
JOHN CLAYTON ELECTRICAL SERVICES LTD,10210976,A_CEILING_HIT,"established 2016, total-exemption-full filer",ltd,corporate subscriber,2016-06-02,total-exemption-full,"accounts category, NOT turnover",43210,"Greensyke Barn Moss End Lane, Cowling, Keighley",BD22 0NA,https://find-and-update.company-information.service.gov.uk/company/10210976,,TO BE ENRICHED — not held by Companies House,legitimate interests (LIA required before contact),Companies House public API,2026-07-12T04:41:25+00:00
EVERYDAY BRICKWORK LTD,15760328,B_COMPLIANCE_DROWNED,"young (2024), total-exemption-full filer",ltd,corporate subscriber,2024-06-04,total-exemption-full,"accounts category, NOT turnover",41202; 43290,"17 Seacroft Close, Liverpool",L14 8XL,https://find-and-update.company-information.service.gov.uk/company/15760328,,TO BE ENRICHED — not held by Companies House,legitimate interests (LIA required before contact),Companies House public API,2026-07-12T04:41:26+00:00
FJB HEATING LIMITED,11217068,A_CEILING_HIT,"established 2018, unaudited-abridged filer",ltd,corporate subscriber,2018-02-21,unaudited-abridged,"accounts category, NOT turnover",43220,"1 Derby Road, Eastwood, Nottingham",NG16 3PA,https://find-and-update.company-information.service.gov.uk/company/11217068,,TO BE ENRICHED — not held by Companies House,legitimate interests (LIA required before contact),Companies House public API,2026-07-12T04:41:26+00:00
MT&FAMILY LTD,10945472,B_COMPLIANCE_DROWNED,micro filer (micro-entity),ltd,corporate subscriber,2017-09-04,micro-entity,"accounts category, NOT turnover",43290,"211 Ley Street, Ilford",IG1 4BL,https://find-and-update.company-information.service.gov.uk/company/10945472,,TO BE ENRICHED — not held by Companies House,legitimate interests (LIA required before contact),Companies House public API,2026-07-12T04:41:27+00:00
JARVIS HOME SERVICES LTD,14150856,EXCLUDED_DORMANT,"dormant — not trading, not a buyer",ltd,corporate subscriber,2022-06-06,dormant,"accounts category, NOT turnover",43290,"36 Meredith Rd, Clacton-On-Sea, Essex",CO15 3AG,https://find-and-update.company-information.service.gov.uk/company/14150856,,TO BE ENRICHED — not held by Companies House,legitimate interests (LIA required before contact),Companies House public API,2026-07-12T04:41:28+00:00
SHELTER TECH UK LIMITED,07207434,A_CEILING_HIT,"established 2010, total-exemption-full filer",ltd,corporate subscriber,2010-03-30,total-exemption-full,"accounts category, NOT turnover",42910; 43220,"Suite A Island Site, Eskdale Road, Uxbridge, Middlesex",UB8 2RT,https://find-and-update.company-information.service.gov.uk/company/07207434,,TO BE ENRICHED — not held by Companies House,legitimate interests (LIA required before contact),Companies House public API,2026-07-12T04:41:29+00:00
SPARX ELECTRICAL LIMITED,15760827,B_COMPLIANCE_DROWNED,micro filer (micro-entity),ltd,corporate subscriber,2024-06-04,micro-entity,"accounts category, NOT turnover",43210,"2 Corona Road, Langdon Hills, Basildon",SS16 6HH,https://find-and-update.company-information.service.gov.uk/company/15760827,,TO BE ENRICHED — not held by Companies House,legitimate interests (LIA required before contact),Companies House public API,2026-07-12T04:41:29+00:00
DAVID HARCOURT LTD,06762949,A_CEILING_HIT,"established 2008, total-exemption-full filer",ltd,corporate subscriber,2008-12-02,total-exemption-full,"accounts category, NOT turnover",43220,"Laingsmead Farm Steeple Road, Mayland, Chelmsford",CM3 6BB,https://find-and-update.company-information.service.gov.uk/company/06762949,,TO BE ENRICHED — not held by Companies House,legitimate interests (LIA required before contact),Companies House public API,2026-07-12T04:41:30+00:00
K-ELECTRICS (MIDLANDS) LTD,12748555,B_COMPLIANCE_DROWNED,micro filer (micro-entity),ltd,corporate subscriber,2020-07-16,micro-entity,"accounts category, NOT turnover",43210; 43290; 64929,"5 Upper Lichfield Street, Willenhall, West Midlands",WV13 1PB,https://find-and-update.company-information.service.gov.uk/company/12748555,,TO BE ENRICHED — not held by Companies House,legitimate interests (LIA required before contact),Companies House public API,2026-07-12T04:41:31+00:00
CLEAR CHOICE PLUMBING LTD,14345506,B_COMPLIANCE_DROWNED,micro filer (micro-entity),ltd,corporate subscriber,2022-09-08,micro-entity,"accounts category, NOT turnover",43220,"Colonial House, Swinemoor Lane, Beverley",HU17 0LS,https://find-and-update.company-information.service.gov.uk/company/14345506,,TO BE ENRICHED — not held by Companies House,legitimate interests (LIA required before contact),Companies House public API,2026-07-12T04:41:31+00:00
BESPOKE CEILINGS AND INTERIORS LTD,06267968,A_CEILING_HIT,"established 2007, total-exemption-full filer",ltd,corporate subscriber,2007-06-04,total-exemption-full,"accounts category, NOT turnover",43290; 43390,"39 Dunninc Road, Sheffield",S5 0AE,https://find-and-update.company-information.service.gov.uk/company/06267968,,TO BE ENRICHED — not held by Companies House,legitimate interests (LIA required before contact),Companies House public API,2026-07-12T04:41:32+00:00
LARDNER LOCKSMITHS LIMITED,09030441,A_CEILING_HIT,"established 2014, unaudited-abridged filer",ltd,corporate subscriber,2014-05-08,unaudited-abridged,"accounts category, NOT turnover",43290,"8 Woodside Way, Croydon",CR0 7AT,https://find-and-update.company-information.service.gov.uk/company/09030441,,TO BE ENRICHED — not held by Companies House,legitimate interests (LIA required before contact),Companies House public API,2026-07-12T04:41:33+00:00
ANGLIAN ELECTRICAL SERVICES LIMITED,09731552,B_COMPLIANCE_DROWNED,micro filer (micro-entity),ltd,corporate subscriber,2015-08-13,micro-entity,"accounts category, NOT turnover",43210,"12 Station Court, Station Approach, Wickford, Essex",SS11 7AT,https://find-and-update.company-information.service.gov.uk/company/09731552,,TO BE ENRICHED — not held by Companies House,legitimate interests (LIA required before contact),Companies House public API,2026-07-12T04:41:33+00:00
BJK SHOP EQUIPMENT LIMITED,06337840,A_CEILING_HIT,"established 2007, total-exemption-full filer",ltd,corporate subscriber,2007-08-08,total-exemption-full,"accounts category, NOT turnover",43290,"Adams & Moore House, Instone Road, Dartford",DA1 2AG,https://find-and-update.company-information.service.gov.uk/company/06337840,,TO BE ENRICHED — not held by Companies House,legitimate interests (LIA required before contact),Companies House public API,2026-07-12T04:41:34+00:00
BRIGHT LIGHT PLUMBING SERVICES LIMITED,10790937,A_CEILING_HIT,"established 2017, total-exemption-full filer",ltd,corporate subscriber,2017-05-26,total-exemption-full,"accounts category, NOT turnover",43220,"C/O 53b Plashet Grove, London",E6 1AD,https://find-and-update.company-information.service.gov.uk/company/10790937,,TO BE ENRICHED — not held by Companies House,legitimate interests (LIA required before contact),Companies House public API,2026-07-12T04:41:35+00:00
NICHOLAS ALEXANDER LIMITED,05201045,B_COMPLIANCE_DROWNED,micro filer (micro-entity),ltd,corporate subscriber,2004-08-09,micro-entity,"accounts category, NOT turnover",43290,"Right Barn, Tonge Corner Farm, Kent",ME9 9BA,https://find-and-update.company-information.service.gov.uk/company/05201045,,TO BE ENRICHED — not held by Companies House,legitimate interests (LIA required before contact),Companies House public API,2026-07-12T04:41:35+00:00
M + E ENGINEERS LIMITED,03622848,B_COMPLIANCE_DROWNED,micro filer (micro-entity),ltd,corporate subscriber,1998-08-27,micro-entity,"accounts category, NOT turnover",33200; 43210; 71122; 71200,"166 School Lane, Wouldham, Rochester, Kent",ME1 3TS,https://find-and-update.company-information.service.gov.uk/company/03622848,,TO BE ENRICHED — not held by Companies House,legitimate interests (LIA required before contact),Companies House public API,2026-07-12T04:41:36+00:00
O.H INSTALLATIONS LTD,11446824,A_CEILING_HIT,"established 2018, total-exemption-full filer",ltd,corporate subscriber,2018-07-03,total-exemption-full,"accounts category, NOT turnover",43290,"8 Rushden Close .Upper Norwood . Rushden Close, Upper Norwood, London, United Kingdom",SE19 3QB,https://find-and-update.company-information.service.gov.uk/company/11446824,,TO BE ENRICHED — not held by Companies House,legitimate interests (LIA required before contact),Companies House public API,2026-07-12T04:41:37+00:00
SEDOJAC PROPERTY SERVICES LTD,14317211,UNCLASSIFIED,no accounts filed yet — cannot size,ltd,corporate subscriber,2022-08-25,none,"accounts category, NOT turnover",43220,"Silk Mill, Unit5bc, Galgate, Lancaster, Lancashire",LA2 0PR,https://find-and-update.company-information.service.gov.uk/company/14317211,,TO BE ENRICHED — not held by Companies House,legitimate interests (LIA required before contact),Companies House public API,2026-07-12T04:41:37+00:00
A J FOUWEATHER HEATING & PLUMBING LTD,04614986,B_COMPLIANCE_DROWNED,micro filer (micro-entity),ltd,corporate subscriber,2002-12-11,micro-entity,"accounts category, NOT turnover",43220; 43390,"Kula, Christchurch, Newport, South Wales",NP18 1JJ,https://find-and-update.company-information.service.gov.uk/company/04614986,,TO BE ENRICHED — not held by Companies House,legitimate interests (LIA required before contact),Companies House public API,2026-07-12T04:41:38+00:00
TRENT STEEL STOCKHOLDERS LTD,15753755,B_COMPLIANCE_DROWNED,micro filer (micro-entity),ltd,corporate subscriber,2024-06-01,micro-entity,"accounts category, NOT turnover",43290,"6 Marsh Parade, Newcastle",ST5 1DU,https://find-and-update.company-information.service.gov.uk/company/15753755,,TO BE ENRICHED — not held by Companies House,legitimate interests (LIA required before contact),Companies House public API,2026-07-12T04:41:39+00:00
WINCROFT PROPERTIES LTD,13433835,B_COMPLIANCE_DROWNED,micro filer (micro-entity),ltd,corporate subscriber,2021-06-02,micro-entity,"accounts category, NOT turnover",41100; 43290; 68310; 81100,"124 City Road City Road, London",EC1V 2NX,https://find-and-update.company-information.service.gov.uk/company/13433835,,TO BE ENRICHED — not held by Companies House,legitimate interests (LIA required before contact),Companies House public API,2026-07-12T04:41:39+00:00
AMPUP ELECTRICAL SOLUTIONS LTD,15754686,B_COMPLIANCE_DROWNED,"young (2024), total-exemption-full filer",ltd,corporate subscriber,2024-06-01,total-exemption-full,"accounts category, NOT turnover",43210,"9 Highstones Gardens, Hope Street, Glossop",SK13 7TP,https://find-and-update.company-information.service.gov.uk/company/15754686,,TO BE ENRICHED — not held by Companies House,legitimate interests (LIA required before contact),Companies House public API,2026-07-12T04:41:40+00:00
DRIFTWOOD HOME IMPROVEMENTS LTD,15754973,B_COMPLIANCE_DROWNED,"young (2024), total-exemption-full filer",ltd,corporate subscriber,2024-06-01,total-exemption-full,"accounts category, NOT turnover",43290; 43390,"28 Alexandra Terrace, Exmouth, Devon",EX8 1BD,https://find-and-update.company-information.service.gov.uk/company/15754973,,TO BE ENRICHED — not held by Companies House,legitimate interests (LIA required before contact),Companies House public API,2026-07-12T04:41:41+00:00
VINNY B4 DRYLINING LTD,14038689,B_COMPLIANCE_DROWNED,micro filer (micro-entity),ltd,corporate subscriber,2022-04-11,micro-entity,"accounts category, NOT turnover",41201; 41202; 43290,"29 Amber Court 29 Amber Court, Colbourne Street, Swindon",SN1 2HB,https://find-and-update.company-information.service.gov.uk/company/14038689,,TO BE ENRICHED — not held by Companies House,legitimate interests (LIA required before contact),Companies House public API,2026-07-12T04:41:42+00:00
FARLEY GAS SOLUTIONS LIMITED,12020176,B_COMPLIANCE_DROWNED,micro filer (micro-entity),ltd,corporate subscriber,2019-05-28,micro-entity,"accounts category, NOT turnover",43220,"22 Coombs Road, Worcester",WR3 7JG,https://find-and-update.company-information.service.gov.uk/company/12020176,,TO BE ENRICHED — not held by Companies House,legitimate interests (LIA required before contact),Companies House public API,2026-07-12T04:41:42+00:00
MCCARTHY INTERIORS LIMITED,12588023,B_COMPLIANCE_DROWNED,micro filer (micro-entity),ltd,corporate subscriber,2020-05-06,micro-entity,"accounts category, NOT turnover",43220; 43320; 43330; 43341,"Flat 3 - Guild House, 4a Briton Street, Southampton",SO14 3EY,https://find-and-update.company-information.service.gov.uk/company/12588023,,TO BE ENRICHED — not held by Companies House,legitimate interests (LIA required before contact),Companies House public API,2026-07-12T04:41:43+00:00
S D G ELECTRICAL SERVICES LIMITED,05594858,A_CEILING_HIT,"established 2005, total-exemption-full filer",ltd,corporate subscriber,2005-10-17,total-exemption-full,"accounts category, NOT turnover",43210,"C/O Pembury Clarke Associates Ltd Thames Innovation Centre, 2 Veridion Way, Erith, Kent",DA18 4AL,https://find-and-update.company-information.service.gov.uk/company/05594858,,TO BE ENRICHED — not held by Companies House,legitimate interests (LIA required before contact),Companies House public API,2026-07-12T04:41:44+00:00
DAL TECHNICAL SERVICES LIMITED,05807873,A_CEILING_HIT,"established 2006, total-exemption-full filer",ltd,corporate subscriber,2006-05-05,total-exemption-full,"accounts category, NOT turnover",43290,"14 Crown Close, Formby, Liverpool, Merseyside",L37 4ET,https://find-and-update.company-information.service.gov.uk/company/05807873,,TO BE ENRICHED — not held by Companies House,legitimate interests (LIA required before contact),Companies House public API,2026-07-12T04:41:44+00:00
CUPRUM ELECTRICAL LIMITED,11980545,A_CEILING_HIT,"established 2019, unaudited-abridged filer",ltd,corporate subscriber,2019-05-07,unaudited-abridged,"accounts category, NOT turnover",43210,"Yacoob Malik & Co., Brighton Range, Manchester",M18 7LP,https://find-and-update.company-information.service.gov.uk/company/11980545,,TO BE ENRICHED — not held by Companies House,legitimate interests (LIA required before contact),Companies House public API,2026-07-12T04:41:45+00:00
BFB NORTH WEST LTD,11632709,A_CEILING_HIT,"established 2018, total-exemption-full filer",ltd,corporate subscriber,2018-10-19,total-exemption-full,"accounts category, NOT turnover",43290; 43390; 43999; 49410,"142 Guernsey Road, Liverpool",L13 6RY,https://find-and-update.company-information.service.gov.uk/company/11632709,,TO BE ENRICHED — not held by Companies House,legitimate interests (LIA required before contact),Companies House public API,2026-07-12T04:41:46+00:00
PREFERRED GAS LTD,11980129,EXCLUDED_DORMANT,"dormant — not trading, not a buyer",ltd,corporate subscriber,2019-05-07,dormant,"accounts category, NOT turnover",43220,"8 Newman Place, Gateshead, Tyne And Wear",NE8 3XF,https://find-and-update.company-information.service.gov.uk/company/11980129,,TO BE ENRICHED — not held by Companies House,legitimate interests (LIA required before contact),Companies House public API,2026-07-12T04:41:46+00:00
SLINGSBY INTERIORS LIMITED,05508430,A_CEILING_HIT,"established 2005, total-exemption-full filer",ltd,corporate subscriber,2005-07-14,total-exemption-full,"accounts category, NOT turnover",43220,"Slingsby Interiors, Peirson Street, Redcar",TS10 1SW,https://find-and-update.company-information.service.gov.uk/company/05508430,,TO BE ENRICHED — not held by Companies House,legitimate interests (LIA required before contact),Companies House public API,2026-07-12T04:41:47+00:00
WE POWER HOLDINGS LTD,12762786,A_CEILING_HIT,"established 2020, total-exemption-full filer",ltd,corporate subscriber,2020-07-23,total-exemption-full,"accounts category, NOT turnover",33140; 43210; 47910,"Airedale House, Wagon Lane, Bingley, West Yorkshire",BD16 1WA,https://find-and-update.company-information.service.gov.uk/company/12762786,,TO BE ENRICHED — not held by Companies House,legitimate interests (LIA required before contact),Companies House public API,2026-07-12T04:41:48+00:00
ENO’S ELECTRICS LTD,14235731,B_COMPLIANCE_DROWNED,micro filer (micro-entity),ltd,corporate subscriber,2022-07-14,micro-entity,"accounts category, NOT turnover",43210,"Flat 2 Malcolm Court, Ashbourne Road, London",W5 3DW,https://find-and-update.company-information.service.gov.uk/company/14235731,,TO BE ENRICHED — not held by Companies House,legitimate interests (LIA required before contact),Companies House public API,2026-07-12T04:41:48+00:00
MEDIA CONTROL ENVIRONMENTAL LIMITED,14929783,B_COMPLIANCE_DROWNED,"young (2023), total-exemption-full filer",ltd,corporate subscriber,2023-06-12,total-exemption-full,"accounts category, NOT turnover",43220,"Heritage House, 34b North Cray Road, Bexley, Kent",DA5 3LZ,https://find-and-update.company-information.service.gov.uk/company/14929783,,TO BE ENRICHED — not held by Companies House,legitimate interests (LIA required before contact),Companies House public API,2026-07-12T04:41:49+00:00
JEY PLUMBING & HEATING LTD,15758032,B_COMPLIANCE_DROWNED,"young (2024), total-exemption-full filer",ltd,corporate subscriber,2024-06-03,total-exemption-full,"accounts category, NOT turnover",41202; 43220,"Meadowbank House, Junction Road, Sheffield",S13 7RQ,https://find-and-update.company-information.service.gov.uk/company/15758032,,TO BE ENRICHED — not held by Companies House,legitimate interests (LIA required before contact),Companies House public API,2026-07-12T04:41:50+00:00
FMJ SOLUTIONS LIMITED,12453928,A_CEILING_HIT,"established 2020, total-exemption-full filer",ltd,corporate subscriber,2020-02-10,total-exemption-full,"accounts category, NOT turnover",43210,"Unit 1 London Road, Twyford, Reading, Berkshire",RG10 9TZ,https://find-and-update.company-information.service.gov.uk/company/12453928,,TO BE ENRICHED — not held by Companies House,legitimate interests (LIA required before contact),Companies House public API,2026-07-12T04:41:51+00:00
GREEN ECO SOLAR SOLUTIONS LTD,08095745,A_CEILING_HIT,"established 2012, unaudited-abridged filer",ltd,corporate subscriber,2012-06-07,unaudited-abridged,"accounts category, NOT turnover",43290; 74901,"4e The Lanterns, 16 Melbourn Street, Royston",SG8 7BX,https://find-and-update.company-information.service.gov.uk/company/08095745,,TO BE ENRICHED — not held by Companies House,legitimate interests (LIA required before contact),Companies House public API,2026-07-12T04:41:51+00:00
JOHN PEARMAIN LIMITED,04450704,A_CEILING_HIT,"established 2002, total-exemption-full filer",ltd,corporate subscriber,2002-05-29,total-exemption-full,"accounts category, NOT turnover",43220,"2 Tower House, Tower Centre, Hoddesdon, Hertfordshire",EN11 8UR,https://find-and-update.company-information.service.gov.uk/company/04450704,,TO BE ENRICHED — not held by Companies House,legitimate interests (LIA required before contact),Companies House public API,2026-07-12T04:41:52+00:00
A1 ENERGY SERVICES LTD,13391790,B_COMPLIANCE_DROWNED,micro filer (micro-entity),ltd,corporate subscriber,2021-05-12,micro-entity,"accounts category, NOT turnover",43220,"152 Station Road, Stechford, Birmingham",B33 8BT,https://find-and-update.company-information.service.gov.uk/company/13391790,,TO BE ENRICHED — not held by Companies House,legitimate interests (LIA required before contact),Companies House public API,2026-07-12T04:41:53+00:00
MARVEL ELECTRICAL LIMITED,09256052,A_CEILING_HIT,"established 2014, total-exemption-full filer",ltd,corporate subscriber,2014-10-09,total-exemption-full,"accounts category, NOT turnover",43210,"105 Seven Sisters Road, London",N7 7QR,https://find-and-update.company-information.service.gov.uk/company/09256052,,TO BE ENRICHED — not held by Companies House,legitimate interests (LIA required before contact),Companies House public API,2026-07-12T04:41:53+00:00
GREEN SOURCE HEATING LIMITED,13037687,B_COMPLIANCE_DROWNED,micro filer (micro-entity),ltd,corporate subscriber,2020-11-23,micro-entity,"accounts category, NOT turnover",43220,"The Oasthouse, Fiskerton Road, Southwell, Nottingham",NG25 0TP,https://find-and-update.company-information.service.gov.uk/company/13037687,,TO BE ENRICHED — not held by Companies House,legitimate interests (LIA required before contact),Companies House public API,2026-07-12T04:41:54+00:00
RGH GAS LIMITED,09573913,A_CEILING_HIT,"established 2015, total-exemption-full filer",ltd,corporate subscriber,2015-05-05,total-exemption-full,"accounts category, NOT turnover",43220,"Battery 1 Kensham Farm Cadmore End, Lane End, High Wycombe",HP14 3PR,https://find-and-update.company-information.service.gov.uk/company/09573913,,TO BE ENRICHED — not held by Companies House,legitimate interests (LIA required before contact),Companies House public API,2026-07-12T04:41:55+00:00
WATERS WORKS LIMITED,09574102,B_COMPLIANCE_DROWNED,micro filer (micro-entity),ltd,corporate subscriber,2015-05-05,micro-entity,"accounts category, NOT turnover",43220,"46 Greenwood Road, Thames Ditton, Surrey",KT7 0DY,https://find-and-update.company-information.service.gov.uk/company/09574102,,TO BE ENRICHED — not held by Companies House,legitimate interests (LIA required before contact),Companies House public API,2026-07-12T04:41:55+00:00
CARTER-JONES LIMITED,15755430,B_COMPLIANCE_DROWNED,"young (2024), total-exemption-full filer",ltd,corporate subscriber,2024-06-02,total-exemption-full,"accounts category, NOT turnover",43290,"Martland Mill Mart Lane, Burscough, Ormskirk",L40 0SD,https://find-and-update.company-information.service.gov.uk/company/15755430,,TO BE ENRICHED — not held by Companies House,legitimate interests (LIA required before contact),Companies House public API,2026-07-12T04:41:56+00:00
HJS ELECTRICS LTD,14156635,B_COMPLIANCE_DROWNED,micro filer (micro-entity),ltd,corporate subscriber,2022-06-07,micro-entity,"accounts category, NOT turnover",43210,"8 Anston Drive, South Elmsall, Pontefract",WF9 2NN,https://find-and-update.company-information.service.gov.uk/company/14156635,,TO BE ENRICHED — not held by Companies House,legitimate interests (LIA required before contact),Companies House public API,2026-07-12T04:41:57+00:00
ORACLE SURVEILLANCE LTD,06921739,A_CEILING_HIT,"established 2009, unaudited-abridged filer",ltd,corporate subscriber,2009-06-02,unaudited-abridged,"accounts category, NOT turnover",43210,"321 Main Street, Calverton, Nottingham",NG14 6LT,https://find-and-update.company-information.service.gov.uk/company/06921739,,TO BE ENRICHED — not held by Companies House,legitimate interests (LIA required before contact),Companies House public API,2026-07-12T04:41:58+00:00
DUDLEY PLUMBING & HEATING LTD,14782318,B_COMPLIANCE_DROWNED,micro filer (micro-entity),ltd,corporate subscriber,2023-04-05,micro-entity,"accounts category, NOT turnover",43220,"44 Magdalene Road, Owlsmoor, Sandhurst",GU47 0UT,https://find-and-update.company-information.service.gov.uk/company/14782318,,TO BE ENRICHED — not held by Companies House,legitimate interests (LIA required before contact),Companies House public API,2026-07-12T04:41:58+00:00
CORFIELD BROTHERS LIMITED,08573670,B_COMPLIANCE_DROWNED,micro filer (micro-entity),ltd,corporate subscriber,2013-06-18,micro-entity,"accounts category, NOT turnover",43220,"10 Park Plaza Battlefield Enterprise Park, Shrewsbury, Shropshire",SY1 3AF,https://find-and-update.company-information.service.gov.uk/company/08573670,,TO BE ENRICHED — not held by Companies House,legitimate interests (LIA required before contact),Companies House public API,2026-07-12T04:41:59+00:00
PW BUILDING AND CARPENTRY LTD,13465663,B_COMPLIANCE_DROWNED,micro filer (micro-entity),ltd,corporate subscriber,2021-06-18,micro-entity,"accounts category, NOT turnover",43110; 43290; 43390; 43910,"84 84 Hodshrove Road, Brighton, Brighton, East Sussex",BN2 4RS,https://find-and-update.company-information.service.gov.uk/company/13465663,,TO BE ENRICHED — not held by Companies House,legitimate interests (LIA required before contact),Companies House public API,2026-07-12T04:42:00+00:00
EVAGRASS LTD,13423731,EXCLUDED_DORMANT,"dormant — not trading, not a buyer",ltd,corporate subscriber,2021-05-27,dormant,"accounts category, NOT turnover",43290,"Units 1, 2 And 3 Aberdare Enterprise Park, Aberaman, Aberdare",CF44 6DA,https://find-and-update.company-information.service.gov.uk/company/13423731,,TO BE ENRICHED — not held by Companies House,legitimate interests (LIA required before contact),Companies House public API,2026-07-12T04:42:00+00:00
JWD PLUMBING & HEATING (NORFOLK) LTD,13781981,B_COMPLIANCE_DROWNED,"young (2021), total-exemption-full filer",ltd,corporate subscriber,2021-12-03,total-exemption-full,"accounts category, NOT turnover",43220,"1 Chopyngs Dole Close, Norwich",NR7 8RD,https://find-and-update.company-information.service.gov.uk/company/13781981,,TO BE ENRICHED — not held by Companies House,legitimate interests (LIA required before contact),Companies House public API,2026-07-12T04:42:01+00:00
PSO INSTALLATIONS LTD,06265667,B_COMPLIANCE_DROWNED,micro filer (micro-entity),ltd,corporate subscriber,2007-06-01,micro-entity,"accounts category, NOT turnover",43290,"381 Tamworth Road, Amington, Tamworth",B77 4AE,https://find-and-update.company-information.service.gov.uk/company/06265667,,TO BE ENRICHED — not held by Companies House,legitimate interests (LIA required before contact),Companies House public API,2026-07-12T04:42:02+00:00
RJM HEATING PLUMBING & GAS SERVICES LIMITED,06611032,B_COMPLIANCE_DROWNED,micro filer (micro-entity),ltd,corporate subscriber,2008-06-04,micro-entity,"accounts category, NOT turnover",43220,"85 Farneworth Road, Mickleover, Derby",DE3 0ET,https://find-and-update.company-information.service.gov.uk/company/06611032,,TO BE ENRICHED — not held by Companies House,legitimate interests (LIA required before contact),Companies House public API,2026-07-12T04:42:03+00:00
ENVEVO LIMITED,SC619434,C_ENTERPRISE,files full/group/medium accounts,ltd,corporate subscriber,2019-01-28,full,"accounts category, NOT turnover",43210,"New Lanarkshire House, 3 Dove Wynd, Strathclyde Business Park, Glasgow",ML4 3AD,https://find-and-update.company-information.service.gov.uk/company/SC619434,,TO BE ENRICHED — not held by Companies House,legitimate interests (LIA required before contact),Companies House public API,2026-07-12T04:42:03+00:00
ADAM BEBBINGTON HEATING & PLUMBING LTD,14437458,B_COMPLIANCE_DROWNED,micro filer (micro-entity),ltd,corporate subscriber,2022-10-24,micro-entity,"accounts category, NOT turnover",43220,"35 Elmwood Avenue, Hoole, Chester",CH2 3RH,https://find-and-update.company-information.service.gov.uk/company/14437458,,TO BE ENRICHED — not held by Companies House,legitimate interests (LIA required before contact),Companies House public API,2026-07-12T04:42:04+00:00
ENERGY ENGINEERING SERVICES LTD,10555327,B_COMPLIANCE_DROWNED,micro filer (micro-entity),ltd,corporate subscriber,2017-01-10,micro-entity,"accounts category, NOT turnover",43220; 96090,"Units 1-2 Tunnel Terrace Boat Horse Road, Tunstall, Stoke On Trent",ST6 4QA,https://find-and-update.company-information.service.gov.uk/company/10555327,,TO BE ENRICHED — not held by Companies House,legitimate interests (LIA required before contact),Companies House public API,2026-07-12T04:42:05+00:00
FARR PLUMBING & HEATING LTD,13074202,A_CEILING_HIT,"established 2020, unaudited-abridged filer",ltd,corporate subscriber,2020-12-09,unaudited-abridged,"accounts category, NOT turnover",43220,"40 Melton Road, First Floor (Unit 2), Oakham, Rutland",LE15 6AY,https://find-and-update.company-information.service.gov.uk/company/13074202,,TO BE ENRICHED — not held by Companies House,legitimate interests (LIA required before contact),Companies House public API,2026-07-12T04:42:05+00:00
SPS COMMERCIAL SOLUTIONS LIMITED,12523078,EXCLUDED_DORMANT,"dormant — not trading, not a buyer",ltd,corporate subscriber,2020-03-18,dormant,"accounts category, NOT turnover",43220,"29 Bath Road, Peasedown St. John, Bath, Avon",BA2 8DJ,https://find-and-update.company-information.service.gov.uk/company/12523078,,TO BE ENRICHED — not held by Companies House,legitimate interests (LIA required before contact),Companies House public API,2026-07-12T04:42:06+00:00
NANTWICH ELECTRICAL LIMITED,04815365,A_CEILING_HIT,"established 2003, total-exemption-full filer",ltd,corporate subscriber,2003-06-30,total-exemption-full,"accounts category, NOT turnover",43210,"20 Harvey Avenue, Nantwich, Cheshire",CW5 6LE,https://find-and-update.company-information.service.gov.uk/company/04815365,,TO BE ENRICHED — not held by Companies House,legitimate interests (LIA required before contact),Companies House public API,2026-07-12T04:42:07+00:00
GLOBAL CONSULTANCY AND PROPERTY MANAGEMENT LTD,11136318,A_CEILING_HIT,"established 2018, total-exemption-full filer",ltd,corporate subscriber,2018-01-08,total-exemption-full,"accounts category, NOT turnover",41100; 43220; 43330; 43341,"26 Havengore Avenue, Gravesend, Kent",DA12 2QP,https://find-and-update.company-information.service.gov.uk/company/11136318,,TO BE ENRICHED — not held by Companies House,legitimate interests (LIA required before contact),Companies House public API,2026-07-12T04:42:07+00:00
MILLHEAD ESTATES LIMITED,03898688,A_CEILING_HIT,"established 1999, total-exemption-full filer",ltd,corporate subscriber,1999-12-22,total-exemption-full,"accounts category, NOT turnover",43290; 68209,"Charter House 105 Leigh Road, Leigh On Sea, Essex",SS9 1JL,https://find-and-update.company-information.service.gov.uk/company/03898688,,TO BE ENRICHED — not held by Companies House,legitimate interests (LIA required before contact),Companies House public API,2026-07-12T04:42:08+00:00
MARSH PLUMBERS LTD,15569890,B_COMPLIANCE_DROWNED,micro filer (micro-entity),ltd,corporate subscriber,2024-03-16,micro-entity,"accounts category, NOT turnover",43220; 43320; 43999; 46740,"Flat-2 1 Artillery Place, London",SE18 4AB,https://find-and-update.company-information.service.gov.uk/company/15569890,,TO BE ENRICHED — not held by Companies House,legitimate interests (LIA required before contact),Companies House public API,2026-07-12T04:42:09+00:00
LAZIMI ELECTRICAL SERVICES LIMITED,13432236,B_COMPLIANCE_DROWNED,micro filer (micro-entity),ltd,corporate subscriber,2021-06-01,micro-entity,"accounts category, NOT turnover",43210,"99 Bounds Green Road, London",N22 8DF,https://find-and-update.company-information.service.gov.uk/company/13432236,,TO BE ENRICHED — not held by Companies House,legitimate interests (LIA required before contact),Companies House public API,2026-07-12T04:42:09+00:00
HR ELECTRICS (UK) LTD,09043299,A_CEILING_HIT,"established 2014, total-exemption-full filer",ltd,corporate subscriber,2014-05-16,total-exemption-full,"accounts category, NOT turnover",43210,"95 Booths Lane, Birmingham",B42 2RG,https://find-and-update.company-information.service.gov.uk/company/09043299,,TO BE ENRICHED — not held by Companies House,legitimate interests (LIA required before contact),Companies House public API,2026-07-12T04:42:10+00:00
ACAM ELECTRICAL LTD,05846159,B_COMPLIANCE_DROWNED,micro filer (micro-entity),ltd,corporate subscriber,2006-06-14,micro-entity,"accounts category, NOT turnover",43210,"42 Owen Close, London",SE28 8AL,https://find-and-update.company-information.service.gov.uk/company/05846159,,TO BE ENRICHED — not held by Companies House,legitimate interests (LIA required before contact),Companies House public API,2026-07-12T04:42:11+00:00
COMMAND ELECTRICAL LTD,08058437,A_CEILING_HIT,"established 2012, total-exemption-full filer",ltd,corporate subscriber,2012-05-04,total-exemption-full,"accounts category, NOT turnover",43210,"133 Hastings Road, Bromley",BR2 8NH,https://find-and-update.company-information.service.gov.uk/company/08058437,,TO BE ENRICHED — not held by Companies House,legitimate interests (LIA required before contact),Companies House public API,2026-07-12T04:42:12+00:00
G J MARTIN GAS AND HEATING SERVICES LTD,10756459,B_COMPLIANCE_DROWNED,micro filer (micro-entity),ltd,corporate subscriber,2017-05-05,micro-entity,"accounts category, NOT turnover",43220,"15 The Grange, Cubbington, Leamington Spa, Warwickshire",CV32 7LE,https://find-and-update.company-information.service.gov.uk/company/10756459,,TO BE ENRICHED — not held by Companies House,legitimate interests (LIA required before contact),Companies House public API,2026-07-12T04:42:12+00:00
NUGLAZE HOME SERVICES LTD,07621418,A_CEILING_HIT,"established 2011, total-exemption-full filer",ltd,corporate subscriber,2011-05-04,total-exemption-full,"accounts category, NOT turnover",43290,"Unit 32 Hobbs Industrial Estate, Newchapel, Lingfield, Surrey",RH7 6HN,https://find-and-update.company-information.service.gov.uk/company/07621418,,TO BE ENRICHED — not held by Companies House,legitimate interests (LIA required before contact),Companies House public API,2026-07-12T04:42:13+00:00
A R R ELECTRICAL LIMITED,06895299,A_CEILING_HIT,"established 2009, total-exemption-full filer",ltd,corporate subscriber,2009-05-05,total-exemption-full,"accounts category, NOT turnover",43210,"Sherwood House, 7 Gregory Boulevard, Nottingham",NG7 6LB,https://find-and-update.company-information.service.gov.uk/company/06895299,,TO BE ENRICHED — not held by Companies House,legitimate interests (LIA required before contact),Companies House public API,2026-07-12T04:42:14+00:00
ZARA SERVICES LIMITED,09841939,B_COMPLIANCE_DROWNED,micro filer (micro-entity),ltd,corporate subscriber,2015-10-26,micro-entity,"accounts category, NOT turnover",41100; 43220; 46499; 80100,"Rowan House Delamare Road, Cheshunt, Waltham Cross",EN8 9SP,https://find-and-update.company-information.service.gov.uk/company/09841939,,TO BE ENRICHED — not held by Companies House,legitimate interests (LIA required before contact),Companies House public API,2026-07-12T04:42:14+00:00
C. AITKEN BUILDERS LIMITED,03159852,A_CEILING_HIT,"established 1996, total-exemption-full filer",ltd,corporate subscriber,1996-02-15,total-exemption-full,"accounts category, NOT turnover",41202; 43210,"12 Northfields Prospect, Putney Bridge Road, London",SW18 1PE,https://find-and-update.company-information.service.gov.uk/company/03159852,,TO BE ENRICHED — not held by Companies House,legitimate interests (LIA required before contact),Companies House public API,2026-07-12T04:42:15+00:00
DRIFIX LIMITED,05225214,A_CEILING_HIT,"established 2004, total-exemption-full filer",ltd,corporate subscriber,2004-09-08,total-exemption-full,"accounts category, NOT turnover",43220,"27 Oakgrove Gardens, Bishopstoke, Eastleigh, Hampshire",SO50 6LZ,https://find-and-update.company-information.service.gov.uk/company/05225214,,TO BE ENRICHED — not held by Companies House,legitimate interests (LIA required before contact),Companies House public API,2026-07-12T04:42:16+00:00
ZAT SERVICES LTD,10193840,B_COMPLIANCE_DROWNED,micro filer (micro-entity),ltd,corporate subscriber,2016-05-23,micro-entity,"accounts category, NOT turnover",43290,"1 Ditchling Close, Luton",LU2 8JR,https://find-and-update.company-information.service.gov.uk/company/10193840,,TO BE ENRICHED — not held by Companies House,legitimate interests (LIA required before contact),Companies House public API,2026-07-12T04:42:16+00:00
THERM-FIX LTD,12906725,B_COMPLIANCE_DROWNED,micro filer (micro-entity),ltd,corporate subscriber,2020-09-25,micro-entity,"accounts category, NOT turnover",43220,"Flat 33 45 Provost Street, London",N1 7NW,https://find-and-update.company-information.service.gov.uk/company/12906725,,TO BE ENRICHED — not held by Companies House,legitimate interests (LIA required before contact),Companies House public API,2026-07-12T04:42:17+00:00
P & G S (YORKSHIRE) LIMITED,15756828,B_COMPLIANCE_DROWNED,micro filer (micro-entity),ltd,corporate subscriber,2024-06-03,micro-entity,"accounts category, NOT turnover",43220,"The Counting House Tower Buildings, Wade House Road, Halifax, West Yorkshire",HX3 7PB,https://find-and-update.company-information.service.gov.uk/company/15756828,,TO BE ENRICHED — not held by Companies House,legitimate interests (LIA required before contact),Companies House public API,2026-07-12T04:42:18+00:00
ALTENERGY LIMITED,13434756,B_COMPLIANCE_DROWNED,micro filer (micro-entity),ltd,corporate subscriber,2021-06-02,micro-entity,"accounts category, NOT turnover",43210,"3 Marco Polo House, Cook Way, Taunton, Somerset",TA2 6BJ,https://find-and-update.company-information.service.gov.uk/company/13434756,,TO BE ENRICHED — not held by Companies House,legitimate interests (LIA required before contact),Companies House public API,2026-07-12T04:42:18+00:00
A LANE DEVELOPMENTS LIMITED,11379913,EXCLUDED_DORMANT,"dormant — not trading, not a buyer",ltd,corporate subscriber,2018-05-24,dormant,"accounts category, NOT turnover",43290,"The Riverside, Cliff Road, Blackwood",NP12 0NT,https://find-and-update.company-information.service.gov.uk/company/11379913,,TO BE ENRICHED — not held by Companies House,legitimate interests (LIA required before contact),Companies House public API,2026-07-12T04:42:19+00:00
WEST HERTS ELECTRICAL LTD,12350407,B_COMPLIANCE_DROWNED,micro filer (micro-entity),ltd,corporate subscriber,2019-12-05,micro-entity,"accounts category, NOT turnover",43210,"1 Litchurch Lane, Derby",DE24 8AA,https://find-and-update.company-information.service.gov.uk/company/12350407,,TO BE ENRICHED — not held by Companies House,legitimate interests (LIA required before contact),Companies House public API,2026-07-12T04:42:20+00:00
GREEN DEAL REPORT LIMITED,08676205,B_COMPLIANCE_DROWNED,micro filer (micro-entity),ltd,corporate subscriber,2013-09-04,micro-entity,"accounts category, NOT turnover",41202; 43220; 62012; 62020,"Oakridge House Wellington Road, High Wycombe Buckinghamshire, High Wycombe, Buckinghamshire",HP12 3PR,https://find-and-update.company-information.service.gov.uk/company/08676205,,TO BE ENRICHED — not held by Companies House,legitimate interests (LIA required before contact),Companies House public API,2026-07-12T04:42:21+00:00
WYMTEK HEATING AND PLUMBING LTD,11397068,A_CEILING_HIT,"established 2018, total-exemption-full filer",ltd,corporate subscriber,2018-06-04,total-exemption-full,"accounts category, NOT turnover",43220,"18 Willow Herb Walk, Wymondham, Norfolk",NR18 0XU,https://find-and-update.company-information.service.gov.uk/company/11397068,,TO BE ENRICHED — not held by Companies House,legitimate interests (LIA required before contact),Companies House public API,2026-07-12T04:42:21+00:00
PROFESSIONAL FLOORING CONTRACTORS LTD.,12644687,B_COMPLIANCE_DROWNED,micro filer (micro-entity),ltd,corporate subscriber,2020-06-04,micro-entity,"accounts category, NOT turnover",43290,"384a Gedling Road, Arnold, Nottingham",NG5 6PD,https://find-and-update.company-information.service.gov.uk/company/12644687,,TO BE ENRICHED — not held by Companies House,legitimate interests (LIA required before contact),Companies House public API,2026-07-12T04:42:22+00:00
BB PLUMBING AND SERVICES LIMITED,09480209,B_COMPLIANCE_DROWNED,micro filer (micro-entity),ltd,corporate subscriber,2015-03-10,micro-entity,"accounts category, NOT turnover",43220,"6 Sparrow Farm Drive, Feltham",TW14 0EA,https://find-and-update.company-information.service.gov.uk/company/09480209,,TO BE ENRICHED — not held by Companies House,legitimate interests (LIA required before contact),Companies House public API,2026-07-12T04:42:23+00:00
PWI SOLUTIONS LTD,10566277,B_COMPLIANCE_DROWNED,micro filer (micro-entity),ltd,corporate subscriber,2017-01-16,micro-entity,"accounts category, NOT turnover",43290,"10 Ryecroft Way Glusburn, Keighley",BD20 8PT,https://find-and-update.company-information.service.gov.uk/company/10566277,,TO BE ENRICHED — not held by Companies House,legitimate interests (LIA required before contact),Companies House public API,2026-07-12T04:42:23+00:00
AGS QUALITY CONSTRUCTION LTD,06135913,A_CEILING_HIT,"established 2007, total-exemption-full filer",ltd,corporate subscriber,2007-03-05,total-exemption-full,"accounts category, NOT turnover",43290; 43390,"113 Havant Road, Emsworth, Hampshire",PO10 7LG,https://find-and-update.company-information.service.gov.uk/company/06135913,,TO BE ENRICHED — not held by Companies House,legitimate interests (LIA required before contact),Companies House public API,2026-07-12T04:42:24+00:00
WADSLEY PLUMBING & HEATING LIMITED,09231395,B_COMPLIANCE_DROWNED,micro filer (micro-entity),ltd,corporate subscriber,2014-09-23,micro-entity,"accounts category, NOT turnover",43220,"38 Studfield Hill, Sheffield",S6 4SJ,https://find-and-update.company-information.service.gov.uk/company/09231395,,TO BE ENRICHED — not held by Companies House,legitimate interests (LIA required before contact),Companies House public API,2026-07-12T04:42:25+00:00
BURNBEAM LIMITED,01184815,A_CEILING_HIT,"established 1974, total-exemption-full filer",ltd,corporate subscriber,1974-09-23,total-exemption-full,"accounts category, NOT turnover",43290,"12, Eastgate Rd,, Holmes Chapel, Cheshire",CW4 7BW,https://find-and-update.company-information.service.gov.uk/company/01184815,,TO BE ENRICHED — not held by Companies House,legitimate interests (LIA required before contact),Companies House public API,2026-07-12T04:42:26+00:00
ELMDON PIPEWORK INSTALLATIONS LIMITED,06280849,A_CEILING_HIT,"established 2007, total-exemption-full filer",ltd,corporate subscriber,2007-06-15,total-exemption-full,"accounts category, NOT turnover",43290,"24 Parkdale Road, Birmingham",B26 3UT,https://find-and-update.company-information.service.gov.uk/company/06280849,,TO BE ENRICHED — not held by Companies House,legitimate interests (LIA required before contact),Companies House public API,2026-07-12T04:42:26+00:00
RMSG MEP SERVICE UK LTD,12993570,B_COMPLIANCE_DROWNED,micro filer (micro-entity),ltd,corporate subscriber,2020-11-03,micro-entity,"accounts category, NOT turnover",33140; 41202; 42220; 43220,"91 Anson Road, West Bromwich",B70 0NF,https://find-and-update.company-information.service.gov.uk/company/12993570,,TO BE ENRICHED — not held by Companies House,legitimate interests (LIA required before contact),Companies House public API,2026-07-12T04:42:27+00:00
SMARTPLUMB LIMITED,04748293,B_COMPLIANCE_DROWNED,micro filer (micro-entity),ltd,corporate subscriber,2003-04-29,micro-entity,"accounts category, NOT turnover",43220,"95 New Road, Haslingfield, Cambridge, Cambridgeshire",CB3 7LP,https://find-and-update.company-information.service.gov.uk/company/04748293,,TO BE ENRICHED — not held by Companies House,legitimate interests (LIA required before contact),Companies House public API,2026-07-12T04:42:28+00:00
THE BATHROOM PLACE LTD,13381291,A_CEILING_HIT,"established 2021, total-exemption-full filer",ltd,corporate subscriber,2021-05-07,total-exemption-full,"accounts category, NOT turnover",43290,"Norfolk House Hamlin Way, Hardwick Narrows, King's Lynn, Norfolk",PE30 4NG,https://find-and-update.company-information.service.gov.uk/company/13381291,,TO BE ENRICHED — not held by Companies House,legitimate interests (LIA required before contact),Companies House public API,2026-07-12T04:42:28+00:00
G S JONES ELECTRICAL LIMITED,09068515,B_COMPLIANCE_DROWNED,micro filer (micro-entity),ltd,corporate subscriber,2014-06-03,micro-entity,"accounts category, NOT turnover",43210,"6 Winterstoke Close, Bedminster, Bristol",BS3 2NG,https://find-and-update.company-information.service.gov.uk/company/09068515,,TO BE ENRICHED — not held by Companies House,legitimate interests (LIA required before contact),Companies House public API,2026-07-12T04:42:29+00:00
EBA CLIMATE LIMITED,06838783,A_CEILING_HIT,"established 2009, total-exemption-full filer",ltd,corporate subscriber,2009-03-06,total-exemption-full,"accounts category, NOT turnover",43220,"Unit 3 Near Bank, Shelley, Huddersfield",HD8 8LS,https://find-and-update.company-information.service.gov.uk/company/06838783,,TO BE ENRICHED — not held by Companies House,legitimate interests (LIA required before contact),Companies House public API,2026-07-12T04:42:30+00:00
JF HEATING AND PLUMBING LTD,10394971,B_COMPLIANCE_DROWNED,micro filer (micro-entity),ltd,corporate subscriber,2016-09-26,micro-entity,"accounts category, NOT turnover",43220,"15 The Drive, Grantham",NG31 7PR,https://find-and-update.company-information.service.gov.uk/company/10394971,,TO BE ENRICHED — not held by Companies House,legitimate interests (LIA required before contact),Companies House public API,2026-07-12T04:42:30+00:00
DREAMY TRADES LTD,SC770541,B_COMPLIANCE_DROWNED,micro filer (micro-entity),ltd,corporate subscriber,2023-05-24,micro-entity,"accounts category, NOT turnover",43210,"22 Armstrong Road, Helensburgh",G84 7UE,https://find-and-update.company-information.service.gov.uk/company/SC770541,,TO BE ENRICHED — not held by Companies House,legitimate interests (LIA required before contact),Companies House public API,2026-07-12T04:42:31+00:00
NY BUILDERS LTD,09053306,B_COMPLIANCE_DROWNED,micro filer (micro-entity),ltd,corporate subscriber,2014-05-22,micro-entity,"accounts category, NOT turnover",43210,"150 Glastonbury Road, Morden, Surrey",SM4 6PQ,https://find-and-update.company-information.service.gov.uk/company/09053306,,TO BE ENRICHED — not held by Companies House,legitimate interests (LIA required before contact),Companies House public API,2026-07-12T04:42:32+00:00
HERTS MAINTAIN AND BUILD LTD,14865119,EXCLUDED_DORMANT,"dormant — not trading, not a buyer",ltd,corporate subscriber,2023-05-12,dormant,"accounts category, NOT turnover",41202; 43290,"169 Kimbolton Crescent, Stevenage",SG2 8RW,https://find-and-update.company-information.service.gov.uk/company/14865119,,TO BE ENRICHED — not held by Companies House,legitimate interests (LIA required before contact),Companies House public API,2026-07-12T04:42:32+00:00
Z&M COMPOSITE LTD,15476097,B_COMPLIANCE_DROWNED,micro filer (micro-entity),ltd,corporate subscriber,2024-02-09,micro-entity,"accounts category, NOT turnover",23140; 43290,"10 Huntland Close, Rainham",RM13 9JB,https://find-and-update.company-information.service.gov.uk/company/15476097,,TO BE ENRICHED — not held by Companies House,legitimate interests (LIA required before contact),Companies House public API,2026-07-12T04:42:33+00:00
SPARKS PROPERTY SERVICES LIMITED,07285169,B_COMPLIANCE_DROWNED,micro filer (micro-entity),ltd,corporate subscriber,2010-06-15,micro-entity,"accounts category, NOT turnover",43210; 43290,"66 Conference Avenue, Portishead, Bristol",BS20 7LF,https://find-and-update.company-information.service.gov.uk/company/07285169,,TO BE ENRICHED — not held by Companies House,legitimate interests (LIA required before contact),Companies House public API,2026-07-12T04:42:34+00:00
OLIVER LEE PLUMBING AND HEATING LIMITED,14852366,B_COMPLIANCE_DROWNED,"young (2023), total-exemption-full filer",ltd,corporate subscriber,2023-05-08,total-exemption-full,"accounts category, NOT turnover",43220,"Manufactory House, Bell Lane, Hertford, Hertfordshire",SG14 1BP,https://find-and-update.company-information.service.gov.uk/company/14852366,,TO BE ENRICHED — not held by Companies House,legitimate interests (LIA required before contact),Companies House public API,2026-07-12T04:42:35+00:00
ETSE GROUP LTD,14854682,EXCLUDED_DORMANT,"dormant — not trading, not a buyer",ltd,corporate subscriber,2023-05-08,dormant,"accounts category, NOT turnover",41100; 41202; 43210; 43999,"25 Winston Business Centre 43 Chartwell Road, Lancing Business Park, Lancing, West Sussex",BN15 8TU,https://find-and-update.company-information.service.gov.uk/company/14854682,,TO BE ENRICHED — not held by Companies House,legitimate interests (LIA required before contact),Companies House public API,2026-07-12T04:42:35+00:00
MPE GENERAL HOLDINGS LIMITED,06757561,EXCLUDED_DORMANT,"dormant — not trading, not a buyer",ltd,corporate subscriber,2008-11-25,dormant,"accounts category, NOT turnover",43210; 59112; 74201,"2 Corona Road, Langdon Hills, Basildon, Essex",SS16 6HH,https://find-and-update.company-information.service.gov.uk/company/06757561,,TO BE ENRICHED — not held by Companies House,legitimate interests (LIA required before contact),Companies House public API,2026-07-12T04:42:36+00:00
POLISHINTERIOR UK LIMITED,09618103,A_CEILING_HIT,"established 2015, total-exemption-full filer",ltd,corporate subscriber,2015-06-02,total-exemption-full,"accounts category, NOT turnover",43290,"Fifteen Rosehill Montgomery Way, Rosehill Estate, Carlisle, Cumbria",CA1 2RW,https://find-and-update.company-information.service.gov.uk/company/09618103,,TO BE ENRICHED — not held by Companies House,legitimate interests (LIA required before contact),Companies House public API,2026-07-12T04:42:37+00:00
EQUANS FM LIMITED,00665702,C_ENTERPRISE,files full/group/medium accounts,ltd,corporate subscriber,1960-07-21,full,"accounts category, NOT turnover",35220; 35300; 43220; 81100,"First Floor, Neon Q10 Quorum Business Park, Benton Lane, Newcastle Upon Tyne",NE12 8BU,https://find-and-update.company-information.service.gov.uk/company/00665702,,TO BE ENRICHED — not held by Companies House,legitimate interests (LIA required before contact),Companies House public API,2026-07-12T04:42:37+00:00
LNAS SERVICES LTD,13438884,B_COMPLIANCE_DROWNED,micro filer (micro-entity),ltd,corporate subscriber,2021-06-04,micro-entity,"accounts category, NOT turnover",43290,"20 Brynawel Road, Ystradgynlais, Swansea",SA9 1JT,https://find-and-update.company-information.service.gov.uk/company/13438884,,TO BE ENRICHED — not held by Companies House,legitimate interests (LIA required before contact),Companies House public API,2026-07-12T04:42:38+00:00
MH BUILDING SERVICE LIMITED,09037345,B_COMPLIANCE_DROWNED,micro filer (micro-entity),ltd,corporate subscriber,2014-05-13,micro-entity,"accounts category, NOT turnover",43290,"Cosmopolitan House, Old Fore Street, Sidmouth, Devon",EX10 8LS,https://find-and-update.company-information.service.gov.uk/company/09037345,,TO BE ENRICHED — not held by Companies House,legitimate interests (LIA required before contact),Companies House public API,2026-07-12T04:42:39+00:00
SILVESTERS ELECTRICAL CONTRACTORS LTD,07272957,A_CEILING_HIT,"established 2010, total-exemption-full filer",ltd,corporate subscriber,2010-06-03,total-exemption-full,"accounts category, NOT turnover",43210,"Whitby Court, Shepley, Huddersfield, West Yorkshire",HD8 8EL,https://find-and-update.company-information.service.gov.uk/company/07272957,,TO BE ENRICHED — not held by Companies House,legitimate interests (LIA required before contact),Companies House public API,2026-07-12T04:42:39+00:00
AEM PLUMBING & HEATING SERVICES LIMITED,07635745,A_CEILING_HIT,"established 2011, total-exemption-full filer",ltd,corporate subscriber,2011-05-16,total-exemption-full,"accounts category, NOT turnover",43220,"94a Blackburn Avenue, Wolverhampton, West Midlands",WV6 9LQ,https://find-and-update.company-information.service.gov.uk/company/07635745,,TO BE ENRICHED — not held by Companies House,legitimate interests (LIA required before contact),Companies House public API,2026-07-12T04:42:40+00:00
DMW ELECTRICAL SERVICES LTD,11061143,A_CEILING_HIT,"established 2017, total-exemption-full filer",ltd,corporate subscriber,2017-11-13,total-exemption-full,"accounts category, NOT turnover",43210,"10 Beech Court Wokingham Road, Hurst, Berkshire",RG10 0RQ,https://find-and-update.company-information.service.gov.uk/company/11061143,,TO BE ENRICHED — not held by Companies House,legitimate interests (LIA required before contact),Companies House public API,2026-07-12T04:42:41+00:00
SAFE CONTRACTING LTD,SC744478,B_COMPLIANCE_DROWNED,micro filer (micro-entity),ltd,corporate subscriber,2022-09-14,micro-entity,"accounts category, NOT turnover",43210,"26 Holm Dell Avenue, Inverness",IV2 4GW,https://find-and-update.company-information.service.gov.uk/company/SC744478,,TO BE ENRICHED — not held by Companies House,legitimate interests (LIA required before contact),Companies House public API,2026-07-12T04:42:41+00:00
SGD FIRE PROTECTION LIMITED,14107338,B_COMPLIANCE_DROWNED,"young (2022), total-exemption-full filer",ltd,corporate subscriber,2022-05-14,total-exemption-full,"accounts category, NOT turnover",43290,"Ellis Ashton Street, Huyton, Liverpool, Merseyside",L36 6BJ,https://find-and-update.company-information.service.gov.uk/company/14107338,,TO BE ENRICHED — not held by Companies House,legitimate interests (LIA required before contact),Companies House public API,2026-07-12T04:42:42+00:00
CAPITAL POWER & DATA LIMITED,06118413,B_COMPLIANCE_DROWNED,micro filer (micro-entity),ltd,corporate subscriber,2007-02-20,micro-entity,"accounts category, NOT turnover",43210,"57a Broadway, Leigh On Sea, Essex",SS9 1PE,https://find-and-update.company-information.service.gov.uk/company/06118413,,TO BE ENRICHED — not held by Companies House,legitimate interests (LIA required before contact),Companies House public API,2026-07-12T04:42:43+00:00
HALLAM PLUMBING & GAS LIMITED,06917095,A_CEILING_HIT,"established 2009, unaudited-abridged filer",ltd,corporate subscriber,2009-05-27,unaudited-abridged,"accounts category, NOT turnover",43220,"8 Beeston Close, Bestwood Village, Nottingham, Nottinghamshire",NG6 8XG,https://find-and-update.company-information.service.gov.uk/company/06917095,,TO BE ENRICHED — not held by Companies House,legitimate interests (LIA required before contact),Companies House public API,2026-07-12T04:42:43+00:00
MTS PROPERTY SERVICES LTD,09221313,B_COMPLIANCE_DROWNED,micro filer (micro-entity),ltd,corporate subscriber,2014-09-16,micro-entity,"accounts category, NOT turnover",43290; 43320; 43390; 43999,"22 Cavell Street, London",E1 2HP,https://find-and-update.company-information.service.gov.uk/company/09221313,,TO BE ENRICHED — not held by Companies House,legitimate interests (LIA required before contact),Companies House public API,2026-07-12T04:42:44+00:00
TSF ELECTRICAL (DEARNE VALLEY) LTD,15633133,B_COMPLIANCE_DROWNED,"young (2024), total-exemption-full filer",ltd,corporate subscriber,2024-04-10,total-exemption-full,"accounts category, NOT turnover",43210,"1 Manor Road, Harlington, Doncaster",DN5 7JD,https://find-and-update.company-information.service.gov.uk/company/15633133,,TO BE ENRICHED — not held by Companies House,legitimate interests (LIA required before contact),Companies House public API,2026-07-12T04:42:45+00:00
R & R PROPERTY MAINTENANCE SERVICES LTD,12607043,A_CEILING_HIT,"established 2020, total-exemption-full filer",ltd,corporate subscriber,2020-05-18,total-exemption-full,"accounts category, NOT turnover",43290; 43341; 81299,"22 Ventnor Close, Eastbourne",BN23 8EB,https://find-and-update.company-information.service.gov.uk/company/12607043,,TO BE ENRICHED — not held by Companies House,legitimate interests (LIA required before contact),Companies House public API,2026-07-12T04:42:45+00:00
RICHARD M. MACKENZIE LTD.,SC237350,A_CEILING_HIT,"established 2002, total-exemption-full filer",ltd,corporate subscriber,2002-09-25,total-exemption-full,"accounts category, NOT turnover",43210,"10 Knockbreck Street, Tain, Ross Shire",IV19 1BJ,https://find-and-update.company-information.service.gov.uk/company/SC237350,,TO BE ENRICHED — not held by Companies House,legitimate interests (LIA required before contact),Companies House public API,2026-07-12T04:42:46+00:00
SMW ENERGY LIMITED,07699851,A_CEILING_HIT,"established 2011, total-exemption-full filer",ltd,corporate subscriber,2011-07-11,total-exemption-full,"accounts category, NOT turnover",43210,"8 Windmill Field, Abbeymead, Gloucester, Gloucestershire",GL4 4RQ,https://find-and-update.company-information.service.gov.uk/company/07699851,,TO BE ENRICHED — not held by Companies House,legitimate interests (LIA required before contact),Companies House public API,2026-07-12T04:42:47+00:00
CALDER TEMPERATURE CONTROLS LIMITED,05117298,A_CEILING_HIT,"established 2004, total-exemption-full filer",ltd,corporate subscriber,2004-05-04,total-exemption-full,"accounts category, NOT turnover",25990; 27900; 43210,"Quebec Works, Elland Lane, Elland",HX5 9DU,https://find-and-update.company-information.service.gov.uk/company/05117298,,TO BE ENRICHED — not held by Companies House,legitimate interests (LIA required before contact),Companies House public API,2026-07-12T04:42:48+00:00
MR NO LEAKS LTD,15754206,B_COMPLIANCE_DROWNED,micro filer (micro-entity),ltd,corporate subscriber,2024-06-01,micro-entity,"accounts category, NOT turnover",43220; 43390,"1288b High Road, London",N20 9HJ,https://find-and-update.company-information.service.gov.uk/company/15754206,,TO BE ENRICHED — not held by Companies House,legitimate interests (LIA required before contact),Companies House public API,2026-07-12T04:42:48+00:00
UNITED NETWORKS SYSTEM LTD,13364662,EXCLUDED_DORMANT,"dormant — not trading, not a buyer",ltd,corporate subscriber,2021-04-28,dormant,"accounts category, NOT turnover",33140; 42220; 43210; 46520,"17 Brandsfarm Way, Telford",TF3 2JF,https://find-and-update.company-information.service.gov.uk/company/13364662,,TO BE ENRICHED — not held by Companies House,legitimate interests (LIA required before contact),Companies House public API,2026-07-12T04:42:49+00:00
N1 ELECTRICAL LTD,12613849,B_COMPLIANCE_DROWNED,micro filer (micro-entity),ltd,corporate subscriber,2020-05-20,micro-entity,"accounts category, NOT turnover",43210,"20-22 Wenlock Road, London",N1 7GU,https://find-and-update.company-information.service.gov.uk/company/12613849,,TO BE ENRICHED — not held by Companies House,legitimate interests (LIA required before contact),Companies House public API,2026-07-12T04:42:50+00:00
S. COWLE ELECTRICAL LIMITED,01204553,B_COMPLIANCE_DROWNED,micro filer (micro-entity),ltd,corporate subscriber,1975-03-21,micro-entity,"accounts category, NOT turnover",43210,"3 Semer Court Crockatt Road, Hadleigh, Ipswich, Suffolk",IP7 6RN,https://find-and-update.company-information.service.gov.uk/company/01204553,,TO BE ENRICHED — not held by Companies House,legitimate interests (LIA required before contact),Companies House public API,2026-07-12T04:42:50+00:00
PULSE ELECTRIC (LONDON) LIMITED,13412359,B_COMPLIANCE_DROWNED,micro filer (micro-entity),ltd,corporate subscriber,2021-05-20,micro-entity,"accounts category, NOT turnover",33140; 43210,"2a Finance House, Maygrove Road, Kilburn, London",NW6 2EB,https://find-and-update.company-information.service.gov.uk/company/13412359,,TO BE ENRICHED — not held by Companies House,legitimate interests (LIA required before contact),Companies House public API,2026-07-12T04:42:51+00:00
PREMIER HEATING SERVICES EPSOM LTD,14771736,B_COMPLIANCE_DROWNED,micro filer (micro-entity),ltd,corporate subscriber,2023-03-31,micro-entity,"accounts category, NOT turnover",43220,"59 Hazon Way, Epsom, Surrey",KT19 8HG,https://find-and-update.company-information.service.gov.uk/company/14771736,,TO BE ENRICHED — not held by Companies House,legitimate interests (LIA required before contact),Companies House public API,2026-07-12T04:42:52+00:00
DEVON PLUMBING SOLUTIONS LIMITED,07624941,A_CEILING_HIT,"established 2011, total-exemption-full filer",ltd,corporate subscriber,2011-05-06,total-exemption-full,"accounts category, NOT turnover",43220,"Unit 12 Exeter Business Centre, Marsh Green Road West, Exeter",EX2 8PN,https://find-and-update.company-information.service.gov.uk/company/07624941,,TO BE ENRICHED — not held by Companies House,legitimate interests (LIA required before contact),Companies House public API,2026-07-12T04:42:52+00:00
PYRAMIDS CONSTRUCTION LIMITED,07203468,B_COMPLIANCE_DROWNED,micro filer (micro-entity),ltd,corporate subscriber,2010-03-25,micro-entity,"accounts category, NOT turnover",43290,"Britannia House Glenthorne Road, Hammersmith, London",W6 0LH,https://find-and-update.company-information.service.gov.uk/company/07203468,,TO BE ENRICHED — not held by Companies House,legitimate interests (LIA required before contact),Companies House public API,2026-07-12T04:42:53+00:00
UBER PLUMBING AND HEATING LIMITED,08546861,B_COMPLIANCE_DROWNED,micro filer (micro-entity),ltd,corporate subscriber,2013-05-28,micro-entity,"accounts category, NOT turnover",43220,"6 Capel Close, Warmley, Bristol",BS15 4LS,https://find-and-update.company-information.service.gov.uk/company/08546861,,TO BE ENRICHED — not held by Companies House,legitimate interests (LIA required before contact),Companies House public API,2026-07-12T04:42:54+00:00
ENGINEERING SOLUTIONS & AUTOMATION LIMITED,03781279,A_CEILING_HIT,"established 1999, unaudited-abridged filer",ltd,corporate subscriber,1999-06-02,unaudited-abridged,"accounts category, NOT turnover",43210; 62090; 70229; 82990,"A1 Penrhyn Court Penrhyn Road, Knowsley Business Park, Prescot",L34 9AB,https://find-and-update.company-information.service.gov.uk/company/03781279,,TO BE ENRICHED — not held by Companies House,legitimate interests (LIA required before contact),Companies House public API,2026-07-12T04:42:55+00:00
CALHAME HEATING SERVICES LTD,SC351228,B_COMPLIANCE_DROWNED,micro filer (micro-entity),ltd,corporate subscriber,2008-11-13,micro-entity,"accounts category, NOT turnover",43220,"1 Spiersbridge Way, Spiersbridge Business Park, Thornliebank, Glasgow",G46 8NG,https://find-and-update.company-information.service.gov.uk/company/SC351228,,TO BE ENRICHED — not held by Companies House,legitimate interests (LIA required before contact),Companies House public API,2026-07-12T04:42:55+00:00
E11 GARDEN FENCING & LANDSCAPING LTD,14183578,B_COMPLIANCE_DROWNED,micro filer (micro-entity),ltd,corporate subscriber,2022-06-20,micro-entity,"accounts category, NOT turnover",41202; 43290,"94 Poppleton Road, London",E11 1LT,https://find-and-update.company-information.service.gov.uk/company/14183578,,TO BE ENRICHED — not held by Companies House,legitimate interests (LIA required before contact),Companies House public API,2026-07-12T04:42:56+00:00
JJR SERVICES (UK) LIMITED,08843693,A_CEILING_HIT,"established 2014, total-exemption-full filer",ltd,corporate subscriber,2014-01-14,total-exemption-full,"accounts category, NOT turnover",43220,"Office 7 Solopark House Station Road, Pampisford, Cambridge",CB22 3HB,https://find-and-update.company-information.service.gov.uk/company/08843693,,TO BE ENRICHED — not held by Companies House,legitimate interests (LIA required before contact),Companies House public API,2026-07-12T04:42:57+00:00
THAMES VALLEY INSULATION LIMITED,10358805,A_CEILING_HIT,"established 2016, total-exemption-full filer",ltd,corporate subscriber,2016-09-05,total-exemption-full,"accounts category, NOT turnover",43290,"Unit 8, Elderway Waterside Drive, Langley, Slough",SL3 6EP,https://find-and-update.company-information.service.gov.uk/company/10358805,,TO BE ENRICHED — not held by Companies House,legitimate interests (LIA required before contact),Companies House public API,2026-07-12T04:42:57+00:00
21 DEGREES HEATING LIMITED,05140422,A_CEILING_HIT,"established 2004, unaudited-abridged filer",ltd,corporate subscriber,2004-05-28,unaudited-abridged,"accounts category, NOT turnover",43220,"Janay Sec Suite 2, Unit 2 Bradburys Court, Lyon Road, Harrow, Middlesex",HA1 2BY,https://find-and-update.company-information.service.gov.uk/company/05140422,,TO BE ENRICHED — not held by Companies House,legitimate interests (LIA required before contact),Companies House public API,2026-07-12T04:42:58+00:00
SHAF ELECTRICAL LIMITED,10714276,EXCLUDED_DORMANT,"dormant — not trading, not a buyer",ltd,corporate subscriber,2017-04-07,dormant,"accounts category, NOT turnover",43210,"108 Upney Lane, Barking, Essex",IG11 9LR,https://find-and-update.company-information.service.gov.uk/company/10714276,,TO BE ENRICHED — not held by Companies House,legitimate interests (LIA required before contact),Companies House public API,2026-07-12T04:42:59+00:00
CHECKED ELECTRIC LTD,12044913,B_COMPLIANCE_DROWNED,micro filer (micro-entity),ltd,corporate subscriber,2019-06-11,micro-entity,"accounts category, NOT turnover",43210,"409 Selsdon Road, South Croydon",CR2 7AD,https://find-and-update.company-information.service.gov.uk/company/12044913,,TO BE ENRICHED — not held by Companies House,legitimate interests (LIA required before contact),Companies House public API,2026-07-12T04:42:59+00:00
COOLWAYS LONDON LTD,11280717,A_CEILING_HIT,"established 2018, total-exemption-full filer",ltd,corporate subscriber,2018-03-28,total-exemption-full,"accounts category, NOT turnover",43220; 74100,"135 Aboyne Road, London",NW10 0EY,https://find-and-update.company-information.service.gov.uk/company/11280717,,TO BE ENRICHED — not held by Companies House,legitimate interests (LIA required before contact),Companies House public API,2026-07-12T04:43:00+00:00
BREARLEY CONTRACTING LIMITED,12615917,A_CEILING_HIT,"established 2020, unaudited-abridged filer",ltd,corporate subscriber,2020-05-21,unaudited-abridged,"accounts category, NOT turnover",43210,"7 Spring Valley Close, Bramley, Leeds, West Yorkshire",LS13 4RT,https://find-and-update.company-information.service.gov.uk/company/12615917,,TO BE ENRICHED — not held by Companies House,legitimate interests (LIA required before contact),Companies House public API,2026-07-12T04:43:01+00:00
ABBEY INTERIORS LTD,11516101,A_CEILING_HIT,"established 2018, total-exemption-full filer",ltd,corporate subscriber,2018-08-14,total-exemption-full,"accounts category, NOT turnover",43290,"Xeinadin Manchester, 100 Barbirolli Square, Manchester",M2 3BD,https://find-and-update.company-information.service.gov.uk/company/11516101,,TO BE ENRICHED — not held by Companies House,legitimate interests (LIA required before contact),Companies House public API,2026-07-12T04:43:01+00:00
ALTERNA RENEWABLES LTD,15412353,B_COMPLIANCE_DROWNED,"young (2024), total-exemption-full filer",ltd,corporate subscriber,2024-01-15,total-exemption-full,"accounts category, NOT turnover",43210,"205 Outgang Lane, Dinnington, Sheffield",S25 3QY,https://find-and-update.company-information.service.gov.uk/company/15412353,,TO BE ENRICHED — not held by Companies House,legitimate interests (LIA required before contact),Companies House public API,2026-07-12T04:43:02+00:00
PRO VOLT ELECTRICAL SERVICES LIMITED,13999113,B_COMPLIANCE_DROWNED,micro filer (micro-entity),ltd,corporate subscriber,2022-03-23,micro-entity,"accounts category, NOT turnover",43210,"30 Highfields, Thornton, Coalville",LE67 1AD,https://find-and-update.company-information.service.gov.uk/company/13999113,,TO BE ENRICHED — not held by Companies House,legitimate interests (LIA required before contact),Companies House public API,2026-07-12T04:43:03+00:00
HANDS ON MAINTENANCE LIMITED,09605166,B_COMPLIANCE_DROWNED,micro filer (micro-entity),ltd,corporate subscriber,2015-05-22,micro-entity,"accounts category, NOT turnover",43220; 43290; 43330; 43390,"76a Edgware Way, Edgware",HA8 8JS,https://find-and-update.company-information.service.gov.uk/company/09605166,,TO BE ENRICHED — not held by Companies House,legitimate interests (LIA required before contact),Companies House public API,2026-07-12T04:43:03+00:00
HAPPY GAS LTD,09616905,B_COMPLIANCE_DROWNED,micro filer (micro-entity),ltd,corporate subscriber,2015-06-01,micro-entity,"accounts category, NOT turnover",43220,"11 Market Place, Wooler, Northumberland",NE71 6LQ,https://find-and-update.company-information.service.gov.uk/company/09616905,,TO BE ENRICHED — not held by Companies House,legitimate interests (LIA required before contact),Companies House public API,2026-07-12T04:43:04+00:00
J & H PLUMBING AND HEATING LIMITED,07116967,A_CEILING_HIT,"established 2010, total-exemption-full filer",ltd,corporate subscriber,2010-01-05,total-exemption-full,"accounts category, NOT turnover",43220,"19 Coniston Way, Macclesfield, Cheshire",SK11 7XR,https://find-and-update.company-information.service.gov.uk/company/07116967,,TO BE ENRICHED — not held by Companies House,legitimate interests (LIA required before contact),Companies House public API,2026-07-12T04:43:05+00:00
EMERGENCY ELECTRICIAN CHELSEA LTD,14340887,EXCLUDED_DORMANT,"dormant — not trading, not a buyer",ltd,corporate subscriber,2022-09-06,dormant,"accounts category, NOT turnover",43210,"Flat 4 155 Kings Road, London",SW3 5TX,https://find-and-update.company-information.service.gov.uk/company/14340887,,TO BE ENRICHED — not held by Companies House,legitimate interests (LIA required before contact),Companies House public API,2026-07-12T04:43:06+00:00
TOTAL REFURBS LTD,14335276,B_COMPLIANCE_DROWNED,micro filer (micro-entity),ltd,corporate subscriber,2022-09-05,micro-entity,"accounts category, NOT turnover",43290,"1 Dukes Passage, Brighton, East Sussex",BN1 1BS,https://find-and-update.company-information.service.gov.uk/company/14335276,,TO BE ENRICHED — not held by Companies House,legitimate interests (LIA required before contact),Companies House public API,2026-07-12T04:43:06+00:00
P W PHG LTD,09737834,B_COMPLIANCE_DROWNED,micro filer (micro-entity),ltd,corporate subscriber,2015-08-18,micro-entity,"accounts category, NOT turnover",43220,"25-29 Sandy Way Yeadon, Leeds",LS19 7EW,https://find-and-update.company-information.service.gov.uk/company/09737834,,TO BE ENRICHED — not held by Companies House,legitimate interests (LIA required before contact),Companies House public API,2026-07-12T04:43:07+00:00
AIR - TECH (YORKSHIRE) LIMITED,07247089,B_COMPLIANCE_DROWNED,micro filer (micro-entity),ltd,corporate subscriber,2010-05-07,micro-entity,"accounts category, NOT turnover",43220,"44 Kirkgate, Ripon, North Yorkshire",HG4 1PB,https://find-and-update.company-information.service.gov.uk/company/07247089,,TO BE ENRICHED — not held by Companies House,legitimate interests (LIA required before contact),Companies House public API,2026-07-12T04:43:08+00:00
SB ELECTRICS LIMITED,NI046424,B_COMPLIANCE_DROWNED,micro filer (micro-entity),ltd,corporate subscriber,2003-05-07,micro-entity,"accounts category, NOT turnover",43210,"15 Tullybrannigan Road, Newcastle, County Down",BT33 0HR,https://find-and-update.company-information.service.gov.uk/company/NI046424,,TO BE ENRICHED — not held by Companies House,legitimate interests (LIA required before contact),Companies House public API,2026-07-12T04:43:08+00:00
T J SANDERS ELECTRICAL LTD,15758990,B_COMPLIANCE_DROWNED,micro filer (micro-entity),ltd,corporate subscriber,2024-06-04,micro-entity,"accounts category, NOT turnover",43210,"80 Waterside Drive, Chichester, West Sussex",PO19 8RN,https://find-and-update.company-information.service.gov.uk/company/15758990,,TO BE ENRICHED — not held by Companies House,legitimate interests (LIA required before contact),Companies House public API,2026-07-12T04:43:09+00:00
DATASERVIS LTD,14751753,B_COMPLIANCE_DROWNED,"young (2023), unaudited-abridged filer",ltd,corporate subscriber,2023-03-23,unaudited-abridged,"accounts category, NOT turnover",42220; 43210,"127a High Street, Hornchurch",RM11 1TX,https://find-and-update.company-information.service.gov.uk/company/14751753,,TO BE ENRICHED — not held by Companies House,legitimate interests (LIA required before contact),Companies House public API,2026-07-12T04:43:10+00:00
LCS ELECTRICAL LIMITED,NI059470,A_CEILING_HIT,"established 2006, unaudited-abridged filer",ltd,corporate subscriber,2006-05-26,unaudited-abridged,"accounts category, NOT turnover",43210,"18 Glenvale, Glenariffe, Ballymena",BT44 0RW,https://find-and-update.company-information.service.gov.uk/company/NI059470,,TO BE ENRICHED — not held by Companies House,legitimate interests (LIA required before contact),Companies House public API,2026-07-12T04:43:10+00:00
ADVANCED ENGINEERING GROUP LTD,NI618309,A_CEILING_HIT,"established 2013, unaudited-abridged filer",ltd,corporate subscriber,2013-05-09,unaudited-abridged,"accounts category, NOT turnover",43210,"19a Crocknacor Road, Omagh",BT79 0JS,https://find-and-update.company-information.service.gov.uk/company/NI618309,,TO BE ENRICHED — not held by Companies House,legitimate interests (LIA required before contact),Companies House public API,2026-07-12T04:43:11+00:00
MCLANE SPECIALIST INSTALLATION SERVICES LIMITED,03781589,B_COMPLIANCE_DROWNED,micro filer (micro-entity),ltd,corporate subscriber,1999-06-02,micro-entity,"accounts category, NOT turnover",43210,"24 Pinehill Road, Crowthorne, Berkshire",RG45 7JD,https://find-and-update.company-information.service.gov.uk/company/03781589,,TO BE ENRICHED — not held by Companies House,legitimate interests (LIA required before contact),Companies House public API,2026-07-12T04:43:12+00:00
BLAIR HEATING & PLUMBING SERVICES LIMITED,04764997,A_CEILING_HIT,"established 2003, total-exemption-full filer",ltd,corporate subscriber,2003-05-15,total-exemption-full,"accounts category, NOT turnover",43220,"18 Brockford Glade, Dothill Telford, Salop",TF1 3PX,https://find-and-update.company-information.service.gov.uk/company/04764997,,TO BE ENRICHED — not held by Companies House,legitimate interests (LIA required before contact),Companies House public API,2026-07-12T04:43:12+00:00
PAC MARKETING LIMITED,SC742803,B_COMPLIANCE_DROWNED,"young (2022), unaudited-abridged filer",ltd,corporate subscriber,2022-08-30,unaudited-abridged,"accounts category, NOT turnover",43210,"57 Laxton Drive, Kirkintilloch, Glasgow",G66 5LX,https://find-and-update.company-information.service.gov.uk/company/SC742803,,TO BE ENRICHED — not held by Companies House,legitimate interests (LIA required before contact),Companies House public API,2026-07-12T04:43:13+00:00
ROTHWELL GROUP LTD,04444083,A_CEILING_HIT,"established 2002, total-exemption-full filer",ltd,corporate subscriber,2002-05-21,total-exemption-full,"accounts category, NOT turnover",43210,"Unit 3 Yorvale Business Park, Hazel Court, York",YO10 3DR,https://find-and-update.company-information.service.gov.uk/company/04444083,,TO BE ENRICHED — not held by Companies House,legitimate interests (LIA required before contact),Companies House public API,2026-07-12T04:43:14+00:00
ANGLESEY PIPES SERVICES LIMITED,06597231,A_CEILING_HIT,"established 2008, total-exemption-full filer",ltd,corporate subscriber,2008-05-20,total-exemption-full,"accounts category, NOT turnover",43220,"10 Croft House Drive, Morley, Leeds",LS27 8NU,https://find-and-update.company-information.service.gov.uk/company/06597231,,TO BE ENRICHED — not held by Companies House,legitimate interests (LIA required before contact),Companies House public API,2026-07-12T04:43:14+00:00
EUROPEAN REAL ESTATE GROUP LTD,09511868,A_CEILING_HIT,"established 2015, unaudited-abridged filer",ltd,corporate subscriber,2015-03-26,unaudited-abridged,"accounts category, NOT turnover",43210,"124 City Road, London",EC1V 2NX,https://find-and-update.company-information.service.gov.uk/company/09511868,,TO BE ENRICHED — not held by Companies House,legitimate interests (LIA required before contact),Companies House public API,2026-07-12T04:43:15+00:00
C STRINATI INSTALLATIONS LTD,09618216,A_CEILING_HIT,"established 2015, total-exemption-full filer",ltd,corporate subscriber,2015-06-02,total-exemption-full,"accounts category, NOT turnover",43220,"77 Bute Street, Treorchy",CF42 6AH,https://find-and-update.company-information.service.gov.uk/company/09618216,,TO BE ENRICHED — not held by Companies House,legitimate interests (LIA required before contact),Companies House public API,2026-07-12T04:43:16+00:00
IA SOLUTIONS LIMITED,14511284,B_COMPLIANCE_DROWNED,micro filer (micro-entity),ltd,corporate subscriber,2022-11-28,micro-entity,"accounts category, NOT turnover",43210,"21 Towbury Close, Redditch",B98 7YZ,https://find-and-update.company-information.service.gov.uk/company/14511284,,TO BE ENRICHED — not held by Companies House,legitimate interests (LIA required before contact),Companies House public API,2026-07-12T04:43:17+00:00
PENSBY PLUMBING & PLASTERING LIMITED,14108652,B_COMPLIANCE_DROWNED,"young (2022), total-exemption-full filer",ltd,corporate subscriber,2022-05-16,total-exemption-full,"accounts category, NOT turnover",43290; 43310,"395-397 Woodchurch Road, Birkenhead",CH42 8PF,https://find-and-update.company-information.service.gov.uk/company/14108652,,TO BE ENRICHED — not held by Companies House,legitimate interests (LIA required before contact),Companies House public API,2026-07-12T04:43:17+00:00
QUEST PLUMBING AND HEATING LIMITED,14892826,B_COMPLIANCE_DROWNED,"young (2023), total-exemption-full filer",ltd,corporate subscriber,2023-05-24,total-exemption-full,"accounts category, NOT turnover",43220,"14 Furtherwick Road, Canvey Island, Essex",SS8 7AE,https://find-and-update.company-information.service.gov.uk/company/14892826,,TO BE ENRICHED — not held by Companies House,legitimate interests (LIA required before contact),Companies House public API,2026-07-12T04:43:18+00:00
GARRY FENTON ELECTRICAL LIMITED,05173427,A_CEILING_HIT,"established 2004, unaudited-abridged filer",ltd,corporate subscriber,2004-07-07,unaudited-abridged,"accounts category, NOT turnover",43210,"Ryefield Court, 81 Joel Street, Northwood, Middlesex",HA6 1LL,https://find-and-update.company-information.service.gov.uk/company/05173427,,TO BE ENRICHED — not held by Companies House,legitimate interests (LIA required before contact),Companies House public API,2026-07-12T04:43:19+00:00
ARMSTRONG LIMITED,03378613,A_CEILING_HIT,"established 1997, total-exemption-full filer",ltd,corporate subscriber,1997-05-30,total-exemption-full,"accounts category, NOT turnover",41201; 43210; 98000,"385 Two Mile Hill Road, Bristol",BS15 1AD,https://find-and-update.company-information.service.gov.uk/company/03378613,,TO BE ENRICHED — not held by Companies House,legitimate interests (LIA required before contact),Companies House public API,2026-07-12T04:43:19+00:00
A C SHARP HEATING LTD,SC769199,B_COMPLIANCE_DROWNED,micro filer (micro-entity),ltd,corporate subscriber,2023-05-12,micro-entity,"accounts category, NOT turnover",43220,"4 Angus Drive, Monifieth, Dundee",DD5 4UA,https://find-and-update.company-information.service.gov.uk/company/SC769199,,TO BE ENRICHED — not held by Companies House,legitimate interests (LIA required before contact),Companies House public API,2026-07-12T04:43:20+00:00
CHARGE INSTALLATIONS LTD,14889836,B_COMPLIANCE_DROWNED,"young (2023), unaudited-abridged filer",ltd,corporate subscriber,2023-05-23,unaudited-abridged,"accounts category, NOT turnover",43210; 43910,"54-56 Ormskirk Street, St. Helens",WA10 2TF,https://find-and-update.company-information.service.gov.uk/company/14889836,,TO BE ENRICHED — not held by Companies House,legitimate interests (LIA required before contact),Companies House public API,2026-07-12T04:43:21+00:00
JULIDESIGN ARCHITECTURE SERVICES LTD,13430283,B_COMPLIANCE_DROWNED,micro filer (micro-entity),ltd,corporate subscriber,2021-06-01,micro-entity,"accounts category, NOT turnover",43220; 43999; 71111; 74100,"Unit Da2 Sutherland House,, 43 Sutherland Road, London",E17 6BU,https://find-and-update.company-information.service.gov.uk/company/13430283,,TO BE ENRICHED — not held by Companies House,legitimate interests (LIA required before contact),Companies House public API,2026-07-12T04:43:21+00:00
H&B ELECTRICAL LTD,10803736,EXCLUDED_DORMANT,"dormant — not trading, not a buyer",ltd,corporate subscriber,2017-06-05,dormant,"accounts category, NOT turnover",43210,"293 Benton Road, Newcastle Upon Tyne",NE7 7ED,https://find-and-update.company-information.service.gov.uk/company/10803736,,TO BE ENRICHED — not held by Companies House,legitimate interests (LIA required before contact),Companies House public API,2026-07-12T04:43:22+00:00
NORTHALL CORPORATION LTD.,09763769,B_COMPLIANCE_DROWNED,micro filer (micro-entity),ltd,corporate subscriber,2015-09-05,micro-entity,"accounts category, NOT turnover",43290; 51102; 74902; 74909,"27 Sandon Road, Nuneaton",CV11 5AX,https://find-and-update.company-information.service.gov.uk/company/09763769,,TO BE ENRICHED — not held by Companies House,legitimate interests (LIA required before contact),Companies House public API,2026-07-12T04:43:23+00:00
MKR ELECTRICAL LTD,10186135,A_CEILING_HIT,"established 2016, total-exemption-full filer",ltd,corporate subscriber,2016-05-18,total-exemption-full,"accounts category, NOT turnover",43210,"7 Chelsfield Avenue, Edmonton, London",N9 8EY,https://find-and-update.company-information.service.gov.uk/company/10186135,,TO BE ENRICHED — not held by Companies House,legitimate interests (LIA required before contact),Companies House public API,2026-07-12T04:43:23+00:00
NLC ELECTRICAL LTD,15744029,B_COMPLIANCE_DROWNED,micro filer (micro-entity),ltd,corporate subscriber,2024-05-26,micro-entity,"accounts category, NOT turnover",43210; 43290,"23a The Precinct, London Road, Waterlooville, Hampshire",PO7 7DT,https://find-and-update.company-information.service.gov.uk/company/15744029,,TO BE ENRICHED — not held by Companies House,legitimate interests (LIA required before contact),Companies House public API,2026-07-12T04:43:24+00:00
MEC SOLUTIONS LONDON LTD,13408945,B_COMPLIANCE_DROWNED,micro filer (micro-entity),ltd,corporate subscriber,2021-05-19,micro-entity,"accounts category, NOT turnover",43210,"Flat 1 158 Frant Road, Thornton Heath",CR7 7JW,https://find-and-update.company-information.service.gov.uk/company/13408945,,TO BE ENRICHED — not held by Companies House,legitimate interests (LIA required before contact),Companies House public API,2026-07-12T04:43:25+00:00
SHIRE ELECTRICAL LIMITED,08400562,A_CEILING_HIT,"established 2013, total-exemption-full filer",ltd,corporate subscriber,2013-02-13,total-exemption-full,"accounts category, NOT turnover",43210,"Headlands House 1 Kings Court, Kettering Parkway, Kettering, Northamptonshire",NN15 6WJ,https://find-and-update.company-information.service.gov.uk/company/08400562,,TO BE ENRICHED — not held by Companies House,legitimate interests (LIA required before contact),Companies House public API,2026-07-12T04:43:26+00:00
RO LITTLE CONSTRUCTOR LTD,12617533,B_COMPLIANCE_DROWNED,micro filer (micro-entity),ltd,corporate subscriber,2020-05-21,micro-entity,"accounts category, NOT turnover",41201; 41202; 43290,"58b Elstow Road, Bedford, Bedfordshire",MK42 9LP,https://find-and-update.company-information.service.gov.uk/company/12617533,,TO BE ENRICHED — not held by Companies House,legitimate interests (LIA required before contact),Companies House public API,2026-07-12T04:43:26+00:00
A WHITE BATHROOM COMPANY LIMITED,04769402,B_COMPLIANCE_DROWNED,micro filer (micro-entity),ltd,corporate subscriber,2003-05-19,micro-entity,"accounts category, NOT turnover",43220,"The Old School House, The Green, Leafield, Oxfordshire",OX29 9NP,https://find-and-update.company-information.service.gov.uk/company/04769402,,TO BE ENRICHED — not held by Companies House,legitimate interests (LIA required before contact),Companies House public API,2026-07-12T04:43:27+00:00
PLATINUM PLUMBING SOUTHERN LTD,13419860,A_CEILING_HIT,"established 2021, unaudited-abridged filer",ltd,corporate subscriber,2021-05-25,unaudited-abridged,"accounts category, NOT turnover",43220,"The Dairy Hills Barns, Appledram Lane South, Chichester, West Sussex",PO20 7EG,https://find-and-update.company-information.service.gov.uk/company/13419860,,TO BE ENRICHED — not held by Companies House,legitimate interests (LIA required before contact),Companies House public API,2026-07-12T04:43:28+00:00
SUMMER AIR LTD,14037925,B_COMPLIANCE_DROWNED,"young (2022), total-exemption-full filer",ltd,corporate subscriber,2022-04-11,total-exemption-full,"accounts category, NOT turnover",35300; 43220,"Unit 2 White Park, Elstree Hill South, Borehamwood",WD6 3BL,https://find-and-update.company-information.service.gov.uk/company/14037925,,TO BE ENRICHED — not held by Companies House,legitimate interests (LIA required before contact),Companies House public API,2026-07-12T04:43:28+00:00
INFINITE INTERIORS LTD,10771097,A_CEILING_HIT,"established 2017, total-exemption-full filer",ltd,corporate subscriber,2017-05-15,total-exemption-full,"accounts category, NOT turnover",43290,"82 Foster Street, Widnes",WA8 6EU,https://find-and-update.company-information.service.gov.uk/company/10771097,,TO BE ENRICHED — not held by Companies House,legitimate interests (LIA required before contact),Companies House public API,2026-07-12T04:43:29+00:00
BRODEN LTD,SC723423,B_COMPLIANCE_DROWNED,"young (2022), total-exemption-full filer",ltd,corporate subscriber,2022-02-16,total-exemption-full,"accounts category, NOT turnover",41201; 41202; 43210,"Unit A & J Arran House, Arran Road, Perth",PH1 3DZ,https://find-and-update.company-information.service.gov.uk/company/SC723423,,TO BE ENRICHED — not held by Companies House,legitimate interests (LIA required before contact),Companies House public API,2026-07-12T04:43:30+00:00
UNICONFORT-UK LIMITED,09527147,A_CEILING_HIT,"established 2015, total-exemption-full filer",ltd,corporate subscriber,2015-04-07,total-exemption-full,"accounts category, NOT turnover",33190; 43220,"12 Victoria Road, Barnsley, South Yorkshire",S70 2BB,https://find-and-update.company-information.service.gov.uk/company/09527147,,TO BE ENRICHED — not held by Companies House,legitimate interests (LIA required before contact),Companies House public API,2026-07-12T04:43:30+00:00
RD INSTALLATIONS LTD,12975633,B_COMPLIANCE_DROWNED,micro filer (micro-entity),ltd,corporate subscriber,2020-10-26,micro-entity,"accounts category, NOT turnover",43290,"11 Merlin Crescent, Edgware",HA8 6JL,https://find-and-update.company-information.service.gov.uk/company/12975633,,TO BE ENRICHED — not held by Companies House,legitimate interests (LIA required before contact),Companies House public API,2026-07-12T04:43:31+00:00
KEY PROPERTY SOLUTIONS LIMITED,01261882,C_ENTERPRISE,files full/group/medium accounts,ltd,corporate subscriber,1976-06-07,full,"accounts category, NOT turnover",43290,"High Edge Court Church Street, Heage, Belper, Derbyshire",DE56 2BW,https://find-and-update.company-information.service.gov.uk/company/01261882,,TO BE ENRICHED — not held by Companies House,legitimate interests (LIA required before contact),Companies House public API,2026-07-12T04:43:32+00:00
PIPES R RUSS LTD,06259836,B_COMPLIANCE_DROWNED,micro filer (micro-entity),ltd,corporate subscriber,2007-05-25,micro-entity,"accounts category, NOT turnover",43290,"10 Crompton Avenue, Sprotbrough, Doncaster, South Yorkshire",DN5 8EE,https://find-and-update.company-information.service.gov.uk/company/06259836,,TO BE ENRICHED — not held by Companies House,legitimate interests (LIA required before contact),Companies House public API,2026-07-12T04:43:33+00:00
NELSON PLUMBING & HEATING LTD,13649684,B_COMPLIANCE_DROWNED,"young (2021), total-exemption-full filer",ltd,corporate subscriber,2021-09-29,total-exemption-full,"accounts category, NOT turnover",43220,"Flat 62 Block B, Sillavan Way, Salford, Manchester",M3 6GB,https://find-and-update.company-information.service.gov.uk/company/13649684,,TO BE ENRICHED — not held by Companies House,legitimate interests (LIA required before contact),Companies House public API,2026-07-12T04:43:33+00:00
HENLEY ECO ENERGY SERVICES LIMITED,15758603,B_COMPLIANCE_DROWNED,micro filer (micro-entity),ltd,corporate subscriber,2024-06-03,micro-entity,"accounts category, NOT turnover",43220,"25 Crisp Road, Henley-On-Thames",RG9 2EN,https://find-and-update.company-information.service.gov.uk/company/15758603,,TO BE ENRICHED — not held by Companies House,legitimate interests (LIA required before contact),Companies House public API,2026-07-12T04:43:34+00:00
ALTERNATIVE COOLING SOLUTIONS LIMITED,04235790,A_CEILING_HIT,"established 2001, total-exemption-full filer",ltd,corporate subscriber,2001-06-15,total-exemption-full,"accounts category, NOT turnover",43220,"Unit 8 Meadow Lane Industrial Estate, Gordon Road, Loughborough",LE11 1JP,https://find-and-update.company-information.service.gov.uk/company/04235790,,TO BE ENRICHED — not held by Companies House,legitimate interests (LIA required before contact),Companies House public API,2026-07-12T04:43:35+00:00
FENDERS PLUMBING AND HEATING LTD,13616234,EXCLUDED_DORMANT,"dormant — not trading, not a buyer",ltd,corporate subscriber,2021-09-12,dormant,"accounts category, NOT turnover",43220,"138 Noel Road, London",W3 0JR,https://find-and-update.company-information.service.gov.uk/company/13616234,,TO BE ENRICHED — not held by Companies House,legitimate interests (LIA required before contact),Companies House public API,2026-07-12T04:43:35+00:00
MACA RENDERING LTD,11649882,A_CEILING_HIT,"established 2018, total-exemption-full filer",ltd,corporate subscriber,2018-10-30,total-exemption-full,"accounts category, NOT turnover",43290,"100 Hurlfield Road, Sheffield",S12 2SE,https://find-and-update.company-information.service.gov.uk/company/11649882,,TO BE ENRICHED — not held by Companies House,legitimate interests (LIA required before contact),Companies House public API,2026-07-12T04:43:36+00:00
WATER WORKS PLUMBING AND HEATING LTD,SC812507,B_COMPLIANCE_DROWNED,micro filer (micro-entity),ltd,corporate subscriber,2024-06-03,micro-entity,"accounts category, NOT turnover",43220,"18 Loirston Road, Cove Bay, Aberdeen",AB12 3NS,https://find-and-update.company-information.service.gov.uk/company/SC812507,,TO BE ENRICHED — not held by Companies House,legitimate interests (LIA required before contact),Companies House public API,2026-07-12T04:43:37+00:00
CSP ELECTRICAL CONTRACTORS LTD,14913591,B_COMPLIANCE_DROWNED,micro filer (micro-entity),ltd,corporate subscriber,2023-06-05,micro-entity,"accounts category, NOT turnover",43210,"43 Isabel Gate, Cheshunt, Waltham Cross",EN8 0XL,https://find-and-update.company-information.service.gov.uk/company/14913591,,TO BE ENRICHED — not held by Companies House,legitimate interests (LIA required before contact),Companies House public API,2026-07-12T04:43:37+00:00
AES MECHANICAL LTD,11143413,B_COMPLIANCE_DROWNED,micro filer (micro-entity),ltd,corporate subscriber,2018-01-10,micro-entity,"accounts category, NOT turnover",43220,"3a Harrogate Road, Rawdon, Leeds",LS19 6HW,https://find-and-update.company-information.service.gov.uk/company/11143413,,TO BE ENRICHED — not held by Companies House,legitimate interests (LIA required before contact),Companies House public API,2026-07-12T04:43:38+00:00
DA FLEMING LTD,11381473,A_CEILING_HIT,"established 2018, total-exemption-full filer",ltd,corporate subscriber,2018-05-24,total-exemption-full,"accounts category, NOT turnover",43290,"Durham House, 38 Street Lane, Ripley, Denby, Derbyshire",DE5 8NE,https://find-and-update.company-information.service.gov.uk/company/11381473,,TO BE ENRICHED — not held by Companies House,legitimate interests (LIA required before contact),Companies House public API,2026-07-12T04:43:39+00:00
CRAIG MOORE PLUMBING & HEATING LTD,11350629,B_COMPLIANCE_DROWNED,micro filer (micro-entity),ltd,corporate subscriber,2018-05-08,micro-entity,"accounts category, NOT turnover",43220,"16 The Strand, Redcar",TS10 2QG,https://find-and-update.company-information.service.gov.uk/company/11350629,,TO BE ENRICHED — not held by Companies House,legitimate interests (LIA required before contact),Companies House public API,2026-07-12T04:43:40+00:00
SMG ELECTRICAL SERVICES LTD,08103518,A_CEILING_HIT,"established 2012, total-exemption-full filer",ltd,corporate subscriber,2012-06-13,total-exemption-full,"accounts category, NOT turnover",43210,"103 Harewood Gardens, South Croydon, Surrey",CR2 9BW,https://find-and-update.company-information.service.gov.uk/company/08103518,,TO BE ENRICHED — not held by Companies House,legitimate interests (LIA required before contact),Companies House public API,2026-07-12T04:43:40+00:00
EXPERT TRADE SERVICES LIMITED,09028302,B_COMPLIANCE_DROWNED,micro filer (micro-entity),ltd,corporate subscriber,2014-05-07,micro-entity,"accounts category, NOT turnover",43210,"Unit 22  Newcastle Enterprise Centre High Street, Knutton, Newcastle, Staffordshire",ST5 6BX,https://find-and-update.company-information.service.gov.uk/company/09028302,,TO BE ENRICHED — not held by Companies House,legitimate interests (LIA required before contact),Companies House public API,2026-07-12T04:43:41+00:00
IMPERIUM ELECTRICAL IRELAND LTD,NI652837,B_COMPLIANCE_DROWNED,micro filer (micro-entity),ltd,corporate subscriber,2018-05-08,micro-entity,"accounts category, NOT turnover",43210,"89 Dellwood, Eglinton",BT47 3XF,https://find-and-update.company-information.service.gov.uk/company/NI652837,,TO BE ENRICHED — not held by Companies House,legitimate interests (LIA required before contact),Companies House public API,2026-07-12T04:43:42+00:00
BARKER ELECTRICAL SOLUTIONS LIMITED,11985877,UNCLASSIFIED,no accounts filed yet — cannot size,ltd,corporate subscriber,2019-05-08,none,"accounts category, NOT turnover",43210,"Flat The Lawn, Hall Road, Rochford, Essex",SS4 1PL,https://find-and-update.company-information.service.gov.uk/company/11985877,,TO BE ENRICHED — not held by Companies House,legitimate interests (LIA required before contact),Companies House public API,2026-07-12T04:43:43+00:00
KAM LEISURE LTD.,04453024,A_CEILING_HIT,"established 2002, total-exemption-full filer",ltd,corporate subscriber,2002-05-31,total-exemption-full,"accounts category, NOT turnover",43220; 68100; 68209,"Lothing House, Quay View Business Park, Barnards Way, Lowestoft, Suffolk",NR32 2HD,https://find-and-update.company-information.service.gov.uk/company/04453024,,TO BE ENRICHED — not held by Companies House,legitimate interests (LIA required before contact),Companies House public API,2026-07-12T04:43:43+00:00
ATD ELECTRICAL CONTRACTORS LIMITED,SC631899,A_CEILING_HIT,"established 2019, total-exemption-full filer",ltd,corporate subscriber,2019-05-29,total-exemption-full,"accounts category, NOT turnover",43210,"(Galloway) Ltd, 1 Dashwood Square, Newton Stewart, Wigtownshire",DG8 6EQ,https://find-and-update.company-information.service.gov.uk/company/SC631899,,TO BE ENRICHED — not held by Companies House,legitimate interests (LIA required before contact),Companies House public API,2026-07-12T04:43:44+00:00
MAER AUTOMATION LIMITED,14888469,B_COMPLIANCE_DROWNED,micro filer (micro-entity),ltd,corporate subscriber,2023-05-23,micro-entity,"accounts category, NOT turnover",43210,"23 Tamarisk, Benfleet",SS7 5PW,https://find-and-update.company-information.service.gov.uk/company/14888469,,TO BE ENRICHED — not held by Companies House,legitimate interests (LIA required before contact),Companies House public API,2026-07-12T04:43:45+00:00
ROBINSON & LOWE (ELECTRICAL) LTD,07653689,A_CEILING_HIT,"established 2011, total-exemption-full filer",ltd,corporate subscriber,2011-06-01,total-exemption-full,"accounts category, NOT turnover",43210,"Hazlemere, 70 Chorley New Road, Bolton, Lancs",BL1 4BY,https://find-and-update.company-information.service.gov.uk/company/07653689,,TO BE ENRICHED — not held by Companies House,legitimate interests (LIA required before contact),Companies House public API,2026-07-12T04:43:45+00:00
GLO ELECTRICAL SOLUTIONS LIMITED,11987449,B_COMPLIANCE_DROWNED,micro filer (micro-entity),ltd,corporate subscriber,2019-05-09,micro-entity,"accounts category, NOT turnover",43210,"8 Tadman Close, Beverley",HU17 9GW,https://find-and-update.company-information.service.gov.uk/company/11987449,,TO BE ENRICHED — not held by Companies House,legitimate interests (LIA required before contact),Companies House public API,2026-07-12T04:43:46+00:00
TAVI.UK LTD,10238711,A_CEILING_HIT,"established 2016, total-exemption-full filer",ltd,corporate subscriber,2016-06-17,total-exemption-full,"accounts category, NOT turnover",43220,"Flat  14 Odette Court Station, Road Borehanwood, London",WD6 1GQ,https://find-and-update.company-information.service.gov.uk/company/10238711,,TO BE ENRICHED — not held by Companies House,legitimate interests (LIA required before contact),Companies House public API,2026-07-12T04:43:47+00:00
TENCER LIMITED,01820959,A_CEILING_HIT,"established 1984, total-exemption-full filer",ltd,corporate subscriber,1984-06-01,total-exemption-full,"accounts category, NOT turnover",43210; 43220,"Unit 14 Lincoln Park Business, Centre Lincoln Road, Cressex Industrial Estate, High Wycombs Bucks",HP12 3RD,https://find-and-update.company-information.service.gov.uk/company/01820959,,TO BE ENRICHED — not held by Companies House,legitimate interests (LIA required before contact),Companies House public API,2026-07-12T04:43:47+00:00
CAPE EAST LIMITED,01245839,EXCLUDED_DORMANT,"dormant — not trading, not a buyer",ltd,corporate subscriber,1976-02-24,dormant,"accounts category, NOT turnover",43290,"6-7 Lyncastle Way Barleycastle Lane, Appleton, Warrington",WA4 4ST,https://find-and-update.company-information.service.gov.uk/company/01245839,,TO BE ENRICHED — not held by Companies House,legitimate interests (LIA required before contact),Companies House public API,2026-07-12T04:43:48+00:00
ANDREW SOUTAR STOVE INSTALLATIONS LTD,SC450427,A_CEILING_HIT,"established 2013, unaudited-abridged filer",ltd,corporate subscriber,2013-05-21,unaudited-abridged,"accounts category, NOT turnover",43220,"44-46 Brechin Road, Forfar",DD8 3JX,https://find-and-update.company-information.service.gov.uk/company/SC450427,,TO BE ENRICHED — not held by Companies House,legitimate interests (LIA required before contact),Companies House public API,2026-07-12T04:43:49+00:00
R. YATES & CO LTD.,03615465,B_COMPLIANCE_DROWNED,micro filer (micro-entity),ltd,corporate subscriber,1998-08-14,micro-entity,"accounts category, NOT turnover",43210,"41 Cardiff Street, Wolverhampton, West Midlands",WV3 0EZ,https://find-and-update.company-information.service.gov.uk/company/03615465,,TO BE ENRICHED — not held by Companies House,legitimate interests (LIA required before contact),Companies House public API,2026-07-12T04:43:50+00:00
DANIELL BUILDING CONTRACTORS LIMITED,07743664,A_CEILING_HIT,"established 2011, total-exemption-full filer",ltd,corporate subscriber,2011-08-17,total-exemption-full,"accounts category, NOT turnover",43290,"12 Hatherley Road, Sidcup, Kent",DA14 4DT,https://find-and-update.company-information.service.gov.uk/company/07743664,,TO BE ENRICHED — not held by Companies House,legitimate interests (LIA required before contact),Companies House public API,2026-07-12T04:43:50+00:00
DR SMART HOMES LTD,14150473,B_COMPLIANCE_DROWNED,"young (2022), total-exemption-full filer",ltd,corporate subscriber,2022-06-06,total-exemption-full,"accounts category, NOT turnover",43210,"26a South Farm Road, Worthing, West Sussex",BN14 7AE,https://find-and-update.company-information.service.gov.uk/company/14150473,,TO BE ENRICHED — not held by Companies House,legitimate interests (LIA required before contact),Companies House public API,2026-07-12T04:43:51+00:00
ALL SPARKS ELECTRICAL SERVICES LTD,08844045,B_COMPLIANCE_DROWNED,micro filer (micro-entity),ltd,corporate subscriber,2014-01-14,micro-entity,"accounts category, NOT turnover",43210,"29 Gray Avenue, Sherburn Village, Durham",DH6 1JE,https://find-and-update.company-information.service.gov.uk/company/08844045,,TO BE ENRICHED — not held by Companies House,legitimate interests (LIA required before contact),Companies House public API,2026-07-12T04:43:52+00:00
AUREOLA LTD,15755308,B_COMPLIANCE_DROWNED,"young (2024), total-exemption-full filer",ltd,corporate subscriber,2024-06-02,total-exemption-full,"accounts category, NOT turnover",16230; 43220; 70229; 78300,"17 Green Lanes, London",N16 9BS,https://find-and-update.company-information.service.gov.uk/company/15755308,,TO BE ENRICHED — not held by Companies House,legitimate interests (LIA required before contact),Companies House public API,2026-07-12T04:43:52+00:00
SVELLA INFRASTRUCTURE SOLUTIONS LIMITED,13898063,B_COMPLIANCE_DROWNED,"young (2022), total-exemption-full filer",ltd,corporate subscriber,2022-02-07,total-exemption-full,"accounts category, NOT turnover",43290,"Fifteen Montgomery Way, Rosehill Industrial Estate, Carlisle",CA1 2RW,https://find-and-update.company-information.service.gov.uk/company/13898063,,TO BE ENRICHED — not held by Companies House,legitimate interests (LIA required before contact),Companies House public API,2026-07-12T04:43:53+00:00
HASAJ CONSTRUCTION LTD,15756357,B_COMPLIANCE_DROWNED,"young (2024), unaudited-abridged filer",ltd,corporate subscriber,2024-06-02,unaudited-abridged,"accounts category, NOT turnover",43220; 43310; 43320; 43341,"Flat 1 47 Victoria Road, London",NW4 2RP,https://find-and-update.company-information.service.gov.uk/company/15756357,,TO BE ENRICHED — not held by Companies House,legitimate interests (LIA required before contact),Companies House public API,2026-07-12T04:43:54+00:00
A.F PROPERTY SOLUTIONS LTD,11526795,A_CEILING_HIT,"established 2018, total-exemption-full filer",ltd,corporate subscriber,2018-08-20,total-exemption-full,"accounts category, NOT turnover",41202; 43210; 49420,"100 Waters Road, London",SE6 1UE,https://find-and-update.company-information.service.gov.uk/company/11526795,,TO BE ENRICHED — not held by Companies House,legitimate interests (LIA required before contact),Companies House public API,2026-07-12T04:43:54+00:00
JRM RENEWABLES LTD,NI690683,EXCLUDED_DORMANT,"dormant — not trading, not a buyer",ltd,corporate subscriber,2022-08-27,dormant,"accounts category, NOT turnover",42220; 43290,"11 Bramble Way, Newtownabbey",BT36 5FW,https://find-and-update.company-information.service.gov.uk/company/NI690683,,TO BE ENRICHED — not held by Companies House,legitimate interests (LIA required before contact),Companies House public API,2026-07-12T04:43:55+00:00
A R E ELECTRICAL SERVICES LIMITED,11376969,A_CEILING_HIT,"established 2018, total-exemption-full filer",ltd,corporate subscriber,2018-05-23,total-exemption-full,"accounts category, NOT turnover",43210,"13 Heol Glyndwr, Coedpoeth, Wrexham",LL11 3ES,https://find-and-update.company-information.service.gov.uk/company/11376969,,TO BE ENRICHED — not held by Companies House,legitimate interests (LIA required before contact),Companies House public API,2026-07-12T04:43:56+00:00
SGOTT LTD,11618997,B_COMPLIANCE_DROWNED,micro filer (micro-entity),ltd,corporate subscriber,2018-10-12,micro-entity,"accounts category, NOT turnover",43290,"11 Elms Close Elms Close, Hornchurch",RM11 1GN,https://find-and-update.company-information.service.gov.uk/company/11618997,,TO BE ENRICHED — not held by Companies House,legitimate interests (LIA required before contact),Companies House public API,2026-07-12T04:43:56+00:00
M GAS (N.I.) LIMITED,NI663150,B_COMPLIANCE_DROWNED,micro filer (micro-entity),ltd,corporate subscriber,2019-07-22,micro-entity,"accounts category, NOT turnover",43220,"8 Silverwood Leaves, Lurgan, Craigavon",BT66 6LB,https://find-and-update.company-information.service.gov.uk/company/NI663150,,TO BE ENRICHED — not held by Companies House,legitimate interests (LIA required before contact),Companies House public API,2026-07-12T04:43:57+00:00
BRISTOL GARAGE DOORS LIMITED,06609159,A_CEILING_HIT,"established 2008, total-exemption-full filer",ltd,corporate subscriber,2008-06-03,total-exemption-full,"accounts category, NOT turnover",43290,"19 Caldicot Close, Willsbridge, Bristol",BS30 6UU,https://find-and-update.company-information.service.gov.uk/company/06609159,,TO BE ENRICHED — not held by Companies House,legitimate interests (LIA required before contact),Companies House public API,2026-07-12T04:43:58+00:00
RCG CUSTOM BUILD LIMITED,10971319,B_COMPLIANCE_DROWNED,micro filer (micro-entity),ltd,corporate subscriber,2017-09-19,micro-entity,"accounts category, NOT turnover",43120; 43290; 43330; 43390,"2 Birchfield Close, Coulsdon",CR5 2SJ,https://find-and-update.company-information.service.gov.uk/company/10971319,,TO BE ENRICHED — not held by Companies House,legitimate interests (LIA required before contact),Companies House public API,2026-07-12T04:43:59+00:00
ACE PHG LTD,13643201,B_COMPLIANCE_DROWNED,micro filer (micro-entity),ltd,corporate subscriber,2021-09-25,micro-entity,"accounts category, NOT turnover",43220,"41 Eversley Crescent, Ruislip",HA4 6DE,https://find-and-update.company-information.service.gov.uk/company/13643201,,TO BE ENRICHED — not held by Companies House,legitimate interests (LIA required before contact),Companies House public API,2026-07-12T04:43:59+00:00
MLP EDINBURGH LTD,SC608741,EXCLUDED_DORMANT,"dormant — not trading, not a buyer",ltd,corporate subscriber,2018-09-21,dormant,"accounts category, NOT turnover",43290,"Unit 6 5 Auchinairn Road, Bishopbriggs, Glasgow",G64 1RX,https://find-and-update.company-information.service.gov.uk/company/SC608741,,TO BE ENRICHED — not held by Companies House,legitimate interests (LIA required before contact),Companies House public API,2026-07-12T04:44:00+00:00
PBE ELECTRICAL LIMITED,08484668,B_COMPLIANCE_DROWNED,micro filer (micro-entity),ltd,corporate subscriber,2013-04-11,micro-entity,"accounts category, NOT turnover",43210,"4/6 Church Road, Burgess Hill",RH15 9AE,https://find-and-update.company-information.service.gov.uk/company/08484668,,TO BE ENRICHED — not held by Companies House,legitimate interests (LIA required before contact),Companies House public API,2026-07-12T04:44:01+00:00
M.G. ELECTRICS LIMITED,04219002,A_CEILING_HIT,"established 2001, total-exemption-full filer",ltd,corporate subscriber,2001-05-17,total-exemption-full,"accounts category, NOT turnover",43210,"Ds House, 306 High Street, Croydon",CR0 1NG,https://find-and-update.company-information.service.gov.uk/company/04219002,,TO BE ENRICHED — not held by Companies House,legitimate interests (LIA required before contact),Companies House public API,2026-07-12T04:44:01+00:00
BROOKAIR DANFAB LIMITED,08646183,A_CEILING_HIT,"established 2013, total-exemption-full filer",ltd,corporate subscriber,2013-08-12,total-exemption-full,"accounts category, NOT turnover",43220,"H1 Ash Tree Court, Mellors Way, Nottingham Business Park, Nottingham",NG8 6PY,https://find-and-update.company-information.service.gov.uk/company/08646183,,TO BE ENRICHED — not held by Companies House,legitimate interests (LIA required before contact),Companies House public API,2026-07-12T04:44:02+00:00
GB ELECTRICAL INSTALLATIONS LTD,07077520,B_COMPLIANCE_DROWNED,micro filer (micro-entity),ltd,corporate subscriber,2009-11-16,micro-entity,"accounts category, NOT turnover",43210,"24 Hillside, Portslade, Brighton",BN41 2DG,https://find-and-update.company-information.service.gov.uk/company/07077520,,TO BE ENRICHED — not held by Companies House,legitimate interests (LIA required before contact),Companies House public API,2026-07-12T04:44:03+00:00
LIAM NEILL ELECTRICAL LTD,10792680,B_COMPLIANCE_DROWNED,micro filer (micro-entity),ltd,corporate subscriber,2017-05-26,micro-entity,"accounts category, NOT turnover",43210,"19 Orchard Grove, Ditton, Aylesford",ME20 6BY,https://find-and-update.company-information.service.gov.uk/company/10792680,,TO BE ENRICHED — not held by Companies House,legitimate interests (LIA required before contact),Companies House public API,2026-07-12T04:44:04+00:00
ZAP EV LIMITED,13109031,EXCLUDED_DORMANT,"dormant — not trading, not a buyer",ltd,corporate subscriber,2021-01-04,dormant,"accounts category, NOT turnover",43210,"4 Horseshoe Street, Northampton",NN1 1TB,https://find-and-update.company-information.service.gov.uk/company/13109031,,TO BE ENRICHED — not held by Companies House,legitimate interests (LIA required before contact),Companies House public API,2026-07-12T04:44:04+00:00
DIRECT CONTROL SYSTEMS LIMITED,02850312,A_CEILING_HIT,"established 1993, total-exemption-full filer",ltd,corporate subscriber,1993-09-03,total-exemption-full,"accounts category, NOT turnover",43220,"City Court, 161 Hospital Street, Newtown, Birmingham",B19 3XA,https://find-and-update.company-information.service.gov.uk/company/02850312,,TO BE ENRICHED — not held by Companies House,legitimate interests (LIA required before contact),Companies House public API,2026-07-12T04:44:05+00:00
HEAT TECH (NW) LTD,10190984,B_COMPLIANCE_DROWNED,micro filer (micro-entity),ltd,corporate subscriber,2016-05-20,micro-entity,"accounts category, NOT turnover",43220,"693 Windmill Lane Denton, Manchester",M34 2ET,https://find-and-update.company-information.service.gov.uk/company/10190984,,TO BE ENRICHED — not held by Companies House,legitimate interests (LIA required before contact),Companies House public API,2026-07-12T04:44:06+00:00
SMC ELECTRICAL DIVISION LTD,12167699,B_COMPLIANCE_DROWNED,micro filer (micro-entity),ltd,corporate subscriber,2019-08-21,micro-entity,"accounts category, NOT turnover",43210,"29 Tomlinson Way, Sherburn In Elmet, Leeds",LS25 6EQ,https://find-and-update.company-information.service.gov.uk/company/12167699,,TO BE ENRICHED — not held by Companies House,legitimate interests (LIA required before contact),Companies House public API,2026-07-12T04:44:06+00:00
MRE SERVICES LTD,13588784,B_COMPLIANCE_DROWNED,"young (2021), total-exemption-full filer",ltd,corporate subscriber,2021-08-26,total-exemption-full,"accounts category, NOT turnover",43210,"12 Povey Little Chartered Accountants, Hatherley Road, Sidcup",DA14 4BG,https://find-and-update.company-information.service.gov.uk/company/13588784,,TO BE ENRICHED — not held by Companies House,legitimate interests (LIA required before contact),Companies House public API,2026-07-12T04:44:07+00:00
BLAKE PROPERTY MAINTENANCE LTD,14330517,B_COMPLIANCE_DROWNED,micro filer (micro-entity),ltd,corporate subscriber,2022-09-01,micro-entity,"accounts category, NOT turnover",43290; 43320; 43330; 43390,"A P B Accountants, 1-5, Market Square, Ilfracombe, Devon",EX34 9AU,https://find-and-update.company-information.service.gov.uk/company/14330517,,TO BE ENRICHED — not held by Companies House,legitimate interests (LIA required before contact),Companies House public API,2026-07-12T04:44:08+00:00
TY EGNI LTD,14849662,EXCLUDED_DORMANT,"dormant — not trading, not a buyer",ltd,corporate subscriber,2023-05-05,dormant,"accounts category, NOT turnover",43220,"Ty Cogan, Senghennydd Road, Cardiff",CF24 4AH,https://find-and-update.company-information.service.gov.uk/company/14849662,,TO BE ENRICHED — not held by Companies House,legitimate interests (LIA required before contact),Companies House public API,2026-07-12T04:44:08+00:00
RICHINGS ELECTRICS LTD,10164893,B_COMPLIANCE_DROWNED,micro filer (micro-entity),ltd,corporate subscriber,2016-05-05,micro-entity,"accounts category, NOT turnover",43210,"12 The Old Flour Mill, Queen Street, Emsworth, Hampshire",PO10 7BT,https://find-and-update.company-information.service.gov.uk/company/10164893,,TO BE ENRICHED — not held by Companies House,legitimate interests (LIA required before contact),Companies House public API,2026-07-12T04:44:09+00:00
GLASS PARTITIONS IRELAND LTD,NI696921,B_COMPLIANCE_DROWNED,micro filer (micro-entity),ltd,corporate subscriber,2023-05-05,micro-entity,"accounts category, NOT turnover",43290,"8 Bowens Meadow, Lurgan, Craigavon",BT66 7UT,https://find-and-update.company-information.service.gov.uk/company/NI696921,,TO BE ENRICHED — not held by Companies House,legitimate interests (LIA required before contact),Companies House public API,2026-07-12T04:44:10+00:00
PINNACLE PLUMBING SOLUTIONS LTD,09988939,A_CEILING_HIT,"established 2016, total-exemption-full filer",ltd,corporate subscriber,2016-02-05,total-exemption-full,"accounts category, NOT turnover",43220,"303 Goring Road, Worthing, West Sussex",BN12 4NX,https://find-and-update.company-information.service.gov.uk/company/09988939,,TO BE ENRICHED — not held by Companies House,legitimate interests (LIA required before contact),Companies House public API,2026-07-12T04:44:10+00:00
BAYVIEW CONTRACTS LTD,NI041488,C_ENTERPRISE,files full/group/medium accounts,ltd,corporate subscriber,2001-09-07,full,"accounts category, NOT turnover",43220,"23 Rampart Road, Greenbank Industrial Estate, Newry, Co. Down",BT34 2QU,https://find-and-update.company-information.service.gov.uk/company/NI041488,,TO BE ENRICHED — not held by Companies House,legitimate interests (LIA required before contact),Companies House public API,2026-07-12T04:44:11+00:00
EL ELECTRICAL SERVICES LTD,10755578,B_COMPLIANCE_DROWNED,micro filer (micro-entity),ltd,corporate subscriber,2017-05-05,micro-entity,"accounts category, NOT turnover",43210,"11 Southey Mews, London",E16 1TN,https://find-and-update.company-information.service.gov.uk/company/10755578,,TO BE ENRICHED — not held by Companies House,legitimate interests (LIA required before contact),Companies House public API,2026-07-12T04:44:12+00:00
M W S ELECTRICAL (NW) LTD,09516297,B_COMPLIANCE_DROWNED,micro filer (micro-entity),ltd,corporate subscriber,2015-03-28,micro-entity,"accounts category, NOT turnover",43210,"555 Smithdown Road, Liverpool, Merseyside",L15 5AF,https://find-and-update.company-information.service.gov.uk/company/09516297,,TO BE ENRICHED — not held by Companies House,legitimate interests (LIA required before contact),Companies House public API,2026-07-12T04:44:12+00:00
AZTEC BUILDING LTD,14848268,EXCLUDED_DORMANT,"dormant — not trading, not a buyer",ltd,corporate subscriber,2023-05-05,dormant,"accounts category, NOT turnover",41201; 41202; 43290; 43999,"222, Liberty House Regent Street, London",W1B 5TR,https://find-and-update.company-information.service.gov.uk/company/14848268,,TO BE ENRICHED — not held by Companies House,legitimate interests (LIA required before contact),Companies House public API,2026-07-12T04:44:13+00:00
CONSTRUCTION RENOVATION & OUTDOOR ROOMS LTD,12985188,B_COMPLIANCE_DROWNED,micro filer (micro-entity),ltd,corporate subscriber,2020-10-30,micro-entity,"accounts category, NOT turnover",43290,"55 Woodlands Way, Tarporley",CW6 0TP,https://find-and-update.company-information.service.gov.uk/company/12985188,,TO BE ENRICHED — not held by Companies House,legitimate interests (LIA required before contact),Companies House public API,2026-07-12T04:44:14+00:00
J S PLUMBING AND HEATING INSTALLATIONS LIMITED,07269533,B_COMPLIANCE_DROWNED,micro filer (micro-entity),ltd,corporate subscriber,2010-06-01,micro-entity,"accounts category, NOT turnover",43220,"13 Greenwood Close, Thames Ditton",KT7 0BG,https://find-and-update.company-information.service.gov.uk/company/07269533,,TO BE ENRICHED — not held by Companies House,legitimate interests (LIA required before contact),Companies House public API,2026-07-12T04:44:15+00:00
REDWOOD CONTRACTORS LIMITED,06920396,A_CEILING_HIT,"established 2009, total-exemption-full filer",ltd,corporate subscriber,2009-06-01,total-exemption-full,"accounts category, NOT turnover",43290,"7c Hillgate Place, 18-20 Balham Hill, London",SW12 9ER,https://find-and-update.company-information.service.gov.uk/company/06920396,,TO BE ENRICHED — not held by Companies House,legitimate interests (LIA required before contact),Companies House public API,2026-07-12T04:44:15+00:00
SEAGRIVE CONSTRUCTION LTD,11897645,EXCLUDED_DORMANT,"dormant — not trading, not a buyer",ltd,corporate subscriber,2019-03-21,dormant,"accounts category, NOT turnover",43290,"99a High Street, Edgware",HA8 7DB,https://find-and-update.company-information.service.gov.uk/company/11897645,,TO BE ENRICHED — not held by Companies House,legitimate interests (LIA required before contact),Companies House public API,2026-07-12T04:44:16+00:00
AJR MECHANICAL & ELECTRICAL LTD,10167487,EXCLUDED_DORMANT,"dormant — not trading, not a buyer",ltd,corporate subscriber,2016-05-06,dormant,"accounts category, NOT turnover",43210,"14 Third Avenue, Enfield",EN1 1BX,https://find-and-update.company-information.service.gov.uk/company/10167487,,TO BE ENRICHED — not held by Companies House,legitimate interests (LIA required before contact),Companies House public API,2026-07-12T04:44:17+00:00
DGD ELECTRICAL SERVICES LTD,07209201,B_COMPLIANCE_DROWNED,micro filer (micro-entity),ltd,corporate subscriber,2010-03-31,micro-entity,"accounts category, NOT turnover",43210,"Small Trees, 1 Furzedown Road, Sutton, Surrey",SM2 5QE,https://find-and-update.company-information.service.gov.uk/company/07209201,,TO BE ENRICHED — not held by Companies House,legitimate interests (LIA required before contact),Companies House public API,2026-07-12T04:44:17+00:00
SMART CONSTRUCTION RO LTD,15755591,B_COMPLIANCE_DROWNED,"young (2024), total-exemption-full filer",ltd,corporate subscriber,2024-06-02,total-exemption-full,"accounts category, NOT turnover",43290,"Office 1 Engine House, Marshall's Yard, Gainsborough",DN21 2NA,https://find-and-update.company-information.service.gov.uk/company/15755591,,TO BE ENRICHED — not held by Companies House,legitimate interests (LIA required before contact),Companies House public API,2026-07-12T04:44:18+00:00
MIDLANDS ECO INSTALLERS LTD,15756429,B_COMPLIANCE_DROWNED,micro filer (micro-entity),ltd,corporate subscriber,2024-06-02,micro-entity,"accounts category, NOT turnover",33140; 43210; 43290,"200 Slade Road, Birmingham",B23 7RJ,https://find-and-update.company-information.service.gov.uk/company/15756429,,TO BE ENRICHED — not held by Companies House,legitimate interests (LIA required before contact),Companies House public API,2026-07-12T04:44:19+00:00
HUBS SOLUTIONS LIMITED,10790128,A_CEILING_HIT,"established 2017, total-exemption-full filer",ltd,corporate subscriber,2017-05-25,total-exemption-full,"accounts category, NOT turnover",43210; 43220,"101 The Causeway, Burwell, Cambridge",CB25 0DU,https://find-and-update.company-information.service.gov.uk/company/10790128,,TO BE ENRICHED — not held by Companies House,legitimate interests (LIA required before contact),Companies House public API,2026-07-12T04:44:19+00:00
SC ELECTRICAL SPECIALISTS LTD,SC477007,B_COMPLIANCE_DROWNED,micro filer (micro-entity),ltd,corporate subscriber,2014-05-07,micro-entity,"accounts category, NOT turnover",43210,"3 Craighead Avenue, Portlethen, Aberdeen",AB12 4TP,https://find-and-update.company-information.service.gov.uk/company/SC477007,,TO BE ENRICHED — not held by Companies House,legitimate interests (LIA required before contact),Companies House public API,2026-07-12T04:44:20+00:00
CETEC SYSTEMS LIMITED,07364687,B_COMPLIANCE_DROWNED,micro filer (micro-entity),ltd,corporate subscriber,2010-09-03,micro-entity,"accounts category, NOT turnover",43210; 43290,"Paramount House, 2 Concorde Drive, Clevedon, North Somerset",BS21 6UH,https://find-and-update.company-information.service.gov.uk/company/07364687,,TO BE ENRICHED — not held by Companies House,legitimate interests (LIA required before contact),Companies House public API,2026-07-12T04:44:21+00:00
SELECT ELECTRICS LIMITED,04441557,A_CEILING_HIT,"established 2002, total-exemption-full filer",ltd,corporate subscriber,2002-05-17,total-exemption-full,"accounts category, NOT turnover",43210,"Unit 2 Charnwood House Marsh Road, Ashton, Bristol",BS3 2NA,https://find-and-update.company-information.service.gov.uk/company/04441557,,TO BE ENRICHED — not held by Companies House,legitimate interests (LIA required before contact),Companies House public API,2026-07-12T04:44:21+00:00
H&H PLUMBING LIMITED,12700787,A_CEILING_HIT,"established 2020, total-exemption-full filer",ltd,corporate subscriber,2020-06-26,total-exemption-full,"accounts category, NOT turnover",43220,"29 Blythe Road, Stafford",ST17 9JX,https://find-and-update.company-information.service.gov.uk/company/12700787,,TO BE ENRICHED — not held by Companies House,legitimate interests (LIA required before contact),Companies House public API,2026-07-12T04:44:22+00:00
SPS PLUMBING & HEATING (SW) LIMITED,08010163,B_COMPLIANCE_DROWNED,micro filer (micro-entity),ltd,corporate subscriber,2012-03-28,micro-entity,"accounts category, NOT turnover",43220,"29 Bath Road, Peasedown St. John, Bath",BA2 8DJ,https://find-and-update.company-information.service.gov.uk/company/08010163,,TO BE ENRICHED — not held by Companies House,legitimate interests (LIA required before contact),Companies House public API,2026-07-12T04:44:23+00:00
ICKENHAM HEATING LIMITED,11042300,B_COMPLIANCE_DROWNED,micro filer (micro-entity),ltd,corporate subscriber,2017-11-01,micro-entity,"accounts category, NOT turnover",43220,"78 Breakspear Road South, Ickenham, Uxbridge, Middlesex",UB10 8HE,https://find-and-update.company-information.service.gov.uk/company/11042300,,TO BE ENRICHED — not held by Companies House,legitimate interests (LIA required before contact),Companies House public API,2026-07-12T04:44:24+00:00
SS TESTING HULL LTD,14366389,B_COMPLIANCE_DROWNED,"young (2022), unaudited-abridged filer",ltd,corporate subscriber,2022-09-20,unaudited-abridged,"accounts category, NOT turnover",43210,"37 Apollo Walk, Hull",HU8 0TU,https://find-and-update.company-information.service.gov.uk/company/14366389,,TO BE ENRICHED — not held by Companies House,legitimate interests (LIA required before contact),Companies House public API,2026-07-12T04:44:24+00:00
BRADGATE ELECTRICAL DESIGN & SERVICES LIMITED,14765100,B_COMPLIANCE_DROWNED,micro filer (micro-entity),ltd,corporate subscriber,2023-03-28,micro-entity,"accounts category, NOT turnover",43210,"15 Hanyards Lane, Cuffley, Hertfordshire",EN6 4AT,https://find-and-update.company-information.service.gov.uk/company/14765100,,TO BE ENRICHED — not held by Companies House,legitimate interests (LIA required before contact),Companies House public API,2026-07-12T04:44:25+00:00
I-LECTRICIAN LIMITED,12205843,EXCLUDED_DORMANT,"dormant — not trading, not a buyer",ltd,corporate subscriber,2019-09-13,dormant,"accounts category, NOT turnover",43210,"4 Burnaby Crescent, Sheffield",S6 2TS,https://find-and-update.company-information.service.gov.uk/company/12205843,,TO BE ENRICHED — not held by Companies House,legitimate interests (LIA required before contact),Companies House public API,2026-07-12T04:44:26+00:00
T.R. BOURNE & SON LIMITED,04760387,B_COMPLIANCE_DROWNED,micro filer (micro-entity),ltd,corporate subscriber,2003-05-12,micro-entity,"accounts category, NOT turnover",43220,"152 Halesowen Road, Old Hill, Cradley Heath, West Midlands",B64 5LP,https://find-and-update.company-information.service.gov.uk/company/04760387,,TO BE ENRICHED — not held by Companies House,legitimate interests (LIA required before contact),Companies House public API,2026-07-12T04:44:26+00:00
D CLIXBY E & I TECHNICAL LIMITED,10326153,B_COMPLIANCE_DROWNED,micro filer (micro-entity),ltd,corporate subscriber,2016-08-11,micro-entity,"accounts category, NOT turnover",43210,"25 Cormorant Drive, Grimsby, South Humberside",DN37 9PA,https://find-and-update.company-information.service.gov.uk/company/10326153,,TO BE ENRICHED — not held by Companies House,legitimate interests (LIA required before contact),Companies House public API,2026-07-12T04:44:27+00:00
OVOMS LTD,13585272,B_COMPLIANCE_DROWNED,"young (2021), total-exemption-full filer",ltd,corporate subscriber,2021-08-25,total-exemption-full,"accounts category, NOT turnover",43290,"17 Hanover Square, London",W1S 1BN,https://find-and-update.company-information.service.gov.uk/company/13585272,,TO BE ENRICHED — not held by Companies House,legitimate interests (LIA required before contact),Companies House public API,2026-07-12T04:44:28+00:00
PFE DIRECT LIMITED,11504030,A_CEILING_HIT,"established 2018, total-exemption-full filer",ltd,corporate subscriber,2018-08-07,total-exemption-full,"accounts category, NOT turnover",43210,"12 Hatherley Road, Sidcup",DA14 4DT,https://find-and-update.company-information.service.gov.uk/company/11504030,,TO BE ENRICHED — not held by Companies House,legitimate interests (LIA required before contact),Companies House public API,2026-07-12T04:44:28+00:00
AB GAS & PROPERTY SERVICE LTD,12837527,B_COMPLIANCE_DROWNED,micro filer (micro-entity),private-limited-guarant-nsc,corporate subscriber,2020-08-26,micro-entity,"accounts category, NOT turnover",43220; 43290,"Flat 11 Soho House, Soho Close, Smethwick",B66 2SR,https://find-and-update.company-information.service.gov.uk/company/12837527,,TO BE ENRICHED — not held by Companies House,legitimate interests (LIA required before contact),Companies House public API,2026-07-12T04:44:29+00:00
RPRZ LIMITED,12164296,B_COMPLIANCE_DROWNED,micro filer (micro-entity),ltd,corporate subscriber,2019-08-19,micro-entity,"accounts category, NOT turnover",43220,"82 Harrowdene Road, Wembley, Middlesex",HA0 2JF,https://find-and-update.company-information.service.gov.uk/company/12164296,,TO BE ENRICHED — not held by Companies House,legitimate interests (LIA required before contact),Companies House public API,2026-07-12T04:44:30+00:00
DOME ELECTRICAL SERVICES LIMITED,12824280,B_COMPLIANCE_DROWNED,micro filer (micro-entity),ltd,corporate subscriber,2020-08-19,micro-entity,"accounts category, NOT turnover",43210,"53 Watsons Hill, Sittingbourne",ME10 2JR,https://find-and-update.company-information.service.gov.uk/company/12824280,,TO BE ENRICHED — not held by Companies House,legitimate interests (LIA required before contact),Companies House public API,2026-07-12T04:44:30+00:00
MANCHESTER CEILINGS & PARTITIONS LTD,14089336,B_COMPLIANCE_DROWNED,micro filer (micro-entity),ltd,corporate subscriber,2022-05-05,micro-entity,"accounts category, NOT turnover",43290,"106-108 Reddish Lane, Manchester",M18 7JL,https://find-and-update.company-information.service.gov.uk/company/14089336,,TO BE ENRICHED — not held by Companies House,legitimate interests (LIA required before contact),Companies House public API,2026-07-12T04:44:31+00:00
ELLIOTT MILBURN ELECTRICAL LIMITED,11302101,A_CEILING_HIT,"established 2018, total-exemption-full filer",ltd,corporate subscriber,2018-04-10,total-exemption-full,"accounts category, NOT turnover",43210,"28 Elwin Close, Seaton Sluice, Whitley Bay",NE26 4DG,https://find-and-update.company-information.service.gov.uk/company/11302101,,TO BE ENRICHED — not held by Companies House,legitimate interests (LIA required before contact),Companies House public API,2026-07-12T04:44:32+00:00
BMS ELECTRICAL TRAINING CIC,12604733,A_CEILING_HIT,"established 2020, total-exemption-full filer",ltd,corporate subscriber,2020-05-15,total-exemption-full,"accounts category, NOT turnover",43210,"Priory Place Priory Road, Tiptree, Colchester",CO5 0QE,https://find-and-update.company-information.service.gov.uk/company/12604733,,TO BE ENRICHED — not held by Companies House,legitimate interests (LIA required before contact),Companies House public API,2026-07-12T04:44:32+00:00
AIRE GAS AND WATER LTD,15755184,B_COMPLIANCE_DROWNED,micro filer (micro-entity),ltd,corporate subscriber,2024-06-01,micro-entity,"accounts category, NOT turnover",43220,"114 Church Lane, Meanwood, Leeds",LS6 4NR,https://find-and-update.company-information.service.gov.uk/company/15755184,,TO BE ENRICHED — not held by Companies House,legitimate interests (LIA required before contact),Companies House public API,2026-07-12T04:44:33+00:00
TAYLOR MADE INTERIORS (UK) LTD,08072040,A_CEILING_HIT,"established 2012, total-exemption-full filer",ltd,corporate subscriber,2012-05-16,total-exemption-full,"accounts category, NOT turnover",43290,"168 Church Road, Hove, East Sussex",BN3 2DL,https://find-and-update.company-information.service.gov.uk/company/08072040,,TO BE ENRICHED — not held by Companies House,legitimate interests (LIA required before contact),Companies House public API,2026-07-12T04:44:34+00:00
SUFFOLK CONSTRUCTION PARTNERS LIMITED,08575703,A_CEILING_HIT,"established 2013, total-exemption-full filer",ltd,corporate subscriber,2013-06-19,total-exemption-full,"accounts category, NOT turnover",43290,"The Octagon Suite E2, 2nd Floor, Middleborough, Colchester, Essex",CO1 1TG,https://find-and-update.company-information.service.gov.uk/company/08575703,,TO BE ENRICHED — not held by Companies House,legitimate interests (LIA required before contact),Companies House public API,2026-07-12T04:44:35+00:00
AM ELECTRICAL & BUILDINGS SERVICES LIMITED,09025926,A_CEILING_HIT,"established 2014, unaudited-abridged filer",ltd,corporate subscriber,2014-05-06,unaudited-abridged,"accounts category, NOT turnover",43210,"58 Crystal Palace Park Road, Sydenham, United Kingdom",SE26 6UN,https://find-and-update.company-information.service.gov.uk/company/09025926,,TO BE ENRICHED — not held by Companies House,legitimate interests (LIA required before contact),Companies House public API,2026-07-12T04:44:35+00:00
BDJ PROJECTS LIMITED,13432885,B_COMPLIANCE_DROWNED,micro filer (micro-entity),ltd,corporate subscriber,2021-06-01,micro-entity,"accounts category, NOT turnover",43210; 80100,"63 Bernwell Road, London",E4 6HX,https://find-and-update.company-information.service.gov.uk/company/13432885,,TO BE ENRICHED — not held by Companies House,legitimate interests (LIA required before contact),Companies House public API,2026-07-12T04:44:36+00:00
WEBSTER BROTHERS BUILDERS LIMITED,10492768,A_CEILING_HIT,"established 2016, total-exemption-full filer",ltd,corporate subscriber,2016-11-23,total-exemption-full,"accounts category, NOT turnover",43290,"Ty Gwalia, Commercial Street, Ogmore Vale",CF32 7BL,https://find-and-update.company-information.service.gov.uk/company/10492768,,TO BE ENRICHED — not held by Companies House,legitimate interests (LIA required before contact),Companies House public API,2026-07-12T04:44:37+00:00
SGI INSTALLERS LTD,08165126,B_COMPLIANCE_DROWNED,micro filer (micro-entity),ltd,corporate subscriber,2012-08-02,micro-entity,"accounts category, NOT turnover",43290,"164 Chartridge Lane, Chesham, Buckinghamshire",HP5 2SE,https://find-and-update.company-information.service.gov.uk/company/08165126,,TO BE ENRICHED — not held by Companies House,legitimate interests (LIA required before contact),Companies House public API,2026-07-12T04:44:37+00:00
WHITE ROSE BUILDINGS LTD,05697904,A_CEILING_HIT,"established 2006, total-exemption-full filer",ltd,corporate subscriber,2006-02-04,total-exemption-full,"accounts category, NOT turnover",43290,"3 Ferry Close, Hook, Goole, East Yorkshire",DN14 5FF,https://find-and-update.company-information.service.gov.uk/company/05697904,,TO BE ENRICHED — not held by Companies House,legitimate interests (LIA required before contact),Companies House public API,2026-07-12T04:44:38+00:00
DR10 CONSULTING MECHANICAL LTD,12037360,B_COMPLIANCE_DROWNED,micro filer (micro-entity),ltd,corporate subscriber,2019-06-06,micro-entity,"accounts category, NOT turnover",43220; 43999,"77 Mollison Way, Edgware, London",HA8 5QU,https://find-and-update.company-information.service.gov.uk/company/12037360,,TO BE ENRICHED — not held by Companies House,legitimate interests (LIA required before contact),Companies House public API,2026-07-12T04:44:39+00:00
FCS CONCEPTS LIMITED,13853996,B_COMPLIANCE_DROWNED,"young (2022), total-exemption-full filer",ltd,corporate subscriber,2022-01-17,total-exemption-full,"accounts category, NOT turnover",43210; 43290,"65 Hillsboro Road, Bognor Regis",PO21 2DY,https://find-and-update.company-information.service.gov.uk/company/13853996,,TO BE ENRICHED — not held by Companies House,legitimate interests (LIA required before contact),Companies House public API,2026-07-12T04:44:39+00:00
ANTHONY SELF LIMITED,09054195,B_COMPLIANCE_DROWNED,micro filer (micro-entity),ltd,corporate subscriber,2014-05-23,micro-entity,"accounts category, NOT turnover",43210,"10 Charteris Road, London",N4 3AB,https://find-and-update.company-information.service.gov.uk/company/09054195,,TO BE ENRICHED — not held by Companies House,legitimate interests (LIA required before contact),Companies House public API,2026-07-12T04:44:40+00:00
MPH BOILERS LIMITED,11335447,B_COMPLIANCE_DROWNED,micro filer (micro-entity),ltd,corporate subscriber,2018-04-28,micro-entity,"accounts category, NOT turnover",43220,"1007 London Road, Leigh-On-Sea",SS9 3JY,https://find-and-update.company-information.service.gov.uk/company/11335447,,TO BE ENRICHED — not held by Companies House,legitimate interests (LIA required before contact),Companies House public API,2026-07-12T04:44:41+00:00
G R PLUMBING & HEATING (NE) LIMITED,13997339,B_COMPLIANCE_DROWNED,"young (2022), total-exemption-full filer",ltd,corporate subscriber,2022-03-23,total-exemption-full,"accounts category, NOT turnover",43220,"21 Chesterfield Drive, Marton-In-Cleveland, Middlesbrough",TS8 9ZE,https://find-and-update.company-information.service.gov.uk/company/13997339,,TO BE ENRICHED — not held by Companies House,legitimate interests (LIA required before contact),Companies House public API,2026-07-12T04:44:41+00:00
KNOWLES ACCESS LIMITED,14446757,B_COMPLIANCE_DROWNED,micro filer (micro-entity),ltd,corporate subscriber,2022-10-27,micro-entity,"accounts category, NOT turnover",43290,"4 Exeter Road, North Shields",NE29 8QN,https://find-and-update.company-information.service.gov.uk/company/14446757,,TO BE ENRICHED — not held by Companies House,legitimate interests (LIA required before contact),Companies House public API,2026-07-12T04:44:42+00:00
OHM SMART LTD,12052177,B_COMPLIANCE_DROWNED,micro filer (micro-entity),ltd,corporate subscriber,2019-06-14,micro-entity,"accounts category, NOT turnover",43210,"10 Wensley Drive, Accrington",BB5 6SB,https://find-and-update.company-information.service.gov.uk/company/12052177,,TO BE ENRICHED — not held by Companies House,legitimate interests (LIA required before contact),Companies House public API,2026-07-12T04:44:43+00:00
H2O RENEWABLE ENERGY LTD,12644874,A_CEILING_HIT,"established 2020, total-exemption-full filer",ltd,corporate subscriber,2020-06-04,total-exemption-full,"accounts category, NOT turnover",43220,"64 Nutfield Road, Rownhams, Southampton",SO16 8JN,https://find-and-update.company-information.service.gov.uk/company/12644874,,TO BE ENRICHED — not held by Companies House,legitimate interests (LIA required before contact),Companies House public API,2026-07-12T04:44:43+00:00
AMPERE ELECTRICAL SERVICES LIMITED,11722065,B_COMPLIANCE_DROWNED,micro filer (micro-entity),ltd,corporate subscriber,2018-12-11,micro-entity,"accounts category, NOT turnover",43210,"66 Walton Way Shaw, Newbury, Berkshire",RG14 2LJ,https://find-and-update.company-information.service.gov.uk/company/11722065,,TO BE ENRICHED — not held by Companies House,legitimate interests (LIA required before contact),Companies House public API,2026-07-12T04:44:44+00:00
CLASSIC CONSERVATORIES (NI) LIMITED,NI688014,EXCLUDED_DORMANT,"dormant — not trading, not a buyer",ltd,corporate subscriber,2022-05-09,dormant,"accounts category, NOT turnover",43290,"27 Laurel Park, Coleraine",BT51 3AQ,https://find-and-update.company-information.service.gov.uk/company/NI688014,,TO BE ENRICHED — not held by Companies House,legitimate interests (LIA required before contact),Companies House public API,2026-07-12T04:44:45+00:00
M L SIMPSON LTD,09196058,B_COMPLIANCE_DROWNED,micro filer (micro-entity),ltd,corporate subscriber,2014-08-30,micro-entity,"accounts category, NOT turnover",43220,"1 West Parklands Drive, North Ferriby",HU14 3EX,https://find-and-update.company-information.service.gov.uk/company/09196058,,TO BE ENRICHED — not held by Companies House,legitimate interests (LIA required before contact),Companies House public API,2026-07-12T04:44:46+00:00
SA SPARKS LTD,13594249,B_COMPLIANCE_DROWNED,micro filer (micro-entity),ltd,corporate subscriber,2021-08-31,micro-entity,"accounts category, NOT turnover",43210,"50 Carmichael Close, Ruislip",HA4 6LQ,https://find-and-update.company-information.service.gov.uk/company/13594249,,TO BE ENRICHED — not held by Companies House,legitimate interests (LIA required before contact),Companies House public API,2026-07-12T04:44:46+00:00
GLOW PLUMBING GROUP (SCOTLAND) LIMITED,SC604939,A_CEILING_HIT,"established 2018, total-exemption-full filer",ltd,corporate subscriber,2018-08-10,total-exemption-full,"accounts category, NOT turnover",43220,"Limetree Garage, Glasgow Road, Hamilton",ML3 0RA,https://find-and-update.company-information.service.gov.uk/company/SC604939,,TO BE ENRICHED — not held by Companies House,legitimate interests (LIA required before contact),Companies House public API,2026-07-12T04:44:47+00:00
JAMES GIBBONS PLUMBING & HEATING LIMITED,12135824,B_COMPLIANCE_DROWNED,micro filer (micro-entity),ltd,corporate subscriber,2019-08-02,micro-entity,"accounts category, NOT turnover",43220,"47 Yarrow Road, Grimsby",DN34 4LA,https://find-and-update.company-information.service.gov.uk/company/12135824,,TO BE ENRICHED — not held by Companies House,legitimate interests (LIA required before contact),Companies House public API,2026-07-12T04:44:48+00:00
SLOWIN LTD,10565330,B_COMPLIANCE_DROWNED,micro filer (micro-entity),ltd,corporate subscriber,2017-01-16,micro-entity,"accounts category, NOT turnover",43290; 46190; 62020; 82990,"20-22 Wenlock Road, London",N1 7GU,https://find-and-update.company-information.service.gov.uk/company/10565330,,TO BE ENRICHED — not held by Companies House,legitimate interests (LIA required before contact),Companies House public API,2026-07-12T04:44:48+00:00
SUSSEX STYLE LIMITED,12709610,B_COMPLIANCE_DROWNED,micro filer (micro-entity),ltd,corporate subscriber,2020-07-01,micro-entity,"accounts category, NOT turnover",43290; 43999; 74100,"102 Millbrook Gardens, Dewsbury",WF13 4SF,https://find-and-update.company-information.service.gov.uk/company/12709610,,TO BE ENRICHED — not held by Companies House,legitimate interests (LIA required before contact),Companies House public API,2026-07-12T04:44:49+00:00
QUARRYHILL LTD,06264155,A_CEILING_HIT,"established 2007, total-exemption-full filer",ltd,corporate subscriber,2007-05-31,total-exemption-full,"accounts category, NOT turnover",43210,"6 Roding Lane South, Ilford, Essex",IG4 5NX,https://find-and-update.company-information.service.gov.uk/company/06264155,,TO BE ENRICHED — not held by Companies House,legitimate interests (LIA required before contact),Companies House public API,2026-07-12T04:44:50+00:00
AIRBORNE BATHROOM SERVICES LTD,15754638,B_COMPLIANCE_DROWNED,micro filer (micro-entity),ltd,corporate subscriber,2024-06-01,micro-entity,"accounts category, NOT turnover",43220,"17 Luddington Drive, Skelmersdale",WN8 6HF,https://find-and-update.company-information.service.gov.uk/company/15754638,,TO BE ENRICHED — not held by Companies House,legitimate interests (LIA required before contact),Companies House public API,2026-07-12T04:44:50+00:00
G.M.J PLUMBING&HEATING LTD,SC812339,B_COMPLIANCE_DROWNED,"young (2024), total-exemption-full filer",ltd,corporate subscriber,2024-06-01,total-exemption-full,"accounts category, NOT turnover",43220,"21 Grove Street, Musselburgh",EH21 7JX,https://find-and-update.company-information.service.gov.uk/company/SC812339,,TO BE ENRICHED — not held by Companies House,legitimate interests (LIA required before contact),Companies House public API,2026-07-12T04:44:51+00:00
J & F WILSON PLUMBING & HEATING LIMITED,06948477,B_COMPLIANCE_DROWNED,micro filer (micro-entity),ltd,corporate subscriber,2009-06-30,micro-entity,"accounts category, NOT turnover",43220,"17 Old Trough Way, Harrogate, North Yorkshire",HG1 3DE,https://find-and-update.company-information.service.gov.uk/company/06948477,,TO BE ENRICHED — not held by Companies House,legitimate interests (LIA required before contact),Companies House public API,2026-07-12T04:44:52+00:00
BEST QUALITY PLUMBING LTD,15755113,B_COMPLIANCE_DROWNED,micro filer (micro-entity),ltd,corporate subscriber,2024-06-01,micro-entity,"accounts category, NOT turnover",43220,"65 St. Awdrys Road, Barking",IG11 7QB,https://find-and-update.company-information.service.gov.uk/company/15755113,,TO BE ENRICHED — not held by Companies House,legitimate interests (LIA required before contact),Companies House public API,2026-07-12T04:44:52+00:00
WHELAN LIMITED,05470518,A_CEILING_HIT,"established 2005, total-exemption-full filer",ltd,corporate subscriber,2005-06-02,total-exemption-full,"accounts category, NOT turnover",43220; 68209,"21 Granary Road, East Hunsbury, Northampton",NN4 0XB,https://find-and-update.company-information.service.gov.uk/company/05470518,,TO BE ENRICHED — not held by Companies House,legitimate interests (LIA required before contact),Companies House public API,2026-07-12T04:44:53+00:00
DDK ELECTRICAL SERVICES LTD,10573633,B_COMPLIANCE_DROWNED,micro filer (micro-entity),ltd,corporate subscriber,2017-01-19,micro-entity,"accounts category, NOT turnover",43210,"14 Balsam Close, Manchester",M13 9UL,https://find-and-update.company-information.service.gov.uk/company/10573633,,TO BE ENRICHED — not held by Companies House,legitimate interests (LIA required before contact),Companies House public API,2026-07-12T04:44:54+00:00
SHIRE PAVING LTD,12353228,B_COMPLIANCE_DROWNED,micro filer (micro-entity),ltd,corporate subscriber,2019-12-06,micro-entity,"accounts category, NOT turnover",43290,"6 Agincourt Street, Monmouth",NP25 3DZ,https://find-and-update.company-information.service.gov.uk/company/12353228,,TO BE ENRICHED — not held by Companies House,legitimate interests (LIA required before contact),Companies House public API,2026-07-12T04:44:54+00:00
GIGO ELECTRICAL LTD,13038519,B_COMPLIANCE_DROWNED,micro filer (micro-entity),ltd,corporate subscriber,2020-11-23,micro-entity,"accounts category, NOT turnover",43210,"3 Conway, Worcester",WR4 9AJ,https://find-and-update.company-information.service.gov.uk/company/13038519,,TO BE ENRICHED — not held by Companies House,legitimate interests (LIA required before contact),Companies House public API,2026-07-12T04:44:55+00:00
J.C LIGHTING & ENTERTAINMENT LTD,14911243,B_COMPLIANCE_DROWNED,micro filer (micro-entity),ltd,corporate subscriber,2023-06-02,micro-entity,"accounts category, NOT turnover",33130; 43210; 60200; 77291,"1 Bull Lane, Bristol",BS5 8AB,https://find-and-update.company-information.service.gov.uk/company/14911243,,TO BE ENRICHED — not held by Companies House,legitimate interests (LIA required before contact),Companies House public API,2026-07-12T04:44:56+00:00
WESTON PLUMBING & HEATING LIMITED,07257877,B_COMPLIANCE_DROWNED,micro filer (micro-entity),ltd,corporate subscriber,2010-05-18,micro-entity,"accounts category, NOT turnover",43220,"The Guild House Greenhill Road, Sandford, Winscombe",BS25 5PH,https://find-and-update.company-information.service.gov.uk/company/07257877,,TO BE ENRICHED — not held by Companies House,legitimate interests (LIA required before contact),Companies House public API,2026-07-12T04:44:57+00:00
WMG ELECTRICAL (SW) LIMITED,14881998,B_COMPLIANCE_DROWNED,"young (2023), total-exemption-full filer",ltd,corporate subscriber,2023-05-19,total-exemption-full,"accounts category, NOT turnover",43210,"7 Pail Park, Knowle, Braunton",EX33 2LP,https://find-and-update.company-information.service.gov.uk/company/14881998,,TO BE ENRICHED — not held by Companies House,legitimate interests (LIA required before contact),Companies House public API,2026-07-12T04:44:57+00:00
G N H ELECTRICAL SERVICES LTD,06676007,B_COMPLIANCE_DROWNED,micro filer (micro-entity),ltd,corporate subscriber,2008-08-19,micro-entity,"accounts category, NOT turnover",43210,"13 Hollands Drive, Burton Latimer, Northamptonshire",NN15 5YJ,https://find-and-update.company-information.service.gov.uk/company/06676007,,TO BE ENRICHED — not held by Companies House,legitimate interests (LIA required before contact),Companies House public API,2026-07-12T04:44:58+00:00
EFT ELECTRICAL INSTALLATIONS LTD,10172830,A_CEILING_HIT,"established 2016, small filer",ltd,corporate subscriber,2016-05-10,small,"accounts category, NOT turnover",43210,"Cobden House, 39a Cobden Road, Southport",PR9 7TR,https://find-and-update.company-information.service.gov.uk/company/10172830,,TO BE ENRICHED — not held by Companies House,legitimate interests (LIA required before contact),Companies House public API,2026-07-12T04:44:59+00:00
CW HEATING SERVICES LTD,09634639,B_COMPLIANCE_DROWNED,micro filer (micro-entity),ltd,corporate subscriber,2015-06-11,micro-entity,"accounts category, NOT turnover",43220,"14 Badgers Wood, Stanley, County Durham",DH9 0HR,https://find-and-update.company-information.service.gov.uk/company/09634639,,TO BE ENRICHED — not held by Companies House,legitimate interests (LIA required before contact),Companies House public API,2026-07-12T04:44:59+00:00
HIGHLAND AND GRAMPIAN HEATING SERVICES LTD,SC662848,B_COMPLIANCE_DROWNED,micro filer (micro-entity),ltd,corporate subscriber,2020-06-02,micro-entity,"accounts category, NOT turnover",43220,"Bonny View House, Daviot, Inverness",IV2 5XL,https://find-and-update.company-information.service.gov.uk/company/SC662848,,TO BE ENRICHED — not held by Companies House,legitimate interests (LIA required before contact),Companies House public API,2026-07-12T04:45:00+00:00
SM CABLE JOINTING LIMITED,SC812477,B_COMPLIANCE_DROWNED,"young (2024), unaudited-abridged filer",ltd,corporate subscriber,2024-06-03,unaudited-abridged,"accounts category, NOT turnover",43210,"6 Miller Road, Ayr",KA7 2AY,https://find-and-update.company-information.service.gov.uk/company/SC812477,,TO BE ENRICHED — not held by Companies House,legitimate interests (LIA required before contact),Companies House public API,2026-07-12T04:45:01+00:00
M.P. HEATING SOLUTIONS LTD,13464487,B_COMPLIANCE_DROWNED,micro filer (micro-entity),ltd,corporate subscriber,2021-06-18,micro-entity,"accounts category, NOT turnover",43220; 82990,"Suite 205, Balfour House 741 High Road, London",N12 0BP,https://find-and-update.company-information.service.gov.uk/company/13464487,,TO BE ENRICHED — not held by Companies House,legitimate interests (LIA required before contact),Companies House public API,2026-07-12T04:45:01+00:00
A M FORSTER BUILDERS LIMITED,08990060,A_CEILING_HIT,"established 2014, total-exemption-full filer",ltd,corporate subscriber,2014-04-10,total-exemption-full,"accounts category, NOT turnover",43290,"3 Friary Close, Hampton Magna, Warwick",CV35 8TD,https://find-and-update.company-information.service.gov.uk/company/08990060,,TO BE ENRICHED — not held by Companies House,legitimate interests (LIA required before contact),Companies House public API,2026-07-12T04:45:02+00:00
JMS PRO HEATING AND PLUMBING LTD,11884124,B_COMPLIANCE_DROWNED,micro filer (micro-entity),ltd,corporate subscriber,2019-03-15,micro-entity,"accounts category, NOT turnover",43220,"39 Lactans Edge, Leighton Buzzard",LU7 9SY,https://find-and-update.company-information.service.gov.uk/company/11884124,,TO BE ENRICHED — not held by Companies House,legitimate interests (LIA required before contact),Companies House public API,2026-07-12T04:45:03+00:00
MID SUSSEX BATHROOMS LTD,05336217,A_CEILING_HIT,"established 2005, total-exemption-full filer",ltd,corporate subscriber,2005-01-18,total-exemption-full,"accounts category, NOT turnover",43220,"71 South Road, Haywards Heath, West Sussex",RH16 4LQ,https://find-and-update.company-information.service.gov.uk/company/05336217,,TO BE ENRICHED — not held by Companies House,legitimate interests (LIA required before contact),Companies House public API,2026-07-12T04:45:03+00:00
TRIDENT MARINE ELECTRICAL LTD,12524032,A_CEILING_HIT,"established 2020, total-exemption-full filer",ltd,corporate subscriber,2020-03-18,total-exemption-full,"accounts category, NOT turnover",27900; 33140; 43210; 71200,"9 St James Crescent, Belton, Norfolk",NR31 9JN,https://find-and-update.company-information.service.gov.uk/company/12524032,,TO BE ENRICHED — not held by Companies House,legitimate interests (LIA required before contact),Companies House public API,2026-07-12T04:45:04+00:00
SHAUN LOGIE ELECTRICAL LTD,SC768478,UNCLASSIFIED,no accounts filed yet — cannot size,ltd,corporate subscriber,2023-05-05,none,"accounts category, NOT turnover",43210,"34 Angus Drive, Dundee",DD5 4UA,https://find-and-update.company-information.service.gov.uk/company/SC768478,,TO BE ENRICHED — not held by Companies House,legitimate interests (LIA required before contact),Companies House public API,2026-07-12T04:45:05+00:00
MODULAR SYSTEMS CONSTRUCTION LTD,12712351,A_CEILING_HIT,"established 2020, total-exemption-full filer",ltd,corporate subscriber,2020-07-02,total-exemption-full,"accounts category, NOT turnover",41201; 43120; 43210; 43220,"71-75 Shelton Street, Covent Garden, London",WC2H 9JQ,https://find-and-update.company-information.service.gov.uk/company/12712351,,TO BE ENRICHED — not held by Companies House,legitimate interests (LIA required before contact),Companies House public API,2026-07-12T04:45:06+00:00
IMPERIUM ELECTRICAL LTD,14877143,B_COMPLIANCE_DROWNED,micro filer (micro-entity),ltd,corporate subscriber,2023-05-17,micro-entity,"accounts category, NOT turnover",43210,"59 Sovereign Place, Hatfield",AL9 5ET,https://find-and-update.company-information.service.gov.uk/company/14877143,,TO BE ENRICHED — not held by Companies House,legitimate interests (LIA required before contact),Companies House public API,2026-07-12T04:45:06+00:00
STAR RISE CONSTRUCTION LTD,14247793,B_COMPLIANCE_DROWNED,micro filer (micro-entity),ltd,corporate subscriber,2022-07-21,micro-entity,"accounts category, NOT turnover",41100; 43220; 43390; 81229,"115 Brimsdown Avenue, Enfield",EN3 5EP,https://find-and-update.company-information.service.gov.uk/company/14247793,,TO BE ENRICHED — not held by Companies House,legitimate interests (LIA required before contact),Companies House public API,2026-07-12T04:45:07+00:00
WIRRAL ELECTRICS LTD,14489595,EXCLUDED_DORMANT,"dormant — not trading, not a buyer",ltd,corporate subscriber,2022-11-16,dormant,"accounts category, NOT turnover",43210,"28 Primrose Road, Birkenhead, Merseyside",CH41 0EF,https://find-and-update.company-information.service.gov.uk/company/14489595,,TO BE ENRICHED — not held by Companies House,legitimate interests (LIA required before contact),Companies House public API,2026-07-12T04:45:08+00:00
EBM PROPERTY SERVICES LTD,10740165,B_COMPLIANCE_DROWNED,micro filer (micro-entity),ltd,corporate subscriber,2017-04-25,micro-entity,"accounts category, NOT turnover",41100; 41202; 43290; 43390,"31 The Gallop, Sutton, Surrey",SM2 5RY,https://find-and-update.company-information.service.gov.uk/company/10740165,,TO BE ENRICHED — not held by Companies House,legitimate interests (LIA required before contact),Companies House public API,2026-07-12T04:45:08+00:00
PROCTOR & MASLIN LIMITED,09573960,A_CEILING_HIT,"established 2015, total-exemption-full filer",ltd,corporate subscriber,2015-05-05,total-exemption-full,"accounts category, NOT turnover",43220,"Onega House, 112 Main Road, Sidcup",DA14 6NE,https://find-and-update.company-information.service.gov.uk/company/09573960,,TO BE ENRICHED — not held by Companies House,legitimate interests (LIA required before contact),Companies House public API,2026-07-12T04:45:09+00:00
RKM FACILITIES LTD,15756194,B_COMPLIANCE_DROWNED,micro filer (micro-entity),ltd,corporate subscriber,2024-06-02,micro-entity,"accounts category, NOT turnover",41100; 43220,"24 The Tanyard, Bassingbourn, Royston, Herts",SG8 5NH,https://find-and-update.company-information.service.gov.uk/company/15756194,,TO BE ENRICHED — not held by Companies House,legitimate interests (LIA required before contact),Companies House public API,2026-07-12T04:45:10+00:00
CINEMATIC ELECTRICAL LTD,15756536,B_COMPLIANCE_DROWNED,"young (2024), total-exemption-full filer",ltd,corporate subscriber,2024-06-02,total-exemption-full,"accounts category, NOT turnover",43210,"The Waters Edge Ockham Road South, East Horsley, Leatherhead",KT24 6RZ,https://find-and-update.company-information.service.gov.uk/company/15756536,,TO BE ENRICHED — not held by Companies House,legitimate interests (LIA required before contact),Companies House public API,2026-07-12T04:45:10+00:00
ERIC & ARY LTD,11982828,A_CEILING_HIT,"established 2019, total-exemption-full filer",ltd,corporate subscriber,2019-05-07,total-exemption-full,"accounts category, NOT turnover",43220,"38 Jubilee Avenue, Romford",RM7 9LS,https://find-and-update.company-information.service.gov.uk/company/11982828,,TO BE ENRICHED — not held by Companies House,legitimate interests (LIA required before contact),Companies House public API,2026-07-12T04:45:11+00:00
HANSON ELECTRICAL SERVICES LIMITED,03582893,EXCLUDED_DORMANT,"dormant — not trading, not a buyer",ltd,corporate subscriber,1998-06-17,dormant,"accounts category, NOT turnover",43210,"32 Feverills Road, Little Clacton, Clacton On Sea, Essex",CO16 9LZ,https://find-and-update.company-information.service.gov.uk/company/03582893,,TO BE ENRICHED — not held by Companies House,legitimate interests (LIA required before contact),Companies House public API,2026-07-12T04:45:12+00:00
JAMES DEAN PLUMBING SOLUTIONS LTD,12259666,B_COMPLIANCE_DROWNED,micro filer (micro-entity),ltd,corporate subscriber,2019-10-14,micro-entity,"accounts category, NOT turnover",43220,"141 Sandringham Road, Cleethorpes",DN35 9BP,https://find-and-update.company-information.service.gov.uk/company/12259666,,TO BE ENRICHED — not held by Companies House,legitimate interests (LIA required before contact),Companies House public API,2026-07-12T04:45:13+00:00
MURRAYLECTRICS LTD,06259923,B_COMPLIANCE_DROWNED,micro filer (micro-entity),ltd,corporate subscriber,2007-05-25,micro-entity,"accounts category, NOT turnover",27900; 43210,"5 Manor Lane, Old Basing, Basingstoke, Hampshire",RG24 7DG,https://find-and-update.company-information.service.gov.uk/company/06259923,,TO BE ENRICHED — not held by Companies House,legitimate interests (LIA required before contact),Companies House public API,2026-07-12T04:45:13+00:00
ARCTIC AIR (MECHANICAL) LIMITED,09689577,B_COMPLIANCE_DROWNED,micro filer (micro-entity),ltd,corporate subscriber,2015-07-16,micro-entity,"accounts category, NOT turnover",43220,"Unit 6, Wheatley Business Centre Old London Road, Wheatley, Oxford",OX33 1XW,https://find-and-update.company-information.service.gov.uk/company/09689577,,TO BE ENRICHED — not held by Companies House,legitimate interests (LIA required before contact),Companies House public API,2026-07-12T04:45:14+00:00
SCOTTS PLUMBING & HEATING (YORKSHIRE) LTD,15194239,B_COMPLIANCE_DROWNED,micro filer (micro-entity),ltd,corporate subscriber,2023-10-06,micro-entity,"accounts category, NOT turnover",43220,"26 Barnsley Road, Wath-Upon-Dearne, Rotherham",S63 6QB,https://find-and-update.company-information.service.gov.uk/company/15194239,,TO BE ENRICHED — not held by Companies House,legitimate interests (LIA required before contact),Companies House public API,2026-07-12T04:45:15+00:00
PHOENIX HEATING & RENEWABLES LTD,14661416,B_COMPLIANCE_DROWNED,"young (2023), unaudited-abridged filer",ltd,corporate subscriber,2023-02-14,unaudited-abridged,"accounts category, NOT turnover",43220,"4 King Square, Bridgwater",TA6 3YF,https://find-and-update.company-information.service.gov.uk/company/14661416,,TO BE ENRICHED — not held by Companies House,legitimate interests (LIA required before contact),Companies House public API,2026-07-12T04:45:15+00:00
G T L INTERIORS LTD,04452335,A_CEILING_HIT,"established 2002, total-exemption-full filer",ltd,corporate subscriber,2002-05-31,total-exemption-full,"accounts category, NOT turnover",43210,"46-54 High Street, Ingatestone, Essex",CM4 9DW,https://find-and-update.company-information.service.gov.uk/company/04452335,,TO BE ENRICHED — not held by Companies House,legitimate interests (LIA required before contact),Companies House public API,2026-07-12T04:45:16+00:00
BURY GAS SERVICES LIMITED,05144537,A_CEILING_HIT,"established 2004, unaudited-abridged filer",ltd,corporate subscriber,2004-06-03,unaudited-abridged,"accounts category, NOT turnover",43220,"33 Crawshaw Grange, Crawshawbooth, Rossendale",BB4 8LY,https://find-and-update.company-information.service.gov.uk/company/05144537,,TO BE ENRICHED — not held by Companies House,legitimate interests (LIA required before contact),Companies House public API,2026-07-12T04:45:17+00:00
BCA INSULATION LIMITED,SC323584,A_CEILING_HIT,"established 2007, total-exemption-full filer",ltd,corporate subscriber,2007-05-14,total-exemption-full,"accounts category, NOT turnover",43290,"Gilburn Industrial Estate, 1 Gilburn Place, Shotts",ML7 5ES,https://find-and-update.company-information.service.gov.uk/company/SC323584,,TO BE ENRICHED — not held by Companies House,legitimate interests (LIA required before contact),Companies House public API,2026-07-12T04:45:17+00:00
GOLD ELECTRICAL LTD,04452693,A_CEILING_HIT,"established 2002, total-exemption-full filer",ltd,corporate subscriber,2002-05-31,total-exemption-full,"accounts category, NOT turnover",43210,"51 Buckingham Way, Wallington, Surrey",SM6 9LU,https://find-and-update.company-information.service.gov.uk/company/04452693,,TO BE ENRICHED — not held by Companies House,legitimate interests (LIA required before contact),Companies House public API,2026-07-12T04:45:18+00:00
WARM HEATING AND PLUMBING LTD,14830307,B_COMPLIANCE_DROWNED,micro filer (micro-entity),ltd,corporate subscriber,2023-04-26,micro-entity,"accounts category, NOT turnover",43220,"220 St. Pauls Road, Peterborough",PE1 3RN,https://find-and-update.company-information.service.gov.uk/company/14830307,,TO BE ENRICHED — not held by Companies House,legitimate interests (LIA required before contact),Companies House public API,2026-07-12T04:45:19+00:00
SANDU CONTRACTORS LTD,14472053,B_COMPLIANCE_DROWNED,"young (2022), total-exemption-full filer",ltd,corporate subscriber,2022-11-09,total-exemption-full,"accounts category, NOT turnover",43290,"9 Mascoll Path, Slough, Berkshire",SL2 2HL,https://find-and-update.company-information.service.gov.uk/company/14472053,,TO BE ENRICHED — not held by Companies House,legitimate interests (LIA required before contact),Companies House public API,2026-07-12T04:45:19+00:00
S.P.T. ELECTRICAL INSTALLATIONS LTD,08706134,A_CEILING_HIT,"established 2013, total-exemption-full filer",ltd,corporate subscriber,2013-09-25,total-exemption-full,"accounts category, NOT turnover",43210,"C/O Ake, Hoddesdon Enterprise Centre, Pindar Road, Hoddesdon, Hertfordshire",EN11 0FJ,https://find-and-update.company-information.service.gov.uk/company/08706134,,TO BE ENRICHED — not held by Companies House,legitimate interests (LIA required before contact),Companies House public API,2026-07-12T04:45:20+00:00
SUREFIRE MANAGEMENT SERVICES LIMITED,10724951,C_ENTERPRISE,files full/group/medium accounts,ltd,corporate subscriber,2017-04-13,medium,"accounts category, NOT turnover",43290,"168 Church Road, Hove, East Sussex",BN3 2DL,https://find-and-update.company-information.service.gov.uk/company/10724951,,TO BE ENRICHED — not held by Companies House,legitimate interests (LIA required before contact),Companies House public API,2026-07-12T04:45:21+00:00
COMFORT CONTROLS (GROUP) LIMITED,11735309,EXCLUDED_DORMANT,"dormant — not trading, not a buyer",ltd,corporate subscriber,2018-12-19,dormant,"accounts category, NOT turnover",43210; 43220,"Third Floor, 1 New Fetter Lane, London",EC4A 1AN,https://find-and-update.company-information.service.gov.uk/company/11735309,,TO BE ENRICHED — not held by Companies House,legitimate interests (LIA required before contact),Companies House public API,2026-07-12T04:45:22+00:00
GEOGREEN POWER LIMITED,07253661,C_ENTERPRISE,files full/group/medium accounts,ltd,corporate subscriber,2010-05-14,medium,"accounts category, NOT turnover",43210; 43220; 43290,"Alexandra House, 43 Alexandra Street, Nottingham",NG5 1AY,https://find-and-update.company-information.service.gov.uk/company/07253661,,TO BE ENRICHED — not held by Companies House,legitimate interests (LIA required before contact),Companies House public API,2026-07-12T04:45:22+00:00
SIMCOX CONSTRUCTION & CONVERSIONS LTD,13438797,B_COMPLIANCE_DROWNED,micro filer (micro-entity),ltd,corporate subscriber,2021-06-04,micro-entity,"accounts category, NOT turnover",43290,"90 Howdles Lane, Brownhills, Walsall",WS8 7PJ,https://find-and-update.company-information.service.gov.uk/company/13438797,,TO BE ENRICHED — not held by Companies House,legitimate interests (LIA required before contact),Companies House public API,2026-07-12T04:45:23+00:00
CSG HEATING AND PLUMBING LTD,13427953,B_COMPLIANCE_DROWNED,micro filer (micro-entity),ltd,corporate subscriber,2021-05-28,micro-entity,"accounts category, NOT turnover",43220,"17 Dudley Road, Swinton, Manchester",M27 6DG,https://find-and-update.company-information.service.gov.uk/company/13427953,,TO BE ENRICHED — not held by Companies House,legitimate interests (LIA required before contact),Companies House public API,2026-07-12T04:45:24+00:00
PRO-DOORS (NORTHERN) LIMITED,07654392,B_COMPLIANCE_DROWNED,micro filer (micro-entity),ltd,corporate subscriber,2011-06-01,micro-entity,"accounts category, NOT turnover",43290; 95220,"Carlton House, Grammar School Street, Bradford, West Yorkshire",BD1 4NS,https://find-and-update.company-information.service.gov.uk/company/07654392,,TO BE ENRICHED — not held by Companies House,legitimate interests (LIA required before contact),Companies House public API,2026-07-12T04:45:24+00:00
S & S ELECTRICAL (YORKSHIRE) LTD,10182041,B_COMPLIANCE_DROWNED,micro filer (micro-entity),ltd,corporate subscriber,2016-05-16,micro-entity,"accounts category, NOT turnover",43210,"31a Snipe Park Road, Bircotes, Doncaster, South Yorkshire",DN11 8DH,https://find-and-update.company-information.service.gov.uk/company/10182041,,TO BE ENRICHED — not held by Companies House,legitimate interests (LIA required before contact),Companies House public API,2026-07-12T04:45:25+00:00
MLT ELECTRICAL LIMITED,14199669,B_COMPLIANCE_DROWNED,micro filer (micro-entity),ltd,corporate subscriber,2022-06-28,micro-entity,"accounts category, NOT turnover",43210,"10 Western Road, Romford, Essex",RM1 3JT,https://find-and-update.company-information.service.gov.uk/company/14199669,,TO BE ENRICHED — not held by Companies House,legitimate interests (LIA required before contact),Companies House public API,2026-07-12T04:45:26+00:00
DTA ELECTRICAL MECHANICAL LIMITED,14145971,B_COMPLIANCE_DROWNED,micro filer (micro-entity),ltd,corporate subscriber,2022-06-01,micro-entity,"accounts category, NOT turnover",43210; 43220,"71-75 Shelton Street, Covent Garden, London",WC2H 9JQ,https://find-and-update.company-information.service.gov.uk/company/14145971,,TO BE ENRICHED — not held by Companies House,legitimate interests (LIA required before contact),Companies House public API,2026-07-12T04:45:26+00:00
DJH WINDOWS AND DOORS LTD,14896777,B_COMPLIANCE_DROWNED,"young (2023), total-exemption-full filer",ltd,corporate subscriber,2023-05-26,total-exemption-full,"accounts category, NOT turnover",43290,"9 Howey Lane, Congleton",CW12 4AE,https://find-and-update.company-information.service.gov.uk/company/14896777,,TO BE ENRICHED — not held by Companies House,legitimate interests (LIA required before contact),Companies House public API,2026-07-12T04:45:27+00:00
POWERNEST LTD,15736407,EXCLUDED_DORMANT,"dormant — not trading, not a buyer",ltd,corporate subscriber,2024-05-23,dormant,"accounts category, NOT turnover",43220,"14 Ellerton Road, London",SW18 3NN,https://find-and-update.company-information.service.gov.uk/company/15736407,,TO BE ENRICHED — not held by Companies House,legitimate interests (LIA required before contact),Companies House public API,2026-07-12T04:45:28+00:00
BMMDESIGNS LTD,09998742,A_CEILING_HIT,"established 2016, total-exemption-full filer",ltd,corporate subscriber,2016-02-10,total-exemption-full,"accounts category, NOT turnover",43290; 74100,"2 Minshull Hill Cottage Cross Lane, Minshull Vernon, Crewe",CW1 4RF,https://find-and-update.company-information.service.gov.uk/company/09998742,,TO BE ENRICHED — not held by Companies House,legitimate interests (LIA required before contact),Companies House public API,2026-07-12T04:45:28+00:00
N HAMILTON PLUMBING LIMITED,14343024,B_COMPLIANCE_DROWNED,micro filer (micro-entity),ltd,corporate subscriber,2022-09-07,micro-entity,"accounts category, NOT turnover",43220,"103a High Street, Lees, Oldham",OL4 4LY,https://find-and-update.company-information.service.gov.uk/company/14343024,,TO BE ENRICHED — not held by Companies House,legitimate interests (LIA required before contact),Companies House public API,2026-07-12T04:45:29+00:00
AMAZON GARAGE DOORS LIMITED,13353936,B_COMPLIANCE_DROWNED,micro filer (micro-entity),ltd,corporate subscriber,2021-04-23,micro-entity,"accounts category, NOT turnover",43210,"21 C/O Fischer Crowne, 21 Cheapside, Liverpool, Merseyside",L2 2DY,https://find-and-update.company-information.service.gov.uk/company/13353936,,TO BE ENRICHED — not held by Companies House,legitimate interests (LIA required before contact),Companies House public API,2026-07-12T04:45:30+00:00
RAGLESS ELECTRICAL SERVICES LIMITED,13955856,B_COMPLIANCE_DROWNED,"young (2022), total-exemption-full filer",ltd,corporate subscriber,2022-03-04,total-exemption-full,"accounts category, NOT turnover",43210,"55 Annandale Avenue, Bognor Regis, West Sussex",PO21 2ET,https://find-and-update.company-information.service.gov.uk/company/13955856,,TO BE ENRICHED — not held by Companies House,legitimate interests (LIA required before contact),Companies House public API,2026-07-12T04:45:30+00:00
YOUNGS HEATING & PLUMBING SERVICES LIMITED,13797882,B_COMPLIANCE_DROWNED,micro filer (micro-entity),ltd,corporate subscriber,2021-12-13,micro-entity,"accounts category, NOT turnover",43220,"175 Wokingham Road, Reading",RG6 1LT,https://find-and-update.company-information.service.gov.uk/company/13797882,,TO BE ENRICHED — not held by Companies House,legitimate interests (LIA required before contact),Companies House public API,2026-07-12T04:45:31+00:00
MEADOWSON LIMITED,01340066,B_COMPLIANCE_DROWNED,micro filer (micro-entity),ltd,corporate subscriber,1977-11-22,micro-entity,"accounts category, NOT turnover",43290,"2 Eflat Cottages, Hailey Lane, Hailey, Hertford, Hertfordshire",SG13 7NY,https://find-and-update.company-information.service.gov.uk/company/01340066,,TO BE ENRICHED — not held by Companies House,legitimate interests (LIA required before contact),Companies House public API,2026-07-12T04:45:32+00:00
FARSIM INSTALLATIONS LTD,14123072,B_COMPLIANCE_DROWNED,micro filer (micro-entity),ltd,corporate subscriber,2022-05-23,micro-entity,"accounts category, NOT turnover",43290,"128 City Road, London",EC1V 2NX,https://find-and-update.company-information.service.gov.uk/company/14123072,,TO BE ENRICHED — not held by Companies House,legitimate interests (LIA required before contact),Companies House public API,2026-07-12T04:45:33+00:00
HEATJET LTD,12214587,A_CEILING_HIT,"established 2019, total-exemption-full filer",ltd,corporate subscriber,2019-09-18,total-exemption-full,"accounts category, NOT turnover",41202; 43220,"Flat 16 Elmira Street, London",SE13 7GP,https://find-and-update.company-information.service.gov.uk/company/12214587,,TO BE ENRICHED — not held by Companies House,legitimate interests (LIA required before contact),Companies House public API,2026-07-12T04:45:33+00:00
CAPITAL CITY SOLUTIONS LIMITED,06602984,A_CEILING_HIT,"established 2008, total-exemption-full filer",ltd,corporate subscriber,2008-05-27,total-exemption-full,"accounts category, NOT turnover",43210; 43220; 43290; 43390,"Lyndhurst 1 Cranmer Street, Long Eaton, Nottingham",NG10 1NJ,https://find-and-update.company-information.service.gov.uk/company/06602984,,TO BE ENRICHED — not held by Companies House,legitimate interests (LIA required before contact),Companies House public API,2026-07-12T04:45:34+00:00
GARNER ELECTRICAL SERVICES LTD,13194241,B_COMPLIANCE_DROWNED,micro filer (micro-entity),ltd,corporate subscriber,2021-02-10,micro-entity,"accounts category, NOT turnover",43210,"62 Norwich Street, Dereham, Norfolk",NR19 1AD,https://find-and-update.company-information.service.gov.uk/company/13194241,,TO BE ENRICHED — not held by Companies House,legitimate interests (LIA required before contact),Companies House public API,2026-07-12T04:45:35+00:00
MODUBUILD DESIGNS UK LIMITED,10585429,A_CEILING_HIT,"established 2017, small filer",ltd,corporate subscriber,2017-01-26,small,"accounts category, NOT turnover",43290,"2nd Floor Kingsley Hall, 20 Bailey Lane, Manchester",M90 4AN,https://find-and-update.company-information.service.gov.uk/company/10585429,,TO BE ENRICHED — not held by Companies House,legitimate interests (LIA required before contact),Companies House public API,2026-07-12T04:45:35+00:00
CONSTRUCTION STRUCTURAL SERVICES MANAGEMENT LIMITED,10769066,B_COMPLIANCE_DROWNED,micro filer (micro-entity),ltd,corporate subscriber,2017-05-13,micro-entity,"accounts category, NOT turnover",41100; 43290; 43999,"128 City Road, London",EC1V 2NX,https://find-and-update.company-information.service.gov.uk/company/10769066,,TO BE ENRICHED — not held by Companies House,legitimate interests (LIA required before contact),Companies House public API,2026-07-12T04:45:36+00:00
SJ MECHANICAL LTD,10600261,A_CEILING_HIT,"established 2017, total-exemption-full filer",ltd,corporate subscriber,2017-02-03,total-exemption-full,"accounts category, NOT turnover",43220,"78 Market Street, Denton, Manchester, Lancashire",M34 2AQ,https://find-and-update.company-information.service.gov.uk/company/10600261,,TO BE ENRICHED — not held by Companies House,legitimate interests (LIA required before contact),Companies House public API,2026-07-12T04:45:37+00:00
CELTIC PRECAST LTD,13139027,B_COMPLIANCE_DROWNED,micro filer (micro-entity),ltd,corporate subscriber,2021-01-18,micro-entity,"accounts category, NOT turnover",43290,"39 Cardiff Road, Llandaff, Cardiff",CF5 2DP,https://find-and-update.company-information.service.gov.uk/company/13139027,,TO BE ENRICHED — not held by Companies House,legitimate interests (LIA required before contact),Companies House public API,2026-07-12T04:45:38+00:00
SAFEHEAT (TORBAY) LIMITED,03609278,A_CEILING_HIT,"established 1998, total-exemption-full filer",ltd,corporate subscriber,1998-08-04,total-exemption-full,"accounts category, NOT turnover",43220,"Vantage Point House Silverhills Road, Decoy Industrial Estate, Newton Abbot, Devon",TQ12 5ND,https://find-and-update.company-information.service.gov.uk/company/03609278,,TO BE ENRICHED — not held by Companies House,legitimate interests (LIA required before contact),Companies House public API,2026-07-12T04:45:38+00:00
S P ELECTRICAL (SW) LIMITED,09156071,B_COMPLIANCE_DROWNED,micro filer (micro-entity),ltd,corporate subscriber,2014-07-31,micro-entity,"accounts category, NOT turnover",43210,"69 Savoy Road, Brislington, Bristol",BS4 3SZ,https://find-and-update.company-information.service.gov.uk/company/09156071,,TO BE ENRICHED — not held by Companies House,legitimate interests (LIA required before contact),Companies House public API,2026-07-12T04:45:39+00:00
HALL ELECTRICAL LTD,15078573,B_COMPLIANCE_DROWNED,micro filer (micro-entity),ltd,corporate subscriber,2023-08-17,micro-entity,"accounts category, NOT turnover",43210,"3 Y Gors, Holyhead",LL65 1PE,https://find-and-update.company-information.service.gov.uk/company/15078573,,TO BE ENRICHED — not held by Companies House,legitimate interests (LIA required before contact),Companies House public API,2026-07-12T04:45:40+00:00
THAMEVALLEY HEATING LTD,14098920,B_COMPLIANCE_DROWNED,"young (2022), total-exemption-full filer",ltd,corporate subscriber,2022-05-10,total-exemption-full,"accounts category, NOT turnover",43220,"Apollo Centre, Desborough Road, High Wycombe",HP11 2QW,https://find-and-update.company-information.service.gov.uk/company/14098920,,TO BE ENRICHED — not held by Companies House,legitimate interests (LIA required before contact),Companies House public API,2026-07-12T04:45:40+00:00
BUSTER INTERIORS LIMITED,13384825,B_COMPLIANCE_DROWNED,micro filer (micro-entity),ltd,corporate subscriber,2021-05-10,micro-entity,"accounts category, NOT turnover",43290,"161 Forest Road, London",E17 6HE,https://find-and-update.company-information.service.gov.uk/company/13384825,,TO BE ENRICHED — not held by Companies House,legitimate interests (LIA required before contact),Companies House public API,2026-07-12T04:45:41+00:00
HENDERSON ELECTRICAL SCOTLAND LTD,SC698123,B_COMPLIANCE_DROWNED,micro filer (micro-entity),ltd,corporate subscriber,2021-05-10,micro-entity,"accounts category, NOT turnover",43210,"The Retreat, Clarendon Drive, Dundee",DD2 1JU,https://find-and-update.company-information.service.gov.uk/company/SC698123,,TO BE ENRICHED — not held by Companies House,legitimate interests (LIA required before contact),Companies House public API,2026-07-12T04:45:42+00:00
WELL JOB BUILDER LIMITED,13892538,B_COMPLIANCE_DROWNED,micro filer (micro-entity),ltd,corporate subscriber,2022-02-03,micro-entity,"accounts category, NOT turnover",43220; 43320; 43330; 43341,"5 Kelvin Street, Manchester",M4 1ET,https://find-and-update.company-information.service.gov.uk/company/13892538,,TO BE ENRICHED — not held by Companies House,legitimate interests (LIA required before contact),Companies House public API,2026-07-12T04:45:43+00:00
JDL GAS & PLUMBING SERVICES LTD,13703781,B_COMPLIANCE_DROWNED,micro filer (micro-entity),ltd,corporate subscriber,2021-10-26,micro-entity,"accounts category, NOT turnover",43220,"Dobson House Dobson House, Regent Centre, Newcastle Upon Tyne",NE3 3PF,https://find-and-update.company-information.service.gov.uk/company/13703781,,TO BE ENRICHED — not held by Companies House,legitimate interests (LIA required before contact),Companies House public API,2026-07-12T04:45:43+00:00
SEVERN SPARKS LTD,12625261,A_CEILING_HIT,"established 2020, total-exemption-full filer",ltd,corporate subscriber,2020-05-27,total-exemption-full,"accounts category, NOT turnover",43210,"47 Orchard Way, Churchdown, Gloucester",GL3 2AP,https://find-and-update.company-information.service.gov.uk/company/12625261,,TO BE ENRICHED — not held by Companies House,legitimate interests (LIA required before contact),Companies House public API,2026-07-12T04:45:44+00:00
MJ SECURITY (BRIGHOUSE) LIMITED,14535290,B_COMPLIANCE_DROWNED,"young (2022), total-exemption-full filer",ltd,corporate subscriber,2022-12-12,total-exemption-full,"accounts category, NOT turnover",43210,"31 Sugden Close, Brighouse, West Yorkshire",HD6 3EQ,https://find-and-update.company-information.service.gov.uk/company/14535290,,TO BE ENRICHED — not held by Companies House,legitimate interests (LIA required before contact),Companies House public API,2026-07-12T04:45:45+00:00
JONA24 PLUMBING & DRAINAGE LIMITED,09096197,B_COMPLIANCE_DROWNED,micro filer (micro-entity),ltd,corporate subscriber,2014-06-20,micro-entity,"accounts category, NOT turnover",43220,"4a Roman Road, East Ham, London",E6 3RX,https://find-and-update.company-information.service.gov.uk/company/09096197,,TO BE ENRICHED — not held by Companies House,legitimate interests (LIA required before contact),Companies House public API,2026-07-12T04:45:45+00:00
COMBINED CONTRACTING SERVICES LTD,07265629,A_CEILING_HIT,"established 2010, unaudited-abridged filer",ltd,corporate subscriber,2010-05-26,unaudited-abridged,"accounts category, NOT turnover",43290; 43999,"Seymour Chambers, 92 London Road, Liverpool, Merseyside",L3 5NW,https://find-and-update.company-information.service.gov.uk/company/07265629,,TO BE ENRICHED — not held by Companies House,legitimate interests (LIA required before contact),Companies House public API,2026-07-12T04:45:46+00:00
D & A COLLING ELECTRICAL SERVICES LTD,11393164,B_COMPLIANCE_DROWNED,micro filer (micro-entity),ltd,corporate subscriber,2018-06-01,micro-entity,"accounts category, NOT turnover",43210,"Low Nook Cottage Thringarth, Middleton-In-Teesdale, Barnard Castle, County Durham",DL12 0NU,https://find-and-update.company-information.service.gov.uk/company/11393164,,TO BE ENRICHED — not held by Companies House,legitimate interests (LIA required before contact),Companies House public API,2026-07-12T04:45:47+00:00
ELECTRICAL EXPERTS LIMITED,12530071,B_COMPLIANCE_DROWNED,micro filer (micro-entity),ltd,corporate subscriber,2020-03-23,micro-entity,"accounts category, NOT turnover",43210,"87 Grayswood Avenue, Coventry",CV5 8HL,https://find-and-update.company-information.service.gov.uk/company/12530071,,TO BE ENRICHED — not held by Companies House,legitimate interests (LIA required before contact),Companies House public API,2026-07-12T04:45:47+00:00
PURELYPOWERED LTD,13653413,B_COMPLIANCE_DROWNED,"young (2021), total-exemption-full filer",ltd,corporate subscriber,2021-09-30,total-exemption-full,"accounts category, NOT turnover",43210,"414-416 Blackpool Road, Ashton-On-Ribble, Preston",PR2 2DX,https://find-and-update.company-information.service.gov.uk/company/13653413,,TO BE ENRICHED — not held by Companies House,legitimate interests (LIA required before contact),Companies House public API,2026-07-12T04:45:48+00:00
DAY & NIGHT ELECTRICAL SERVICES LTD,SC771355,UNCLASSIFIED,no accounts filed yet — cannot size,ltd,corporate subscriber,2023-06-01,none,"accounts category, NOT turnover",43210,"25 Daisy Street, Glasgow",G42 8JN,https://find-and-update.company-information.service.gov.uk/company/SC771355,,TO BE ENRICHED — not held by Companies House,legitimate interests (LIA required before contact),Companies House public API,2026-07-12T04:45:49+00:00
GLOBAL VENTILATION LTD,SC523043,B_COMPLIANCE_DROWNED,micro filer (micro-entity),ltd,corporate subscriber,2015-12-22,micro-entity,"accounts category, NOT turnover",43220,"5 Atholl Crescent, Edinburgh",EH3 8EJ,https://find-and-update.company-information.service.gov.uk/company/SC523043,,TO BE ENRICHED — not held by Companies House,legitimate interests (LIA required before contact),Companies House public API,2026-07-12T04:45:49+00:00
INSTYLE KITCHENS & WINDOWS LTD,03881683,A_CEILING_HIT,"established 1999, total-exemption-full filer",ltd,corporate subscriber,1999-11-22,total-exemption-full,"accounts category, NOT turnover",43290; 43342; 47599,"9a The Village, Haxby, York",YO32 3HS,https://find-and-update.company-information.service.gov.uk/company/03881683,,TO BE ENRICHED — not held by Companies House,legitimate interests (LIA required before contact),Companies House public API,2026-07-12T04:45:50+00:00
BARNETT INDUSTRIAL SERVICES LTD,14866419,B_COMPLIANCE_DROWNED,micro filer (micro-entity),ltd,corporate subscriber,2023-05-12,micro-entity,"accounts category, NOT turnover",43290,"4 Pevensey Close, Stockton-On-Tees, Durham",TS17 0NW,https://find-and-update.company-information.service.gov.uk/company/14866419,,TO BE ENRICHED — not held by Companies House,legitimate interests (LIA required before contact),Companies House public API,2026-07-12T04:45:51+00:00
HANDSWORTH MECHANICAL INSTALLATIONS LIMITED,09036242,A_CEILING_HIT,"established 2014, total-exemption-full filer",ltd,corporate subscriber,2014-05-13,total-exemption-full,"accounts category, NOT turnover",43220,"38 Eden Grove, Swallownest, Sheffield, South Yorkshire",S26 4TP,https://find-and-update.company-information.service.gov.uk/company/09036242,,TO BE ENRICHED — not held by Companies House,legitimate interests (LIA required before contact),Companies House public API,2026-07-12T04:45:52+00:00
PEARMAIN ELECTRICAL LIMITED,04767274,B_COMPLIANCE_DROWNED,micro filer (micro-entity),ltd,corporate subscriber,2003-05-16,micro-entity,"accounts category, NOT turnover",43210,"28 Manor Way, North Fambridge, Essex",CM3 6YD,https://find-and-update.company-information.service.gov.uk/company/04767274,,TO BE ENRICHED — not held by Companies House,legitimate interests (LIA required before contact),Companies House public API,2026-07-12T04:45:52+00:00
ALEX FLOWER ELECTRICAL LTD,15764857,B_COMPLIANCE_DROWNED,"young (2024), total-exemption-full filer",ltd,corporate subscriber,2024-06-06,total-exemption-full,"accounts category, NOT turnover",43210,"37 Meadway Avenue, Nailsea, Bristol, Avon",BS48 2DU,https://find-and-update.company-information.service.gov.uk/company/15764857,,TO BE ENRICHED — not held by Companies House,legitimate interests (LIA required before contact),Companies House public API,2026-07-12T04:45:53+00:00
4A ENGINEERING AND TECHNOLOGY LIMITED,10789665,B_COMPLIANCE_DROWNED,micro filer (micro-entity),ltd,corporate subscriber,2017-05-25,micro-entity,"accounts category, NOT turnover",43210; 43999; 71122; 71129,"Unit 3b Berol House, 25 Ashley Road, Tottenham Hale, London",N17 9LJ,https://find-and-update.company-information.service.gov.uk/company/10789665,,TO BE ENRICHED — not held by Companies House,legitimate interests (LIA required before contact),Companies House public API,2026-07-12T04:45:54+00:00
RVCS DEVELOPMENTS LTD,SC618294,B_COMPLIANCE_DROWNED,micro filer (micro-entity),ltd,corporate subscriber,2019-01-15,micro-entity,"accounts category, NOT turnover",43210; 43390; 62090; 68209,"73 Charleston Road North, Aberdeen",AB12 3SZ,https://find-and-update.company-information.service.gov.uk/company/SC618294,,TO BE ENRICHED — not held by Companies House,legitimate interests (LIA required before contact),Companies House public API,2026-07-12T04:45:54+00:00
DOUGLAS D.B.S. LIMITED,03943847,B_COMPLIANCE_DROWNED,micro filer (micro-entity),ltd,corporate subscriber,2000-03-09,micro-entity,"accounts category, NOT turnover",43210,"22 Wilson Wood Street, Batley, West Yorkshire",WF17 7LE,https://find-and-update.company-information.service.gov.uk/company/03943847,,TO BE ENRICHED — not held by Companies House,legitimate interests (LIA required before contact),Companies House public API,2026-07-12T04:45:55+00:00
R WAINE ELECTRICAL LIMITED,12269336,B_COMPLIANCE_DROWNED,micro filer (micro-entity),ltd,corporate subscriber,2019-10-18,micro-entity,"accounts category, NOT turnover",43210,"10 Conway Road, Eccleston, Chorley",PR7 5SW,https://find-and-update.company-information.service.gov.uk/company/12269336,,TO BE ENRICHED — not held by Companies House,legitimate interests (LIA required before contact),Companies House public API,2026-07-12T04:45:56+00:00
A ALLEN ELECTRICAL LTD,08405734,B_COMPLIANCE_DROWNED,micro filer (micro-entity),ltd,corporate subscriber,2013-02-15,micro-entity,"accounts category, NOT turnover",43210,"Hawkridge Fore Street, Tatworth, Chard",TA20 2SW,https://find-and-update.company-information.service.gov.uk/company/08405734,,TO BE ENRICHED — not held by Companies House,legitimate interests (LIA required before contact),Companies House public API,2026-07-12T04:45:57+00:00
G ROBINSON ELECTRICAL LIMITED,12642705,A_CEILING_HIT,"established 2020, total-exemption-full filer",ltd,corporate subscriber,2020-06-03,total-exemption-full,"accounts category, NOT turnover",43210,"650 Anlaby Road, Hull",HU3 6UU,https://find-and-update.company-information.service.gov.uk/company/12642705,,TO BE ENRICHED — not held by Companies House,legitimate interests (LIA required before contact),Companies House public API,2026-07-12T04:45:57+00:00
A.C.E. SOLAR GREEN BUILDING SERVICES LTD,10375903,A_CEILING_HIT,"established 2016, total-exemption-full filer",ltd,corporate subscriber,2016-09-14,total-exemption-full,"accounts category, NOT turnover",43210,"14 Railstore North Block, Kidman Close, Romford, Essex",RM2 6JN,https://find-and-update.company-information.service.gov.uk/company/10375903,,TO BE ENRICHED — not held by Companies House,legitimate interests (LIA required before contact),Companies House public API,2026-07-12T04:45:58+00:00
BENENDEN HEATING LTD,08370131,A_CEILING_HIT,"established 2013, total-exemption-full filer",ltd,corporate subscriber,2013-01-22,total-exemption-full,"accounts category, NOT turnover",43220,"Linden House, Linden Close, Tunbridge Wells, Kent",TN4 8HH,https://find-and-update.company-information.service.gov.uk/company/08370131,,TO BE ENRICHED — not held by Companies House,legitimate interests (LIA required before contact),Companies House public API,2026-07-12T04:45:59+00:00
DALTON HEATING SERVICES LTD,14449441,B_COMPLIANCE_DROWNED,"young (2022), total-exemption-full filer",ltd,corporate subscriber,2022-10-28,total-exemption-full,"accounts category, NOT turnover",43220,"3 Stoke Damerel Business Centre, 5 Church Street, Plymouth, Devon",PL3 4DT,https://find-and-update.company-information.service.gov.uk/company/14449441,,TO BE ENRICHED — not held by Companies House,legitimate interests (LIA required before contact),Companies House public API,2026-07-12T04:45:59+00:00
GAS & HEATING SOUTHEAST LIMITED,08560918,EXCLUDED_DORMANT,"dormant — not trading, not a buyer",ltd,corporate subscriber,2013-06-07,dormant,"accounts category, NOT turnover",43220,"1 Guildprime Business Park, Southend Road, Billericay, Essex",CM11 2PZ,https://find-and-update.company-information.service.gov.uk/company/08560918,,TO BE ENRICHED — not held by Companies House,legitimate interests (LIA required before contact),Companies House public API,2026-07-12T04:46:00+00:00
GILDEN TEST & INSPECTION LIMITED,05832754,B_COMPLIANCE_DROWNED,micro filer (micro-entity),ltd,corporate subscriber,2006-05-31,micro-entity,"accounts category, NOT turnover",43210,"24d Dartford Road, Sevenoaks",TN13 3TQ,https://find-and-update.company-information.service.gov.uk/company/05832754,,TO BE ENRICHED — not held by Companies House,legitimate interests (LIA required before contact),Companies House public API,2026-07-12T04:46:01+00:00
HEATCARE BMC LTD,08530107,A_CEILING_HIT,"established 2013, total-exemption-full filer",ltd,corporate subscriber,2013-05-15,total-exemption-full,"accounts category, NOT turnover",43220,"C/O Shaw & Co, 3 Colegate, Norwich, Norfolk",NR3 1BN,https://find-and-update.company-information.service.gov.uk/company/08530107,,TO BE ENRICHED — not held by Companies House,legitimate interests (LIA required before contact),Companies House public API,2026-07-12T04:46:01+00:00
KMC HEATING AND GAS SERVICES LTD,SC812843,EXCLUDED_DORMANT,"dormant — not trading, not a buyer",ltd,corporate subscriber,2024-06-06,dormant,"accounts category, NOT turnover",43220,"36 Rose Street, Greenock",PA16 7JR,https://find-and-update.company-information.service.gov.uk/company/SC812843,,TO BE ENRICHED — not held by Companies House,legitimate interests (LIA required before contact),Companies House public API,2026-07-12T04:46:02+00:00
RLMTS CONTROLS LTD,14390852,B_COMPLIANCE_DROWNED,micro filer (micro-entity),ltd,corporate subscriber,2022-10-01,micro-entity,"accounts category, NOT turnover",33140; 43210; 71121,"11 Park Square, Newport",NP20 4EL,https://find-and-update.company-information.service.gov.uk/company/14390852,,TO BE ENRICHED — not held by Companies House,legitimate interests (LIA required before contact),Companies House public API,2026-07-12T04:46:03+00:00
ELECTRICIAN OF LONDON LIMITED,08912297,A_CEILING_HIT,"established 2014, total-exemption-full filer",ltd,corporate subscriber,2014-02-26,total-exemption-full,"accounts category, NOT turnover",43210,"34 Oakmoor Way, Chigwell",IG7 4BS,https://find-and-update.company-information.service.gov.uk/company/08912297,,TO BE ENRICHED — not held by Companies House,legitimate interests (LIA required before contact),Companies House public API,2026-07-12T04:46:03+00:00
NICKLIN ELECTRICAL CONTRACTING LIMITED,09540592,A_CEILING_HIT,"established 2015, total-exemption-full filer",ltd,corporate subscriber,2015-04-14,total-exemption-full,"accounts category, NOT turnover",43210,"794 High Street, Kingswinford, West Midlands",DY6 8BQ,https://find-and-update.company-information.service.gov.uk/company/09540592,,TO BE ENRICHED — not held by Companies House,legitimate interests (LIA required before contact),Companies House public API,2026-07-12T04:46:04+00:00
SPARKLIFE LTD,07155193,B_COMPLIANCE_DROWNED,micro filer (micro-entity),ltd,corporate subscriber,2010-02-11,micro-entity,"accounts category, NOT turnover",43210,"C/O Savvy Accountancy, Kenward House, High Street, Hartley Wintney, Hampshire",RG27 8NY,https://find-and-update.company-information.service.gov.uk/company/07155193,,TO BE ENRICHED — not held by Companies House,legitimate interests (LIA required before contact),Companies House public API,2026-07-12T04:46:05+00:00
B&J GRAND DESIGN LTD,08812275,B_COMPLIANCE_DROWNED,micro filer (micro-entity),ltd,corporate subscriber,2013-12-12,micro-entity,"accounts category, NOT turnover",43290,"57a Broadway, Leigh-On-Sea, Essex",SS9 1PE,https://find-and-update.company-information.service.gov.uk/company/08812275,,TO BE ENRICHED — not held by Companies House,legitimate interests (LIA required before contact),Companies House public API,2026-07-12T04:46:06+00:00
MJ ELECTRICAL LTD,14179969,B_COMPLIANCE_DROWNED,micro filer (micro-entity),ltd,corporate subscriber,2022-06-17,micro-entity,"accounts category, NOT turnover",43210,"Office 010 Upper Wortley Business Centre, 127 Upper Wortley Road, Leeds",LS12 4JG,https://find-and-update.company-information.service.gov.uk/company/14179969,,TO BE ENRICHED — not held by Companies House,legitimate interests (LIA required before contact),Companies House public API,2026-07-12T04:46:06+00:00
GEL ENGINEERING LIMITED,08032283,C_ENTERPRISE,files full/group/medium accounts,ltd,corporate subscriber,2012-04-16,group,"accounts category, NOT turnover",43290,"Suite 62, The Wenta Business Centre, 1 Electric Avenue, Enfield",EN3 7XU,https://find-and-update.company-information.service.gov.uk/company/08032283,,TO BE ENRICHED — not held by Companies House,legitimate interests (LIA required before contact),Companies House public API,2026-07-12T04:46:07+00:00
S E (NE) ELECTRICAL LTD,09945768,A_CEILING_HIT,"established 2016, total-exemption-full filer",ltd,corporate subscriber,2016-01-11,total-exemption-full,"accounts category, NOT turnover",43210,"25 The Ridgeway, Kenton, Newcastle Upon Tyne, Tyne & Wear",NE3 4LP,https://find-and-update.company-information.service.gov.uk/company/09945768,,TO BE ENRICHED — not held by Companies House,legitimate interests (LIA required before contact),Companies House public API,2026-07-12T04:46:08+00:00
EVOLUTION ELECTRICAL YORK LTD,12876655,B_COMPLIANCE_DROWNED,micro filer (micro-entity),ltd,corporate subscriber,2020-09-13,micro-entity,"accounts category, NOT turnover",43210,"Concept Business Centre, Unit 15 Kettlestring Lane, York",YO30 4XF,https://find-and-update.company-information.service.gov.uk/company/12876655,,TO BE ENRICHED — not held by Companies House,legitimate interests (LIA required before contact),Companies House public API,2026-07-12T04:46:08+00:00
SAFEZONE ELECTRICAL LIMITED,09352584,A_CEILING_HIT,"established 2014, total-exemption-full filer",ltd,corporate subscriber,2014-12-12,total-exemption-full,"accounts category, NOT turnover",43210,"33 Boston Road South, Holbeach, Spalding",PE12 7LR,https://find-and-update.company-information.service.gov.uk/company/09352584,,TO BE ENRICHED — not held by Companies House,legitimate interests (LIA required before contact),Companies House public API,2026-07-12T04:46:09+00:00
IPLUMB & HEAT LTD,08189920,A_CEILING_HIT,"established 2012, total-exemption-full filer",ltd,corporate subscriber,2012-08-23,total-exemption-full,"accounts category, NOT turnover",43220,"88 Rosebery Road Langley Vale, Epsom, Surrey",KT18 6AA,https://find-and-update.company-information.service.gov.uk/company/08189920,,TO BE ENRICHED — not held by Companies House,legitimate interests (LIA required before contact),Companies House public API,2026-07-12T04:46:10+00:00
HOME RESPONSE 360 LTD,09438697,A_CEILING_HIT,"established 2015, total-exemption-full filer",ltd,corporate subscriber,2015-02-13,total-exemption-full,"accounts category, NOT turnover",33190; 43220,"Parkhill Business Centre, Padiham Road, Burnley",BB12 6TG,https://find-and-update.company-information.service.gov.uk/company/09438697,,TO BE ENRICHED — not held by Companies House,legitimate interests (LIA required before contact),Companies House public API,2026-07-12T04:46:10+00:00
GIOCO STONES LTD,09664219,A_CEILING_HIT,"established 2015, total-exemption-full filer",ltd,corporate subscriber,2015-06-30,total-exemption-full,"accounts category, NOT turnover",43290,"10 Oakbank, Hutton",CM13 1DN,https://find-and-update.company-information.service.gov.uk/company/09664219,,TO BE ENRICHED — not held by Companies House,legitimate interests (LIA required before contact),Companies House public API,2026-07-12T04:46:11+00:00
VIKING FLOORING LTD,SC733478,B_COMPLIANCE_DROWNED,micro filer (micro-entity),ltd,corporate subscriber,2022-05-24,micro-entity,"accounts category, NOT turnover",43290; 43330,"13 Meek Place, Cambuslang, Glasgow",G72 8LN,https://find-and-update.company-information.service.gov.uk/company/SC733478,,TO BE ENRICHED — not held by Companies House,legitimate interests (LIA required before contact),Companies House public API,2026-07-12T04:46:12+00:00
S2K INDUSTRIAL SERVICES LIMITED,13010960,B_COMPLIANCE_DROWNED,micro filer (micro-entity),ltd,corporate subscriber,2020-11-11,micro-entity,"accounts category, NOT turnover",33110; 33120; 43210,"Unit 1 Highgrounds Way, Rhodesia, Worksop, Nottinghamshire",S80 3AF,https://find-and-update.company-information.service.gov.uk/company/13010960,,TO BE ENRICHED — not held by Companies House,legitimate interests (LIA required before contact),Companies House public API,2026-07-12T04:46:12+00:00
INFRASTRUCTURE SUPPORT SOLUTIONS LIMITED,06253082,C_ENTERPRISE,files full/group/medium accounts,ltd,corporate subscriber,2007-05-21,full,"accounts category, NOT turnover",43290; 78109,"Pure Offices, Suites 136 And 137 Lake View Drive, Annesley, Nottingham",NG15 0DT,https://find-and-update.company-information.service.gov.uk/company/06253082,,TO BE ENRICHED — not held by Companies House,legitimate interests (LIA required before contact),Companies House public API,2026-07-12T04:46:13+00:00
EE DEVELOPMENTS LTD,09889254,A_CEILING_HIT,"established 2015, total-exemption-full filer",ltd,corporate subscriber,2015-11-25,total-exemption-full,"accounts category, NOT turnover",43290,"44 Unit 44 Pindar Road, Hoddesdon Industrial Centre, Hoddesdon, Herts",EN11 0FF,https://find-and-update.company-information.service.gov.uk/company/09889254,,TO BE ENRICHED — not held by Companies House,legitimate interests (LIA required before contact),Companies House public API,2026-07-12T04:46:14+00:00
STARBUCKS ELECTRICAL SERVICES LTD,12708085,A_CEILING_HIT,"established 2020, total-exemption-full filer",ltd,corporate subscriber,2020-06-30,total-exemption-full,"accounts category, NOT turnover",43210,"51 St Marys Drive, Stretton",DE13 0JJ,https://find-and-update.company-information.service.gov.uk/company/12708085,,TO BE ENRICHED — not held by Companies House,legitimate interests (LIA required before contact),Companies House public API,2026-07-12T04:46:15+00:00
PROFLAME LIMITED,06877528,B_COMPLIANCE_DROWNED,micro filer (micro-entity),ltd,corporate subscriber,2009-04-15,micro-entity,"accounts category, NOT turnover",43220,"15 Ediva Road, Meopham, Kent",DA13 0NA,https://find-and-update.company-information.service.gov.uk/company/06877528,,TO BE ENRICHED — not held by Companies House,legitimate interests (LIA required before contact),Companies House public API,2026-07-12T04:46:15+00:00
ENVIRO CLEAN AIR CONDITIONING LTD,11437765,B_COMPLIANCE_DROWNED,micro filer (micro-entity),ltd,corporate subscriber,2018-06-28,micro-entity,"accounts category, NOT turnover",43220,"7 Swan Court Forder Way, Cygnet Park, Hampton, Peterborough",PE7 8GX,https://find-and-update.company-information.service.gov.uk/company/11437765,,TO BE ENRICHED — not held by Companies House,legitimate interests (LIA required before contact),Companies House public API,2026-07-12T04:46:16+00:00
GIVE ME CHANCE LTD,15764640,EXCLUDED_DORMANT,"dormant — not trading, not a buyer",ltd,corporate subscriber,2024-06-06,dormant,"accounts category, NOT turnover",43290; 43999,"Accounts Centre, 492 Gale Street, Dagenham, Essex",RM9 4NU,https://find-and-update.company-information.service.gov.uk/company/15764640,,TO BE ENRICHED — not held by Companies House,legitimate interests (LIA required before contact),Companies House public API,2026-07-12T04:46:17+00:00
WE DAWSON LTD,10762377,A_CEILING_HIT,"established 2017, total-exemption-full filer",ltd,corporate subscriber,2017-05-10,total-exemption-full,"accounts category, NOT turnover",43290,"114-120 Northgate Street, Chester, Cheshire",CH1 2HT,https://find-and-update.company-information.service.gov.uk/company/10762377,,TO BE ENRICHED — not held by Companies House,legitimate interests (LIA required before contact),Companies House public API,2026-07-12T04:46:17+00:00
J BOWLES ELECTRICAL LTD,15764865,EXCLUDED_DORMANT,"dormant — not trading, not a buyer",ltd,corporate subscriber,2024-06-06,dormant,"accounts category, NOT turnover",43210,"2 Shirley Close, Milton, Cambridge",CB24 6BG,https://find-and-update.company-information.service.gov.uk/company/15764865,,TO BE ENRICHED — not held by Companies House,legitimate interests (LIA required before contact),Companies House public API,2026-07-12T04:46:18+00:00
J1 ELECTRICAL LIMITED,07861578,A_CEILING_HIT,"established 2011, total-exemption-full filer",ltd,corporate subscriber,2011-11-25,total-exemption-full,"accounts category, NOT turnover",43210,"3 Meadowbank Close, Liverpool, Merseyside",L12 9LE,https://find-and-update.company-information.service.gov.uk/company/07861578,,TO BE ENRICHED — not held by Companies House,legitimate interests (LIA required before contact),Companies House public API,2026-07-12T04:46:19+00:00
KMC BUILDERS & FIRE CONTRACTORS LTD,13798664,B_COMPLIANCE_DROWNED,micro filer (micro-entity),ltd,corporate subscriber,2021-12-13,micro-entity,"accounts category, NOT turnover",43210; 43390,"7b Travershes Close, Exmouth, Devon",EX8 3LH,https://find-and-update.company-information.service.gov.uk/company/13798664,,TO BE ENRICHED — not held by Companies House,legitimate interests (LIA required before contact),Companies House public API,2026-07-12T04:46:19+00:00
MARTYN CAREY GAS MAINTENANCE LTD,14458632,B_COMPLIANCE_DROWNED,"young (2022), total-exemption-full filer",ltd,corporate subscriber,2022-11-02,total-exemption-full,"accounts category, NOT turnover",43220,"7 Heol Y Bont, Rhiwbina, Cardiff",CF14 6AJ,https://find-and-update.company-information.service.gov.uk/company/14458632,,TO BE ENRICHED — not held by Companies House,legitimate interests (LIA required before contact),Companies House public API,2026-07-12T04:46:20+00:00
PINNACLE PLUMBING & HEATING SERVICES LTD,14899926,B_COMPLIANCE_DROWNED,micro filer (micro-entity),ltd,corporate subscriber,2023-05-29,micro-entity,"accounts category, NOT turnover",43290,"Office Suite 2 Fort Bridgewood, Maidstone Road, Rochester, Kent",ME1 3DQ,https://find-and-update.company-information.service.gov.uk/company/14899926,,TO BE ENRICHED — not held by Companies House,legitimate interests (LIA required before contact),Companies House public API,2026-07-12T04:46:21+00:00
PH RENEWABLES LIMITED,14340069,B_COMPLIANCE_DROWNED,micro filer (micro-entity),ltd,corporate subscriber,2022-09-06,micro-entity,"accounts category, NOT turnover",43210,"220 Westella Road Westella, East Yorkshire",HU10 7RS,https://find-and-update.company-information.service.gov.uk/company/14340069,,TO BE ENRICHED — not held by Companies House,legitimate interests (LIA required before contact),Companies House public API,2026-07-12T04:46:21+00:00
STIRLING PLUMBERS & HEATING ENGINEERS LTD.,SC194952,EXCLUDED_DORMANT,"dormant — not trading, not a buyer",ltd,corporate subscriber,1999-04-06,dormant,"accounts category, NOT turnover",43220,"28 Caltrop Place, Wallace Glen, Stirling",FK7 7XS,https://find-and-update.company-information.service.gov.uk/company/SC194952,,TO BE ENRICHED — not held by Companies House,legitimate interests (LIA required before contact),Companies House public API,2026-07-12T04:46:22+00:00
MCGHIE ENGINEERING LTD,11253967,A_CEILING_HIT,"established 2018, total-exemption-full filer",ltd,corporate subscriber,2018-03-14,total-exemption-full,"accounts category, NOT turnover",43220,"15 Glendale Way, London",SE28 8HA,https://find-and-update.company-information.service.gov.uk/company/11253967,,TO BE ENRICHED — not held by Companies House,legitimate interests (LIA required before contact),Companies House public API,2026-07-12T04:46:23+00:00
PHOENIX GAS AND HEATING LTD,10813966,A_CEILING_HIT,"established 2017, total-exemption-full filer",ltd,corporate subscriber,2017-06-12,total-exemption-full,"accounts category, NOT turnover",43220,"39 West End Road, Ruislip, Middlesex",HA4 6JG,https://find-and-update.company-information.service.gov.uk/company/10813966,,TO BE ENRICHED — not held by Companies House,legitimate interests (LIA required before contact),Companies House public API,2026-07-12T04:46:24+00:00
GRAFTER SERVICES LIMITED,15765229,B_COMPLIANCE_DROWNED,"young (2024), total-exemption-full filer",ltd,corporate subscriber,2024-06-06,total-exemption-full,"accounts category, NOT turnover",16230; 43210; 43220; 81210,"Unit 1 Lodge Yard Business Centre, Kingswood, Aylesbury",HP18 0QJ,https://find-and-update.company-information.service.gov.uk/company/15765229,,TO BE ENRICHED — not held by Companies House,legitimate interests (LIA required before contact),Companies House public API,2026-07-12T04:46:24+00:00
MRH RENDERS LTD,14340602,B_COMPLIANCE_DROWNED,micro filer (micro-entity),ltd,corporate subscriber,2022-09-06,micro-entity,"accounts category, NOT turnover",43290; 43310; 43330,"23 Denise Drive, Harborne, Birmingham, West Midlands",B17 0BN,https://find-and-update.company-information.service.gov.uk/company/14340602,,TO BE ENRICHED — not held by Companies House,legitimate interests (LIA required before contact),Companies House public API,2026-07-12T04:46:25+00:00
UK GAS SAFETY LIMITED,11190074,B_COMPLIANCE_DROWNED,micro filer (micro-entity),ltd,corporate subscriber,2018-02-06,micro-entity,"accounts category, NOT turnover",43220,"First Floor, Woburn Court 2 Railton Road, Woburn Road Industrial Estate, Kempston, Bedfordshire",MK42 7PN,https://find-and-update.company-information.service.gov.uk/company/11190074,,TO BE ENRICHED — not held by Companies House,legitimate interests (LIA required before contact),Companies House public API,2026-07-12T04:46:26+00:00
FLO STAT HEATING & PLUMBING LTD,11786950,A_CEILING_HIT,"established 2019, total-exemption-full filer",ltd,corporate subscriber,2019-01-24,total-exemption-full,"accounts category, NOT turnover",43220,"45 Eton Grove,, Kingsbury,, London",NW9 9LE,https://find-and-update.company-information.service.gov.uk/company/11786950,,TO BE ENRICHED — not held by Companies House,legitimate interests (LIA required before contact),Companies House public API,2026-07-12T04:46:26+00:00
SUB ZERO HOLDINGS LIMITED,12117811,A_CEILING_HIT,"established 2019, total-exemption-full filer",ltd,corporate subscriber,2019-07-23,total-exemption-full,"accounts category, NOT turnover",35300; 43210; 64209; 71129,"929 Abbeydale Road, Sheffield, South Yorkshire",S7 2QD,https://find-and-update.company-information.service.gov.uk/company/12117811,,TO BE ENRICHED — not held by Companies House,legitimate interests (LIA required before contact),Companies House public API,2026-07-12T04:46:27+00:00
DMD LIGHTING LIMITED,11401901,B_COMPLIANCE_DROWNED,micro filer (micro-entity),ltd,corporate subscriber,2018-06-07,micro-entity,"accounts category, NOT turnover",43210,"71 Kirkley Drive, Ponteland, Newcastle Upon Tyne",NE20 9QW,https://find-and-update.company-information.service.gov.uk/company/11401901,,TO BE ENRICHED — not held by Companies House,legitimate interests (LIA required before contact),Companies House public API,2026-07-12T04:46:28+00:00
D C BATHROOMS LTD,12036376,EXCLUDED_DORMANT,"dormant — not trading, not a buyer",ltd,corporate subscriber,2019-06-06,dormant,"accounts category, NOT turnover",43220,"B1. Redlands Business Centre, 3-5 Tapton House Road, Sheffield, South Yorkshire",S10 5BY,https://find-and-update.company-information.service.gov.uk/company/12036376,,TO BE ENRICHED — not held by Companies House,legitimate interests (LIA required before contact),Companies House public API,2026-07-12T04:46:28+00:00
OIL-LINE HEATING SERVICES LIMITED,08375587,B_COMPLIANCE_DROWNED,micro filer (micro-entity),ltd,corporate subscriber,2013-01-25,micro-entity,"accounts category, NOT turnover",43220,"8 Nab View, Silsden, Keighley, West Yorkshire",BD20 9PU,https://find-and-update.company-information.service.gov.uk/company/08375587,,TO BE ENRICHED — not held by Companies House,legitimate interests (LIA required before contact),Companies House public API,2026-07-12T04:46:29+00:00
GLOUCESTERSHIRE ELECTRICAL SERVICES LTD,11383264,B_COMPLIANCE_DROWNED,micro filer (micro-entity),ltd,corporate subscriber,2018-05-25,micro-entity,"accounts category, NOT turnover",43210,"6 Woodrush  Road, Walton Cardiff, Tewkesbury",GL20 7SF,https://find-and-update.company-information.service.gov.uk/company/11383264,,TO BE ENRICHED — not held by Companies House,legitimate interests (LIA required before contact),Companies House public API,2026-07-12T04:46:30+00:00
PREMIER PIPE SOLUTIONS LTD,SC770482,B_COMPLIANCE_DROWNED,"young (2023), total-exemption-full filer",ltd,corporate subscriber,2023-05-24,total-exemption-full,"accounts category, NOT turnover",43290,"4d Auchingramont Road, Hamilton",ML3 6JT,https://find-and-update.company-information.service.gov.uk/company/SC770482,,TO BE ENRICHED — not held by Companies House,legitimate interests (LIA required before contact),Companies House public API,2026-07-12T04:46:30+00:00
TOTAL REWIRE NW LTD,12032310,B_COMPLIANCE_DROWNED,micro filer (micro-entity),ltd,corporate subscriber,2019-06-04,micro-entity,"accounts category, NOT turnover",43210,"18 Linden Grove, Chorley, Lancashire",PR6 7BN,https://find-and-update.company-information.service.gov.uk/company/12032310,,TO BE ENRICHED — not held by Companies House,legitimate interests (LIA required before contact),Companies House public API,2026-07-12T04:46:31+00:00
DDG PLUMBING & HEATING SOLUTIONS LTD,08792991,A_CEILING_HIT,"established 2013, unaudited-abridged filer",ltd,corporate subscriber,2013-11-27,unaudited-abridged,"accounts category, NOT turnover",43220,"Vesta Works Greg Street, Reddish, Stockport, Cheshire",SK5 7BS,https://find-and-update.company-information.service.gov.uk/company/08792991,,TO BE ENRICHED — not held by Companies House,legitimate interests (LIA required before contact),Companies House public API,2026-07-12T04:46:32+00:00
EKKO INSTAL LTD,11844186,B_COMPLIANCE_DROWNED,micro filer (micro-entity),ltd,corporate subscriber,2019-02-25,micro-entity,"accounts category, NOT turnover",43210,"6 Liverpool Avenue, Doncaster",DN2 4EX,https://find-and-update.company-information.service.gov.uk/company/11844186,,TO BE ENRICHED — not held by Companies House,legitimate interests (LIA required before contact),Companies House public API,2026-07-12T04:46:33+00:00
PHOENIX HEATING LIMITED,06054794,B_COMPLIANCE_DROWNED,micro filer (micro-entity),ltd,corporate subscriber,2007-01-16,micro-entity,"accounts category, NOT turnover",43220,"68 Elms Road, Harrow",HA3 6BS,https://find-and-update.company-information.service.gov.uk/company/06054794,,TO BE ENRICHED — not held by Companies House,legitimate interests (LIA required before contact),Companies House public API,2026-07-12T04:46:33+00:00
TVP PLUMBING & HEATING LTD,11874597,A_CEILING_HIT,"established 2019, total-exemption-full filer",ltd,corporate subscriber,2019-03-11,total-exemption-full,"accounts category, NOT turnover",43220,"Imperial House, 1a Standen Avenue, Hornchurch, Essex",RM12 6AA,https://find-and-update.company-information.service.gov.uk/company/11874597,,TO BE ENRICHED — not held by Companies House,legitimate interests (LIA required before contact),Companies House public API,2026-07-12T04:46:34+00:00
K HARRIS PLUMBING & HEATING LTD,SC596950,A_CEILING_HIT,"established 2018, total-exemption-full filer",ltd,corporate subscriber,2018-05-11,total-exemption-full,"accounts category, NOT turnover",43220,"25 Craigendmuir Street, Glasgow, Glasgow",G33 1LG,https://find-and-update.company-information.service.gov.uk/company/SC596950,,TO BE ENRICHED — not held by Companies House,legitimate interests (LIA required before contact),Companies House public API,2026-07-12T04:46:35+00:00
DANIEL ELECTRICAL SERVICES LIMITED,12857090,A_CEILING_HIT,"established 2020, total-exemption-full filer",ltd,corporate subscriber,2020-09-03,total-exemption-full,"accounts category, NOT turnover",43210,"4 Home Farm Close, Reading",RG2 7TD,https://find-and-update.company-information.service.gov.uk/company/12857090,,TO BE ENRICHED — not held by Companies House,legitimate interests (LIA required before contact),Companies House public API,2026-07-12T04:46:35+00:00
STERRY ELECTRICAL SOLUTIONS LTD,15764719,B_COMPLIANCE_DROWNED,"young (2024), total-exemption-full filer",ltd,corporate subscriber,2024-06-06,total-exemption-full,"accounts category, NOT turnover",43210,"51 Collard Avenue, Loughton, Essex",IG10 2ER,https://find-and-update.company-information.service.gov.uk/company/15764719,,TO BE ENRICHED — not held by Companies House,legitimate interests (LIA required before contact),Companies House public API,2026-07-12T04:46:36+00:00
VICTUM SOLUTIONS LIMITED,12634430,EXCLUDED_DORMANT,"dormant — not trading, not a buyer",ltd,corporate subscriber,2020-05-30,dormant,"accounts category, NOT turnover",33130; 43210,"101-135 Kings House Kings Road, Brentwood",CM14 4DR,https://find-and-update.company-information.service.gov.uk/company/12634430,,TO BE ENRICHED — not held by Companies House,legitimate interests (LIA required before contact),Companies House public API,2026-07-12T04:46:37+00:00
EVAN RICHARDS PLUMBING AND HEATING LIMITED,06517966,A_CEILING_HIT,"established 2008, total-exemption-full filer",ltd,corporate subscriber,2008-02-28,total-exemption-full,"accounts category, NOT turnover",43220,"311 Unthank Road, Norwich, Norfolk",NR4 7QA,https://find-and-update.company-information.service.gov.uk/company/06517966,,TO BE ENRICHED — not held by Companies House,legitimate interests (LIA required before contact),Companies House public API,2026-07-12T04:46:37+00:00
OXFORD MAINTENANCE SERVICES LTD,13513251,B_COMPLIANCE_DROWNED,"young (2021), total-exemption-full filer",ltd,corporate subscriber,2021-07-15,total-exemption-full,"accounts category, NOT turnover",43290,"G8 Lynch Lane Offices, 79 Lynch Lane, Weymouth, Dorset",DT4 9DN,https://find-and-update.company-information.service.gov.uk/company/13513251,,TO BE ENRICHED — not held by Companies House,legitimate interests (LIA required before contact),Companies House public API,2026-07-12T04:46:38+00:00
AFTERGLOW ELECTRICAL LIMITED,13941176,B_COMPLIANCE_DROWNED,"young (2022), total-exemption-full filer",ltd,corporate subscriber,2022-02-25,total-exemption-full,"accounts category, NOT turnover",43210,"29a Crown Street, Brentwood, Essex",CM14 4BA,https://find-and-update.company-information.service.gov.uk/company/13941176,,TO BE ENRICHED — not held by Companies House,legitimate interests (LIA required before contact),Companies House public API,2026-07-12T04:46:39+00:00
FARRAR ELECTRICAL LIMITED,06919678,A_CEILING_HIT,"established 2009, total-exemption-full filer",ltd,corporate subscriber,2009-05-29,total-exemption-full,"accounts category, NOT turnover",43210,"36 Lavender Court, Netherton, Huddersfield",HD4 7LW,https://find-and-update.company-information.service.gov.uk/company/06919678,,TO BE ENRICHED — not held by Companies House,legitimate interests (LIA required before contact),Companies House public API,2026-07-12T04:46:39+00:00
BRAYLAND ELECTRICAL LTD,13327540,B_COMPLIANCE_DROWNED,micro filer (micro-entity),ltd,corporate subscriber,2021-04-12,micro-entity,"accounts category, NOT turnover",43210,"2 Invicta Park, Sandpit Road, Dartford",DA1 5BU,https://find-and-update.company-information.service.gov.uk/company/13327540,,TO BE ENRICHED — not held by Companies House,legitimate interests (LIA required before contact),Companies House public API,2026-07-12T04:46:40+00:00
K CRAWLEY & SONS LTD,08296581,A_CEILING_HIT,"established 2012, total-exemption-full filer",ltd,corporate subscriber,2012-11-16,total-exemption-full,"accounts category, NOT turnover",43290,"6 Moorfields, Moorhaven, Ivybridge, Devon",PL21 0XQ,https://find-and-update.company-information.service.gov.uk/company/08296581,,TO BE ENRICHED — not held by Companies House,legitimate interests (LIA required before contact),Companies House public API,2026-07-12T04:46:41+00:00
THE HANDY MEN OF YORKSHIRE LTD,15765004,UNCLASSIFIED,no accounts filed yet — cannot size,ltd,corporate subscriber,2024-06-06,none,"accounts category, NOT turnover",43290,"38 Neville Parade, Leeds",LS9 0LD,https://find-and-update.company-information.service.gov.uk/company/15765004,,TO BE ENRICHED — not held by Companies House,legitimate interests (LIA required before contact),Companies House public API,2026-07-12T04:46:42+00:00
EIC SERVICES LIMITED,08357498,B_COMPLIANCE_DROWNED,micro filer (micro-entity),ltd,corporate subscriber,2013-01-11,micro-entity,"accounts category, NOT turnover",43210,"2 Cromwell Road, Barton-Le-Clay, Bedford, Bedfordshire",MK45 4PU,https://find-and-update.company-information.service.gov.uk/company/08357498,,TO BE ENRICHED — not held by Companies House,legitimate interests (LIA required before contact),Companies House public API,2026-07-12T04:46:42+00:00
COSMIC INTEGRATED LTD,12544754,B_COMPLIANCE_DROWNED,micro filer (micro-entity),ltd,corporate subscriber,2020-04-02,micro-entity,"accounts category, NOT turnover",43210; 80200,"97 Rosemary Gardens, Blackwater, Camberley",GU17 0NJ,https://find-and-update.company-information.service.gov.uk/company/12544754,,TO BE ENRICHED — not held by Companies House,legitimate interests (LIA required before contact),Companies House public API,2026-07-12T04:46:43+00:00
PLUMBTEC (STRATFORD UPON AVON) LIMITED,11339185,A_CEILING_HIT,"established 2018, total-exemption-full filer",ltd,corporate subscriber,2018-05-01,total-exemption-full,"accounts category, NOT turnover",43220,"5 Clark Close, Shipston On Stour, Warwickshire",CV36 4HJ,https://find-and-update.company-information.service.gov.uk/company/11339185,,TO BE ENRICHED — not held by Companies House,legitimate interests (LIA required before contact),Companies House public API,2026-07-12T04:46:44+00:00
BRIGHTFITS ELECTRICAL LTD,12915338,A_CEILING_HIT,"established 2020, unaudited-abridged filer",ltd,corporate subscriber,2020-09-30,unaudited-abridged,"accounts category, NOT turnover",43210,"18 Ellerslie Road, London",W12 7BW,https://find-and-update.company-information.service.gov.uk/company/12915338,,TO BE ENRICHED — not held by Companies House,legitimate interests (LIA required before contact),Companies House public API,2026-07-12T04:46:44+00:00
PHASE ELECTRICAL CONTRACTORS LTD,05857024,A_CEILING_HIT,"established 2006, total-exemption-full filer",ltd,corporate subscriber,2006-06-26,total-exemption-full,"accounts category, NOT turnover",43210,"7 Christchurch Place, Epsom, Surrey",KT19 8RS,https://find-and-update.company-information.service.gov.uk/company/05857024,,TO BE ENRICHED — not held by Companies House,legitimate interests (LIA required before contact),Companies House public API,2026-07-12T04:46:45+00:00
TYRONNEY PLUMBING AND HEATING LIMITED,SC557641,A_CEILING_HIT,"established 2017, total-exemption-full filer",ltd,corporate subscriber,2017-02-15,total-exemption-full,"accounts category, NOT turnover",43220,"Meadowfield House, Auldearn, Nairn",IV12 5JZ,https://find-and-update.company-information.service.gov.uk/company/SC557641,,TO BE ENRICHED — not held by Companies House,legitimate interests (LIA required before contact),Companies House public API,2026-07-12T04:46:46+00:00
TOTAL FASCADES UK LIMITED,14000656,B_COMPLIANCE_DROWNED,"young (2022), unaudited-abridged filer",ltd,corporate subscriber,2022-03-24,unaudited-abridged,"accounts category, NOT turnover",43290,"32 Grove Road, Millbrook, Stalybridge",SK15 3BE,https://find-and-update.company-information.service.gov.uk/company/14000656,,TO BE ENRICHED — not held by Companies House,legitimate interests (LIA required before contact),Companies House public API,2026-07-12T04:46:46+00:00
JPO PROPERTY SERVICES LTD,14035237,B_COMPLIANCE_DROWNED,micro filer (micro-entity),ltd,corporate subscriber,2022-04-08,micro-entity,"accounts category, NOT turnover",41202; 43210,"The Long Lodge, 265-269 Kingston Road, London",SW19 3NW,https://find-and-update.company-information.service.gov.uk/company/14035237,,TO BE ENRICHED — not held by Companies House,legitimate interests (LIA required before contact),Companies House public API,2026-07-12T04:46:47+00:00
SRM SERVICES (NI) LIMITED,NI064188,B_COMPLIANCE_DROWNED,micro filer (micro-entity),ltd,corporate subscriber,2007-04-19,micro-entity,"accounts category, NOT turnover",43220,"Suite 4, Commercial Mews, 93-97 Main Street, Larne",BT40 1HJ,https://find-and-update.company-information.service.gov.uk/company/NI064188,,TO BE ENRICHED — not held by Companies House,legitimate interests (LIA required before contact),Companies House public API,2026-07-12T04:46:48+00:00
QUINLIVAN PLUMBING & PROPERTY SERVICES LTD,14755788,B_COMPLIANCE_DROWNED,micro filer (micro-entity),ltd,corporate subscriber,2023-03-24,micro-entity,"accounts category, NOT turnover",43220,"Spindrift Picknage Road, Barley, Royston, Hertfordshire",SG8 8HS,https://find-and-update.company-information.service.gov.uk/company/14755788,,TO BE ENRICHED — not held by Companies House,legitimate interests (LIA required before contact),Companies House public API,2026-07-12T04:46:49+00:00
DJR RIGGING AND LIFTING LIMITED,14104235,B_COMPLIANCE_DROWNED,micro filer (micro-entity),ltd,corporate subscriber,2022-05-12,micro-entity,"accounts category, NOT turnover",43290,"18 Bower Street, Sunderland",SR6 8JA,https://find-and-update.company-information.service.gov.uk/company/14104235,,TO BE ENRICHED — not held by Companies House,legitimate interests (LIA required before contact),Companies House public API,2026-07-12T04:46:49+00:00
EHU POWER LTD,13145809,A_CEILING_HIT,"established 2021, total-exemption-full filer",ltd,corporate subscriber,2021-01-20,total-exemption-full,"accounts category, NOT turnover",43210,"Aboukir House Old Park Road, Swarland, Morpeth, Northumberland",NE65 9HJ,https://find-and-update.company-information.service.gov.uk/company/13145809,,TO BE ENRICHED — not held by Companies House,legitimate interests (LIA required before contact),Companies House public API,2026-07-12T04:46:50+00:00
RWR PLUMBING & HEATING LIMITED,07547740,A_CEILING_HIT,"established 2011, total-exemption-full filer",ltd,corporate subscriber,2011-03-02,total-exemption-full,"accounts category, NOT turnover",43220,"Eldo House, Kempson Way, Bury St Edmunds, Suffolk",IP32 7AR,https://find-and-update.company-information.service.gov.uk/company/07547740,,TO BE ENRICHED — not held by Companies House,legitimate interests (LIA required before contact),Companies House public API,2026-07-12T04:46:51+00:00
MGH ELECTRICAL (UK) LTD,08085605,A_CEILING_HIT,"established 2012, total-exemption-full filer",ltd,corporate subscriber,2012-05-28,total-exemption-full,"accounts category, NOT turnover",43210,"Unit 21 College Street, St. Helens",WA10 1FZ,https://find-and-update.company-information.service.gov.uk/company/08085605,,TO BE ENRICHED — not held by Companies House,legitimate interests (LIA required before contact),Companies House public API,2026-07-12T04:46:51+00:00
JG PIPE SOLUTIONS LTD,11259267,B_COMPLIANCE_DROWNED,micro filer (micro-entity),ltd,corporate subscriber,2018-03-16,micro-entity,"accounts category, NOT turnover",43220,"38 Ennerdale Close, Stukeley Meadows, Huntingdon, Cambridgeshire",PE29 6UU,https://find-and-update.company-information.service.gov.uk/company/11259267,,TO BE ENRICHED — not held by Companies House,legitimate interests (LIA required before contact),Companies House public API,2026-07-12T04:46:52+00:00
GC STRUCTURES LTD,SC757684,B_COMPLIANCE_DROWNED,micro filer (micro-entity),ltd,corporate subscriber,2023-02-04,micro-entity,"accounts category, NOT turnover",41201; 41202; 43290,"23 Bentalla Crescent, Aros, Isle Of Mull",PA72 6JH,https://find-and-update.company-information.service.gov.uk/company/SC757684,,TO BE ENRICHED — not held by Companies House,legitimate interests (LIA required before contact),Companies House public API,2026-07-12T04:46:53+00:00
JONATHAN COX LIMITED,08895614,A_CEILING_HIT,"established 2014, total-exemption-full filer",ltd,corporate subscriber,2014-02-14,total-exemption-full,"accounts category, NOT turnover",43220,"20 Broughton Street, Beeston, Nottingham",NG9 1BD,https://find-and-update.company-information.service.gov.uk/company/08895614,,TO BE ENRICHED — not held by Companies House,legitimate interests (LIA required before contact),Companies House public API,2026-07-12T04:46:53+00:00
BADGER CONTROLS LIMITED,04185776,A_CEILING_HIT,"established 2001, unaudited-abridged filer",ltd,corporate subscriber,2001-03-23,unaudited-abridged,"accounts category, NOT turnover",43210,"Belfry House, Bell Lane, Hertford, Herts",SG14 1BP,https://find-and-update.company-information.service.gov.uk/company/04185776,,TO BE ENRICHED — not held by Companies House,legitimate interests (LIA required before contact),Companies House public API,2026-07-12T04:46:54+00:00
SG TANKS LIMITED,09302810,A_CEILING_HIT,"established 2014, total-exemption-full filer",ltd,corporate subscriber,2014-11-10,total-exemption-full,"accounts category, NOT turnover",43220,"4 Sudley Road, Bognor Regis, West Sussex",PO21 1EU,https://find-and-update.company-information.service.gov.uk/company/09302810,,TO BE ENRICHED — not held by Companies House,legitimate interests (LIA required before contact),Companies House public API,2026-07-12T04:46:55+00:00
LANCER SCOTT CONSTRUCTION WEST LIMITED,14888959,C_ENTERPRISE,files full/group/medium accounts,ltd,corporate subscriber,2023-05-23,full,"accounts category, NOT turnover",43290,"Queen Charlotte House, 53-55 Queen Charlotte Street, Bristol",BS1 4HQ,https://find-and-update.company-information.service.gov.uk/company/14888959,,TO BE ENRICHED — not held by Companies House,legitimate interests (LIA required before contact),Companies House public API,2026-07-12T04:46:55+00:00
T PHIPPS CONSTRUCTION SERVICES LIMITED,09065450,A_CEILING_HIT,"established 2014, total-exemption-full filer",ltd,corporate subscriber,2014-06-02,total-exemption-full,"accounts category, NOT turnover",43210,"51 Spitalfields, Blyth, Worksop",S81 8EB,https://find-and-update.company-information.service.gov.uk/company/09065450,,TO BE ENRICHED — not held by Companies House,legitimate interests (LIA required before contact),Companies House public API,2026-07-12T04:46:56+00:00
EXCLUSIVE FACILITY SERVICES LTD,08583383,B_COMPLIANCE_DROWNED,micro filer (micro-entity),ltd,corporate subscriber,2013-06-25,micro-entity,"accounts category, NOT turnover",43220,"160 Bath Road, Thatcham",RG18 3HJ,https://find-and-update.company-information.service.gov.uk/company/08583383,,TO BE ENRICHED — not held by Companies House,legitimate interests (LIA required before contact),Companies House public API,2026-07-12T04:46:57+00:00
CITY GAS FORCE LTD,10207014,EXCLUDED_DORMANT,"dormant — not trading, not a buyer",ltd,corporate subscriber,2016-05-31,dormant,"accounts category, NOT turnover",43220,"47 Oulton Crescent, Barking, Essex",IG11 9HF,https://find-and-update.company-information.service.gov.uk/company/10207014,,TO BE ENRICHED — not held by Companies House,legitimate interests (LIA required before contact),Companies House public API,2026-07-12T04:46:58+00:00
DUAL CLIMATE LIMITED,13705901,B_COMPLIANCE_DROWNED,micro filer (micro-entity),ltd,corporate subscriber,2021-10-27,micro-entity,"accounts category, NOT turnover",43220,"Shepherd Accountants Limited 20 Lintot Square Fairbank Road, Southwater, Horsham, West Sussex",RH13 9LA,https://find-and-update.company-information.service.gov.uk/company/13705901,,TO BE ENRICHED — not held by Companies House,legitimate interests (LIA required before contact),Companies House public API,2026-07-12T04:46:58+00:00
PMC HEATING AND PLUMBING LTD,10787385,B_COMPLIANCE_DROWNED,micro filer (micro-entity),ltd,corporate subscriber,2017-05-24,micro-entity,"accounts category, NOT turnover",43220,"First Floor, 27 Kneesworth Street, Royston, Hertfordshire",SG8 5AB,https://find-and-update.company-information.service.gov.uk/company/10787385,,TO BE ENRICHED — not held by Companies House,legitimate interests (LIA required before contact),Companies House public API,2026-07-12T04:46:59+00:00
XLEC SERVICES LTD,14296894,B_COMPLIANCE_DROWNED,"young (2022), total-exemption-full filer",ltd,corporate subscriber,2022-08-15,total-exemption-full,"accounts category, NOT turnover",43210,"14 West Green, Sealand, Deeside",CH5 2SD,https://find-and-update.company-information.service.gov.uk/company/14296894,,TO BE ENRICHED — not held by Companies House,legitimate interests (LIA required before contact),Companies House public API,2026-07-12T04:47:00+00:00
NEIL STEVENS LIMITED,08630884,B_COMPLIANCE_DROWNED,micro filer (micro-entity),ltd,corporate subscriber,2013-07-30,micro-entity,"accounts category, NOT turnover",43210,"404a Ringwood Road, Ferndown",BH22 9AU,https://find-and-update.company-information.service.gov.uk/company/08630884,,TO BE ENRICHED — not held by Companies House,legitimate interests (LIA required before contact),Companies House public API,2026-07-12T04:47:00+00:00
G&B ELECTRICS LIMITED,12213340,A_CEILING_HIT,"established 2019, total-exemption-full filer",ltd,corporate subscriber,2019-09-18,total-exemption-full,"accounts category, NOT turnover",43210,"Richmond House, Walkern Road, Stevenage, Hertfordshire",SG1 3QP,https://find-and-update.company-information.service.gov.uk/company/12213340,,TO BE ENRICHED — not held by Companies House,legitimate interests (LIA required before contact),Companies House public API,2026-07-12T04:47:01+00:00
JUICED MECHANICAL & ELECTRICAL LTD,14501833,B_COMPLIANCE_DROWNED,micro filer (micro-entity),ltd,corporate subscriber,2022-11-23,micro-entity,"accounts category, NOT turnover",43210; 43220,"86-90 Paul Street, London",EC2A 4NE,https://find-and-update.company-information.service.gov.uk/company/14501833,,TO BE ENRICHED — not held by Companies House,legitimate interests (LIA required before contact),Companies House public API,2026-07-12T04:47:02+00:00
G MCNICHOLAS PLUMBING LIMITED,10789133,A_CEILING_HIT,"established 2017, total-exemption-full filer",ltd,corporate subscriber,2017-05-25,total-exemption-full,"accounts category, NOT turnover",43220,"Viking Garth, Scarborough Road, Bridlington",YO16 6XH,https://find-and-update.company-information.service.gov.uk/company/10789133,,TO BE ENRICHED — not held by Companies House,legitimate interests (LIA required before contact),Companies House public API,2026-07-12T04:47:02+00:00
WARNER SERVICES LIMITED,05165641,B_COMPLIANCE_DROWNED,micro filer (micro-entity),ltd,corporate subscriber,2004-06-29,micro-entity,"accounts category, NOT turnover",43210,"5 Queenwood Grove, Prestbury, Cheltenham, Gloucestershire",GL52 3NG,https://find-and-update.company-information.service.gov.uk/company/05165641,,TO BE ENRICHED — not held by Companies House,legitimate interests (LIA required before contact),Companies House public API,2026-07-12T04:47:03+00:00
NEWLEC ELECTRICAL LTD,14909758,B_COMPLIANCE_DROWNED,micro filer (micro-entity),ltd,corporate subscriber,2023-06-01,micro-entity,"accounts category, NOT turnover",43210,"The Mousery, Beeches Road, Wickford, Essex",SS11 8GH,https://find-and-update.company-information.service.gov.uk/company/14909758,,TO BE ENRICHED — not held by Companies House,legitimate interests (LIA required before contact),Companies House public API,2026-07-12T04:47:04+00:00
JRA INSTALLATIONS LIMITED,06966708,A_CEILING_HIT,"established 2009, total-exemption-full filer",ltd,corporate subscriber,2009-07-20,total-exemption-full,"accounts category, NOT turnover",43210,"Timber Barn North Lodge Farm, Redenhall, Harleston, Norfolk",IP20 9PD,https://find-and-update.company-information.service.gov.uk/company/06966708,,TO BE ENRICHED — not held by Companies House,legitimate interests (LIA required before contact),Companies House public API,2026-07-12T04:47:04+00:00
IPOWER LONDON LTD,13424459,A_CEILING_HIT,"established 2021, unaudited-abridged filer",ltd,corporate subscriber,2021-05-27,unaudited-abridged,"accounts category, NOT turnover",43210,"49 Templer Avenue, Grays",RM16 4EL,https://find-and-update.company-information.service.gov.uk/company/13424459,,TO BE ENRICHED — not held by Companies House,legitimate interests (LIA required before contact),Companies House public API,2026-07-12T04:47:05+00:00
NUBIAN BUILD LTD,12622001,EXCLUDED_DORMANT,"dormant — not trading, not a buyer",ltd,corporate subscriber,2020-05-26,dormant,"accounts category, NOT turnover",41201; 41202; 43290; 68100,"259 Holly Park Estate, London",N4 4BW,https://find-and-update.company-information.service.gov.uk/company/12622001,,TO BE ENRICHED — not held by Companies House,legitimate interests (LIA required before contact),Companies House public API,2026-07-12T04:47:06+00:00
DRISCOLLS THERMAL SOLUTIONS LIMITED,08524133,EXCLUDED_DORMANT,"dormant — not trading, not a buyer",ltd,corporate subscriber,2013-05-10,dormant,"accounts category, NOT turnover",43290,"3 Paget Street, Burton-On-Trent, Staffordshire",DE14 3TQ,https://find-and-update.company-information.service.gov.uk/company/08524133,,TO BE ENRICHED — not held by Companies House,legitimate interests (LIA required before contact),Companies House public API,2026-07-12T04:47:07+00:00
R. BECKWITH LIMITED,06241496,A_CEILING_HIT,"established 2007, total-exemption-full filer",ltd,corporate subscriber,2007-05-09,total-exemption-full,"accounts category, NOT turnover",43290; 47789,"71 The Avenue, Southampton, Hampshire",SO17 1XS,https://find-and-update.company-information.service.gov.uk/company/06241496,,TO BE ENRICHED — not held by Companies House,legitimate interests (LIA required before contact),Companies House public API,2026-07-12T04:47:07+00:00
J WALLIS ELECTRICS LIMITED,14859041,B_COMPLIANCE_DROWNED,"young (2023), total-exemption-full filer",ltd,corporate subscriber,2023-05-10,total-exemption-full,"accounts category, NOT turnover",43210,"16 Nimbus Way, Newmarket, Suffolk",CB8 7BW,https://find-and-update.company-information.service.gov.uk/company/14859041,,TO BE ENRICHED — not held by Companies House,legitimate interests (LIA required before contact),Companies House public API,2026-07-12T04:47:08+00:00
LEWIS MURPHY LIMITED,10172042,A_CEILING_HIT,"established 2016, total-exemption-full filer",ltd,corporate subscriber,2016-05-10,total-exemption-full,"accounts category, NOT turnover",43210,"Willow Lodge Cockaynes Lane, Alresford, Colchester",CO7 8DA,https://find-and-update.company-information.service.gov.uk/company/10172042,,TO BE ENRICHED — not held by Companies House,legitimate interests (LIA required before contact),Companies House public API,2026-07-12T04:47:09+00:00
CARLISLE PLUMBING AND HEATING LTD,13608448,B_COMPLIANCE_DROWNED,"young (2021), total-exemption-full filer",ltd,corporate subscriber,2021-09-08,total-exemption-full,"accounts category, NOT turnover",43220,"6 Brunswick Street, Carlisle",CA1 1PN,https://find-and-update.company-information.service.gov.uk/company/13608448,,TO BE ENRICHED — not held by Companies House,legitimate interests (LIA required before contact),Companies House public API,2026-07-12T04:47:09+00:00
D.S HEATING SERVICES LTD,15407315,EXCLUDED_DORMANT,"dormant — not trading, not a buyer",ltd,corporate subscriber,2024-01-11,dormant,"accounts category, NOT turnover",43220,"25 Mercers Lane, Shrewsbury",SY3 9FS,https://find-and-update.company-information.service.gov.uk/company/15407315,,TO BE ENRICHED — not held by Companies House,legitimate interests (LIA required before contact),Companies House public API,2026-07-12T04:47:10+00:00
P D LIDGE LTD,13438966,B_COMPLIANCE_DROWNED,micro filer (micro-entity),ltd,corporate subscriber,2021-06-04,micro-entity,"accounts category, NOT turnover",43210,"7 Suffolk Road, Royston, Herts",SG8 9EX,https://find-and-update.company-information.service.gov.uk/company/13438966,,TO BE ENRICHED — not held by Companies House,legitimate interests (LIA required before contact),Companies House public API,2026-07-12T04:47:11+00:00
JUST SERVICES GROUP LTD,10177302,B_COMPLIANCE_DROWNED,micro filer (micro-entity),ltd,corporate subscriber,2016-05-12,micro-entity,"accounts category, NOT turnover",43220,"Highlands House, 165 The Broadway, London",SW19 1NE,https://find-and-update.company-information.service.gov.uk/company/10177302,,TO BE ENRICHED — not held by Companies House,legitimate interests (LIA required before contact),Companies House public API,2026-07-12T04:47:11+00:00
PROFIX INTERIOR PROJECTS LIMITED,11912129,B_COMPLIANCE_DROWNED,micro filer (micro-entity),ltd,corporate subscriber,2019-03-28,micro-entity,"accounts category, NOT turnover",43290,"White Sails, 15 Highburn Close, Burnham-On-Sea, Somerset",TA8 1LU,https://find-and-update.company-information.service.gov.uk/company/11912129,,TO BE ENRICHED — not held by Companies House,legitimate interests (LIA required before contact),Companies House public API,2026-07-12T04:47:12+00:00
MBE CONTRACTING LTD,06611424,B_COMPLIANCE_DROWNED,micro filer (micro-entity),ltd,corporate subscriber,2008-06-04,micro-entity,"accounts category, NOT turnover",43210,"C/O Towers + Gornall Ltd River View, 96 High Street, Garstang, Preston, Lancashire",PR3 1WZ,https://find-and-update.company-information.service.gov.uk/company/06611424,,TO BE ENRICHED — not held by Companies House,legitimate interests (LIA required before contact),Companies House public API,2026-07-12T04:47:13+00:00
MERCURY GAS SERVICES (SCOTLAND) LIMITED,SC478592,B_COMPLIANCE_DROWNED,micro filer (micro-entity),ltd,corporate subscriber,2014-05-28,micro-entity,"accounts category, NOT turnover",43220,"Unit 6 Broad Place, Peterhead",AB42 1JD,https://find-and-update.company-information.service.gov.uk/company/SC478592,,TO BE ENRICHED — not held by Companies House,legitimate interests (LIA required before contact),Companies House public API,2026-07-12T04:47:13+00:00
DK GAS SOLUTIONS LIMITED,14860706,B_COMPLIANCE_DROWNED,micro filer (micro-entity),ltd,corporate subscriber,2023-05-10,micro-entity,"accounts category, NOT turnover",43220,"4 Redwood Lane, Mosborough, Sheffield",S20 5FQ,https://find-and-update.company-information.service.gov.uk/company/14860706,,TO BE ENRICHED — not held by Companies House,legitimate interests (LIA required before contact),Companies House public API,2026-07-12T04:47:14+00:00
R L ELECTRICAL (SWINDON) LTD,11374373,B_COMPLIANCE_DROWNED,micro filer (micro-entity),ltd,corporate subscriber,2018-05-21,micro-entity,"accounts category, NOT turnover",43210,"18 Bath Road Old Town, Swindon, Wilts",SN1 4BA,https://find-and-update.company-information.service.gov.uk/company/11374373,,TO BE ENRICHED — not held by Companies House,legitimate interests (LIA required before contact),Companies House public API,2026-07-12T04:47:15+00:00
S. SCOTT GAS TEAM LTD,13401217,B_COMPLIANCE_DROWNED,micro filer (micro-entity),ltd,corporate subscriber,2021-05-16,micro-entity,"accounts category, NOT turnover",43220,"25 Luther Close, Edgware",HA8 8YY,https://find-and-update.company-information.service.gov.uk/company/13401217,,TO BE ENRICHED — not held by Companies House,legitimate interests (LIA required before contact),Companies House public API,2026-07-12T04:47:15+00:00
KES PLUMBING & HEATING LIMITED,04846230,A_CEILING_HIT,"established 2003, total-exemption-full filer",ltd,corporate subscriber,2003-07-25,total-exemption-full,"accounts category, NOT turnover",43220,"12 Lakelands, Wingerworth, Chesterfield",S42 6XJ,https://find-and-update.company-information.service.gov.uk/company/04846230,,TO BE ENRICHED — not held by Companies House,legitimate interests (LIA required before contact),Companies House public API,2026-07-12T04:47:16+00:00
PROGRESSIVE ELECTRICAL SOLUTIONS LTD,14524639,B_COMPLIANCE_DROWNED,micro filer (micro-entity),ltd,corporate subscriber,2022-12-05,micro-entity,"accounts category, NOT turnover",43210,"70 Hurlfield Avenue, Sheffield",S12 2TN,https://find-and-update.company-information.service.gov.uk/company/14524639,,TO BE ENRICHED — not held by Companies House,legitimate interests (LIA required before contact),Companies House public API,2026-07-12T04:47:17+00:00
INTER-AFRIC GROUP LTD,10650341,B_COMPLIANCE_DROWNED,micro filer (micro-entity),ltd,corporate subscriber,2017-03-03,micro-entity,"accounts category, NOT turnover",43210; 68100,"Suite 53 Millmead Business Centre, Millmead Road, Tottenham, London",N17 9QU,https://find-and-update.company-information.service.gov.uk/company/10650341,,TO BE ENRICHED — not held by Companies House,legitimate interests (LIA required before contact),Companies House public API,2026-07-12T04:47:17+00:00
FLOW ELECTRICS LTD,10805105,A_CEILING_HIT,"established 2017, total-exemption-full filer",ltd,corporate subscriber,2017-06-06,total-exemption-full,"accounts category, NOT turnover",43210,"16 Unit 16 Park Farm, Hundred Acre Lane, Wivelsfield Ground, West Sussex",RH17 7RU,https://find-and-update.company-information.service.gov.uk/company/10805105,,TO BE ENRICHED — not held by Companies House,legitimate interests (LIA required before contact),Companies House public API,2026-07-12T04:47:18+00:00
BDL PLUMBING AND HEATING LIMITED,14149945,B_COMPLIANCE_DROWNED,"young (2022), total-exemption-full filer",ltd,corporate subscriber,2022-06-06,total-exemption-full,"accounts category, NOT turnover",43220,"Suite G04 1 Quality Court, Chancery Lane, London",WC2A 1HR,https://find-and-update.company-information.service.gov.uk/company/14149945,,TO BE ENRICHED — not held by Companies House,legitimate interests (LIA required before contact),Companies House public API,2026-07-12T04:47:19+00:00
PERFECT BROTHERS LTD,14432115,B_COMPLIANCE_DROWNED,micro filer (micro-entity),ltd,corporate subscriber,2022-10-20,micro-entity,"accounts category, NOT turnover",43220,"177 Cherry Tree Road, Beaconsfield",HP9 1BA,https://find-and-update.company-information.service.gov.uk/company/14432115,,TO BE ENRICHED — not held by Companies House,legitimate interests (LIA required before contact),Companies House public API,2026-07-12T04:47:20+00:00
CONNECT AUTOMATION LIMITED,12965287,A_CEILING_HIT,"established 2020, total-exemption-full filer",ltd,corporate subscriber,2020-10-21,total-exemption-full,"accounts category, NOT turnover",43210,"168 Queensway, West Wickham",BR4 9DZ,https://find-and-update.company-information.service.gov.uk/company/12965287,,TO BE ENRICHED — not held by Companies House,legitimate interests (LIA required before contact),Companies House public API,2026-07-12T04:47:20+00:00
CBS KITCHENS & BATHROOMS LTD.,SC435661,EXCLUDED_DORMANT,"dormant — not trading, not a buyer",ltd,corporate subscriber,2012-10-29,dormant,"accounts category, NOT turnover",43290,"Unit 10 9 South Avenue, Clydebank Business Park, Glasgow",G81 2NR,https://find-and-update.company-information.service.gov.uk/company/SC435661,,TO BE ENRICHED — not held by Companies House,legitimate interests (LIA required before contact),Companies House public API,2026-07-12T04:47:21+00:00
PREMIER HEATING SOLUTIONS GROUP LIMITED,09642831,A_CEILING_HIT,"established 2015, total-exemption-full filer",ltd,corporate subscriber,2015-06-17,total-exemption-full,"accounts category, NOT turnover",43220,"Unit 4 Brindley Business Park, Chaseside Drive, Cannock",WS11 7GD,https://find-and-update.company-information.service.gov.uk/company/09642831,,TO BE ENRICHED — not held by Companies House,legitimate interests (LIA required before contact),Companies House public API,2026-07-12T04:47:22+00:00
BOHEN SERVICES LTD,13955892,B_COMPLIANCE_DROWNED,micro filer (micro-entity),ltd,corporate subscriber,2022-03-04,micro-entity,"accounts category, NOT turnover",43220,"58 Kinson Road, Bournemouth, Dorset",BH10 4AN,https://find-and-update.company-information.service.gov.uk/company/13955892,,TO BE ENRICHED — not held by Companies House,legitimate interests (LIA required before contact),Companies House public API,2026-07-12T04:47:22+00:00
WOODFORD HEATING & ENERGY LIMITED,02868418,C_ENTERPRISE,files full/group/medium accounts,ltd,corporate subscriber,1993-11-02,full,"accounts category, NOT turnover",43220,"First Floor, Oakwood House, Oakwood Industrial Estate, Loughton, Essex",IG10 3TZ,https://find-and-update.company-information.service.gov.uk/company/02868418,,TO BE ENRICHED — not held by Companies House,legitimate interests (LIA required before contact),Companies House public API,2026-07-12T04:47:23+00:00
OJ POOLE ELECTRICAL SERVICES LIMITED,07077416,A_CEILING_HIT,"established 2009, total-exemption-full filer",ltd,corporate subscriber,2009-11-16,total-exemption-full,"accounts category, NOT turnover",43210,"86 Marshalswick Lane, St. Albans, Hertfordshire",AL1 4XE,https://find-and-update.company-information.service.gov.uk/company/07077416,,TO BE ENRICHED — not held by Companies House,legitimate interests (LIA required before contact),Companies House public API,2026-07-12T04:47:24+00:00
I A MAITLAND & SONS LTD,07202630,B_COMPLIANCE_DROWNED,micro filer (micro-entity),ltd,corporate subscriber,2010-03-25,micro-entity,"accounts category, NOT turnover",43220,"Capel Cottage Capel Road, Hamstreet, Ashford, Kent",TN26 2EH,https://find-and-update.company-information.service.gov.uk/company/07202630,,TO BE ENRICHED — not held by Companies House,legitimate interests (LIA required before contact),Companies House public API,2026-07-12T04:47:24+00:00
E WALKER LIMITED,05459825,A_CEILING_HIT,"established 2005, total-exemption-full filer",ltd,corporate subscriber,2005-05-23,total-exemption-full,"accounts category, NOT turnover",43210,"14 Little Lever Street, Manchester",M1 1HR,https://find-and-update.company-information.service.gov.uk/company/05459825,,TO BE ENRICHED — not held by Companies House,legitimate interests (LIA required before contact),Companies House public API,2026-07-12T04:47:25+00:00
J.S.G ELECTRICAL SERVICES LTD.,10764162,B_COMPLIANCE_DROWNED,micro filer (micro-entity),ltd,corporate subscriber,2017-05-10,micro-entity,"accounts category, NOT turnover",43210,"Wellesley House, Duke Of Wellington Avenue, London",SE18 6SS,https://find-and-update.company-information.service.gov.uk/company/10764162,,TO BE ENRICHED — not held by Companies House,legitimate interests (LIA required before contact),Companies House public API,2026-07-12T04:47:26+00:00
JL SECURITY (NW) LTD,11645035,B_COMPLIANCE_DROWNED,micro filer (micro-entity),ltd,corporate subscriber,2018-10-26,micro-entity,"accounts category, NOT turnover",43210; 43341; 80200,"2 Fieldside Fieldside, Duddon, Tarporley",CW6 0UL,https://find-and-update.company-information.service.gov.uk/company/11645035,,TO BE ENRICHED — not held by Companies House,legitimate interests (LIA required before contact),Companies House public API,2026-07-12T04:47:26+00:00
CRAZE ELECTRICAL SERVICES LTD,10896017,B_COMPLIANCE_DROWNED,micro filer (micro-entity),ltd,corporate subscriber,2017-08-02,micro-entity,"accounts category, NOT turnover",43210,"38 Laurel Avenue, Bideford",EX39 3AZ,https://find-and-update.company-information.service.gov.uk/company/10896017,,TO BE ENRICHED — not held by Companies House,legitimate interests (LIA required before contact),Companies House public API,2026-07-12T04:47:27+00:00
MGE ELECTRICS LTD,NI663516,B_COMPLIANCE_DROWNED,micro filer (micro-entity),ltd,corporate subscriber,2019-08-05,micro-entity,"accounts category, NOT turnover",43210,"91 Creevelough Road, Dungannon, County Tyrone",BT70 1LN,https://find-and-update.company-information.service.gov.uk/company/NI663516,,TO BE ENRICHED — not held by Companies House,legitimate interests (LIA required before contact),Companies House public API,2026-07-12T04:47:28+00:00
OHM ASSOCIATES LIMITED,08057386,B_COMPLIANCE_DROWNED,micro filer (micro-entity),ltd,corporate subscriber,2012-05-04,micro-entity,"accounts category, NOT turnover",43210; 62090,"250 Imperial Drive, Harrow",HA2 7HJ,https://find-and-update.company-information.service.gov.uk/company/08057386,,TO BE ENRICHED — not held by Companies House,legitimate interests (LIA required before contact),Companies House public API,2026-07-12T04:47:28+00:00
EASTGRAND LIMITED,12873003,A_CEILING_HIT,"established 2020, total-exemption-full filer",ltd,corporate subscriber,2020-09-11,total-exemption-full,"accounts category, NOT turnover",41201; 43210; 43290; 43390,"126-128 City Road, London",EC1V 2NX,https://find-and-update.company-information.service.gov.uk/company/12873003,,TO BE ENRICHED — not held by Companies House,legitimate interests (LIA required before contact),Companies House public API,2026-07-12T04:47:29+00:00
FINDLAY BUILDING SERVICES (TAYSIDE) LTD.,SC632647,A_CEILING_HIT,"established 2019, total-exemption-full filer",ltd,corporate subscriber,2019-06-06,total-exemption-full,"accounts category, NOT turnover",43220,"1 Mansion Street, Cambuslang, Glasgow",G72 7JN,https://find-and-update.company-information.service.gov.uk/company/SC632647,,TO BE ENRICHED — not held by Companies House,legitimate interests (LIA required before contact),Companies House public API,2026-07-12T04:47:30+00:00
TA FREEMAN LIMITED,04250826,B_COMPLIANCE_DROWNED,micro filer (micro-entity),ltd,corporate subscriber,2001-07-12,micro-entity,"accounts category, NOT turnover",43220,"18 Mayfield Road, Whitby, North Yorkshire",YO21 1LX,https://find-and-update.company-information.service.gov.uk/company/04250826,,TO BE ENRICHED — not held by Companies House,legitimate interests (LIA required before contact),Companies House public API,2026-07-12T04:47:31+00:00
HARRISON HAYES VENTILATION HOLDINGS LIMITED,15489907,B_COMPLIANCE_DROWNED,"young (2024), unaudited-abridged filer",ltd,corporate subscriber,2024-02-14,unaudited-abridged,"accounts category, NOT turnover",43220,"Belfry House, Bell Lane, Hertford, Hertfordshire",SG14 1BP,https://find-and-update.company-information.service.gov.uk/company/15489907,,TO BE ENRICHED — not held by Companies House,legitimate interests (LIA required before contact),Companies House public API,2026-07-12T04:47:31+00:00
LCH ELECTRICAL SERVICES LTD,14890954,B_COMPLIANCE_DROWNED,micro filer (micro-entity),ltd,corporate subscriber,2023-05-24,micro-entity,"accounts category, NOT turnover",43210; 43390,"9 Cotswold Avenue, Northampton",NN5 6BT,https://find-and-update.company-information.service.gov.uk/company/14890954,,TO BE ENRICHED — not held by Companies House,legitimate interests (LIA required before contact),Companies House public API,2026-07-12T04:47:32+00:00
R555 LTD,SC812689,B_COMPLIANCE_DROWNED,"young (2024), total-exemption-full filer",ltd,corporate subscriber,2024-06-05,total-exemption-full,"accounts category, NOT turnover",43220,"8 Douglas Street, Hamilton, Lanarkshire",ML3 0BP,https://find-and-update.company-information.service.gov.uk/company/SC812689,,TO BE ENRICHED — not held by Companies House,legitimate interests (LIA required before contact),Companies House public API,2026-07-12T04:47:33+00:00
BELEY LTD,14912271,B_COMPLIANCE_DROWNED,micro filer (micro-entity),ltd,corporate subscriber,2023-06-02,micro-entity,"accounts category, NOT turnover",33200; 35130; 42910; 43290,"11 Izaak Walton Street, Stafford",ST16 1HT,https://find-and-update.company-information.service.gov.uk/company/14912271,,TO BE ENRICHED — not held by Companies House,legitimate interests (LIA required before contact),Companies House public API,2026-07-12T04:47:33+00:00
ALLIBONE ELECTRICAL SERVICES LIMITED,09546250,B_COMPLIANCE_DROWNED,micro filer (micro-entity),ltd,corporate subscriber,2015-04-16,micro-entity,"accounts category, NOT turnover",43210,"32 Carpenters Way Badshot Lea, Farnham, Surrey",GU9 9FT,https://find-and-update.company-information.service.gov.uk/company/09546250,,TO BE ENRICHED — not held by Companies House,legitimate interests (LIA required before contact),Companies House public API,2026-07-12T04:47:34+00:00
TAMWORTH RENEWABLES LTD,14966332,B_COMPLIANCE_DROWNED,"young (2023), total-exemption-full filer",ltd,corporate subscriber,2023-06-28,total-exemption-full,"accounts category, NOT turnover",43220,"13 Leedham Avenue, Tamworth",B77 3LT,https://find-and-update.company-information.service.gov.uk/company/14966332,,TO BE ENRICHED — not held by Companies House,legitimate interests (LIA required before contact),Companies House public API,2026-07-12T04:47:35+00:00
PURNA ACCESS LTD,SC608045,B_COMPLIANCE_DROWNED,micro filer (micro-entity),ltd,corporate subscriber,2018-09-13,micro-entity,"accounts category, NOT turnover",43290,"71a Wrights Lane, High Street, Alness",IV17 0SH,https://find-and-update.company-information.service.gov.uk/company/SC608045,,TO BE ENRICHED — not held by Companies House,legitimate interests (LIA required before contact),Companies House public API,2026-07-12T04:47:35+00:00
G.T.INTERIORS (LINCS) LIMITED,05803222,B_COMPLIANCE_DROWNED,micro filer (micro-entity),ltd,corporate subscriber,2006-05-03,micro-entity,"accounts category, NOT turnover",43290,"66 Gloucester Avenue, Grimsby, South Humberside",DN34 5BT,https://find-and-update.company-information.service.gov.uk/company/05803222,,TO BE ENRICHED — not held by Companies House,legitimate interests (LIA required before contact),Companies House public API,2026-07-12T04:47:36+00:00
COCKELL ELECTRICAL LTD,05827520,A_CEILING_HIT,"established 2006, total-exemption-full filer",ltd,corporate subscriber,2006-05-24,total-exemption-full,"accounts category, NOT turnover",43210,"44 Nottingham Rd, Mansfield, Notts",NG18 1BL,https://find-and-update.company-information.service.gov.uk/company/05827520,,TO BE ENRICHED — not held by Companies House,legitimate interests (LIA required before contact),Companies House public API,2026-07-12T04:47:37+00:00
GRICE ELECTRICAL LTD,14039093,B_COMPLIANCE_DROWNED,"young (2022), total-exemption-full filer",ltd,corporate subscriber,2022-04-11,total-exemption-full,"accounts category, NOT turnover",43210,"Briar Dene Sandy Lane, Stockton On The Forest, York",YO32 9US,https://find-and-update.company-information.service.gov.uk/company/14039093,,TO BE ENRICHED — not held by Companies House,legitimate interests (LIA required before contact),Companies House public API,2026-07-12T04:47:37+00:00
CWT PROJECTS LTD,15763708,B_COMPLIANCE_DROWNED,"young (2024), unaudited-abridged filer",ltd,corporate subscriber,2024-06-05,unaudited-abridged,"accounts category, NOT turnover",43220; 43320,"10 Uppermoor, Pudsey",LS28 7SG,https://find-and-update.company-information.service.gov.uk/company/15763708,,TO BE ENRICHED — not held by Companies House,legitimate interests (LIA required before contact),Companies House public API,2026-07-12T04:47:38+00:00
JB PROJECTS (YORKSHIRE) LIMITED,11531849,A_CEILING_HIT,"established 2018, unaudited-abridged filer",ltd,corporate subscriber,2018-08-22,unaudited-abridged,"accounts category, NOT turnover",43290,"Jb Motors Unit 1 Westwood Side, Morley, Leeds, West Yorkshire",LS27 9HR,https://find-and-update.company-information.service.gov.uk/company/11531849,,TO BE ENRICHED — not held by Companies House,legitimate interests (LIA required before contact),Companies House public API,2026-07-12T04:47:39+00:00
FORDHAM HEATING SERVICES LTD,10026736,B_COMPLIANCE_DROWNED,micro filer (micro-entity),ltd,corporate subscriber,2016-02-25,micro-entity,"accounts category, NOT turnover",43220,"11-13 Hockerill Street, Bishop's Stortford, Hertfordshire",CM23 2DH,https://find-and-update.company-information.service.gov.uk/company/10026736,,TO BE ENRICHED — not held by Companies House,legitimate interests (LIA required before contact),Companies House public API,2026-07-12T04:47:40+00:00
S K REND LTD,12017297,B_COMPLIANCE_DROWNED,micro filer (micro-entity),ltd,corporate subscriber,2019-05-24,micro-entity,"accounts category, NOT turnover",43290,"Flat 1, The Institude New Road, Nantyglo, Ebbw Vale",NP23 4JT,https://find-and-update.company-information.service.gov.uk/company/12017297,,TO BE ENRICHED — not held by Companies House,legitimate interests (LIA required before contact),Companies House public API,2026-07-12T04:47:40+00:00
ELECGEN SERVICES LIMITED,15763975,B_COMPLIANCE_DROWNED,micro filer (micro-entity),ltd,corporate subscriber,2024-06-05,micro-entity,"accounts category, NOT turnover",43210,"30 Sidmouth Close, Watford",WD19 7QN,https://find-and-update.company-information.service.gov.uk/company/15763975,,TO BE ENRICHED — not held by Companies House,legitimate interests (LIA required before contact),Companies House public API,2026-07-12T04:47:41+00:00
BQ HEATING ENGINEER LTD,14340649,B_COMPLIANCE_DROWNED,micro filer (micro-entity),ltd,corporate subscriber,2022-09-06,micro-entity,"accounts category, NOT turnover",43220,"34 Greenfield Lane, Newton, Preston, Lancashire",PR4 3FQ,https://find-and-update.company-information.service.gov.uk/company/14340649,,TO BE ENRICHED — not held by Companies House,legitimate interests (LIA required before contact),Companies House public API,2026-07-12T04:47:42+00:00
BIRLING PROPERTY SERVICES SUSSEX LTD,14349872,B_COMPLIANCE_DROWNED,micro filer (micro-entity),ltd,corporate subscriber,2022-09-11,micro-entity,"accounts category, NOT turnover",43210,"Birling House Gilberts Drive, East Dean, Eastbourne",BN20 0DL,https://find-and-update.company-information.service.gov.uk/company/14349872,,TO BE ENRICHED — not held by Companies House,legitimate interests (LIA required before contact),Companies House public API,2026-07-12T04:47:42+00:00
HSL BUILDING SERVICES (SOUTHERN) LTD,11535906,B_COMPLIANCE_DROWNED,micro filer (micro-entity),ltd,corporate subscriber,2018-08-24,micro-entity,"accounts category, NOT turnover",41202; 43290,"4 The Hollies Guildford Road, Ottershaw, Chertsey, Surrey",KT16 0NZ,https://find-and-update.company-information.service.gov.uk/company/11535906,,TO BE ENRICHED — not held by Companies House,legitimate interests (LIA required before contact),Companies House public API,2026-07-12T04:47:43+00:00
BARRETT’S ELECTRICAL LTD,11534395,B_COMPLIANCE_DROWNED,micro filer (micro-entity),ltd,corporate subscriber,2018-08-23,micro-entity,"accounts category, NOT turnover",43210,"22 Lady Margaret Gardens, Woodbridge, Suffolk",IP12 4EZ,https://find-and-update.company-information.service.gov.uk/company/11534395,,TO BE ENRICHED — not held by Companies House,legitimate interests (LIA required before contact),Companies House public API,2026-07-12T04:47:44+00:00
DDR ELECTRICAL LIMITED,06731331,A_CEILING_HIT,"established 2008, unaudited-abridged filer",ltd,corporate subscriber,2008-10-23,unaudited-abridged,"accounts category, NOT turnover",43210,"5 Battalion Court, Colburn Business Park, Catterick Garrison",DL9 4QN,https://find-and-update.company-information.service.gov.uk/company/06731331,,TO BE ENRICHED — not held by Companies House,legitimate interests (LIA required before contact),Companies House public API,2026-07-12T04:47:44+00:00
LBM PROJECTS LIMITED,10419141,EXCLUDED_DORMANT,"dormant — not trading, not a buyer",ltd,corporate subscriber,2016-10-10,dormant,"accounts category, NOT turnover",43220,"212 High Street, Rainham, Gillingham",ME8 8AX,https://find-and-update.company-information.service.gov.uk/company/10419141,,TO BE ENRICHED — not held by Companies House,legitimate interests (LIA required before contact),Companies House public API,2026-07-12T04:47:45+00:00
PHASE ELECTRICAL SERVICES LIMITED,05470469,A_CEILING_HIT,"established 2005, total-exemption-full filer",ltd,corporate subscriber,2005-06-02,total-exemption-full,"accounts category, NOT turnover",43210,"103 High Street, Waltham Cross, Hertfordshire",EN8 7AN,https://find-and-update.company-information.service.gov.uk/company/05470469,,TO BE ENRICHED — not held by Companies House,legitimate interests (LIA required before contact),Companies House public API,2026-07-12T04:47:46+00:00
ECO VEHICLE CHARGES (EVC) LTD,13791481,B_COMPLIANCE_DROWNED,micro filer (micro-entity),ltd,corporate subscriber,2021-12-09,micro-entity,"accounts category, NOT turnover",43210,"42-44 Bishopsgate, London",EC2N 4AH,https://find-and-update.company-information.service.gov.uk/company/13791481,,TO BE ENRICHED — not held by Companies House,legitimate interests (LIA required before contact),Companies House public API,2026-07-12T04:47:47+00:00
ABCA SYSTEMS LIMITED,06294877,C_ENTERPRISE,files full/group/medium accounts,ltd,corporate subscriber,2007-06-27,full,"accounts category, NOT turnover",43210,"Cobalt 8 14 Silver Fox Way, Cobalt Business Park, Newcastle Upon Tyne, Tyne And Wear",NE27 0QJ,https://find-and-update.company-information.service.gov.uk/company/06294877,,TO BE ENRICHED — not held by Companies House,legitimate interests (LIA required before contact),Companies House public API,2026-07-12T04:47:47+00:00
NAKED CONSTRUCTION LIMITED,14336347,B_COMPLIANCE_DROWNED,micro filer (micro-entity),ltd,corporate subscriber,2022-09-05,micro-entity,"accounts category, NOT turnover",43290,"1 Stanyards Courtyard Stanyards Farm, Chertsey Road, Chobham, Surrey",GU24 8JE,https://find-and-update.company-information.service.gov.uk/company/14336347,,TO BE ENRICHED — not held by Companies House,legitimate interests (LIA required before contact),Companies House public API,2026-07-12T04:47:48+00:00
ENERGI CABLE SERVICES LIMITED,02514932,A_CEILING_HIT,"established 1990, total-exemption-full filer",ltd,corporate subscriber,1990-06-22,total-exemption-full,"accounts category, NOT turnover",43210,"1 Wrexham Road, Wrexham Road, Laindon, Essex",SS15 6PX,https://find-and-update.company-information.service.gov.uk/company/02514932,,TO BE ENRICHED — not held by Companies House,legitimate interests (LIA required before contact),Companies House public API,2026-07-12T04:47:49+00:00
SAGEWOOD LIMITED,02118488,A_CEILING_HIT,"established 1987, total-exemption-full filer",ltd,corporate subscriber,1987-04-01,total-exemption-full,"accounts category, NOT turnover",42220; 43290; 46140; 71129,"6 Bruce Grove, Tottenham, London",N17 6RA,https://find-and-update.company-information.service.gov.uk/company/02118488,,TO BE ENRICHED — not held by Companies House,legitimate interests (LIA required before contact),Companies House public API,2026-07-12T04:47:49+00:00
BW PLUMBING & HEATING SERVICES LTD,15762224,B_COMPLIANCE_DROWNED,"young (2024), total-exemption-full filer",ltd,corporate subscriber,2024-06-05,total-exemption-full,"accounts category, NOT turnover",43220,"24 Cookes Drive, Broughton Astley, Leicester",LE9 6RH,https://find-and-update.company-information.service.gov.uk/company/15762224,,TO BE ENRICHED — not held by Companies House,legitimate interests (LIA required before contact),Companies House public API,2026-07-12T04:47:50+00:00
DPL LIGHTING LTD,08536462,A_CEILING_HIT,"established 2013, total-exemption-full filer",ltd,corporate subscriber,2013-05-20,total-exemption-full,"accounts category, NOT turnover",43210,"Winton House, Winton Square, Basingstoke",RG21 8EN,https://find-and-update.company-information.service.gov.uk/company/08536462,,TO BE ENRICHED — not held by Companies House,legitimate interests (LIA required before contact),Companies House public API,2026-07-12T04:47:51+00:00
DCL DRAINS LTD,10183732,A_CEILING_HIT,"established 2016, total-exemption-full filer",ltd,corporate subscriber,2016-05-17,total-exemption-full,"accounts category, NOT turnover",39000; 43220,"7 Milbanke Court, Milbanke Way, Bracknell",RG12 1RP,https://find-and-update.company-information.service.gov.uk/company/10183732,,TO BE ENRICHED — not held by Companies House,legitimate interests (LIA required before contact),Companies House public API,2026-07-12T04:47:51+00:00
DH DRAINAGE LIMITED,13088787,A_CEILING_HIT,"established 2020, total-exemption-full filer",ltd,corporate subscriber,2020-12-17,total-exemption-full,"accounts category, NOT turnover",43290,"Suites 10 & 11 The Hive, Bell Lane, Stevenage, Herts",SG1 3HW,https://find-and-update.company-information.service.gov.uk/company/13088787,,TO BE ENRICHED — not held by Companies House,legitimate interests (LIA required before contact),Companies House public API,2026-07-12T04:47:52+00:00
SOLAR PV ROBOTIC CLEANING LIMITED,SC770314,EXCLUDED_DORMANT,"dormant — not trading, not a buyer",ltd,corporate subscriber,2023-05-23,dormant,"accounts category, NOT turnover",43220,"2nd Floor 22-24 Blythswood Square, Glasgow",G2 4BG,https://find-and-update.company-information.service.gov.uk/company/SC770314,,TO BE ENRICHED — not held by Companies House,legitimate interests (LIA required before contact),Companies House public API,2026-07-12T04:47:53+00:00
TONGUE ELECTRICAL SERVICES LIMITED,09049535,B_COMPLIANCE_DROWNED,micro filer (micro-entity),ltd,corporate subscriber,2014-05-21,micro-entity,"accounts category, NOT turnover",43210,"81 Bardon Road, Coalville, Leicestershire",LE67 4BF,https://find-and-update.company-information.service.gov.uk/company/09049535,,TO BE ENRICHED — not held by Companies House,legitimate interests (LIA required before contact),Companies House public API,2026-07-12T04:47:53+00:00
CU29 ELECTRICAL LIMITED,10791504,A_CEILING_HIT,"established 2017, total-exemption-full filer",ltd,corporate subscriber,2017-05-26,total-exemption-full,"accounts category, NOT turnover",43210,"Unit 33, Space Business Centre, Knight Road, Strood, Kent",ME2 2BF,https://find-and-update.company-information.service.gov.uk/company/10791504,,TO BE ENRICHED — not held by Companies House,legitimate interests (LIA required before contact),Companies House public API,2026-07-12T04:47:54+00:00
B CAREY PLUMBING & HEATING LTD,12057820,A_CEILING_HIT,"established 2019, total-exemption-full filer",ltd,corporate subscriber,2019-06-18,total-exemption-full,"accounts category, NOT turnover",43220,"205 Mynachdy Road, Gabalfa, Cardiff",CF14 3HL,https://find-and-update.company-information.service.gov.uk/company/12057820,,TO BE ENRICHED — not held by Companies House,legitimate interests (LIA required before contact),Companies House public API,2026-07-12T04:47:55+00:00
ALLAN BRYCELAND ELECTRICAL LTD,SC680279,B_COMPLIANCE_DROWNED,micro filer (micro-entity),ltd,corporate subscriber,2020-11-09,micro-entity,"accounts category, NOT turnover",43210,"110 Henderland Road, Bearsden, Glasgow",G61 1JB,https://find-and-update.company-information.service.gov.uk/company/SC680279,,TO BE ENRICHED — not held by Companies House,legitimate interests (LIA required before contact),Companies House public API,2026-07-12T04:47:56+00:00
TDM MECHANICAL SERVICES LTD,15763854,B_COMPLIANCE_DROWNED,micro filer (micro-entity),ltd,corporate subscriber,2024-06-05,micro-entity,"accounts category, NOT turnover",43220,"107 Golf Links Road, Hull, East Yorkshire",HU6 8RD,https://find-and-update.company-information.service.gov.uk/company/15763854,,TO BE ENRICHED — not held by Companies House,legitimate interests (LIA required before contact),Companies House public API,2026-07-12T04:47:56+00:00
EMPIRE ELECTRICAL GROUP LTD,14353882,B_COMPLIANCE_DROWNED,"young (2022), total-exemption-full filer",ltd,corporate subscriber,2022-09-13,total-exemption-full,"accounts category, NOT turnover",43210,"Prosper House, 18 Craig Hopson Avenue, Castleford, West Yorkshire",WF10 5US,https://find-and-update.company-information.service.gov.uk/company/14353882,,TO BE ENRICHED — not held by Companies House,legitimate interests (LIA required before contact),Companies House public API,2026-07-12T04:47:57+00:00
SERVO AUTOMATION LTD,08688439,B_COMPLIANCE_DROWNED,micro filer (micro-entity),ltd,corporate subscriber,2013-09-12,micro-entity,"accounts category, NOT turnover",43210,"15a Anchor Road, Aldridge, Walsall, West Midlands",WS9 8PT,https://find-and-update.company-information.service.gov.uk/company/08688439,,TO BE ENRICHED — not held by Companies House,legitimate interests (LIA required before contact),Companies House public API,2026-07-12T04:47:58+00:00
GMF LONDON SERVICES LIMITED,10956716,B_COMPLIANCE_DROWNED,micro filer (micro-entity),ltd,corporate subscriber,2017-09-11,micro-entity,"accounts category, NOT turnover",43220,"44 Woodfield Avenue, London",NW9 6PP,https://find-and-update.company-information.service.gov.uk/company/10956716,,TO BE ENRICHED — not held by Companies House,legitimate interests (LIA required before contact),Companies House public API,2026-07-12T04:47:58+00:00
RENEWABLE ENERGY MATTERS LIMITED,SC743452,EXCLUDED_DORMANT,"dormant — not trading, not a buyer",ltd,corporate subscriber,2022-09-05,dormant,"accounts category, NOT turnover",43290,"89 Middlesex Street, Glasgow, Lanarkshire",G41 1EE,https://find-and-update.company-information.service.gov.uk/company/SC743452,,TO BE ENRICHED — not held by Companies House,legitimate interests (LIA required before contact),Companies House public API,2026-07-12T04:47:59+00:00
LONDINIUM PLUMBING & HEATING LIMITED,08302261,B_COMPLIANCE_DROWNED,micro filer (micro-entity),ltd,corporate subscriber,2012-11-21,micro-entity,"accounts category, NOT turnover",43220,"Unit 2 Hill View Studios, 160 Eltham Hill, London",SE9 5EA,https://find-and-update.company-information.service.gov.uk/company/08302261,,TO BE ENRICHED — not held by Companies House,legitimate interests (LIA required before contact),Companies House public API,2026-07-12T04:48:00+00:00
S M HARROP LIMITED,07995071,B_COMPLIANCE_DROWNED,micro filer (micro-entity),ltd,corporate subscriber,2012-03-19,micro-entity,"accounts category, NOT turnover",43210,"35 Gap Road, Wimbledon, London",SW19 8JG,https://find-and-update.company-information.service.gov.uk/company/07995071,,TO BE ENRICHED — not held by Companies House,legitimate interests (LIA required before contact),Companies House public API,2026-07-12T04:48:01+00:00
LJW HEATING & PLUMBING LIMITED,12635443,B_COMPLIANCE_DROWNED,micro filer (micro-entity),ltd,corporate subscriber,2020-05-30,micro-entity,"accounts category, NOT turnover",43220,"1 Little Court, Liverpool",L3 6LA,https://find-and-update.company-information.service.gov.uk/company/12635443,,TO BE ENRICHED — not held by Companies House,legitimate interests (LIA required before contact),Companies House public API,2026-07-12T04:48:01+00:00
PATRICK HUGHES LIMITED,NI638792,B_COMPLIANCE_DROWNED,micro filer (micro-entity),ltd,corporate subscriber,2016-05-31,micro-entity,"accounts category, NOT turnover",43220,"30d Ballygelagh Road Ardkeen, Newtownards",BT22 1JG,https://find-and-update.company-information.service.gov.uk/company/NI638792,,TO BE ENRICHED — not held by Companies House,legitimate interests (LIA required before contact),Companies House public API,2026-07-12T04:48:02+00:00
VISUALIZATION LIMITED,05456381,A_CEILING_HIT,"established 2005, unaudited-abridged filer",ltd,corporate subscriber,2005-05-19,unaudited-abridged,"accounts category, NOT turnover",43210; 61900,"18 St. Peters Road, Maidenhead, Berkshire",SL6 7QU,https://find-and-update.company-information.service.gov.uk/company/05456381,,TO BE ENRICHED — not held by Companies House,legitimate interests (LIA required before contact),Companies House public API,2026-07-12T04:48:03+00:00
IJB ELECTRICAL LIMITED,12162264,A_CEILING_HIT,"established 2019, total-exemption-full filer",ltd,corporate subscriber,2019-08-19,total-exemption-full,"accounts category, NOT turnover",43210,"249 Cranbrook Road, Ilford",IG1 4TG,https://find-and-update.company-information.service.gov.uk/company/12162264,,TO BE ENRICHED — not held by Companies House,legitimate interests (LIA required before contact),Companies House public API,2026-07-12T04:48:04+00:00
SPECIFIC PROJECTS LTD,05900194,EXCLUDED_DORMANT,"dormant — not trading, not a buyer",ltd,corporate subscriber,2006-08-09,dormant,"accounts category, NOT turnover",43290,"513 London Road, Cheam, Sutton",SM3 8JR,https://find-and-update.company-information.service.gov.uk/company/05900194,,TO BE ENRICHED — not held by Companies House,legitimate interests (LIA required before contact),Companies House public API,2026-07-12T04:48:04+00:00
RICKABY POWER SERVICES LIMITED,10765948,A_CEILING_HIT,"established 2017, total-exemption-full filer",ltd,corporate subscriber,2017-05-11,total-exemption-full,"accounts category, NOT turnover",43210,"21 Old School Drive, Kirk Sandall, Doncaster",DN3 1EH,https://find-and-update.company-information.service.gov.uk/company/10765948,,TO BE ENRICHED — not held by Companies House,legitimate interests (LIA required before contact),Companies House public API,2026-07-12T04:48:05+00:00
"STALLARD & CO,(ELECTRICAL)LIMITED",00859843,B_COMPLIANCE_DROWNED,micro filer (micro-entity),ltd,corporate subscriber,1965-09-24,micro-entity,"accounts category, NOT turnover",43210,"1 Fairfield Street, Leckhampton, Cheltenham, Glos",GL53 0HS,https://find-and-update.company-information.service.gov.uk/company/00859843,,TO BE ENRICHED — not held by Companies House,legitimate interests (LIA required before contact),Companies House public API,2026-07-12T04:48:06+00:00
MARSHALL'S PLUMBING LTD,12584660,B_COMPLIANCE_DROWNED,micro filer (micro-entity),ltd,corporate subscriber,2020-05-04,micro-entity,"accounts category, NOT turnover",43220,"2 The Hawthorns, Bussage, Stroud",GL6 8DQ,https://find-and-update.company-information.service.gov.uk/company/12584660,,TO BE ENRICHED — not held by Companies House,legitimate interests (LIA required before contact),Companies House public API,2026-07-12T04:48:06+00:00
ADVANCED SERVICE PLAN LIMITED,13160213,B_COMPLIANCE_DROWNED,micro filer (micro-entity),ltd,corporate subscriber,2021-01-26,micro-entity,"accounts category, NOT turnover",43220,"Unit 50, Coney Green Business Centre, Chesterfield",S45 9JW,https://find-and-update.company-information.service.gov.uk/company/13160213,,TO BE ENRICHED — not held by Companies House,legitimate interests (LIA required before contact),Companies House public API,2026-07-12T04:48:07+00:00
BCH ELECTRICAL LTD,11137810,A_CEILING_HIT,"established 2018, total-exemption-full filer",ltd,corporate subscriber,2018-01-08,total-exemption-full,"accounts category, NOT turnover",43210,"48 - 52 Penny Lane Mossley Hill, Liverpool, Merseyside",L18 1DG,https://find-and-update.company-information.service.gov.uk/company/11137810,,TO BE ENRICHED — not held by Companies House,legitimate interests (LIA required before contact),Companies House public API,2026-07-12T04:48:08+00:00
PIPEWORK SERVICES LTD,04704758,B_COMPLIANCE_DROWNED,micro filer (micro-entity),ltd,corporate subscriber,2003-03-20,micro-entity,"accounts category, NOT turnover",43220,"Unit 4 Newlin Business Park Exchange Road, North Hykeham, Lincoln, Lincolnshire",LN6 3AB,https://find-and-update.company-information.service.gov.uk/company/04704758,,TO BE ENRICHED — not held by Companies House,legitimate interests (LIA required before contact),Companies House public API,2026-07-12T04:48:08+00:00
ELEMENTS KITCHENS AND INTERIORS LTD,13380688,EXCLUDED_DORMANT,"dormant — not trading, not a buyer",ltd,corporate subscriber,2021-05-06,dormant,"accounts category, NOT turnover",43290,"25 Fletcher Gardens, Thrapston, Kettering",NN14 4UJ,https://find-and-update.company-information.service.gov.uk/company/13380688,,TO BE ENRICHED — not held by Companies House,legitimate interests (LIA required before contact),Companies House public API,2026-07-12T04:48:09+00:00
NEW BOILER COMPANY LTD,12849587,A_CEILING_HIT,"established 2020, total-exemption-full filer",ltd,corporate subscriber,2020-09-01,total-exemption-full,"accounts category, NOT turnover",43220,"27 Somerset Avenue, London",SW20 0BJ,https://find-and-update.company-information.service.gov.uk/company/12849587,,TO BE ENRICHED — not held by Companies House,legitimate interests (LIA required before contact),Companies House public API,2026-07-12T04:48:10+00:00
RENOV8TE LTD,09589725,A_CEILING_HIT,"established 2015, total-exemption-full filer",ltd,corporate subscriber,2015-05-13,total-exemption-full,"accounts category, NOT turnover",43290,"20 St Peters Park, Aldershot, Hampshire",GU11 3AY,https://find-and-update.company-information.service.gov.uk/company/09589725,,TO BE ENRICHED — not held by Companies House,legitimate interests (LIA required before contact),Companies House public API,2026-07-12T04:48:11+00:00
SYNTEC ELECTRICAL SERVICES LTD,10163131,B_COMPLIANCE_DROWNED,micro filer (micro-entity),ltd,corporate subscriber,2016-05-05,micro-entity,"accounts category, NOT turnover",43210,"215 Uxbridge Road, London",W13 9AA,https://find-and-update.company-information.service.gov.uk/company/10163131,,TO BE ENRICHED — not held by Companies House,legitimate interests (LIA required before contact),Companies House public API,2026-07-12T04:48:11+00:00
NDS SITE INSTALLATION SERVICES LTD,12305308,EXCLUDED_DORMANT,"dormant — not trading, not a buyer",ltd,corporate subscriber,2019-11-08,dormant,"accounts category, NOT turnover",43290,"Unit C The Outlook, Ling Road, Poole, Dorset",BH12 4PY,https://find-and-update.company-information.service.gov.uk/company/12305308,,TO BE ENRICHED — not held by Companies House,legitimate interests (LIA required before contact),Companies House public API,2026-07-12T04:48:12+00:00
CHANGE ENVIRONMENT INSTALLERS LTD,14298704,B_COMPLIANCE_DROWNED,micro filer (micro-entity),ltd,corporate subscriber,2022-08-16,micro-entity,"accounts category, NOT turnover",43290,"81 Dufton Road, Quinton, Birmingham, West Midlands",B32 2PY,https://find-and-update.company-information.service.gov.uk/company/14298704,,TO BE ENRICHED — not held by Companies House,legitimate interests (LIA required before contact),Companies House public API,2026-07-12T04:48:13+00:00
UK SMART INTERIORS LTD,12304923,A_CEILING_HIT,"established 2019, total-exemption-full filer",ltd,corporate subscriber,2019-11-08,total-exemption-full,"accounts category, NOT turnover",43290,"27 Howard Road, Bramley, Rotherham",S66 2SY,https://find-and-update.company-information.service.gov.uk/company/12304923,,TO BE ENRICHED — not held by Companies House,legitimate interests (LIA required before contact),Companies House public API,2026-07-12T04:48:13+00:00
NRS NETWORK INSTALLATIONS LTD,15724045,B_COMPLIANCE_DROWNED,"young (2024), total-exemption-full filer",ltd,corporate subscriber,2024-05-16,total-exemption-full,"accounts category, NOT turnover",43210; 43290,"Trade Fair House 2 West Court, Enterprise Road, Maidstone, Kent",ME15 6JD,https://find-and-update.company-information.service.gov.uk/company/15724045,,TO BE ENRICHED — not held by Companies House,legitimate interests (LIA required before contact),Companies House public API,2026-07-12T04:48:14+00:00
PAUL HALLAS ELECTRICAL SERVICES LIMITED,06068658,B_COMPLIANCE_DROWNED,micro filer (micro-entity),ltd,corporate subscriber,2007-01-25,micro-entity,"accounts category, NOT turnover",43210,"5 Summershades Lane, Grasscroft, Oldham",OL4 4ED,https://find-and-update.company-information.service.gov.uk/company/06068658,,TO BE ENRICHED — not held by Companies House,legitimate interests (LIA required before contact),Companies House public API,2026-07-12T04:48:15+00:00
CJ ELECTRICAL ENGINEERING LTD,14311249,B_COMPLIANCE_DROWNED,micro filer (micro-entity),ltd,corporate subscriber,2022-08-22,micro-entity,"accounts category, NOT turnover",43210,"1 Hollyleigh Avenue, Bristol",BS34 7QU,https://find-and-update.company-information.service.gov.uk/company/14311249,,TO BE ENRICHED — not held by Companies House,legitimate interests (LIA required before contact),Companies House public API,2026-07-12T04:48:15+00:00
LONDON LIGHTING AND FACILITIES MANAGEMENT LIMITED,09008180,B_COMPLIANCE_DROWNED,micro filer (micro-entity),ltd,corporate subscriber,2014-04-23,micro-entity,"accounts category, NOT turnover",43210,"467 Rainham Road South, Dagenham, Essex",RM10 7XJ,https://find-and-update.company-information.service.gov.uk/company/09008180,,TO BE ENRICHED — not held by Companies House,legitimate interests (LIA required before contact),Companies House public API,2026-07-12T04:48:16+00:00
MOUSESWEET LTD,11294344,B_COMPLIANCE_DROWNED,micro filer (micro-entity),ltd,corporate subscriber,2018-04-05,micro-entity,"accounts category, NOT turnover",43290,"88-89 High Street, Wordsley, Stourbridge, West Midlands",DY8 5SB,https://find-and-update.company-information.service.gov.uk/company/11294344,,TO BE ENRICHED — not held by Companies House,legitimate interests (LIA required before contact),Companies House public API,2026-07-12T04:48:17+00:00
JLEC LTD,11706890,A_CEILING_HIT,"established 2018, total-exemption-full filer",ltd,corporate subscriber,2018-12-03,total-exemption-full,"accounts category, NOT turnover",43210,"Second Floor, 123 Promenade, Cheltenham, Gloucestershire",GL50 1NW,https://find-and-update.company-information.service.gov.uk/company/11706890,,TO BE ENRICHED — not held by Companies House,legitimate interests (LIA required before contact),Companies House public API,2026-07-12T04:48:17+00:00
BLACKMOOR KNIGHT LTD,05800344,A_CEILING_HIT,"established 2006, total-exemption-full filer",ltd,corporate subscriber,2006-04-28,total-exemption-full,"accounts category, NOT turnover",43210; 43220; 43390,"Unit L Radford Business Centre, Radford Way, Billericay, Essex",CM12 0BZ,https://find-and-update.company-information.service.gov.uk/company/05800344,,TO BE ENRICHED — not held by Companies House,legitimate interests (LIA required before contact),Companies House public API,2026-07-12T04:48:18+00:00
MA ELECTRICAL & SECURITY LTD,12001384,EXCLUDED_DORMANT,"dormant — not trading, not a buyer",ltd,corporate subscriber,2019-05-17,dormant,"accounts category, NOT turnover",43210,"131 Wiltshire Close, London",SW3 2NX,https://find-and-update.company-information.service.gov.uk/company/12001384,,TO BE ENRICHED — not held by Companies House,legitimate interests (LIA required before contact),Companies House public API,2026-07-12T04:48:19+00:00
GREENLIGHT ELECTRICAL SERVICES LTD,13547609,EXCLUDED_DORMANT,"dormant — not trading, not a buyer",ltd,corporate subscriber,2021-08-04,dormant,"accounts category, NOT turnover",43210,"89 Antrim Road, Woodley, Reading",RG5 3NY,https://find-and-update.company-information.service.gov.uk/company/13547609,,TO BE ENRICHED — not held by Companies House,legitimate interests (LIA required before contact),Companies House public API,2026-07-12T04:48:20+00:00
TOWN ELECTRICAL SOLUTIONS LTD,14870569,B_COMPLIANCE_DROWNED,micro filer (micro-entity),ltd,corporate subscriber,2023-05-15,micro-entity,"accounts category, NOT turnover",43210,"30 Harborough Road, Northampton",NN2 7AZ,https://find-and-update.company-information.service.gov.uk/company/14870569,,TO BE ENRICHED — not held by Companies House,legitimate interests (LIA required before contact),Companies House public API,2026-07-12T04:48:20+00:00
FAB UK MAINTENANCE LTD,14839369,B_COMPLIANCE_DROWNED,"young (2023), total-exemption-full filer",ltd,corporate subscriber,2023-05-02,total-exemption-full,"accounts category, NOT turnover",43210; 43999,"41 Orsett Road, Grays, Essex",RM17 5DS,https://find-and-update.company-information.service.gov.uk/company/14839369,,TO BE ENRICHED — not held by Companies House,legitimate interests (LIA required before contact),Companies House public API,2026-07-12T04:48:21+00:00
K2 INSTALLATION SERVICES LTD,09158069,B_COMPLIANCE_DROWNED,micro filer (micro-entity),ltd,corporate subscriber,2014-08-01,micro-entity,"accounts category, NOT turnover",43290,"37 Green Park, Bath",BA1 1HZ,https://find-and-update.company-information.service.gov.uk/company/09158069,,TO BE ENRICHED — not held by Companies House,legitimate interests (LIA required before contact),Companies House public API,2026-07-12T04:48:22+00:00
SUSTAINABLE CLIMATE SOLUTIONS LIMITED,15413124,B_COMPLIANCE_DROWNED,"young (2024), total-exemption-full filer",ltd,corporate subscriber,2024-01-15,total-exemption-full,"accounts category, NOT turnover",43220,"23 Lambton Avenue, Whickham, Newcastle Upon Tyne",NE16 4TL,https://find-and-update.company-information.service.gov.uk/company/15413124,,TO BE ENRICHED — not held by Companies House,legitimate interests (LIA required before contact),Companies House public API,2026-07-12T04:48:22+00:00
BELLA KASA LIMITED,12201324,B_COMPLIANCE_DROWNED,micro filer (micro-entity),ltd,corporate subscriber,2019-09-11,micro-entity,"accounts category, NOT turnover",41202; 43290; 43310; 43341,"9 Mavish Close, Norwich",NR5 9PJ,https://find-and-update.company-information.service.gov.uk/company/12201324,,TO BE ENRICHED — not held by Companies House,legitimate interests (LIA required before contact),Companies House public API,2026-07-12T04:48:23+00:00
ADL INSTALLATIONS LTD,15725266,B_COMPLIANCE_DROWNED,micro filer (micro-entity),ltd,corporate subscriber,2024-05-16,micro-entity,"accounts category, NOT turnover",43290; 45200,"Unit 11 Bow Court, Fletchworth Gate Industrial Estate, Coventry",CV5 6SP,https://find-and-update.company-information.service.gov.uk/company/15725266,,TO BE ENRICHED — not held by Companies House,legitimate interests (LIA required before contact),Companies House public API,2026-07-12T04:48:24+00:00
MTM ELEVATORS LTD,13969743,B_COMPLIANCE_DROWNED,micro filer (micro-entity),ltd,corporate subscriber,2022-03-10,micro-entity,"accounts category, NOT turnover",43290,"The Granary, 1 Waverley Lane, Farnham, Surrey",GU9 8BB,https://find-and-update.company-information.service.gov.uk/company/13969743,,TO BE ENRICHED — not held by Companies House,legitimate interests (LIA required before contact),Companies House public API,2026-07-12T04:48:24+00:00
R NUNN ELECTRICAL LTD,10352656,A_CEILING_HIT,"established 2016, total-exemption-full filer",ltd,corporate subscriber,2016-08-31,total-exemption-full,"accounts category, NOT turnover",43210,"12 Hatherley Road, Sidcup, Kent",DA14 4DT,https://find-and-update.company-information.service.gov.uk/company/10352656,,TO BE ENRICHED — not held by Companies House,legitimate interests (LIA required before contact),Companies House public API,2026-07-12T04:48:25+00:00
ENERGY SYNERGY SOLUTIONS LIMITED,09731098,B_COMPLIANCE_DROWNED,micro filer (micro-entity),ltd,corporate subscriber,2015-08-13,micro-entity,"accounts category, NOT turnover",43290,"157 Elburton Road, Plymouth",PL9 8HY,https://find-and-update.company-information.service.gov.uk/company/09731098,,TO BE ENRICHED — not held by Companies House,legitimate interests (LIA required before contact),Companies House public API,2026-07-12T04:48:26+00:00
AVENUE ELECTRICAL (WARWICKSHIRE) LIMITED,08976864,B_COMPLIANCE_DROWNED,micro filer (micro-entity),ltd,corporate subscriber,2014-04-03,micro-entity,"accounts category, NOT turnover",43210,"10 Jury Street, Warwick, Warwickshire",CV34 4EW,https://find-and-update.company-information.service.gov.uk/company/08976864,,TO BE ENRICHED — not held by Companies House,legitimate interests (LIA required before contact),Companies House public API,2026-07-12T04:48:26+00:00
ROBERTSON HEATING SERVICES NW LIMITED,15725295,B_COMPLIANCE_DROWNED,micro filer (micro-entity),ltd,corporate subscriber,2024-05-16,micro-entity,"accounts category, NOT turnover",43220,"11 Ffordd Coed Mawr, Bangor",LL57 4TB,https://find-and-update.company-information.service.gov.uk/company/15725295,,TO BE ENRICHED — not held by Companies House,legitimate interests (LIA required before contact),Companies House public API,2026-07-12T04:48:27+00:00
E.A.J. SERVICES LTD,03440450,B_COMPLIANCE_DROWNED,micro filer (micro-entity),ltd,corporate subscriber,1997-09-26,micro-entity,"accounts category, NOT turnover",43220,"18 Glaisyer Way, Iver Heath, Buckinghamshire",SL0 0RX,https://find-and-update.company-information.service.gov.uk/company/03440450,,TO BE ENRICHED — not held by Companies House,legitimate interests (LIA required before contact),Companies House public API,2026-07-12T04:48:28+00:00
B KELLY ELECTRICAL LTD,13268784,B_COMPLIANCE_DROWNED,micro filer (micro-entity),ltd,corporate subscriber,2021-03-15,micro-entity,"accounts category, NOT turnover",43210,"25 Hattons Lane, Liverpool",L16 7QR,https://find-and-update.company-information.service.gov.uk/company/13268784,,TO BE ENRICHED — not held by Companies House,legitimate interests (LIA required before contact),Companies House public API,2026-07-12T04:48:28+00:00
CITY BUILDING SERVICES LIMITED,04216873,B_COMPLIANCE_DROWNED,micro filer (micro-entity),ltd,corporate subscriber,2001-05-15,micro-entity,"accounts category, NOT turnover",41201; 43220; 43341,"Office 6 Big Box Storage, Stevenson Road, Brighton, East Sussex",BN2 0DF,https://find-and-update.company-information.service.gov.uk/company/04216873,,TO BE ENRICHED — not held by Companies House,legitimate interests (LIA required before contact),Companies House public API,2026-07-12T04:48:29+00:00
BEACH PLUMBING AND HEATING LIMITED,11496434,B_COMPLIANCE_DROWNED,micro filer (micro-entity),ltd,corporate subscriber,2018-08-02,micro-entity,"accounts category, NOT turnover",43220,"45 Highfield Drive, Littleport, Ely",CB6 1GA,https://find-and-update.company-information.service.gov.uk/company/11496434,,TO BE ENRICHED — not held by Companies House,legitimate interests (LIA required before contact),Companies House public API,2026-07-12T04:48:30+00:00
GLOWZONE SUSSEX LTD,06899665,A_CEILING_HIT,"established 2009, unaudited-abridged filer",ltd,corporate subscriber,2009-05-08,unaudited-abridged,"accounts category, NOT turnover",43210; 43220,"2 Park Court, Pyrford Road, West Byfleet, Surrey",KT14 6SD,https://find-and-update.company-information.service.gov.uk/company/06899665,,TO BE ENRICHED — not held by Companies House,legitimate interests (LIA required before contact),Companies House public API,2026-07-12T04:48:31+00:00
HEATING FOR LONDON LTD,14300699,B_COMPLIANCE_DROWNED,micro filer (micro-entity),ltd,corporate subscriber,2022-08-16,micro-entity,"accounts category, NOT turnover",43220,"1a Strathearn Road, Strathearn Road, London",SW19 7LH,https://find-and-update.company-information.service.gov.uk/company/14300699,,TO BE ENRICHED — not held by Companies House,legitimate interests (LIA required before contact),Companies House public API,2026-07-12T04:48:31+00:00
PRO ROPE ACCESS LTD,11955953,A_CEILING_HIT,"established 2019, total-exemption-full filer",ltd,corporate subscriber,2019-04-20,total-exemption-full,"accounts category, NOT turnover",43290; 43342; 74909; 86900,"1 A Kenton Road, Harrow",HA1 2BL,https://find-and-update.company-information.service.gov.uk/company/11955953,,TO BE ENRICHED — not held by Companies House,legitimate interests (LIA required before contact),Companies House public API,2026-07-12T04:48:32+00:00
